<?xml version="1.0" encoding="UTF-8"?>
<xforms xmlns="http://www.hyfinity.com/formmaker" xmlns:mvc="http://www.hyfinity.com/mvc">
	<instance_configuration />
	<page />
	<group name="layout_group" />
	<element name="approvalDGHOCheck">
		<fm:transform_xpath xmlns:fm="http://www.hyfinity.com/formmaker">/mvc:eForm/mvc:Data/mvc:formData/mvc:approvalDGHOCheck</fm:transform_xpath>
		<fm:action name="loadSAMApproval" xmlns:fm="http://www.hyfinity.com/formmaker">
			<fm:xform_xpath>/mvc:eForm/mvc:Data/mvc:formData/mvc:approvalDGHOCheck</fm:xform_xpath>
		</fm:action>
	</element>
	<element name="approvalDGHOValue">
		<fm:transform_xpath xmlns:fm="http://www.hyfinity.com/formmaker">/mvc:eForm/mvc:Data/mvc:formData/mvc:approvalDGHOValue</fm:transform_xpath>
		<fm:action name="loadSAMApproval" xmlns:fm="http://www.hyfinity.com/formmaker">
			<fm:xform_xpath>/mvc:eForm/mvc:Data/mvc:formData/mvc:approvalDGHOValue</fm:xform_xpath>
		</fm:action>
	</element>
	<element name="approvalDGHO">
		<fm:transform_xpath xmlns:fm="http://www.hyfinity.com/formmaker">/mvc:eForm/mvc:Data/mvc:formData/mvc:approvalDGHO</fm:transform_xpath>
		<fm:action name="loadSAMApproval" xmlns:fm="http://www.hyfinity.com/formmaker">
			<fm:xform_xpath>/mvc:eForm/mvc:Data/mvc:formData/mvc:approvalDGHO</fm:xform_xpath>
		</fm:action>
	</element>
	<element name="approvalDGHOResponseDate">
		<fm:transform_xpath xmlns:fm="http://www.hyfinity.com/formmaker">/mvc:eForm/mvc:Data/mvc:formData/mvc:approvalDGHOResponseDate</fm:transform_xpath>
		<fm:action name="loadSAMApproval" xmlns:fm="http://www.hyfinity.com/formmaker">
			<fm:xform_xpath>/mvc:eForm/mvc:Data/mvc:formData/mvc:approvalDGHOResponseDate</fm:xform_xpath>
		</fm:action>
	</element>
	<element name="approvalTABGCheck">
		<fm:transform_xpath xmlns:fm="http://www.hyfinity.com/formmaker">/mvc:eForm/mvc:Data/mvc:formData/mvc:approvalTABGCheck</fm:transform_xpath>
		<fm:action name="loadSAMApproval" xmlns:fm="http://www.hyfinity.com/formmaker">
			<fm:xform_xpath>/mvc:eForm/mvc:Data/mvc:formData/mvc:approvalTABGCheck</fm:xform_xpath>
		</fm:action>
	</element>
	<element name="approvalTABGValue">
		<fm:transform_xpath xmlns:fm="http://www.hyfinity.com/formmaker">/mvc:eForm/mvc:Data/mvc:formData/mvc:approvalTABGValue</fm:transform_xpath>
		<fm:action name="loadSAMApproval" xmlns:fm="http://www.hyfinity.com/formmaker">
			<fm:xform_xpath>/mvc:eForm/mvc:Data/mvc:formData/mvc:approvalTABGValue</fm:xform_xpath>
		</fm:action>
	</element>
	<element name="approvalTABG">
		<fm:transform_xpath xmlns:fm="http://www.hyfinity.com/formmaker">/mvc:eForm/mvc:Data/mvc:formData/mvc:approvalTABG</fm:transform_xpath>
		<fm:action name="loadSAMApproval" xmlns:fm="http://www.hyfinity.com/formmaker">
			<fm:xform_xpath>/mvc:eForm/mvc:Data/mvc:formData/mvc:approvalTABG</fm:xform_xpath>
		</fm:action>
	</element>
	<group name="layout_group_2" />
	<group name="layout_group_3" />
	<group name="layout_group_4" />
	<group name="layout_group_5" />
	<group name="layout_group_6" />
	<element name="approvalTABGResponseDate">
		<fm:transform_xpath xmlns:fm="http://www.hyfinity.com/formmaker">/mvc:eForm/mvc:Data/mvc:formData/mvc:approvalTABGResponseDate</fm:transform_xpath>
		<fm:action name="loadSAMApproval" xmlns:fm="http://www.hyfinity.com/formmaker">
			<xform_xpath>enter_xpath_here</xform_xpath>
		</fm:action>
	</element>
	<element name="approvalOHCCheck">
		<fm:transform_xpath xmlns:fm="http://www.hyfinity.com/formmaker">/mvc:eForm/mvc:Data/mvc:formData/mvc:approvalOHCCheck</fm:transform_xpath>
		<fm:action name="loadSAMApproval" xmlns:fm="http://www.hyfinity.com/formmaker">
			<fm:xform_xpath>/mvc:eForm/mvc:Data/mvc:formData/mvc:approvalOHCCheck</fm:xform_xpath>
		</fm:action>
	</element>
	<element name="approvalOHCValue">
		<fm:transform_xpath xmlns:fm="http://www.hyfinity.com/formmaker">/mvc:eForm/mvc:Data/mvc:formData/mvc:approvalOHCValue</fm:transform_xpath>
		<fm:action name="loadSAMApproval" xmlns:fm="http://www.hyfinity.com/formmaker">
			<fm:xform_xpath>/mvc:eForm/mvc:Data/mvc:formData/mvc:approvalOHCValue</fm:xform_xpath>
		</fm:action>
	</element>
	<element name="approvalOHC">
		<fm:transform_xpath xmlns:fm="http://www.hyfinity.com/formmaker">/mvc:eForm/mvc:Data/mvc:formData/mvc:approvalOHC</fm:transform_xpath>
		<fm:action name="loadSAMApproval" xmlns:fm="http://www.hyfinity.com/formmaker">
			<fm:xform_xpath>/mvc:eForm/mvc:Data/mvc:formData/mvc:approvalOHC</fm:xform_xpath>
		</fm:action>
	</element>
	<element name="approvalOHCResponseDate">
		<fm:transform_xpath xmlns:fm="http://www.hyfinity.com/formmaker">/mvc:eForm/mvc:Data/mvc:formData/mvc:approvalOHCResponseDate</fm:transform_xpath>
		<fm:action name="loadSAMApproval" xmlns:fm="http://www.hyfinity.com/formmaker">
			<fm:xform_xpath>/mvc:eForm/mvc:Data/mvc:formData/mvc:approvalOHCResponseDate</fm:xform_xpath>
		</fm:action>
	</element>
	<element name="approvalSOCheck">
		<fm:transform_xpath xmlns:fm="http://www.hyfinity.com/formmaker">/mvc:eForm/mvc:Data/mvc:formData/mvc:approvalSOCheck</fm:transform_xpath>
		<fm:action name="loadSAMApproval" xmlns:fm="http://www.hyfinity.com/formmaker">
			<fm:xform_xpath>/mvc:eForm/mvc:Data/mvc:formData/mvc:approvalSOCheck</fm:xform_xpath>
		</fm:action>
	</element>
	<element name="approvalSOValue">
		<fm:transform_xpath xmlns:fm="http://www.hyfinity.com/formmaker">/mvc:eForm/mvc:Data/mvc:formData/mvc:approvalSOValue</fm:transform_xpath>
		<fm:action name="loadSAMApproval" xmlns:fm="http://www.hyfinity.com/formmaker">
			<fm:xform_xpath>/mvc:eForm/mvc:Data/mvc:formData/mvc:approvalSOValue</fm:xform_xpath>
		</fm:action>
	</element>
	<element name="approvalSO">
		<fm:transform_xpath xmlns:fm="http://www.hyfinity.com/formmaker">/mvc:eForm/mvc:Data/mvc:formData/mvc:approvalSO</fm:transform_xpath>
		<fm:action name="loadSAMApproval" xmlns:fm="http://www.hyfinity.com/formmaker">
			<fm:xform_xpath>/mvc:eForm/mvc:Data/mvc:formData/mvc:approvalSO</fm:xform_xpath>
		</fm:action>
	</element>
	<element name="approvalSOResponseDate">
		<fm:transform_xpath xmlns:fm="http://www.hyfinity.com/formmaker">/mvc:eForm/mvc:Data/mvc:formData/mvc:approvalSOResponseDate</fm:transform_xpath>
		<fm:action name="loadSAMApproval" xmlns:fm="http://www.hyfinity.com/formmaker">
			<fm:xform_xpath>/mvc:eForm/mvc:Data/mvc:formData/mvc:approvalSOResponseDate</fm:xform_xpath>
		</fm:action>
	</element>
	<group name="layout_group_7" />
	<group name="layout_group_8" />
	<element name="output">
		<fm:action name="loadSAMApproval" xmlns:fm="http://www.hyfinity.com/formmaker">
			<fm:xform_xpath>/mvc:eForm/mvc:Data/mvc:formData/mvc:output</fm:xform_xpath>
		</fm:action>
		<fm:transform_xpath xmlns:fm="http://www.hyfinity.com/formmaker">/mvc:eForm/mvc:Data/mvc:formData/mvc:output</fm:transform_xpath>
	</element>
	<group name="layout_group_9" />
</xforms>
