<?xml version="1.0" encoding="UTF-8"?>
<ns1:publication_environments xmlns="http://www.hyfinity.com/xstore" xmlns:ns1="http://www.hyfinity.com/xfactory">
	<ns1:environment default="false" name="Publish to CMS.bizflow.com">
		<ns1:selected_type>
			<ns1:name>BizFlow</ns1:name>
			<ns1:params>
				<ns1:param name="application.name" value="classification_main" />
				<ns1:param name="fallback.server.url" value="http://cms.bizflow.com/bizflowwebmaker" />
				<ns1:param name="force.fallback" value="true" />
			</ns1:params>
		</ns1:selected_type>
		<ns1:included_projects>
			<ns1:project name="classification_main" type="mvc" workspace="CMS" />
			<ns1:project name="classification_gen" type="mvc" workspace="CMS" />
			<ns1:project name="classification_code" type="mvc" workspace="CMS" />
			<ns1:project name="classification_flsa" type="mvc" workspace="CMS" />
			<ns1:project name="classification_apr" type="mvc" workspace="CMS" />
		</ns1:included_projects>
		<ns1:morphyc>
			<xfact:xplatform mode="static" xmlns:xfact="http://www.hyfinity.com/xfactory">
				<platform_cleanup enabled="false" run_interval="600000" xmlns="http://www.hyfinity.com/xfactory">
					<engine_cleardown min_idle_time="1200000" />
				</platform_cleanup>
				<pooling max="60" min="30" pooled="true" xmlns="http://www.hyfinity.com/xfactory" />
				<development_logging check_log_overrides="false" log="false" output_to_screen="false" xmlns="http://www.hyfinity.com/xfactory">
					<log_destination>log.txt</log_destination>
					<archive_previous_log max_backup_index="5" max_file_size="10485760">true</archive_previous_log>
					<log_agent_messages>true</log_agent_messages>
					<log_rule_messages>true</log_rule_messages>
					<log_rule_result_messages>true</log_rule_result_messages>
					<log_rule_checking>true</log_rule_checking>
				</development_logging>
				<administration_logging log="false" output_to_screen="false" xmlns="http://www.hyfinity.com/xfactory">
					<log_destination>admin_log.txt</log_destination>
					<archive_previous_log max_backup_index="1" max_file_size="10485760">false</archive_previous_log>
					<log_session_activity>false</log_session_activity>
					<log_cache_activity>false</log_cache_activity>
					<log_asset_activity>false</log_asset_activity>
					<log_engine_activity>false</log_engine_activity>
				</administration_logging>
				<platform_logging check_log_overrides="false" log="true" output_to_screen="false" xmlns="http://www.hyfinity.com/xfactory">
					<log_level>error</log_level>
					<log_destination>log.txt</log_destination>
					<archive_previous_log max_backup_index="1" max_file_size="10485760">false</archive_previous_log>
				</platform_logging>
				<xfact:agent_configuration>
					<xfact:agent agent_id="mvc-classification_main-HWActivityService_Proxy-HWActivity" http_hdr="false" instance="http://cms.bizflow.com/bizflow/webservice/HWActivity.hws" protocol="http" type="soap_service" />
					<xfact:agent agent_id="mvc-classification_main-HWApplicationsService_Proxy-HWApplications" http_hdr="false" instance="http://cms.bizflow.com/bizflow/webservice/HWApplications.hws" protocol="http" type="soap_service" />
					<xfact:agent agent_id="mvc-classification_main-HWProcessService_Proxy-HWProcess" http_hdr="false" instance="http://cms.bizflow.com/bizflow/webservice/HWProcess.hws" protocol="http" type="soap_service" />
					<xfact:agent agent_id="mvc-classification_main-HWProcessDefinitionService_Proxy-HWProcessDefinition" http_hdr="false" instance="http://cms.bizflow.com/bizflow/webservice/HWProcessDefinition.hws" protocol="http" type="soap_service" />
					<xfact:agent agent_id="mvc-classification_main-HWSessionService_Proxy-HWSession" http_hdr="false" instance="http://cms.bizflow.com/bizflow/webservice/HWSession.hws" protocol="http" type="soap_service" />
					<xfact:agent agent_id="mvc-classification_main-HWUserService_Proxy-HWUser" http_hdr="false" instance="http://cms.bizflow.com/bizflow/webservice/HWUser.hws" protocol="http" type="soap_service" />
					<xfact:agent agent_id="mvc-classification_main-HWWorkitemService_Proxy-HWWorkitem" http_hdr="false" instance="http://cms.bizflow.com/bizflow/webservice/HWWorkitem.hws" protocol="http" type="soap_service" />
					<xfact:agent agent_id="mvc-classification_main-HWWorkitemDataService_Proxy-HWWorkitemData" http_hdr="false" instance="http://cms.bizflow.com/bizflow/webservice/HWWorkitemData.hws" protocol="http" type="soap_service" />
					<xfact:agent agent_id="mvc-classification_main-workflowdb-Database" driver="" instance="jdbc/workflowdb" isolation_level="TRANSACTION_READ_COMMITTED" protocol="jndi" pwd="" type="rdbms" uid="" />
					<xfact:agent agent_id="mvc-classification_gen-HWActivityService_Proxy-HWActivity" http_hdr="false" instance="http://cms.bizflow.com/bizflow/webservice/HWActivity.hws" protocol="http" type="soap_service" />
					<xfact:agent agent_id="mvc-classification_gen-HWApplicationsService_Proxy-HWApplications" http_hdr="false" instance="http://cms.bizflow.com/bizflow/webservice/HWApplications.hws" protocol="http" type="soap_service" />
					<xfact:agent agent_id="mvc-classification_gen-HWProcessService_Proxy-HWProcess" http_hdr="false" instance="http://cms.bizflow.com/bizflow/webservice/HWProcess.hws" protocol="http" type="soap_service" />
					<xfact:agent agent_id="mvc-classification_gen-HWProcessDefinitionService_Proxy-HWProcessDefinition" http_hdr="false" instance="http://cms.bizflow.com/bizflow/webservice/HWProcessDefinition.hws" protocol="http" type="soap_service" />
					<xfact:agent agent_id="mvc-classification_gen-HWSessionService_Proxy-HWSession" http_hdr="false" instance="http://cms.bizflow.com/bizflow/webservice/HWSession.hws" protocol="http" type="soap_service" />
					<xfact:agent agent_id="mvc-classification_gen-HWUserService_Proxy-HWUser" http_hdr="false" instance="http://cms.bizflow.com/bizflow/webservice/HWUser.hws" protocol="http" type="soap_service" />
					<xfact:agent agent_id="mvc-classification_gen-HWWorkitemService_Proxy-HWWorkitem" http_hdr="false" instance="http://cms.bizflow.com/bizflow/webservice/HWWorkitem.hws" protocol="http" type="soap_service" />
					<xfact:agent agent_id="mvc-classification_gen-HWWorkitemDataService_Proxy-HWWorkitemData" http_hdr="false" instance="http://cms.bizflow.com/bizflow/webservice/HWWorkitemData.hws" protocol="http" type="soap_service" />
					<xfact:agent agent_id="mvc-classification_gen-workflowDB-Database" driver="" instance="jdbc/workflowdb" isolation_level="TRANSACTION_READ_COMMITTED" protocol="jndi" pwd="" type="rdbms" uid="" />
					<xfact:agent agent_id="mvc-classification_code-HWActivityService_Proxy-HWActivity" http_hdr="false" instance="http://cms.bizflow.com/bizflow/webservice/HWActivity.hws" protocol="http" type="soap_service" />
					<xfact:agent agent_id="mvc-classification_code-HWApplicationsService_Proxy-HWApplications" http_hdr="false" instance="http://cms.bizflow.com/bizflow/webservice/HWApplications.hws" protocol="http" type="soap_service" />
					<xfact:agent agent_id="mvc-classification_code-HWProcessService_Proxy-HWProcess" http_hdr="false" instance="http://cms.bizflow.com/bizflow/webservice/HWProcess.hws" protocol="http" type="soap_service" />
					<xfact:agent agent_id="mvc-classification_code-HWProcessDefinitionService_Proxy-HWProcessDefinition" http_hdr="false" instance="http://cms.bizflow.com/bizflow/webservice/HWProcessDefinition.hws" protocol="http" type="soap_service" />
					<xfact:agent agent_id="mvc-classification_code-HWSessionService_Proxy-HWSession" http_hdr="false" instance="http://cms.bizflow.com/bizflow/webservice/HWSession.hws" protocol="http" type="soap_service" />
					<xfact:agent agent_id="mvc-classification_code-HWUserService_Proxy-HWUser" http_hdr="false" instance="http://cms.bizflow.com/bizflow/webservice/HWUser.hws" protocol="http" type="soap_service" />
					<xfact:agent agent_id="mvc-classification_code-HWWorkitemService_Proxy-HWWorkitem" http_hdr="false" instance="http://cms.bizflow.com/bizflow/webservice/HWWorkitem.hws" protocol="http" type="soap_service" />
					<xfact:agent agent_id="mvc-classification_code-HWWorkitemDataService_Proxy-HWWorkitemData" http_hdr="false" instance="http://cms.bizflow.com/bizflow/webservice/HWWorkitemData.hws" protocol="http" type="soap_service" />
					<xfact:agent agent_id="mvc-classification_code-workflowdb-Database" driver="" instance="jdbc/workflowdb" isolation_level="TRANSACTION_READ_COMMITTED" protocol="jndi" pwd="" type="rdbms" uid="" />
					<xfact:agent agent_id="mvc-classification_flsa-HWActivityService_Proxy-HWActivity" http_hdr="false" instance="http://cms.bizflow.com/bizflow/webservice/HWActivity.hws" protocol="http" type="soap_service" />
					<xfact:agent agent_id="mvc-classification_flsa-HWApplicationsService_Proxy-HWApplications" http_hdr="false" instance="http://cms.bizflow.com/bizflow/webservice/HWApplications.hws" protocol="http" type="soap_service" />
					<xfact:agent agent_id="mvc-classification_flsa-HWProcessService_Proxy-HWProcess" http_hdr="false" instance="http://cms.bizflow.com/bizflow/webservice/HWProcess.hws" protocol="http" type="soap_service" />
					<xfact:agent agent_id="mvc-classification_flsa-HWProcessDefinitionService_Proxy-HWProcessDefinition" http_hdr="false" instance="http://cms.bizflow.com/bizflow/webservice/HWProcessDefinition.hws" protocol="http" type="soap_service" />
					<xfact:agent agent_id="mvc-classification_flsa-HWSessionService_Proxy-HWSession" http_hdr="false" instance="http://cms.bizflow.com/bizflow/webservice/HWSession.hws" protocol="http" type="soap_service" />
					<xfact:agent agent_id="mvc-classification_flsa-HWUserService_Proxy-HWUser" http_hdr="false" instance="http://cms.bizflow.com/bizflow/webservice/HWUser.hws" protocol="http" type="soap_service" />
					<xfact:agent agent_id="mvc-classification_flsa-HWWorkitemService_Proxy-HWWorkitem" http_hdr="false" instance="http://cms.bizflow.com/bizflow/webservice/HWWorkitem.hws" protocol="http" type="soap_service" />
					<xfact:agent agent_id="mvc-classification_flsa-HWWorkitemDataService_Proxy-HWWorkitemData" http_hdr="false" instance="http://cms.bizflow.com/bizflow/webservice/HWWorkitemData.hws" protocol="http" type="soap_service" />
					<xfact:agent agent_id="mvc-classification_flsa-workflowDB-Database" driver="" instance="jdbc/workflowdb" isolation_level="TRANSACTION_READ_UNCOMMITTED" protocol="jndi" pwd="" type="rdbms" uid="" />
					<xfact:agent agent_id="mvc-classification_apr-HWActivityService_Proxy-HWActivity" http_hdr="false" instance="http://cms.bizflow.com/bizflow/webservice/HWActivity.hws" protocol="http" type="soap_service" />
					<xfact:agent agent_id="mvc-classification_apr-HWApplicationsService_Proxy-HWApplications" http_hdr="false" instance="http://cms.bizflow.com/bizflow/webservice/HWApplications.hws" protocol="http" type="soap_service" />
					<xfact:agent agent_id="mvc-classification_apr-HWProcessService_Proxy-HWProcess" http_hdr="false" instance="http://cms.bizflow.com/bizflow/webservice/HWProcess.hws" protocol="http" type="soap_service" />
					<xfact:agent agent_id="mvc-classification_apr-HWProcessDefinitionService_Proxy-HWProcessDefinition" http_hdr="false" instance="http://cms.bizflow.com/bizflow/webservice/HWProcessDefinition.hws" protocol="http" type="soap_service" />
					<xfact:agent agent_id="mvc-classification_apr-HWSessionService_Proxy-HWSession" http_hdr="false" instance="http://cms.bizflow.com/bizflow/webservice/HWSession.hws" protocol="http" type="soap_service" />
					<xfact:agent agent_id="mvc-classification_apr-HWUserService_Proxy-HWUser" http_hdr="false" instance="http://cms.bizflow.com/bizflow/webservice/HWUser.hws" protocol="http" type="soap_service" />
					<xfact:agent agent_id="mvc-classification_apr-HWWorkitemService_Proxy-HWWorkitem" http_hdr="false" instance="http://cms.bizflow.com/bizflow/webservice/HWWorkitem.hws" protocol="http" type="soap_service" />
					<xfact:agent agent_id="mvc-classification_apr-HWWorkitemDataService_Proxy-HWWorkitemData" http_hdr="false" instance="http://cms.bizflow.com/bizflow/webservice/HWWorkitemData.hws" protocol="http" type="soap_service" />
					<xfact:agent agent_id="mvc-classification_apr-workflowdb-Database" driver="" instance="jdbc/workflowdb" isolation_level="TRANSACTION_READ_COMMITTED" protocol="jndi" pwd="" type="rdbms" uid="" />
				</xfact:agent_configuration>
			</xfact:xplatform>
		</ns1:morphyc>
	</ns1:environment>
	<ns1:environment default="true" name="Publish to myserver">
		<ns1:selected_type>
			<ns1:name>BizFlow</ns1:name>
			<ns1:params>
				<ns1:param name="application.name" value="classification_main" />
				<ns1:param name="fallback.server.url" value="http://myserver:8080/bizflowwebmaker" />
				<ns1:param name="force.fallback" value="true" />
			</ns1:params>
		</ns1:selected_type>
		<ns1:included_projects>
			<ns1:project name="classification_main" type="mvc" workspace="CMS" />
			<ns1:project name="classification_gen" type="mvc" workspace="CMS" />
			<ns1:project name="classification_code" type="mvc" workspace="CMS" />
			<ns1:project name="classification_flsa" type="mvc" workspace="CMS" />
			<ns1:project name="classification_apr" type="mvc" workspace="CMS" />
		</ns1:included_projects>
		<ns1:morphyc>
			<xfact:xplatform mode="static" xmlns:xfact="http://www.hyfinity.com/xfactory">
				<platform_cleanup enabled="false" run_interval="600000" xmlns="http://www.hyfinity.com/xfactory">
					<engine_cleardown min_idle_time="1200000" />
				</platform_cleanup>
				<pooling max="20" min="10" pooled="true" xmlns="http://www.hyfinity.com/xfactory" />
				<development_logging check_log_overrides="false" log="true" output_to_screen="false" xmlns="http://www.hyfinity.com/xfactory">
					<log_destination>log.txt</log_destination>
					<archive_previous_log max_backup_index="5" max_file_size="10485760">true</archive_previous_log>
					<log_agent_messages>true</log_agent_messages>
					<log_rule_messages>true</log_rule_messages>
					<log_rule_result_messages>true</log_rule_result_messages>
					<log_rule_checking>true</log_rule_checking>
				</development_logging>
				<administration_logging log="false" output_to_screen="false" xmlns="http://www.hyfinity.com/xfactory">
					<log_destination>admin_log.txt</log_destination>
					<archive_previous_log max_backup_index="1" max_file_size="10485760">false</archive_previous_log>
					<log_session_activity>false</log_session_activity>
					<log_cache_activity>false</log_cache_activity>
					<log_asset_activity>false</log_asset_activity>
					<log_engine_activity>false</log_engine_activity>
				</administration_logging>
				<platform_logging check_log_overrides="false" log="true" output_to_screen="false" xmlns="http://www.hyfinity.com/xfactory">
					<log_level>error</log_level>
					<log_destination>log.txt</log_destination>
					<archive_previous_log max_backup_index="1" max_file_size="10485760">false</archive_previous_log>
				</platform_logging>
				<xfact:agent_configuration>
					<xfact:agent agent_id="mvc-classification_main-HWActivityService_Proxy-HWActivity" http_hdr="false" instance="http://myserver:8080/bizflow/webservice/HWActivity.hws" protocol="http" type="soap_service" />
					<xfact:agent agent_id="mvc-classification_main-HWApplicationsService_Proxy-HWApplications" http_hdr="false" instance="http://myserver:8080/bizflow/webservice/HWApplications.hws" protocol="http" type="soap_service" />
					<xfact:agent agent_id="mvc-classification_main-HWProcessService_Proxy-HWProcess" http_hdr="false" instance="http://myserver:8080/bizflow/webservice/HWProcess.hws" protocol="http" type="soap_service" />
					<xfact:agent agent_id="mvc-classification_main-HWProcessDefinitionService_Proxy-HWProcessDefinition" http_hdr="false" instance="http://myserver:8080/bizflow/webservice/HWProcessDefinition.hws" protocol="http" type="soap_service" />
					<xfact:agent agent_id="mvc-classification_main-HWSessionService_Proxy-HWSession" http_hdr="false" instance="http://myserver:8080/bizflow/webservice/HWSession.hws" protocol="http" type="soap_service" />
					<xfact:agent agent_id="mvc-classification_main-HWUserService_Proxy-HWUser" http_hdr="false" instance="http://myserver:8080/bizflow/webservice/HWUser.hws" protocol="http" type="soap_service" />
					<xfact:agent agent_id="mvc-classification_main-HWWorkitemService_Proxy-HWWorkitem" http_hdr="false" instance="http://myserver:8080/bizflow/webservice/HWWorkitem.hws" protocol="http" type="soap_service" />
					<xfact:agent agent_id="mvc-classification_main-HWWorkitemDataService_Proxy-HWWorkitemData" http_hdr="false" instance="http://myserver:8080/bizflow/webservice/HWWorkitemData.hws" protocol="http" type="soap_service" />
					<xfact:agent agent_id="mvc-classification_main-workflowdb-Database" driver="" instance="jdbc/workflowdb" isolation_level="TRANSACTION_READ_COMMITTED" protocol="jndi" pwd="" type="rdbms" uid="" />
					<xfact:agent agent_id="mvc-classification_gen-HWActivityService_Proxy-HWActivity" http_hdr="false" instance="http://myserver:8080/bizflow/webservice/HWActivity.hws" protocol="http" type="soap_service" />
					<xfact:agent agent_id="mvc-classification_gen-HWApplicationsService_Proxy-HWApplications" http_hdr="false" instance="http://myserver:8080/bizflow/webservice/HWApplications.hws" protocol="http" type="soap_service" />
					<xfact:agent agent_id="mvc-classification_gen-HWProcessService_Proxy-HWProcess" http_hdr="false" instance="http://myserver:8080/bizflow/webservice/HWProcess.hws" protocol="http" type="soap_service" />
					<xfact:agent agent_id="mvc-classification_gen-HWProcessDefinitionService_Proxy-HWProcessDefinition" http_hdr="false" instance="http://myserver:8080/bizflow/webservice/HWProcessDefinition.hws" protocol="http" type="soap_service" />
					<xfact:agent agent_id="mvc-classification_gen-HWSessionService_Proxy-HWSession" http_hdr="false" instance="http://myserver:8080/bizflow/webservice/HWSession.hws" protocol="http" type="soap_service" />
					<xfact:agent agent_id="mvc-classification_gen-HWUserService_Proxy-HWUser" http_hdr="false" instance="http://myserver:8080/bizflow/webservice/HWUser.hws" protocol="http" type="soap_service" />
					<xfact:agent agent_id="mvc-classification_gen-HWWorkitemService_Proxy-HWWorkitem" http_hdr="false" instance="http://myserver:8080/bizflow/webservice/HWWorkitem.hws" protocol="http" type="soap_service" />
					<xfact:agent agent_id="mvc-classification_gen-HWWorkitemDataService_Proxy-HWWorkitemData" http_hdr="false" instance="http://myserver:8080/bizflow/webservice/HWWorkitemData.hws" protocol="http" type="soap_service" />
					<xfact:agent agent_id="mvc-classification_gen-workflowDB-Database" driver="" instance="jdbc/workflowdb" isolation_level="TRANSACTION_READ_COMMITTED" protocol="jndi" pwd="" type="rdbms" uid="" />
					<xfact:agent agent_id="mvc-classification_code-HWActivityService_Proxy-HWActivity" http_hdr="false" instance="http://myserver:8080/bizflow/webservice/HWActivity.hws" protocol="http" type="soap_service" />
					<xfact:agent agent_id="mvc-classification_code-HWApplicationsService_Proxy-HWApplications" http_hdr="false" instance="http://myserver:8080/bizflow/webservice/HWApplications.hws" protocol="http" type="soap_service" />
					<xfact:agent agent_id="mvc-classification_code-HWProcessService_Proxy-HWProcess" http_hdr="false" instance="http://myserver:8080/bizflow/webservice/HWProcess.hws" protocol="http" type="soap_service" />
					<xfact:agent agent_id="mvc-classification_code-HWProcessDefinitionService_Proxy-HWProcessDefinition" http_hdr="false" instance="http://myserver:8080/bizflow/webservice/HWProcessDefinition.hws" protocol="http" type="soap_service" />
					<xfact:agent agent_id="mvc-classification_code-HWSessionService_Proxy-HWSession" http_hdr="false" instance="http://myserver:8080/bizflow/webservice/HWSession.hws" protocol="http" type="soap_service" />
					<xfact:agent agent_id="mvc-classification_code-HWUserService_Proxy-HWUser" http_hdr="false" instance="http://myserver:8080/bizflow/webservice/HWUser.hws" protocol="http" type="soap_service" />
					<xfact:agent agent_id="mvc-classification_code-HWWorkitemService_Proxy-HWWorkitem" http_hdr="false" instance="http://myserver:8080/bizflow/webservice/HWWorkitem.hws" protocol="http" type="soap_service" />
					<xfact:agent agent_id="mvc-classification_code-HWWorkitemDataService_Proxy-HWWorkitemData" http_hdr="false" instance="http://myserver:8080/bizflow/webservice/HWWorkitemData.hws" protocol="http" type="soap_service" />
					<xfact:agent agent_id="mvc-classification_code-workflowdb-Database" driver="" instance="jdbc/workflowdb" isolation_level="TRANSACTION_READ_COMMITTED" protocol="jndi" pwd="" type="rdbms" uid="" />
					<xfact:agent agent_id="mvc-classification_flsa-HWActivityService_Proxy-HWActivity" http_hdr="false" instance="http://myserver:8080/bizflow/webservice/HWActivity.hws" protocol="http" type="soap_service" />
					<xfact:agent agent_id="mvc-classification_flsa-HWApplicationsService_Proxy-HWApplications" http_hdr="false" instance="http://myserver:8080/bizflow/webservice/HWApplications.hws" protocol="http" type="soap_service" />
					<xfact:agent agent_id="mvc-classification_flsa-HWProcessService_Proxy-HWProcess" http_hdr="false" instance="http://myserver:8080/bizflow/webservice/HWProcess.hws" protocol="http" type="soap_service" />
					<xfact:agent agent_id="mvc-classification_flsa-HWProcessDefinitionService_Proxy-HWProcessDefinition" http_hdr="false" instance="http://myserver:8080/bizflow/webservice/HWProcessDefinition.hws" protocol="http" type="soap_service" />
					<xfact:agent agent_id="mvc-classification_flsa-HWSessionService_Proxy-HWSession" http_hdr="false" instance="http://myserver:8080/bizflow/webservice/HWSession.hws" protocol="http" type="soap_service" />
					<xfact:agent agent_id="mvc-classification_flsa-HWUserService_Proxy-HWUser" http_hdr="false" instance="http://myserver:8080/bizflow/webservice/HWUser.hws" protocol="http" type="soap_service" />
					<xfact:agent agent_id="mvc-classification_flsa-HWWorkitemService_Proxy-HWWorkitem" http_hdr="false" instance="http://myserver:8080/bizflow/webservice/HWWorkitem.hws" protocol="http" type="soap_service" />
					<xfact:agent agent_id="mvc-classification_flsa-HWWorkitemDataService_Proxy-HWWorkitemData" http_hdr="false" instance="http://myserver:8080/bizflow/webservice/HWWorkitemData.hws" protocol="http" type="soap_service" />
					<xfact:agent agent_id="mvc-classification_flsa-workflowDB-Database" driver="" instance="jdbc/workflowdb" isolation_level="TRANSACTION_READ_UNCOMMITTED" protocol="jndi" pwd="" type="rdbms" uid="" />
					<xfact:agent agent_id="mvc-classification_apr-HWActivityService_Proxy-HWActivity" http_hdr="false" instance="http://myserver:8080/bizflow/webservice/HWActivity.hws" protocol="http" type="soap_service" />
					<xfact:agent agent_id="mvc-classification_apr-HWApplicationsService_Proxy-HWApplications" http_hdr="false" instance="http://myserver:8080/bizflow/webservice/HWApplications.hws" protocol="http" type="soap_service" />
					<xfact:agent agent_id="mvc-classification_apr-HWProcessService_Proxy-HWProcess" http_hdr="false" instance="http://myserver:8080/bizflow/webservice/HWProcess.hws" protocol="http" type="soap_service" />
					<xfact:agent agent_id="mvc-classification_apr-HWProcessDefinitionService_Proxy-HWProcessDefinition" http_hdr="false" instance="http://myserver:8080/bizflow/webservice/HWProcessDefinition.hws" protocol="http" type="soap_service" />
					<xfact:agent agent_id="mvc-classification_apr-HWSessionService_Proxy-HWSession" http_hdr="false" instance="http://myserver:8080/bizflow/webservice/HWSession.hws" protocol="http" type="soap_service" />
					<xfact:agent agent_id="mvc-classification_apr-HWUserService_Proxy-HWUser" http_hdr="false" instance="http://myserver:8080/bizflow/webservice/HWUser.hws" protocol="http" type="soap_service" />
					<xfact:agent agent_id="mvc-classification_apr-HWWorkitemService_Proxy-HWWorkitem" http_hdr="false" instance="http://myserver:8080/bizflow/webservice/HWWorkitem.hws" protocol="http" type="soap_service" />
					<xfact:agent agent_id="mvc-classification_apr-HWWorkitemDataService_Proxy-HWWorkitemData" http_hdr="false" instance="http://myserver:8080/bizflow/webservice/HWWorkitemData.hws" protocol="http" type="soap_service" />
					<xfact:agent agent_id="mvc-classification_apr-workflowdb-Database" driver="" instance="jdbc/workflowdb" isolation_level="TRANSACTION_READ_COMMITTED" protocol="jndi" pwd="" type="rdbms" uid="" />
				</xfact:agent_configuration>
			</xfact:xplatform>
		</ns1:morphyc>
	</ns1:environment>
</ns1:publication_environments>
