<?xml version="1.0" encoding="UTF-8"?>
<eForm xmlns="http://www.hyfinity.com/mvc" xmlns:mvc="http://www.hyfinity.com/mvc">
	<Control>
		<action>approval</action>
		<Page />
		<Controller />
	</Control>
	<Data>
		<formData>
			<sessioninfo />
			<procid />
			<actseq />
			<workseq />
			<appseq />
			<isarchive />
			<readOnly />
			<PD_SUPV_CERT />
			<PD_SUPV_NAME />
			<PD_SUPV_SIG_DT />
			<PD_CLS_SPEC_CERT />
			<PD_CLS_SPEC_NAME />
			<PD_CLS_SPEC_DT />
			<PD_SUPV_SIG />
			<PD_CLS_SPEC_SIG />
			<PD_SUPV_TITLE />
			<PD_CLS_SPEC_TITLE />
		</formData>
		<FORM_DATA xmlns="">
			<ID />
			<DOCUMENT>
				<APPROVAL>
					<PD_SUPV_CERT />
					<PD_SUPV_NAME />
					<PD_SUPV_TITLE />
					<PD_SUPV_SIG />
					<PD_SUPV_SIG_DT />
					<PD_CLS_SPEC_CERT />
					<PD_CLS_SPEC_NAME />
					<PD_CLS_SPEC_TITLE />
					<PD_CLS_SPEC_SIG />
					<PD_CLS_SPEC_DT />
				</APPROVAL>
			</DOCUMENT>
		</FORM_DATA>
		<WorkitemContext xmlns="">
			<SessionInfoXML />
			<Process>
				<ID />
				<Name />
				<Description />
				<State />
				<ProcessDefinitionID />
				<ProcessDefinitionName />
				<Deadline />
				<Initiator />
				<InitiatorName />
				<CreationDateTime />
				<CompleteDateTime />
				<ProcessVariables>
					<adminCode />
					<classSpecialist />
					<classificationType />
					<execOfficer />
					<hrLiaison />
					<posGrade />
					<posIs />
					<posLocation />
					<posNumber />
					<posSensitivity />
					<posSeries />
					<posTitle />
					<requestInitiator />
					<requestNum />
					<requestStatus />
					<requestType />
					<selectOfficial />
					<staffSpecialist />
					<wihmode />
				</ProcessVariables>
				<CustomAttributes>
					<CustomAttribute>
						<Name />
						<CustomAttributeValueType />
						<Value />
						<Description />
					</CustomAttribute>
					<CustomAttribute>
						<Name />
						<CustomAttributeValueType />
						<Value />
						<Description />
					</CustomAttribute>
					<CustomAttribute>
						<Name />
						<CustomAttributeValueType />
						<Value />
						<Description />
					</CustomAttribute>
				</CustomAttributes>
			</Process>
			<Activity>
				<Sequence />
				<Name />
				<Description />
				<State />
				<CreationDateTime />
				<CompleteDateTime />
				<Responses>
					<Response>
						<Name />
						<IsDefault />
						<Rule />
					</Response>
					<Response>
						<Name />
						<IsDefault />
						<Rule />
					</Response>
					<Response>
						<Name />
						<IsDefault />
						<Rule />
					</Response>
				</Responses>
				<CustomAttributes>
					<CustomAttribute>
						<Name />
						<CustomAttributeValueType />
						<Value />
						<Description />
					</CustomAttribute>
					<CustomAttribute>
						<Name />
						<CustomAttributeValueType />
						<Value />
						<Description />
					</CustomAttribute>
					<CustomAttribute>
						<Name />
						<CustomAttributeValueType />
						<Value />
						<Description />
					</CustomAttribute>
				</CustomAttributes>
			</Activity>
			<Workitem>
				<Sequence />
				<Participant />
				<ParticipantName />
				<ParticipantType />
				<State />
				<CreationDateTime />
				<StartDateTime />
				<CompleteDateTime />
				<CheckedOutUser />
				<CheckedOutUserName />
				<Deadline />
			</Workitem>
			<User>
				<LoginID />
				<MemberID />
				<Name />
				<ShortName />
				<DepartmentName />
				<EmployeeCode />
				<Email />
				<JobTitle1 />
				<JobTitle2 />
				<JobTitle3 />
				<CustomAttribute1 />
				<CustomAttribute2 />
				<CustomAttribute3 />
				<CustomAttribute4 />
				<CustomAttribute5 />
				<UserGroups>
					<UserGroup>
						<ID />
						<Name />
						<Path />
					</UserGroup>
					<UserGroup>
						<ID />
						<Name />
						<Path />
					</UserGroup>
					<UserGroup>
						<ID />
						<Name />
						<Path />
					</UserGroup>
				</UserGroups>
			</User>
			<Application>
				<Name />
				<ApplicationState />
				<CheckOutState />
				<CheckedOutUser />
				<Updatable />
				<ViewType />
			</Application>
		</WorkitemContext>
	</Data>
</eForm>
