<?xml version="1.0" encoding="UTF-8"?>
<eForm xmlns="http://www.hyfinity.com/mvc" xmlns:mvc="http://www.hyfinity.com/mvc">
	<Control>
		<action />
		<Page />
		<Controller />
	</Control>
	<Data>
		<formData>
			<positionTitle />
			<series />
			<grade />
			<licenseInfo />
			<dutyStation_ac />
			<posDescNumber />
			<workSchedule />
			<requireBoardCert />
			<payPlan />
			<notToExceedDate />
			<hoursPerWeek />
			<posHardToFill />
			<numOfInterviewed />
			<typeOfAppointment />
			<typeOfAppointmentSelect />
		</formData>
	</Data>
</eForm>
