<?xml version="1.0" encoding="UTF-8"?>
<eForm xmlns="http://www.hyfinity.com/mvc" xmlns:mvc="http://www.hyfinity.com/mvc">
	<Control>
		<action>appeal</action>
		<Page />
		<Controller />
	</Control>
	<Data>
		<formData>
			<sessioninfo />
			<procid />
			<actseq />
			<workseq />
			<appseq />
			<isarchive />
			<readOnly />
			<THRD_PRTY_APPEAL_TYPE />
			<THRD_PRTY_APPEAL_FILE_DT />
			<THRD_PRTY_ASSISTANCE_REQ_DT />
			<THRD_PRTY_HEARING_TIMING />
			<THRD_PRTY_HEARING_REQUESTED />
			<THRD_PRTY_STEP_DECISION_DT />
			<THRD_PRTY_ARBITRATION_INVOKED />
			<THRD_PRTY_ARBITRATOR_LAST_NAME_3 />
			<THRD_PRTY_ARBITRATOR_FIRST_NAME_3 />
			<THRD_PRTY_ARBITRATOR_MIDDLE_NAME_3 />
			<THRD_PRTY_ARBITRATOR_EMAIL_3 />
			<THRD_ERLR_ARBITRATOR_PHONE_NUMBER_3 />
			<THRD_PRTY_ARBITRATION_ORGANIZATION_AFFILIATION_3 />
			<THRD_PRTY_ARBITRATION_MAILING_ADDR_3 />
			<THRD_PRTY_PREHEARING_DT_2 />
			<THRD_PRTY_HEARING_DT_2 />
			<THRD_PRTY_FINAL_ARBITRATOR_DECISION_DT_2 />
			<THRD_PRTY_POSTHEARING_BRIEF_DUE_2 />
			<THRD_PRTY_EXCEPTION_FILED_2 />
			<THRD_PRTY_EXCEPTION_FILE_DT_2 />
			<THRD_PRTY_RESPONSE_TO_EXCEPTIONS_DUE_2 />
			<THRD_PRTY_FINAL_FLRA_DECISION_DT_2 />
			<THRD_PRTY_ARBITRATOR_LAST_NAME />
			<THRD_PRTY_ARBITRATOR_FIRST_NAME />
			<THRD_PRTY_ARBITRATOR_MIDDLE_NAME />
			<THRD_PRTY_ARBITRATOR_EMAIL />
			<THRD_PRTY_ARBITRATOR_PHONE_NUMBER />
			<THRD_PRTY_ARBITRATOR_ORGANIZATION_AFFILIATION />
			<THRD_PRTY_ARBITRATOR_MAILING_ADDR />
			<THRD_PRTY_PREHEARING_DT />
			<THRD_PRTY_HEARING_DT />
			<THRD_PRTY_POSTHEARING_BRIEF_DUE />
			<THRD_PRTY_FINAL_ARBITRATOR_DECISION_DT />
			<THRD_PRTY_EXCEPTION_FILE_DT />
			<THRD_PRTY_EXCEPTION_FILED />
			<THRD_PRTY_RESPONSE_TO_EXCEPTIONS_DUE />
			<THRD_PRTY_FINAL_FLRA_DECISION_DT />
			<THRD_PRTY_ARBITRATOR_LAST_NAME_4 />
			<THRD_PRTY_ARBITRATOR_FIRST_NAME_4 />
			<THRD_PRTY_ARBITRATOR_MIDDLE_NAME_4 />
			<THRD_PRTY_ARBITRATOR_EMAIL_4 />
			<THRD_PRTY_ARBITRATOR_PHONE_NUMBER_4 />
			<THRD_PRTY_ARBITRATOR_ORGANIZATION_AFFILIATION_4 />
			<THRD_PRTY_ARBITRATOR_MAILING_ADDR_4 />
			<THRD_PRTY_DT_SETTLEMENT_DISCUSSION />
			<THRD_PRTY_DT_PREHEARING_DISCLOSURE />
			<THRD_PRTY_DT_AGENCY_FILE_RESPONSE_DUE />
			<THRD_PRTY_PREHEARING_DT_MSPB />
			<THRD_PRTY_WAS_DISCOVERY_INITIATED />
			<THRD_PRTY_DT_DISCOVERY_DUE />
			<THRD_PRTY_HEARING_DT_MSPB />
			<THRD_PRTY_INITIAL_DECISION_DT_MSPB />
			<THRD_PRTY_WAS_PETITION_FILED_MSPB />
			<THRD_PRTY_PETITION_RV_DT />
			<THRD_PRTY_FINAL_BOARD_DECISION_DT_MSPB />
			<THRD_PRTY_DT_SETTLEMENT_DISCUSSION_2 />
			<THRD_PRTY_DT_PREHEARING_DISCLOSURE_2 />
			<THRD_PRTY_PREHEARING_CONF />
			<THRD_PRTY_HEARING_DT_FLRA />
			<THRD_PRTY_DECISION_DT_FLRA />
			<THRD_PRTY_WAS_DECISION_APPEAL />
			<THRD_PRTY_INITIAL_DECISION_DT_MSPB_2 />
			<THRD_PRTY_FINAL_FLRA_DECISION_DT_FLRA />
			<THRD_PRTY_TIMELY_REQ />
			<THRD_PRTY_PROC_ORDER_SEL />
			<THRD_PRTY_PANEL_MEMBER_LNAME />
			<THRD_PRTY_PANEL_MEMBER_FNAME />
			<THRD_PRTY_PANEL_MEMBER_MNAME />
			<THRD_PRTY_PANEL_MEMBER_EMAIL />
			<THRD_PRTY_PANEL_MEMBER_PHONE />
			<THRD_PRTY_PANEL_MEMBER_ORG />
			<THRD_PRTY_PANEL_MEMBER_MAILING />
			<THRD_PRTY_PANEL_DESCR />
			<AP_ERLR_APPEAL_HEARING_REQUESTED />
			<AP_ERLR_STEP_DECISION_DT />
			<AP_ERLR_ARBITRATION_INVOKED />
			<AP_ERLR_ARBITRATOR_LAST_NAME_3 />
			<AP_ERLR_ARBITRATOR_FIRST_NAME_3 />
			<AP_ERLR_ARBITRATOR_MIDDLE_NAME_3 />
			<AP_ERLR_ARBITRATOR_EMAIL_3 />
			<AP_ERLR_ARBITRATOR_PHONE_NUMBER_3 />
			<AP_ERLR_ARBITRATION_ORGANIZATION_AFFILIATION_3 />
			<AP_ERLR_ARBITRATION_MAILING_ADDR_3 />
			<AP_ERLR_PREHEARING_DT_2 />
			<AP_ERLR_HEARING_DT_2 />
			<AP_ERLR_POSTHEARING_BRIEF_DUE_2 />
			<AP_ERLR_FINAL_ARBITRATOR_DECISION_DT_2 />
			<AP_ERLR_EXCEPTION_FILED_2 />
			<AP_ERLR_EXCEPTION_FILE_DT_2 />
			<AP_ERLR_RESPONSE_TO_EXCEPTIONS_DUE_2 />
			<AP_ERLR_FINAL_FLRA_DECISION_DT_2 />
			<AP_ERLR_ARBITRATOR_LAST_NAME />
			<AP_ERLR_ARBITRATOR_FIRST_NAME />
			<AP_ERLR_ARBITRATOR_MIDDLE_NAME />
			<AP_ERLR_ARBITRATOR_EMAIL />
			<AP_ERLR_ARBITRATOR_PHONE_NUMBER />
			<AP_ERLR_ARBITRATOR_ORGANIZATION_AFFILIATION />
			<AP_ERLR_ARBITRATOR_MAILING_ADDR />
			<AP_ERLR_PREHEARING_DT />
			<AP_ERLR_HEARING_DT />
			<AP_ERLR_POSTHEARING_BRIEF_DUE />
			<AP_ERLR_FINAL_ARBITRATOR_DECISION_DT />
			<AP_ERLR_EXCEPTION_FILE_DT />
			<AP_ERLR_EXCEPTION_FILED />
			<AP_ERLR_RESPONSE_TO_EXCEPTIONS_DUE />
			<AP_ERLR_FINAL_FLRA_DECISION_DT />
			<AP_ERLR_ARBITRATOR_LAST_NAME_2 />
			<AP_ERLR_ARBITRATOR_FIRST_NAME_2 />
			<AP_ERLR_ARBITRATOR_MIDDLE_NAME_2 />
			<AP_ERLR_ARBITRATOR_EMAIL_2 />
			<AP_ERLR_ARBITRATOR_PHONE_NUMBER_2 />
			<AP_ERLR_ARBITRATOR_ORGANIZATION_AFFILIATION_2 />
			<AP_ERLR_ARBITRATOR_MAILING_ADDR_2 />
			<AP_ERLR_PREHEARING_DT_SC />
			<AP_ERLR_HEARING_DT_SC />
			<AP_ERLR_ARBITRATOR_LAST_NAME_4 />
			<AP_ERLR_ARBITRATOR_FIRST_NAME_4 />
			<AP_ERLR_ARBITRATOR_MIDDLE_NAME_4 />
			<AP_ERLR_ARBITRATOR_EMAIL_4 />
			<AP_ERLR_ARBITRATOR_PHONE_NUMBER_4 />
			<AP_ERLR_ARBITRATOR_ORGANIZATION_AFFILIATION_4 />
			<AP_ERLR_ARBITRATOR_MAILING_ADDR_4 />
			<AP_ERLR_DT_SETTLEMENT_DISCUSSION />
			<AP_ERLR_DT_PREHEARING_DISCLOSURE />
			<AP_ERLR_DT_AGENCY_FILE_RESPONSE_DUE />
			<AP_ERLR_PREHEARING_DT_MSPB />
			<AP_ERLR_WAS_DISCOVERY_INITIATED />
			<AP_ERLR_DT_DISCOVERY_DUE />
			<AP_ERLR_HEARING_DT_MSPB />
			<AP_ERLR_PETITION_FILE_DT_MSPB />
			<AP_ERLR_WAS_PETITION_FILED_MSPB />
			<AP_ERLR_INITIAL_DECISION_DT_MSPB />
			<AP_ERLR_FINAL_BOARD_DECISION_DT_MSPB />
			<_CI_SICK_LEAVE_REVIEWED_REMOVED_DT />
			<CI_SL_WARNING_DISCUSSION_DT_LIST />
			<_CI_SL_WARNING_DISCUSSION_DT />
			<CI_SL_WARN_ISSUE />
			<CI_NOTICE_ISSUED_DT />
			<CI_EFFECTIVE_DT />
			<CI_FINAL_ADMIN_CODE_SRCH />
			<CI_REMOVAL_PROP_ACTION_DT />
			<CI_EMP_NOTICE_LEAVE_PLACED />
			<CI_REMOVAL_NOTICE_START_DT />
			<CI_REMOVAL_NOTICE_END_DT />
			<CI_REMOVAL_ORAL_PREZ_REQUESTED />
			<CI_REMOVAL_ORAL_PREZ_DT />
			<CI_REMOVAL_WRITTEN_RESPONSE />
			<CI_WRITTEN_RESPONSE_DUE_DT />
			<CI_WRITTEN_SUBMITTED_DT />
			<CI_RMVL_FINAL_AGENCY_DECISION />
			<CI_DECIDING_OFFCL_NAME_SRCH />
			<CI_SUSPENTION_TYPE />
			<CI_SUSP_PROP_ACTION_DT />
			<CI_SUSP_ORAL_PREZ_REQUESTED />
			<CI_SUSP_ORAL_PREZ_DT />
			<CI_SUSP_WRITTEN_RESP />
			<CI_SUSP_WRITTEN_RESP_DUE_DT />
			<CI_SUSP_WRITTEN_RESP_DT />
			<CI_SUSP_FINAL_AGENCY_DECISION />
			<CI_SUSP_DECIDING_OFFCL_NAME_SRCH />
			<CI_REPRIMAND_ISSUE_DT />
			<CI_EMP_APPEAL_DECISION />
			<GI_ADMIN_STG_1_ISSUE_DT />
			<GI_ADMIN_STG_2_RESP />
			<GI_ADMIN_OFFCL_2_SRCH />
			<GI_ADMIN_STG_2_DECISION_DT />
			<GI_ADMIN_STG_2_ISSUE_DT />
			<_PI_PIP_EXT_END_DT />
			<_PI_PIP_EXT_END_REASON1 />
			<_PI_PIP_EXT_END_REASON2 />
			<_PI_PIP_EXT_END_REASON />
			<_PI_PIP_EXT_END_NOTIFY_DT />
			<PI_PIP_ACTUAL_DT />
			<PI_PIP_END_PRIOR_TO_PLAN />
			<PI_PIP_END_PRIOR_TO_PLAN_RSN />
			<PI_PIP_END_PRIOR_TO_PLAN_OTHR_RSN />
			<PI_PIP_SUCCESS_CMPLT />
			<PI_PIP_PMAP_RTNG_SIGN_DT />
			<PI_PIP_PMAP_RVW_SIGN_DT />
			<PI_PIP_PRPS_ACTN />
			<PI_PIP_PRPS_ISSUE_DT />
			<PI_PIP_ORAL_PRSNT_REQ />
			<PI_PIP_ORAL_PRSNT_DT />
			<PI_PIP_WRTN_RESP_SBMT />
			<PI_PIP_WRTN_RESP_DUE_DT />
			<PI_PIP_WRTN_SBMT_DT />
			<PI_PIP_FIN_AGCY_DECISION />
			<PI_PIP_DECIDING_OFFICAL_SRCH />
			<PI_PIP_FIN_AGCY_DECISION_DT />
			<PI_PIP_DECISION_ISSUE_DT />
			<PI_PIP_EFF_ACTN_DT />
			<PI_PIP_EMPL_GRIEVANCE />
			<PI_PIP_APPEAL_DECISION />
			<PI_REASGN_NOTICE_DT />
			<PI_REASGN_EFF_DT />
			<PI_REASGN_FIN_ADMIN_CD_SEARCH />
			<PI_RMV_PRPS_ACTN_ISSUE_DT />
			<PI_RMV_EMPL_NOTC_LEV />
			<PI_RMV_NOTC_LEV_START_DT />
			<PI_RMV_NOTC_LEV_END_DT />
			<PI_RMV_ORAL_PRSNT_REQ />
			<PI_RMV_ORAL_PRSNT_DT />
			<PI_RMV_WRTN_RESP_DUE_DT />
			<PI_RMV_WRTN_RESP_SBMT_DT />
			<PI_RMV_FIN_AGCY_DECISION />
			<PI_RMV_FIN_DECIDING_OFC_SRCH />
			<PI_RMV_DECISION_ISSUE_DT />
			<PI_RMV_EFF_DT />
			<PI_RMV_NUM_DAYS />
			<PI_RMV_APPEAL_DECISION />
			<PI_WRTN_NRTV_RVW_TYPE />
			<PI_WNR_SPCLST_RVW_CMPLT_DT />
			<PI_WNR_MGR_RVW_RTNG_DT />
			<PI_WNR_CRITICAL_ELM />
			<PI_WNR_FIN_RATING />
			<PI_WNR_RVW_OFC_CONCUR_DT />
			<PI_WNR_WGI_WTHLD />
			<PI_WNR_WGI_RVW_DT />
			<CC_FINAL_ACTION_OTHER />
			<CI_DECISION_ISSUED_DT />
			<CI_DEMO_FINAL_AGENCY_EFF_DT />
			<CI_NUMB_DAYS />
			<CI_REMOVAL_DATE_DECISION_ISSUED />
			<CI_REMOVAL_EFFECTIVE_DT />
			<CI_RMVL_NUMB_DAYS />
			<CI_SUSP_DECISION_ISSUED_DT />
			<CI_SUSP_EFFECTIVE_DECISION_DT />
			<CI_SUS_NUMB_DAYS />
			<PI_RMV_WRTN_RESP_SBMT />
		</formData>
	</Data>
</eForm>
