<?xml version="1.0" encoding="UTF-8"?>
<index desc="hsguser/mvc/BizFlow/message_pool_pool" name="hsguser/mvc/BizFlow/message_pool_pool" xmlns="http://www.hyfinity.com/xstore">
	<entry desc="" docname="to_BizFlowEntry_page.xml" id="to_DummyStart_page" timestamp="" />
	<entry desc="" docname="calling_thirdPartyHearing_action.xml" id="calling_thirdPartyHearing_action" timestamp="" />
	<entry desc="" docname="to_thirdPartyHearing_page.xml" id="to_thirdPartyHearing_page" timestamp="" />
	<entry desc="" docname="calling_appeal_action.xml" id="calling_appeal_action" timestamp="" />
	<entry desc="" docname="to_appeal_page.xml" id="to_appeal_page" timestamp="" />
	<entry desc="" docname="calling_case_complete_action.xml" id="calling_case_complete_action" timestamp="" />
	<entry desc="" docname="to_case_complete_page.xml" id="to_case_complete_page" timestamp="" />
	<entry desc="" docname="calling_conduct_issue_action.xml" id="calling_conduct_issue_action" timestamp="" />
	<entry desc="" docname="to_conduct_issue_page.xml" id="to_conduct_issue_page" timestamp="" />
	<entry desc="" docname="calling_initial_response_action.xml" id="calling_initial_response_action" timestamp="" />
	<entry desc="" docname="to_initialResponse_page.xml" id="to_initialResponse_page" timestamp="" />
	<entry desc="" docname="calling_grievance_action.xml" id="calling_grievance_action" timestamp="" />
	<entry desc="" docname="to_grievance_page.xml" id="to_grievance_page" timestamp="" />
	<entry desc="" docname="calling_information_request_action.xml" id="calling_information_request_action" timestamp="" />
	<entry desc="" docname="to_info_request_page.xml" id="to_info_request_page" timestamp="" />
	<entry desc="" docname="calling_investigation_action.xml" id="calling_investigation_action" timestamp="" />
	<entry desc="" docname="to_investigation_page.xml" id="to_investigation_page" timestamp="" />
	<entry desc="" docname="calling_labor_negotiation_action.xml" id="calling_labor_negotiation_action" timestamp="" />
	<entry desc="" docname="to_labor_negotiation_page.xml" id="to_labor_negotiation_page" timestamp="" />
	<entry desc="" docname="calling_meddoc_action.xml" id="calling_meddoc_action" timestamp="" />
	<entry desc="" docname="to_MedicalDoc_page.xml" id="to_MedicalDoc_page" timestamp="" />
	<entry desc="" docname="calling_performance_issue_action.xml" id="calling_performance_issue_action" timestamp="" />
	<entry desc="" docname="to_performanceIssue_page.xml" id="to_performanceIssue_page" timestamp="" />
	<entry desc="" docname="calling_probation_period_action.xml" id="calling_probation_period_action" timestamp="" />
	<entry desc="" docname="to_prob_period_page.xml" id="to_prob_period_page" timestamp="" />
	<entry desc="" docname="calling_unfair_labor_practice_action.xml" id="calling_unfair_labor_practice_action" timestamp="" />
	<entry desc="" docname="to_unfair_labor_practice_page.xml" id="to_unfair_labor_practice_page" timestamp="" />
	<entry desc="" docname="calling_wgiDenial_action.xml" id="calling_wgiDenial_action" timestamp="" />
	<entry desc="" docname="to_WGIDenial_page.xml" id="to_WGIDenial_page" timestamp="" />
</index>
