<?xml version="1.0" encoding="UTF-8"?>
<eForm xmlns="http://www.hyfinity.com/mvc" xmlns:mvc="http://www.hyfinity.com/mvc">
	<Control>
		<action />
		<Page />
		<Controller />
	</Control>
	<Data>
		<formData>
			<LN_NEGOTIATION_TYPE />
			<LN_INITIATOR />
			<LN_DEMAND2BARGAIN_DT />
			<LN_BRIEFING_REQUEST />
			<LN_PROPOSAL_SUBMISSION_DT />
			<LN_PROPOSAL_SUBMISSION />
			<LN_UNION_PROPOSAL_NEGOTIABLE />
			<LN_UNION_NON_NEGOTIABLE_LETTER />
			<LN_UNION_FILE_ULP />
			<LN_PROPOSAL_INFO_GROUND_RULES />
			<LN_PROPOSAL_INFO_NEG_COMMENCED_DT />
			<LN_UNION_LETTER_PROVIDED />
			<LN_LETTER_PROVIDED_DT />
			<LN_UNION_NEGOTIABLE_PROPOSAL />
			<LN_UNION_BARGAINING_BEGAN_DT />
			<LN_UNION_IMPASSE_DT />
			<LN_UNION_FSIP_DECISION_DT />
			<LN_UNION_BARGAINING_END_DT />
			<LN_AGREEMENT_DT />
			<LN_UNION_SUMMARY_OF_ISSUE />
			<LN_UNION_SECON_LETTER_REQUEST />
			<LN_2ND_LETTER_PROVIDED />
			<LN_UNION_NEGOTIABL_ISSUE_SUMMARY />
			<LN_MNGMNT_ARTICLE4_NTC_DT />
			<LN_MNGMNT_NOTICE_RESPONSE />
			<LN_MNGMNT_BRIEFING_REQUEST />
			<LN_MNGMNT_BARGAIN_SUBMISSION_DT />
			<LN_MNGMNT_PROPOSAL_SUBMISSION />
		</formData>
	</Data>
</eForm>
