<?xml version="1.0" encoding="UTF-8"?>
<hy:rulebase cache="false" context="/" disable="true" forward_chain="false" return="/" xmlns="http://www.hyfinity.com/xstore" xmlns:hy="http://www.hyfinity.com/xengine" xmlns:mvc="http://www.hyfinity.com/mvc" xmlns:ns1="http://www.handysoft.com/bizflow" xmlns:ns2="http://schemas.xmlsoap.org/soap/envelope/" xmlns:xg="http://www.hyfinity.com/xgate">
	<hy:rule base="custom" desc="" disable="false" id="save_audit" priority="10">
		<hy:head>
			<hy:result disable="false" id="save">
				<hy:operator>SQL</hy:operator>
				<hy:target action="Query" name="mvc-ihs_common-IHS_DEV-Database" update="append">
					<hy:params>
						<hy:param name="sql_statement" type="java.lang.String">{ call HHS_IHS_HR.SP_ATTACH_AUDIT ( 
    $eventtype
    , $procid
    , $userid
    , $username
    , $filename
    , $category
) }</hy:param>
						<hy:param name="to_location" type="com.hyfinity.xpath.XPath">/mvc:eForm/mvc:Data</hy:param>
						<hy:param name="$eventtype" type="string">/mvc:eForm/mvc:Control/mvc:eventtype</hy:param>
						<hy:param name="$procid" type="int">/mvc:eForm/mvc:Control/mvc:procid</hy:param>
						<hy:param name="$userid" type="string">/mvc:eForm/mvc:Control/mvc:userid</hy:param>
						<hy:param name="$username" type="string">/mvc:eForm/mvc:Control/mvc:username</hy:param>
						<hy:param name="$filename" type="string">/mvc:eForm/mvc:Control/mvc:filename</hy:param>
						<hy:param name="$category" type="string">/mvc:eForm/mvc:Control/mvc:category</hy:param>
					</hy:params>
				</hy:target>
			</hy:result>
		</hy:head>
		<hy:body />
	</hy:rule>
	<hy:rule base="modified" desc="Commits all the changes made to this database in the previous rules" disable="false" id="commit_database" priority="10">
		<hy:head>
			<hy:result disable="false" id="commit_changes">
				<hy:operator>SQL</hy:operator>
				<hy:target action="Query" name="mvc-ihs_common-IHS_DEV-Database" update="append">
					<hy:params>
						<hy:param name="sql_statement" type="java.lang.String">COMMIT;</hy:param>
						<hy:param name="to_location" type="com.hyfinity.xpath.XPath">/mvc:eForm/mvc:Data</hy:param>
					</hy:params>
				</hy:target>
			</hy:result>
		</hy:head>
		<hy:body>
			<hy:and>
				<hy:clause id="check_no_errors" multiple="false">
					<hy:operator>Read</hy:operator>
					<hy:target action="eval" name="factbase">
						<hy:params>
							<hy:param name="xpath_expression" type="com.hyfinity.xpath.XPath">not(/mvc:eForm/mvc:Data//sql_result/statement/status[@outcome = 'fail'])</hy:param>
						</hy:params>
					</hy:target>
				</hy:clause>
				<hy:clause id="check_sql_query_performed" multiple="false">
					<hy:operator>Read</hy:operator>
					<hy:target action="eval" name="factbase">
						<hy:params>
							<hy:param name="xpath_expression" type="com.hyfinity.xpath.XPath">/mvc:eForm/mvc:Data//sql_result</hy:param>
						</hy:params>
					</hy:target>
				</hy:clause>
			</hy:and>
		</hy:body>
	</hy:rule>
	<hy:rule base="custom" desc="" disable="false" id="write_XML" priority="10">
		<hy:head>
			<hy:result disable="false" id="write_XML">
				<hy:operator>Write</hy:operator>
				<hy:target action="write" name="factbase" update="">
					<hy:params>
						<hy:param name="xpath_to_value" type="com.hyfinity.xpath.XPath">/mvc:eForm/mvc:Data//sql_result/statement</hy:param>
						<hy:param name="to_location" type="com.hyfinity.xpath.XPath">/mvc:eForm/mvc:Control/mvc:Page</hy:param>
						<hy:param name="autocreate" type="java.lang.String">true</hy:param>
					</hy:params>
				</hy:target>
			</hy:result>
		</hy:head>
		<hy:body />
	</hy:rule>
</hy:rulebase>
