<?xml version="1.0" encoding="UTF-8"?>
<semanticLayerDataSource exportedWithPermissions="false">
    <folder>/organizations/organization_1/Domains/CMS</folder>
    <name>CMS_Job_Requests</name>
    <version>36</version>
    <label>CMS Job Requests</label>
    <creationDate>2018-02-05T17:00:41.000-05:00</creationDate>
    <updateDate>2019-04-04T11:29:00.000-04:00</updateDate>
    <schema>
        <localResource
            xmlns:xsi="http://www.w3.org/2001/XMLSchema-instance"
            exportedWithPermissions="false" dataFile="schema.xml.data" xsi:type="fileResource">
            <folder>/organizations/organization_1/Domains/CMS/CMS_Job_Requests_files</folder>
            <name>schema.xml</name>
            <version>1</version>
            <label>schema</label>
            <description>schema</description>
            <creationDate>2019-04-04T11:29:00.000-04:00</creationDate>
            <updateDate>2019-04-04T11:29:00.000-04:00</updateDate>
            <fileType>xml</fileType>
        </localResource>
    </schema>
    <dataSource>
        <alias>BizFlow_Data_Source</alias>
        <dataSourceReference>
            <uri>/organizations/organization_1/datasources/BizFlow_Data_Source</uri>
        </dataSourceReference>
    </dataSource>
</semanticLayerDataSource>
