<?xml version="1.0" encoding="UTF-8"?>
<datasources xmlns="http://www.hyfinity.com/formmaker">
	<datasource id="1">
		<VW_ERLR_EMPLOYEE_CASE xmlns="">
			<record>
				<HHSID />
				<CASEID />
				<FROM_CASEID />
				<M_DT />
				<M_MEMBER_ID />
				<M_MEMBER_NAME />
			</record>
			<record>
				<HHSID />
				<CASEID />
				<FROM_CASEID />
				<M_DT />
				<M_MEMBER_ID />
				<M_MEMBER_NAME />
			</record>
			<record>
				<HHSID />
				<CASEID />
				<FROM_CASEID />
				<M_DT />
				<M_MEMBER_ID />
				<M_MEMBER_NAME />
			</record>
		</VW_ERLR_EMPLOYEE_CASE>
	</datasource>
</datasources>
