<?xml version="1.0" encoding="UTF-8"?>
<fm:structure xmlns:fm="http://www.hyfinity.com/formmaker">
	<form_details xmlns="http://www.hyfinity.com/formmaker">
		<error_highlight_method alert="false" as_you_type="true" validation_mode="all">bubble</error_highlight_method>
		<hint_display_method>tooltip</hint_display_method>
		<top_level_message class="topLevelMessage" required="false" style="" />
		<mark_mandatory class="mandatory" location="after_label" required="true" style=""> * </mark_mandatory>
		<description>Enter a description.</description>
		<page_background_style class="" style="" />
		<page_content_style class="" style="" />
		<page_events>
			<events>
				<event id="onload">
					<action id="CustomScript">
						<param name="Script" option="Script">onLoadResultActionWorkitem()</param>
					</action>
				</event>
			</events>
		</page_events>
		<external_events />
	</form_details>
	<fm:element disable="false" disable_method="read_only" generate="true" hide="false" name="ResultActionWorkitemtErrorMessage">
		<field xmlns="http://www.hyfinity.com/formmaker">
			<input options="dynamic">hidden</input>
			<style class="hide" options="static" style="" />
			<element_style class="hide" options="static" style="" />
			<date_picker class="" content="" required="false" type="normal" />
			<label class="hide" options="static" required="false" style="" type="static" value="Hidden Label">
				<container class="hide" options="static" style="" />
			</label>
			<container />
		</field>
		<constraints validate="false" xmlns="http://www.hyfinity.com/formmaker">
			<type>string</type>
			<required>false</required>
			<enumeration use_for_output="false" />
		</constraints>
		<error xmlns="http://www.hyfinity.com/formmaker">
			<hint class="hintIcon" style="" use="false">Enter a hint here.</hint>
			<server class="errorIcon" retain="false" style="" use="false" />
		</error>
		<palette_ref control="Hidden" xmlns="http://www.hyfinity.com/formmaker" />
	</fm:element>
</fm:structure>
