<?xml version="1.0" encoding="UTF-8"?>
<eForm xmlns="http://www.hyfinity.com/mvc" xmlns:mvc="http://www.hyfinity.com/mvc">
	<Control>
		<action />
		<Page />
		<Controller />
	</Control>
	<Data>
		<formData>
			<PPA_ACTION_TYPE />
			<PPA_PROP_ACTION_ISSUED_DT />
			<PPA_DECISION_ISSUED_DT />
			<PPA_PPLAN />
			<PPA_SERIES />
			<PPA_CURRENT_INFO_GRADE />
			<PPA_PROPOSED_PPLAN />
			<PPA_PROPOSED_SERIES />
			<PPA_PROPOSED_INFO_GRADE />
			<PPA_PROPOSED_INFO_STEP />
			<PPA_FINAL_PPLAN />
			<PPA_FINAL_SERIES />
			<PPA_FINAL_INFO_GRADE />
			<PPA_FINAL_INFO_STEP />
			<PPA_EFFECTIVE_DT />
			<PPA_FINAL_ADMIN_CODE_SEARCH />
			<PPA_ORAL_PREZ_DT />
			<PPA_ORAL_RESPONSE_SUBMITTED />
			<PPA_WRITTEN_RESPONSE_SUBMITTED_DT />
			<PPA_RESPONSE_DUE_DT />
			<PPA_TERMINATION_TYPE />
			<PPA_TERM_PROP_ACTION_DT />
			<PPA_TERM_ORAL_PREZ_REQUESTED />
			<PPA_TERM_ORAL_PREZ_DT />
			<PPA_TERM_WRITTEN_RESP />
			<PPA_TERM_WRITTEN_RESP_DT />
			<PPA_TERM_WRITTEN_RESP_DUE_DT />
			<PPA_TERM_DECISION_ISSUED_DT />
			<PPA_TERM_DECIDING_OFFCL_NAME_SRCH />
			<PPA_PROBATION_TERMINATION_DECISION_ISSUED_DT />
			<PPA_PROBATION_CONDUCT />
			<PPA_PROBATION_PERFORMANCE />
			<PPA_POS_TITLE />
			<PPA_CURRENT_ADMIN_CODE />
			<PPA_ORAL_PREZ_REQUESTED />
			<PPA_TERM_AGENCY_DECISION />
			<PPA_TERM_EFFECTIVE_DECISION_DT />
			<PPA_DEMO_FINAL_AGENCY_DECISION />
			<PPA_DEMO_FINAL_AGENCY_EFF_DT />
			<PPA_RE_ASSIGNMENT_CURR_ORG />
			<PPA_FINAL_ADMIN_CODE_FINAL_ORG />
			<PPA_EMP_APPEAL_DECISION />
			<PPA_NUMB_DAYS />
			<PPA_APPEAL_GRIEVANCE_DEADLINE />
			<PPA_DRAFT_LETTER_2_MANAGER_DT />
			<PPA_SUPPORTING_DOC_RECIEVED_DT />
			<PPA_MANAGER_LETTER_SIGNED_DT />
			<PPA_EMP_DECISION_ISSUED_DT />
		</formData>
	</Data>
</eForm>
