<?xml version="1.0" encoding="UTF-8"?>
<index desc="user 1 collection index file" id="collection_index" name="user1 collection index" xmlns="http://www.hyfinity.com/xstore">
	<entry desc="" docname="CMS/mvc/cms_erlr_labor_negotiation/xsd_pool" id="CMS/mvc/cms_erlr_labor_negotiation/xsd_pool" timestamp="" />
	<entry desc="" docname="CMS/mvc/cms_erlr_labor_negotiation/logicsheet_pool" id="CMS/mvc/cms_erlr_labor_negotiation/logicsheet_pool" timestamp="" />
	<entry desc="" docname="CMS/mvc/cms_erlr_labor_negotiation/message_pool" id="CMS/mvc/cms_erlr_labor_negotiation/message_pool" timestamp="" />
	<entry desc="" docname="CMS/mvc/cms_erlr_labor_negotiation/other_resources_pool" id="CMS/mvc/cms_erlr_labor_negotiation/other_resources_pool" timestamp="" />
	<entry desc="" docname="CMS/mvc/cms_erlr_labor_negotiation/application" id="CMS/mvc/cms_erlr_labor_negotiation/application" timestamp="" />
	<entry desc="" docname="CMS/mvc/cms_erlr_labor_negotiation/formStructure" id="CMS/mvc/cms_erlr_labor_negotiation/formStructure" timestamp="" />
	<entry desc="" docname="CMS/mvc/cms_erlr_labor_negotiation/hyfinityBindings" id="CMS/mvc/cms_erlr_labor_negotiation/hyfinityBindings" timestamp="" />
	<entry desc="" docname="CMS/mvc/cms_erlr_labor_negotiation/xsl_pool" id="CMS/mvc/cms_erlr_labor_negotiation/xsl_pool" timestamp="" />
	<entry desc="" docname="CMS/mvc/cms_erlr_labor_negotiation/genDefaults" id="CMS/mvc/cms_erlr_labor_negotiation/genDefaults" timestamp="" />
	<entry desc="" docname="CMS/mvc/cms_erlr_labor_negotiation/L1_pattern_pool" id="CMS/mvc/cms_erlr_labor_negotiation/L1_pattern_pool" timestamp="" />
	<entry desc="" docname="CMS/mvc/cms_erlr_labor_negotiation/L1_pattern_instance_pool" id="CMS/mvc/cms_erlr_labor_negotiation/L1_pattern_instance_pool" timestamp="" />
	<entry desc="" docname="CMS/mvc/cms_erlr_labor_negotiation/L2_pattern_pool" id="CMS/mvc/cms_erlr_labor_negotiation/L2_pattern_pool" timestamp="" />
	<entry desc="" docname="CMS/mvc/cms_erlr_labor_negotiation/L2_pattern_instance_pool" id="CMS/mvc/cms_erlr_labor_negotiation/L2_pattern_instance_pool" timestamp="" />
	<entry desc="" docname="CMS/mvc/cms_erlr_labor_negotiation/L3_pattern_pool" id="CMS/mvc/cms_erlr_labor_negotiation/L3_pattern_pool" timestamp="" />
	<entry desc="" docname="CMS/mvc/cms_erlr_labor_negotiation/L3_pattern_instance_pool" id="CMS/mvc/cms_erlr_labor_negotiation/L3_pattern_instance_pool" timestamp="" />
</index>
