<?xml version="1.0" encoding="UTF-8"?>
<eForm xmlns="http://www.hyfinity.com/mvc" xmlns:mvc="http://www.hyfinity.com/mvc">
	<Control>
		<action>case_completedX</action>
		<Page />
		<Controller />
	</Control>
	<Data>
		<formData>
			<sessioninfo />
			<procid />
			<actseq />
			<workseq />
			<appseq />
			<isarchive />
			<readOnly />
			<length_of_suspension_proposed />
			<suspension_days />
			<desc_of_final_action />
			<completed_dt />
			<CI_ACTION_TYPE />
			<CI_LEAVE_START />
			<CI_LEAVE_END />
			<CI_PROP_ACTION_ISSUED_DT />
			<CI_DECIDING_OFFCL />
			<CI__DECISION_ISSUED_DT />
			<CI_DEMO_APPEAL_DECISION />
			<CI_PROPOSED_POS_TITLE />
			<CI_PROPOSED_PPLAN />
			<CI_PROPOSED_SERIES />
			<CI_PROPOSED_INFO_GRADE />
			<CI_PROPOSED_INFO_STEP />
			<CI_FINAL_POS_TITLE />
			<CI_FINAL_PPLAN />
			<CI_FINAL_SERIES />
			<CI_FINAL_INFO_GRADE />
			<CI_FINAL_INFO_STEP />
			<CI_COUNSEL_TYPE />
			<CI_COUNSEL_ISSUED_DT />
			<CI_SICK_LEAVE_ISSUED_DT />
			<CI_SICK_LEAVE_REVIEWED_DT />
			<CI_SICK_LEAVE_EXTENDED_DT />
			<CI_SICK_LEAVE_REMOVED_DT />
			<CI_SL_WARNING_DISCUSSION_DT />
			<CI_SL_WARN_ISSUE />
			<CI_NOTICE_ISSUED_DT />
			<CI_EFFECTIVE_DT />
			<CI_FINAL_ADMIN_CODE />
			<CI_REMOVAL_PROP_ACTION_DT />
			<CI_DECIDING_OFFCL_NAME />
			<CI_REMOVAL_DATE_DECISION_ISSUED />
			<CI_REMOVAL_EFFECTIVE_DT />
			<CI_REMOVAL_APPEAL_DECISION />
			<CI_RESTRICTION_ISSED_DT />
			<rv_dt_selected />
			<ex_dt_selected />
			<slw_discussion_dt />
			<GEN_PRIMARY_SPECIALIST />
			<GEN_CONTACT_INFO_AUTO />
			<GEN_EMP_INFO_AUTO />
			<GEN_EMPCONTACT />
			<GEN_PHONE_2 />
			<GEN_CASE_DESC />
			<GEN_RELATEDCASENUMBER />
			<GEN_RELATED_TO_CASE />
			<GEN_PRIMARY_REP />
			<GEN_NON_CMS_PRIMARY_LNAME />
			<GEN_NON_CMS_PRIMARY_fNAME />
			<GEN_NON_CMS_PRIMARY_MNAME />
			<GEN_CMS_PRIMARY_REP />
			<GEN_PRIMARY_REP_PHONE />
			<GEN_NON_CMS_PRIMARY_EMAIL />
			<GEN_NON_CMS_PRIMARY_PHONE />
			<GEN_NON_CMS_PRIMARY_ORG />
			<GEN_NON_CMS_PRIMARY_ADDR />
			<GEN_CASE_CATEGORY />
			<cat_1 />
			<cat_2 />
			<cat_3 />
			<selected_category />
			<GEN_INVESTIGATION />
			<GEN_START_DT />
			<GEN_END_DT />
			<GEN_STD_CONDUCT />
			<GEN_STD_CONDUCT_TYPE />
			<CI_LEAVE_END_2 />
			<CI_LEAVE_START_2 />
			<CI_ORAL_PREZ_DT />
			<CI_ORAL_RESPONSE_SUBMITTED />
			<CI_WRITTEN_RESPONSE_SUBMITTED />
			<CI_RESPONSE_DUE_DT />
			<CI_EMP_NOTICE_LEAVE_PLACED />
			<CI_REMOVAL_NOTICE_START_DT />
			<CI_REMOVAL_NOTICE_END_DT />
			<CI_REMOVAL_ORAL_PREZ_REQUESTED />
			<CI_REMOVAL_ORAL_PREZ_DT />
			<CI_ADMIN_INVESTIGATORY_LEAVE />
			<CI_ADMIN_NOTICE_LEAVE />
			<CI_REMOVAL_WRITTEN_RESPONSE />
			<CI_WRITTEN_SUBMITTED_DT />
			<CI_WRITTEN_RESPONSE_DUE_DT />
			<CI_REPRIMAND_ISSUE_DT />
			<REPRIMAND_APPEAL_DECISION />
			<CI_SUSP_PROP_ACTION_DT />
			<CI_SUSP_ORAL_PREZ_REQUESTED />
			<CI_SUSP_ORAL_PREZ_DT />
			<CI_SUSP_WRITTEN_RESP />
			<CI_SUSP_WRITTEN_RESP_DT />
			<CI_SUSP_WRITTEN_RESP_DUE_DT />
			<CI_SUSPENTION_TYPE />
			<CI_SUSP_DECISION_ISSUED_DT />
			<CI_SUSP_DECIDING_OFFCL_NAME />
			<CI_SUSP_APPEAL_DECISION />
			<CI_TERMINATION_TYPE />
			<CI_TERM_PROP_ACTION_DT />
			<CI_TERM_ORAL_PREZ_REQUESTED />
			<CI_TERM_ORAL_PREZ_DT />
			<CI_TERM_WRITTEN_RESP />
			<CI_TERM_WRITTEN_RESP_DT />
			<CI_TERM_WRITTEN_RESP_DUE_DT />
			<CI_TERM_APPEAL_DECISION />
			<CI_PROBATION_CONDUCT />
			<CI_PROBATION_PERFORMANCE />
			<CI_APPROVAL_NAME_2 />
			<CI_ORAL_PREZ_REQUESTED />
			<CI_TERM_AGENCY_DECISION />
			<CI_TERM_EFFECTIVE_DECISION_DT />
			<CI_SUSP_FINAL_AGENCY_DECISION />
			<CI_SUSP_EFFECTIVE_DECISION_DT />
			<CI_RMVL_FINAL_AGENCY_DECISION />
			<CI_APPROVAL_NAME />
			<CI_DEMO_FINAL_AGENCY_DECISION />
			<CI_DEMO_FINAL_AGENCY_EFF_DT />
		</formData>
	</Data>
</eForm>
