<?xml version="1.0" encoding="UTF-8"?>
<eForm xmlns="http://www.hyfinity.com/mvc" xmlns:mvc="http://www.hyfinity.com/mvc">
	<Control>
		<action>conduct_issue</action>
		<Page />
		<Controller />
	</Control>
	<Data>
		<formData>
			<length_of_suspension_proposed />
			<suspension_days />
			<desc_of_final_action />
			<completed_dt />
			<action_type />
			<leave_start />
			<leave_end />
			<date_propose_action_issued />
			<deciding_official />
			<date_decision_issued />
			<Demotion_appeal_decision />
			<proposed_post_title />
			<proposed_pplan />
			<proposed_series />
			<proposed_info_grade />
			<posposed_info_step />
			<final_post_title />
			<final_pplan />
			<final_series />
			<final_info_grade />
			<final_info_step />
			<counsel_type />
			<date_counsel_issued />
			<sick_leave_date_issued />
			<sick_leave_date_reviewed />
			<sick_leave_date_extended />
			<sick_leave_date_removed />
			<sl_warning_discussion_date />
			<sl_warn_issue />
			<date_notice_issued />
			<effective_date />
			<final_admin_code />
			<removal_prop_action_date />
			<deciding_official_name />
			<removal_date_decision_issued />
			<removal_effective_date />
			<Removal_appeal_decision />
			<dt_restriction_issed />
			<rv_dt_selected />
			<ex_dt_selected />
			<slw_discussion_dt />
			<primary_specialist />
			<contact_info_auto />
			<emp_info_auto />
			<empContact />
			<phone_2 />
			<case_desc />
			<relatedCaseNumber />
			<related_to_case />
			<primary_rep />
			<non_cms_primary_last_name />
			<non_cms_primary_first_name />
			<non_cms_primary_middle_name />
			<cms_primary_rep />
			<primary_rep_phone />
			<non_cms_primary_email />
			<non_cms_primary_phone />
			<non_cms_primary_org />
			<non_cms_primary_mailing_addr />
			<case_category />
			<cat_1 />
			<cat_2 />
			<cat_3 />
			<selected_category />
			<investigation />
			<start_date />
			<end_date />
			<std_conduct />
			<std_conduct_type />
			<leave_end_2 />
			<leave_start_2 />
			<oral_presentation_date />
			<oral_response_submitted />
			<written_response_date />
			<date_response_due />
			<employee_notice_leave_placed />
			<removal_notice_start_dt />
			<removal_notice_end_dt />
			<removal_oral_presentaion_requested />
			<removal_oral_presentation_dt />
			<admin_investigatory_leave />
			<admin_notice_leave />
			<removal_written_response />
			<date_written_submitted />
			<written_response_due_date />
			<reprimand_issue_date />
			<Reprimand_appeal_decision />
			<suspension_proposed_action_date />
			<suspension_oral_pres_requested />
			<suspension_oral_presentation_date />
			<suspension_written_resp />
			<suspension_written_resp_date />
			<suspension_written_resp_due_date />
			<suspention_type />
			<suspension_decision_issued_date />
			<suspension_deciding_official_name />
			<Suspension_appeal_decision />
			<termination_type />
			<pre_emp_termination_propose_date_action_date />
			<pre_emp_termination_oral_pres_requested />
			<pre_emp_termination_oral_presentation_date />
			<pre_emp_termination_written_resp />
			<pre_emp_termination_written_resp_date />
			<pre_emp_termination_written_resp_due_date />
			<pre_emp_Termination_appeal_decision />
			<probation_conduct />
			<probation_performance />
			<approval_name_2 />
			<oral_presentation_requested />
			<termination_Agency_decision />
			<term_effective_decision_dt />
			<suspension_final_agency_decision />
			<suspension_effective_decision_date />
			<rmvl_final_agency_decision />
			<approval_name />
			<demotion_final_agency_decision />
			<demotion_final_agency_eff_dt />
		</formData>
	</Data>
</eForm>
