<?xml version="1.0" encoding="UTF-8"?>
<eForm xmlns="http://www.hyfinity.com/mvc" xmlns:mvc="http://www.hyfinity.com/mvc">
	<Control>
		<action />
		<Page />
		<Controller />
	</Control>
	<Data>
		<formData>
			<action_type />
			<leave_start />
			<leave_length />
			<date_propose_action_issued />
			<date_decision_issued />
			<Demotion_appeal_decision />
			<pplan />
			<series />
			<current_info_grade />
			<proposed_pplan />
			<proposed_series />
			<proposed_info_grade />
			<posposed_info_step />
			<final_pplan />
			<final_series />
			<final_info_grade />
			<final_info_step />
			<counsel_type />
			<date_counsel_issued />
			<sl_warn_issue />
			<effective_date />
			<final_admin_code />
			<deciding_official_name />
			<removal_effective_date />
			<Removal_appeal_decision />
			<dt_restriction_issed />
			<leave_length_2 />
			<leave_start_2 />
			<oral_presentation_date />
			<oral_response_submitted />
			<written_response_date />
			<date_response_due />
			<employee_notice_leave_placed />
			<removal_notice_start_dt />
			<removal_notice_end_dt />
			<removal_oral_presentaion_requested />
			<removal_oral_presentation_dt />
			<admin_investigatory_leave />
			<admin_notice_leave />
			<removal_written_response />
			<date_written_submitted />
			<written_response_due_date />
			<reprimand_issue_date />
			<Reprimand_appeal_decision />
			<suspension_proposed_action_date />
			<suspension_oral_pres_requested />
			<suspension_oral_presentation_date />
			<suspension_written_resp />
			<suspension_written_resp_date />
			<suspension_written_resp_due_date />
			<suspention_type />
			<suspension_decision_issued_date />
			<suspension_deciding_official_name />
			<Suspension_appeal_decision />
			<termination_type />
			<pre_emp_termination_propose_date_action_date />
			<pre_emp_termination_oral_pres_requested />
			<pre_emp_termination_oral_presentation_date />
			<pre_emp_termination_written_resp />
			<pre_emp_termination_written_resp_date />
			<pre_emp_termination_written_resp_due_date />
			<pre_emp_termination_decision_issued_date />
			<termination_deciding_official_name />
			<pre_emp_Termination_appeal_decision />
			<pre_probation_termination_decision_issued_date />
			<probation_conduct />
			<probation_performance />
			<approval_name_2 />
			<pos_title />
			<curr_admin_code />
			<oral_presentation_requested />
			<termination_Agency_decision />
			<term_effective_decision_dt />
			<suspension_final_agency_decision />
			<suspension_effective_decision_date />
			<rmvl_final_agency_decision />
			<approval_name />
			<demotion_final_agency_decision />
			<demotion_final_agency_eff_dt />
			<re_assignment_curr_org />
			<re_assignment_final_org />
		</formData>
	</Data>
</eForm>
