<?xml version="1.0" encoding="UTF-8"?>
<eForm xmlns="http://www.hyfinity.com/mvc" xmlns:mvc="http://www.hyfinity.com/mvc">
	<Control>
		<action>loadLEApproval</action>
		<Page />
		<Controller />
	</Control>
	<Data>
		<formData>
			<sessioninfo />
			<procid />
			<actseq />
			<workseq />
			<appseq />
			<isarchive />
			<readOnly />
			<leApprovalSOCheck />
			<leApprovalSOValue />
			<leApprovalSO />
			<leApprovalDGHOCheck />
			<leApprovalTABGCheck />
			<leApprovalDGHOValue />
			<leApprovalTABGValue />
			<leApprovalDGHO />
			<leApprovalTABG />
			<leApprovalSOResponseDate />
			<leApprovalDGHOResponseDate />
			<leApprovalTABGResponseDate />
			<leApprovalCOCCheck />
			<leApprovalCOCValue />
			<leApprovalCOC />
			<leApprovalCOCResponseDate />
		</formData>
	</Data>
</eForm>
