<?xml version="1.0" encoding="UTF-8"?>
<inputControl exportedWithPermissions="false">
    <folder>/organizations/organization_1/Input_Controls/CMS/ERLR_Dashboard</folder>
    <name>FISCAL_YEAR</name>
    <version>8</version>
    <label>FISCAL YEAR</label>
    <creationDate>2019-03-05T14:23:37.000-05:00</creationDate>
    <updateDate>2019-04-23T13:11:01.000-04:00</updateDate>
    <type>3</type>
    <mandatory>true</mandatory>
    <readOnly>false</readOnly>
    <visible>true</visible>
    <listOfValues>
        <localResource
            xmlns:xsi="http://www.w3.org/2001/XMLSchema-instance"
            exportedWithPermissions="false" xsi:type="listOfValues">
            <folder>/organizations/organization_1/Input_Controls/CMS/ERLR_Dashboard/FISCAL_YEAR_files</folder>
            <name>Fiscal_Year</name>
            <version>2</version>
            <label>Fiscal Year</label>
            <creationDate>2019-04-04T11:25:54.000-04:00</creationDate>
            <updateDate>2019-04-04T11:25:54.000-04:00</updateDate>
            <item>
                <itemLabel>2019</itemLabel>
                <itemValue xmlns:java="http://java.sun.com" xsi:type="java:java.lang.String">2019</itemValue>
            </item>
            <item>
                <itemLabel>2020</itemLabel>
                <itemValue xmlns:java="http://java.sun.com" xsi:type="java:java.lang.String">2020</itemValue>
            </item>
            <item>
                <itemLabel>2021</itemLabel>
                <itemValue xmlns:java="http://java.sun.com" xsi:type="java:java.lang.String">2021</itemValue>
            </item>
            <item>
                <itemLabel>2022</itemLabel>
                <itemValue xmlns:java="http://java.sun.com" xsi:type="java:java.lang.String">2022</itemValue>
            </item>
        </localResource>
    </listOfValues>
    <queryVisibleColumn>FISCAL_YEAR</queryVisibleColumn>
    <queryValueColumn>FISCAL_YEAR</queryValueColumn>
</inputControl>
