<?xml version="1.0" encoding="UTF-8"?>
<xforms xmlns="http://www.hyfinity.com/formmaker" xmlns:mvc="http://www.hyfinity.com/mvc">
	<instance_configuration />
	<page />
	<group name="Investigation_main" />
	<group name="Investigation_group" />
	<element name="INVESTIGATION_TYPE">
		<fm:transform_xpath xmlns:fm="http://www.hyfinity.com/formmaker">/mvc:eForm/mvc:Data/mvc:formData/mvc:INVESTIGATION_TYPE</fm:transform_xpath>
		<fm:action name="investigation" xmlns:fm="http://www.hyfinity.com/formmaker">
			<fm:xform_xpath>/mvc:eForm/mvc:Data/mvc:formData/mvc:INVESTIGATION_TYPE</fm:xform_xpath>
		</fm:action>
	</element>
	<element name="I_MISCONDUCT_FOUND">
		<fm:transform_xpath xmlns:fm="http://www.hyfinity.com/formmaker">/mvc:eForm/mvc:Data/mvc:formData/mvc:I_MISCONDUCT_FOUND</fm:transform_xpath>
		<fm:action name="investigation" xmlns:fm="http://www.hyfinity.com/formmaker">
			<fm:xform_xpath>/mvc:eForm/mvc:Data/mvc:formData/mvc:I_MISCONDUCT_FOUND</fm:xform_xpath>
		</fm:action>
	</element>
	<element name="CC_CONDUCT_FOUND">
		<fm:transform_xpath xmlns:fm="http://www.hyfinity.com/formmaker">/mvc:eForm/mvc:Data/mvc:formData/mvc:CC_CONDUCT_FOUND</fm:transform_xpath>
		<fm:action name="investigation" xmlns:fm="http://www.hyfinity.com/formmaker">
			<fm:xform_xpath>/mvc:eForm/mvc:Data/mvc:formData/mvc:CC_CONDUCT_FOUND</fm:xform_xpath>
		</fm:action>
	</element>
	<group name="layout_group" />
</xforms>
