<?xml version="1.0" encoding="UTF-8"?>
<fm:structure xmlns:fm="http://www.hyfinity.com/formmaker">
	<form_details xmlns="http://www.hyfinity.com/formmaker">
		<error_highlight_method alert="false" as_you_type="true" validation_mode="all">bubble</error_highlight_method>
		<hint_display_method>tooltip</hint_display_method>
		<top_level_message class="topLevelMessage" required="false" style="" />
		<mark_mandatory class="mandatory" location="after_label" required="true" style=""> * </mark_mandatory>
		<description>Enter a description.</description>
		<page_background_style class="" style="" />
		<page_content_style class="" style="" />
	</form_details>
	<fm:group border_styling="false" compatability="false" fieldset="false" gen_method="layout" hide="false" label_position="left" name="IR_main_body" submit_if_hidden="true">
		<label class="label" options="static" position="outside_group" position_override="top" required="false" style="" type="static" value="Layout Group" xmlns="http://www.hyfinity.com/formmaker">
			<container class="groupLabelBackground" options="static" style="">
				<content_alignment distribution="vertical" />
			</container>
		</label>
		<style class="" options="static" style="" xmlns="http://www.hyfinity.com/formmaker" />
		<fm:content_alignment distribution="vertical" halign="left" valign="top" />
		<fm:sizing height="fit_to_content" width="fully_expand" />
		<palette_ref control="Layout Group" xmlns="http://www.hyfinity.com/formmaker" />
		<fm:group border_styling="false" compatability="false" fieldset="false" gen_method="layout" hide="false" label_position="left" name="layout_group_4" submit_if_hidden="true">
			<label class="label" options="static" position="outside_group" position_override="top" required="false" style="" type="static" value="Layout Group" xmlns="http://www.hyfinity.com/formmaker">
				<container class="groupLabelBackground" options="static" style="" />
			</label>
			<style class="" options="static" style="" xmlns="http://www.hyfinity.com/formmaker" />
			<fm:content_alignment distribution="vertical" halign="left" valign="top" />
			<fm:sizing height="fit_to_content" width="fully_expand" />
			<palette_ref control="Layout Group" xmlns="http://www.hyfinity.com/formmaker" />
			<fm:group border_styling="false" compatability="false" fieldset="false" gen_method="layout" hide="false" label_position="left" name="layout_group_5" submit_if_hidden="true">
				<label class="label" options="static" position="outside_group" position_override="top" required="false" style="" type="static" value="Layout Group" xmlns="http://www.hyfinity.com/formmaker">
					<container class="groupLabelBackground" options="static" style="">
						<content_alignment distribution="vertical" />
					</container>
				</label>
				<style class="" options="static" style="" xmlns="http://www.hyfinity.com/formmaker" />
				<fm:content_alignment distribution="horizontal" halign="left" valign="top" />
				<fm:sizing height="fit_to_content" width="fully_expand" />
				<palette_ref control="Layout Group" xmlns="http://www.hyfinity.com/formmaker" />
				<fm:element disable="false" disable_method="disabled" generate="true" hide="false" name="IR_REQUESTER">
					<field xmlns="http://www.hyfinity.com/formmaker">
						<input dropdown_default="Select One" options="static">select</input>
						<style class="defaultBackground selectControl" options="static" style="width : 338px;" />
						<element_style class="select CompleteCase_dynamic_require" options="static" style="width : 196px !important;" />
						<date_picker class="" content="" required="false" type="normal" />
						<label class="label" options="static" position_override="top" required="true" style="width : 338px !important;" type="static" value="Requester?">
							<container class="labelBackground labelControl" options="static">
								<sizing width="custom" />
							</container>
						</label>
						<container>
							<sizing width="custom" />
						</container>
					</field>
					<constraints validate="true" xmlns="http://www.hyfinity.com/formmaker">
						<type>string</type>
						<required>false</required>
						<enumeration use_for_output="false">
							<include value="CMS">CMS</include>
							<include value="NONCMS">Non-CMS</include>
						</enumeration>
					</constraints>
					<error xmlns="http://www.hyfinity.com/formmaker">
						<hint class="hintIcon" style="" use="false">Enter a hint here.</hint>
						<server class="errorIcon" retain="false" style="" use="false" />
					</error>
					<palette_ref control="Select Box" xmlns="http://www.hyfinity.com/formmaker" />
					<accessibility xmlns="http://www.hyfinity.com/formmaker">
						<alt>Select the requester from the single select dropdown.</alt>
					</accessibility>
				</fm:element>
			</fm:group>
			<fm:group border_styling="false" compatability="false" fieldset="false" gen_method="layout" hide="false" label_position="left" name="ir_cms_requester_layout_group" submit_if_hidden="true">
				<label class="label" options="static" position="outside_group" position_override="top" required="false" style="" type="static" value="Layout Group" xmlns="http://www.hyfinity.com/formmaker">
					<container class="groupLabelBackground" options="static" style="">
						<content_alignment distribution="vertical" />
					</container>
				</label>
				<style class="" options="static" style="" xmlns="http://www.hyfinity.com/formmaker" />
				<fm:content_alignment distribution="horizontal" halign="left" valign="top" />
				<fm:sizing height="fit_to_content" width="fully_expand" />
				<palette_ref control="Layout Group" xmlns="http://www.hyfinity.com/formmaker" />
				<fm:element disable="false" disable_method="read_only" generate="true" hide="false" name="IR_CMS_REQUESTER_NAME_SEARCH">
					<field xmlns="http://www.hyfinity.com/formmaker">
						<input options="dynamic">text</input>
						<style class="defaultBackground textboxControl" options="static" style="width : 329px;" />
						<element_style class="textbox" options="static" style="width : 180px;" />
						<date_picker class="datePickerIcon" content="" required="false" type="normal" />
						<label class="label" options="static" position_override="top" required="true" style="width : 400px !important;" type="static" value="Name of Requester">
							<container class="labelBackground labelControl" options="static" style="width : 329px;">
								<sizing width="custom" />
							</container>
						</label>
						<container>
							<sizing width="custom" />
						</container>
					</field>
					<constraints validate="true" xmlns="http://www.hyfinity.com/formmaker">
						<type>string</type>
						<required>false</required>
						<enumeration use_for_output="false" />
					</constraints>
					<error xmlns="http://www.hyfinity.com/formmaker">
						<hint class="hintIcon" style="" use="false">Enter a hint here.</hint>
						<server class="errorIcon" retain="false" style="" use="false" />
					</error>
					<palette_ref control="Text Box" xmlns="http://www.hyfinity.com/formmaker" />
					<accessibility xmlns="http://www.hyfinity.com/formmaker">
						<alt>Type the first three letters of the requester's name and select it from the typeahead dropdown.</alt>
					</accessibility>
				</fm:element>
				<fm:element disable="false" disable_method="read_only" generate="true" hide="false" name="IR_CMS_REQUESTER_NAME">
					<field xmlns="http://www.hyfinity.com/formmaker">
						<input options="dynamic">hidden</input>
						<style class="hide" options="static" style="" />
						<element_style class="hide" options="static" style="" />
						<date_picker class="" content="" required="false" type="normal" />
						<label class="hide" options="static" required="false" style="" type="static" value="Hidden Label">
							<container class="hide" options="static" style="" />
						</label>
						<container />
					</field>
					<constraints validate="false" xmlns="http://www.hyfinity.com/formmaker">
						<type>string</type>
						<required>false</required>
						<enumeration use_for_output="false" />
					</constraints>
					<error xmlns="http://www.hyfinity.com/formmaker">
						<hint class="hintIcon" style="" use="false">Enter a hint here.</hint>
						<server class="errorIcon" retain="false" style="" use="false" />
					</error>
					<palette_ref control="Hidden" xmlns="http://www.hyfinity.com/formmaker" />
				</fm:element>
				<fm:element disable="false" disable_method="read_only" generate="true" hide="false" name="IR_CMS_REQUESTER_PHONE">
					<field xmlns="http://www.hyfinity.com/formmaker">
						<input options="dynamic">text</input>
						<style class="defaultBackground textboxControl" options="static" style="width : 329px;" />
						<element_style class="textbox" options="static" style="width : 180px;" />
						<date_picker class="datePickerIcon" content="" required="false" type="normal" />
						<label class="label" options="static" position_override="top" required="true" style="width : 400px !important;" type="static" value="Phone Number">
							<container class="labelBackground labelControl" options="static" style="width : 329px;">
								<sizing width="custom" />
							</container>
						</label>
						<container>
							<sizing width="custom" />
						</container>
					</field>
					<constraints validate="true" xmlns="http://www.hyfinity.com/formmaker">
						<type>string</type>
						<required>false</required>
						<maxLength>50</maxLength>
						<enumeration use_for_output="false" />
					</constraints>
					<error xmlns="http://www.hyfinity.com/formmaker">
						<hint class="hintIcon" style="" use="false">Enter a hint here.</hint>
						<server class="errorIcon" retain="false" style="" use="false" />
					</error>
					<palette_ref control="Text Box" xmlns="http://www.hyfinity.com/formmaker" />
					<accessibility xmlns="http://www.hyfinity.com/formmaker">
						<alt>Type in the phone number of the requester in any format.</alt>
					</accessibility>
				</fm:element>
			</fm:group>
			<fm:group border_styling="false" compatability="false" fieldset="false" gen_method="layout" hide="false" label_position="left" name="ir_non_cms_requester_layout_group" submit_if_hidden="true">
				<label class="label" options="static" position="outside_group" position_override="top" required="false" style="" type="static" value="Layout Group" xmlns="http://www.hyfinity.com/formmaker">
					<container class="groupLabelBackground" options="static" style="">
						<content_alignment distribution="vertical" />
					</container>
				</label>
				<style class="" options="static" style="" xmlns="http://www.hyfinity.com/formmaker" />
				<fm:content_alignment distribution="vertical" halign="left" valign="top" />
				<fm:sizing height="fit_to_content" width="fully_expand" />
				<palette_ref control="Layout Group" xmlns="http://www.hyfinity.com/formmaker" />
				<fm:group border_styling="false" compatability="false" fieldset="false" gen_method="layout" hide="false" label_position="left" name="layout_group_3" submit_if_hidden="true">
					<label class="label" options="static" position="outside_group" position_override="top" required="false" style="" type="static" value="Layout Group" xmlns="http://www.hyfinity.com/formmaker">
						<container class="groupLabelBackground" options="static" style="" />
					</label>
					<style class="" options="static" style="" xmlns="http://www.hyfinity.com/formmaker" />
					<fm:content_alignment distribution="horizontal" halign="left" valign="top" />
					<fm:sizing height="fit_to_content" width="fully_expand" />
					<palette_ref control="Layout Group" xmlns="http://www.hyfinity.com/formmaker" />
					<fm:element disable="false" disable_method="read_only" generate="true" hide="false" name="IR_NON_CMS_REQUESTER_LAST_NAME">
						<field xmlns="http://www.hyfinity.com/formmaker">
							<input options="dynamic">text</input>
							<style class="defaultBackground textboxControl" options="static" style="width : 329px;" />
							<element_style class="textbox" options="static" style="width : 180px;" />
							<date_picker class="datePickerIcon" content="" required="false" type="normal" />
							<label class="label" options="static" position_override="top" required="true" style="width : 400px !important;" type="static" value="Last Name">
								<container class="labelBackground labelControl" options="static" style="width : 329px;">
									<sizing width="custom" />
								</container>
							</label>
							<container>
								<sizing width="custom" />
							</container>
						</field>
						<constraints validate="true" xmlns="http://www.hyfinity.com/formmaker">
							<type>string</type>
							<required>false</required>
							<maxLength>50</maxLength>
							<enumeration use_for_output="false" />
						</constraints>
						<error xmlns="http://www.hyfinity.com/formmaker">
							<hint class="hintIcon" style="" use="false">Enter a hint here.</hint>
							<server class="errorIcon" retain="false" style="" use="false" />
						</error>
						<palette_ref control="Text Box" xmlns="http://www.hyfinity.com/formmaker" />
						<accessibility xmlns="http://www.hyfinity.com/formmaker">
							<alt>Type in the last name of the non-CMS requester.</alt>
						</accessibility>
					</fm:element>
					<fm:element disable="false" disable_method="read_only" generate="true" hide="false" name="IR_NON_CMS_REQUESTER_FIRST_NAME">
						<field xmlns="http://www.hyfinity.com/formmaker">
							<input options="dynamic">text</input>
							<style class="defaultBackground textboxControl" options="static" style="width : 329px;" />
							<element_style class="textbox" options="static" style="width : 180px;" />
							<date_picker class="datePickerIcon" content="" required="false" type="normal" />
							<label class="label" options="static" position_override="top" required="true" style="width : 400px !important;" type="static" value="First Name">
								<container class="labelBackground labelControl" options="static" style="width : 329px;">
									<sizing width="custom" />
								</container>
							</label>
							<container>
								<sizing width="custom" />
							</container>
						</field>
						<constraints validate="true" xmlns="http://www.hyfinity.com/formmaker">
							<type>string</type>
							<required>false</required>
							<maxLength>50</maxLength>
							<enumeration use_for_output="false" />
						</constraints>
						<error xmlns="http://www.hyfinity.com/formmaker">
							<hint class="hintIcon" style="" use="false">Enter a hint here.</hint>
							<server class="errorIcon" retain="false" style="" use="false" />
						</error>
						<palette_ref control="Text Box" xmlns="http://www.hyfinity.com/formmaker" />
						<accessibility xmlns="http://www.hyfinity.com/formmaker">
							<alt>Type in the first name of the non-CMS requester.</alt>
						</accessibility>
					</fm:element>
					<fm:element disable="false" disable_method="read_only" generate="true" hide="false" name="IR_NON_CMS_REQUESTER_MIDDLE_NAME">
						<field xmlns="http://www.hyfinity.com/formmaker">
							<input options="dynamic">text</input>
							<style class="defaultBackground textboxControl" options="static" style="width : 329px;" />
							<element_style class="textbox" options="static" style="width : 180px;" />
							<date_picker class="datePickerIcon" content="" required="false" type="normal" />
							<label class="label" options="static" position_override="top" required="true" style="width : 400px !important;" type="static" value="Middle Name">
								<container class="labelBackground labelControl" options="static" style="width : 329px;">
									<sizing width="custom" />
								</container>
							</label>
							<container>
								<sizing width="custom" />
							</container>
						</field>
						<constraints validate="true" xmlns="http://www.hyfinity.com/formmaker">
							<type>string</type>
							<required>false</required>
							<maxLength>50</maxLength>
							<enumeration use_for_output="false" />
						</constraints>
						<error xmlns="http://www.hyfinity.com/formmaker">
							<hint class="hintIcon" style="" use="false">Enter a hint here.</hint>
							<server class="errorIcon" retain="false" style="" use="false" />
						</error>
						<palette_ref control="Text Box" xmlns="http://www.hyfinity.com/formmaker" />
						<accessibility xmlns="http://www.hyfinity.com/formmaker">
							<alt>Type in the middle name of the non-CMS requester.</alt>
						</accessibility>
					</fm:element>
					<fm:element disable="false" disable_method="read_only" generate="true" hide="false" name="IR_NON_CMS_REQUESTER_PHONE">
						<field xmlns="http://www.hyfinity.com/formmaker">
							<input options="dynamic">text</input>
							<style class="defaultBackground textboxControl" options="static" style="width : 329px;" />
							<element_style class="textbox" options="static" style="width : 180px;" />
							<date_picker class="datePickerIcon" content="" required="false" type="normal" />
							<label class="label" options="static" position_override="top" required="true" style="width : 338px !important;" type="static" value="Phone Number">
								<container class="labelBackground labelControl" options="static" style="width : 329px;">
									<sizing width="custom" />
								</container>
							</label>
							<container>
								<sizing width="custom" />
							</container>
						</field>
						<constraints validate="true" xmlns="http://www.hyfinity.com/formmaker">
							<type>string</type>
							<required>false</required>
							<maxLength>50</maxLength>
							<enumeration use_for_output="false" />
						</constraints>
						<error xmlns="http://www.hyfinity.com/formmaker">
							<hint class="hintIcon" style="" use="false">Enter a hint here.</hint>
							<server class="errorIcon" retain="false" style="" use="false" />
						</error>
						<palette_ref control="Text Box" xmlns="http://www.hyfinity.com/formmaker" />
					</fm:element>
				</fm:group>
				<fm:group border_styling="false" compatability="false" fieldset="false" gen_method="layout" hide="false" label_position="left" name="layout_group_6" submit_if_hidden="true">
					<label class="label" options="static" position="outside_group" position_override="top" required="false" style="" type="static" value="Layout Group" xmlns="http://www.hyfinity.com/formmaker">
						<container class="groupLabelBackground" options="static" style="" />
					</label>
					<style class="" options="static" style="" xmlns="http://www.hyfinity.com/formmaker" />
					<fm:content_alignment distribution="horizontal" halign="left" valign="top" />
					<fm:sizing height="fit_to_content" width="fully_expand" />
					<palette_ref control="Layout Group" xmlns="http://www.hyfinity.com/formmaker" />
					<fm:element disable="false" disable_method="read_only" generate="true" hide="false" name="IR_NON_CMS_REQUESTER_EMAIL">
						<field xmlns="http://www.hyfinity.com/formmaker">
							<input options="dynamic">text</input>
							<style class="defaultBackground textboxControl" options="static" style="width : 329px;" />
							<element_style class="textbox" options="static" style="width : 180px;" />
							<date_picker class="datePickerIcon" content="" required="false" type="normal" />
							<label class="label" options="static" position_override="top" required="true" style="width : 400px !important;" type="static" value="Email Address">
								<container class="labelBackground labelControl" options="static" style="width : 329px;">
									<sizing width="custom" />
								</container>
							</label>
							<container>
								<sizing width="custom" />
							</container>
						</field>
						<constraints validate="true" xmlns="http://www.hyfinity.com/formmaker">
							<type>string</type>
							<required>false</required>
							<maxLength>100</maxLength>
							<enumeration use_for_output="false" />
						</constraints>
						<error xmlns="http://www.hyfinity.com/formmaker">
							<hint class="hintIcon" style="" use="false">Enter a hint here.</hint>
							<server class="errorIcon" retain="false" style="" use="false" />
						</error>
						<palette_ref control="Text Box" xmlns="http://www.hyfinity.com/formmaker" />
					</fm:element>
					<fm:element disable="false" disable_method="read_only" generate="true" hide="false" name="IR_NON_CMS_REQUESTER_ORGANIZATION_AFFILIATION">
						<field xmlns="http://www.hyfinity.com/formmaker">
							<input options="dynamic">text</input>
							<style class="defaultBackground textboxControl" options="static" style="width : 329px;" />
							<element_style class="textbox" options="static" style="width : 180px;" />
							<date_picker class="datePickerIcon" content="" required="false" type="normal" />
							<label class="label" options="static" position_override="top" required="true" style="width : 400px !important;" type="static" value="Organization Affiliation">
								<container class="labelBackground labelControl" options="static" style="width : 329px;">
									<sizing width="custom" />
								</container>
							</label>
							<container>
								<sizing width="custom" />
							</container>
						</field>
						<constraints validate="true" xmlns="http://www.hyfinity.com/formmaker">
							<type>string</type>
							<required>false</required>
							<maxLength>100</maxLength>
							<enumeration use_for_output="false" />
						</constraints>
						<error xmlns="http://www.hyfinity.com/formmaker">
							<hint class="hintIcon" style="" use="false">Enter a hint here.</hint>
							<server class="errorIcon" retain="false" style="" use="false" />
						</error>
						<palette_ref control="Text Box" xmlns="http://www.hyfinity.com/formmaker" />
					</fm:element>
				</fm:group>
			</fm:group>
		</fm:group>
		<fm:group border_styling="false" compatability="false" fieldset="false" gen_method="layout" hide="false" label_position="left" name="layout_group_100" submit_if_hidden="true">
			<label class="label" options="static" position="outside_group" position_override="top" required="true" style="" type="static" value="Hearing Information" xmlns="http://www.hyfinity.com/formmaker">
				<container class="groupLabelBackground" options="static" style="">
					<content_alignment distribution="vertical" />
				</container>
			</label>
			<style class="" options="static" style="" xmlns="http://www.hyfinity.com/formmaker" />
			<fm:content_alignment distribution="vertical" halign="left" valign="top" />
			<fm:sizing height="fit_to_content" width="fully_expand" />
			<palette_ref control="Layout Group" xmlns="http://www.hyfinity.com/formmaker" />
			<fm:group border_styling="false" compatability="false" fieldset="false" gen_method="layout" hide="false" label_position="left" name="layout_group_18" submit_if_hidden="true">
				<label class="label" options="static" position="outside_group" position_override="top" required="false" style="" type="static" value="Layout Group" xmlns="http://www.hyfinity.com/formmaker">
					<container class="groupLabelBackground" options="static" style="">
						<content_alignment distribution="vertical" />
					</container>
				</label>
				<style class="" options="static" style="" xmlns="http://www.hyfinity.com/formmaker" />
				<fm:content_alignment distribution="horizontal" halign="left" valign="top" />
				<fm:sizing height="fit_to_content" width="fully_expand" />
				<palette_ref control="Layout Group" xmlns="http://www.hyfinity.com/formmaker" />
				<fm:element disable="false" disable_method="read_only" generate="true" hide="false" name="IR_SUBMIT_DT">
					<field xmlns="http://www.hyfinity.com/formmaker">
						<input options="dynamic" size="10">text</input>
						<style class="defaultBackground dateControl" options="static" style="width : 246px;" />
						<element_style class="textbox CompleteCase_dynamic_require standard_date" options="static" style="width : 187px;" />
						<date_picker class="datePickerIcon" content="" required="true" type="normal" />
						<label class="label" options="static" position_override="top" required="true" style="width : 400px !important;" type="static" value="Date Information Request Submitted">
							<container class="labelBackground labelControl" options="static" style="width : 246px;">
								<sizing width="custom" />
							</container>
						</label>
						<container>
							<sizing width="custom" />
						</container>
					</field>
					<constraints validate="true" xmlns="http://www.hyfinity.com/formmaker">
						<type>date</type>
						<required>false</required>
						<enumeration use_for_output="false" />
					</constraints>
					<error xmlns="http://www.hyfinity.com/formmaker">
						<hint class="hintIcon" style="" use="false">Enter a hint here.</hint>
						<server class="errorIcon" retain="false" style="" use="false" />
					</error>
					<data_formats xmlns="http://www.hyfinity.com/formmaker">
						<date data="MM/dd/yyyy" display="MM/dd/yyyy" />
					</data_formats>
					<palette_ref control="Date" xmlns="http://www.hyfinity.com/formmaker" />
					<accessibility xmlns="http://www.hyfinity.com/formmaker">
						<alt>Type in the date that the information request was submitted in the following format: MM/DD/YYYY.</alt>
					</accessibility>
				</fm:element>
				<fm:element disable="false" disable_method="disabled" generate="true" hide="false" name="IR_MEET_PARTICULARIZED_NEED_STANDARD">
					<field xmlns="http://www.hyfinity.com/formmaker">
						<input dropdown_default="Select One" options="static">select</input>
						<style class="defaultBackground selectControl" options="static" style="" />
						<element_style class="select CompleteCase_dynamic_require" options="static" style="width : 196px !important;" />
						<date_picker class="" content="" required="false" type="normal" />
						<label class="label" options="static" position_override="top" required="true" style="width : 400px !important;" type="static" value="Does Request Meet Particularized Need Standard?">
							<container class="labelBackground labelControl" options="static">
								<sizing width="custom" />
							</container>
						</label>
						<container>
							<sizing width="custom" />
						</container>
					</field>
					<constraints validate="true" xmlns="http://www.hyfinity.com/formmaker">
						<type>string</type>
						<required>false</required>
						<enumeration use_for_output="false">
							<include value="Yes">Yes</include>
							<include value="No">No</include>
						</enumeration>
					</constraints>
					<error xmlns="http://www.hyfinity.com/formmaker">
						<hint class="hintIcon" style="" use="false">Enter a hint here.</hint>
						<server class="errorIcon" retain="false" style="" use="false" />
					</error>
					<palette_ref control="Select Box" xmlns="http://www.hyfinity.com/formmaker" />
					<accessibility xmlns="http://www.hyfinity.com/formmaker">
						<alt>Select from the dropdown to whether the request meets a particularized need standard.</alt>
					</accessibility>
				</fm:element>
			</fm:group>
			<fm:group border_styling="false" compatability="false" fieldset="false" gen_method="layout" hide="false" label_position="left" name="layout_group_19" submit_if_hidden="true">
				<label class="label" options="static" position="outside_group" position_override="top" required="false" style="" type="static" value="Layout Group" xmlns="http://www.hyfinity.com/formmaker">
					<container class="groupLabelBackground" options="static" style="">
						<content_alignment distribution="vertical" />
					</container>
				</label>
				<style class="" options="static" style="" xmlns="http://www.hyfinity.com/formmaker" />
				<fm:content_alignment distribution="horizontal" halign="left" valign="top" />
				<fm:sizing height="fit_to_content" width="fully_expand" />
				<palette_ref control="Layout Group" xmlns="http://www.hyfinity.com/formmaker" />
				<fm:element disable="false" disable_method="disabled" generate="true" hide="false" name="IR_REASONABLY_AVAILABLE_AND_NECESSARY">
					<field xmlns="http://www.hyfinity.com/formmaker">
						<input dropdown_default="Select One" options="static">select</input>
						<style class="defaultBackground selectControl" options="static" style="" />
						<element_style class="select CompleteCase_dynamic_require" options="static" style="width : 196px !important;" />
						<date_picker class="" content="" required="false" type="normal" />
						<label class="label" options="static" position_override="top" required="true" style="width : 400px !important;" type="static" value="Is Information Reasonably Available and Necessary?">
							<container class="labelBackground labelControl" options="static">
								<sizing width="custom" />
							</container>
						</label>
						<container>
							<sizing width="custom" />
						</container>
					</field>
					<constraints validate="true" xmlns="http://www.hyfinity.com/formmaker">
						<type>string</type>
						<required>false</required>
						<enumeration use_for_output="false">
							<include value="Yes">Yes</include>
							<include value="No">No</include>
						</enumeration>
					</constraints>
					<error xmlns="http://www.hyfinity.com/formmaker">
						<hint class="hintIcon" style="" use="false">Enter a hint here.</hint>
						<server class="errorIcon" retain="false" style="" use="false" />
					</error>
					<palette_ref control="Select Box" xmlns="http://www.hyfinity.com/formmaker" />
					<accessibility xmlns="http://www.hyfinity.com/formmaker">
						<alt>Select from the dropdown whether the information is reasonably available and necessary.</alt>
					</accessibility>
				</fm:element>
				<fm:element disable="false" disable_method="disabled" generate="true" hide="false" name="IR_PROTECTED_FROM_DISCLOSURE_BY_LAW">
					<field xmlns="http://www.hyfinity.com/formmaker">
						<input dropdown_default="Select One" options="static">select</input>
						<style class="defaultBackground selectControl" options="static" style="" />
						<element_style class="select CompleteCase_dynamic_require" options="static" style="width : 196px !important;" />
						<date_picker class="" content="" required="false" type="normal" />
						<label class="label" options="static" position_override="top" required="true" style="width : 400px !important;" type="static" value="Is Information Protected from Disclosure by Law?">
							<container class="labelBackground labelControl" options="static">
								<sizing width="custom" />
							</container>
						</label>
						<container>
							<sizing width="custom" />
						</container>
					</field>
					<constraints validate="true" xmlns="http://www.hyfinity.com/formmaker">
						<type>string</type>
						<required>false</required>
						<enumeration use_for_output="false">
							<include value="Yes">Yes</include>
							<include value="No">No</include>
						</enumeration>
					</constraints>
					<error xmlns="http://www.hyfinity.com/formmaker">
						<hint class="hintIcon" style="" use="false">Enter a hint here.</hint>
						<server class="errorIcon" retain="false" style="" use="false" />
					</error>
					<palette_ref control="Select Box" xmlns="http://www.hyfinity.com/formmaker" />
					<accessibility xmlns="http://www.hyfinity.com/formmaker">
						<alt>Select from the dropdown whether Information is Protected from Disclosure by law?</alt>
					</accessibility>
				</fm:element>
			</fm:group>
			<fm:group border_styling="false" compatability="false" fieldset="false" gen_method="layout" hide="false" label_position="left" name="layout_group_20" submit_if_hidden="true">
				<label class="label" options="static" position="outside_group" position_override="top" required="false" style="" type="static" value="Layout Group" xmlns="http://www.hyfinity.com/formmaker">
					<container class="groupLabelBackground" options="static" style="">
						<content_alignment distribution="vertical" />
					</container>
				</label>
				<style class="" options="static" style="" xmlns="http://www.hyfinity.com/formmaker" />
				<fm:content_alignment distribution="horizontal" halign="left" valign="top" />
				<fm:sizing height="fit_to_content" width="fully_expand" />
				<palette_ref control="Layout Group" xmlns="http://www.hyfinity.com/formmaker" />
				<fm:element disable="false" disable_method="disabled" generate="true" hide="false" name="IR_MAINTAINED_BY_AGENCY">
					<field xmlns="http://www.hyfinity.com/formmaker">
						<input dropdown_default="Select One" options="static">select</input>
						<style class="defaultBackground selectControl" options="static" style="" />
						<element_style class="select CompleteCase_dynamic_require" options="static" style="width : 196px !important;" />
						<date_picker class="" content="" required="false" type="normal" />
						<label class="label" options="static" position_override="top" required="true" style="width : 800px !important;" type="static" value="Is Information Normally Maintained by the Agency in the Regular Course of Business?">
							<container class="labelBackground labelControl" options="static">
								<sizing width="custom" />
							</container>
						</label>
						<container>
							<sizing width="custom" />
						</container>
					</field>
					<constraints validate="true" xmlns="http://www.hyfinity.com/formmaker">
						<type>string</type>
						<required>false</required>
						<enumeration use_for_output="false">
							<include value="Yes">Yes</include>
							<include value="No">No</include>
						</enumeration>
					</constraints>
					<error xmlns="http://www.hyfinity.com/formmaker">
						<hint class="hintIcon" style="" use="false">Enter a hint here.</hint>
						<server class="errorIcon" retain="false" style="" use="false" />
					</error>
					<palette_ref control="Select Box" xmlns="http://www.hyfinity.com/formmaker" />
					<accessibility xmlns="http://www.hyfinity.com/formmaker">
						<alt>Select whether the information is normally maintained by the agency in the regular course of business.</alt>
					</accessibility>
				</fm:element>
			</fm:group>
			<fm:group border_styling="false" compatability="false" fieldset="false" gen_method="layout" hide="false" label_position="left" name="layout_group_21" submit_if_hidden="true">
				<label class="label" options="static" position="outside_group" position_override="top" required="false" style="" type="static" value="Layout Group" xmlns="http://www.hyfinity.com/formmaker">
					<container class="groupLabelBackground" options="static" style="">
						<content_alignment distribution="vertical" />
					</container>
				</label>
				<style class="" options="static" style="" xmlns="http://www.hyfinity.com/formmaker" />
				<fm:content_alignment distribution="horizontal" halign="left" valign="top" />
				<fm:sizing height="fit_to_content" width="fully_expand" />
				<palette_ref control="Layout Group" xmlns="http://www.hyfinity.com/formmaker" />
				<fm:element disable="false" disable_method="disabled" generate="true" hide="false" name="IR_COLLECTIVE_BARGAINING_UNIT">
					<field xmlns="http://www.hyfinity.com/formmaker">
						<input dropdown_default="Select One" options="static">select</input>
						<style class="defaultBackground selectControl" options="static" style="" />
						<element_style class="select CompleteCase_dynamic_require" options="static" style="width : 196px !important;" />
						<date_picker class="" content="" required="false" type="normal" />
						<label class="label" options="static" position_override="top" required="true" style="width : 800px !important;" type="static" value="Does Information Consitute Guidance, Advice, Counsel, or Training Provided for Management Officials or Supervisors Relating to Collective Bargaining Unit?">
							<container class="labelBackground labelControl" options="static">
								<sizing width="custom" />
							</container>
						</label>
						<container>
							<sizing width="custom" />
						</container>
					</field>
					<constraints validate="true" xmlns="http://www.hyfinity.com/formmaker">
						<type>string</type>
						<required>false</required>
						<enumeration use_for_output="false">
							<include value="Yes">Yes</include>
							<include value="No">No</include>
						</enumeration>
					</constraints>
					<error xmlns="http://www.hyfinity.com/formmaker">
						<hint class="hintIcon" style="" use="false">Enter a hint here.</hint>
						<server class="errorIcon" retain="false" style="" use="false" />
					</error>
					<palette_ref control="Select Box" xmlns="http://www.hyfinity.com/formmaker" />
				</fm:element>
			</fm:group>
			<fm:group border_styling="false" compatability="false" fieldset="false" gen_method="layout" hide="false" label_position="left" name="layout_group_22" submit_if_hidden="true">
				<label class="label" options="static" position="outside_group" position_override="top" required="false" style="" type="static" value="Layout Group" xmlns="http://www.hyfinity.com/formmaker">
					<container class="groupLabelBackground" options="static" style="">
						<content_alignment distribution="vertical" />
					</container>
				</label>
				<style class="" options="static" style="" xmlns="http://www.hyfinity.com/formmaker" />
				<fm:content_alignment distribution="vertical" halign="left" valign="top" />
				<fm:sizing height="fit_to_content" width="fully_expand" />
				<palette_ref control="Layout Group" xmlns="http://www.hyfinity.com/formmaker" />
				<fm:element disable="false" disable_method="disabled" generate="true" hide="false" name="IR_APPROVE">
					<field xmlns="http://www.hyfinity.com/formmaker">
						<input dropdown_default="Select One" options="static">select</input>
						<style class="defaultBackground selectControl" options="static" style="" />
						<element_style class="select CompleteCase_dynamic_require" options="static" style="width : 196px !important;" />
						<date_picker class="" content="" required="false" type="normal" />
						<label class="label" options="static" position_override="top" required="true" style="width : 400px !important;" type="static" value="Was Request Approved?">
							<container class="labelBackground labelControl" options="static">
								<sizing width="custom" />
							</container>
						</label>
						<container>
							<sizing width="custom" />
						</container>
					</field>
					<constraints validate="true" xmlns="http://www.hyfinity.com/formmaker">
						<type>string</type>
						<required>false</required>
						<enumeration use_for_output="false">
							<include value="Yes">Yes</include>
							<include value="No">No</include>
							<include value="Approved in Part">Approved in Part</include>
						</enumeration>
					</constraints>
					<error xmlns="http://www.hyfinity.com/formmaker">
						<hint class="hintIcon" style="" use="false">Enter a hint here.</hint>
						<server class="errorIcon" retain="false" style="" use="false" />
					</error>
					<palette_ref control="Select Box" xmlns="http://www.hyfinity.com/formmaker" />
					<accessibility xmlns="http://www.hyfinity.com/formmaker">
						<alt>Select whether the request was approved.</alt>
					</accessibility>
				</fm:element>
			</fm:group>
			<fm:group border_styling="false" compatability="false" fieldset="false" gen_method="layout" hide="false" label_position="left" name="ir_approved_in_part_layout_group" submit_if_hidden="true">
				<label class="label" options="static" position="outside_group" position_override="top" required="false" style="" type="static" value="Layout Group" xmlns="http://www.hyfinity.com/formmaker">
					<container class="groupLabelBackground" options="static" style="">
						<content_alignment distribution="vertical" />
					</container>
				</label>
				<style class="" options="static" style="" xmlns="http://www.hyfinity.com/formmaker" />
				<fm:content_alignment distribution="vertical" halign="left" valign="top" />
				<fm:sizing height="fit_to_content" width="fully_expand" />
				<palette_ref control="Layout Group" xmlns="http://www.hyfinity.com/formmaker" />
				<fm:custom name="paragraph" type="para">
					<fm:code>
						<p xmlns="http://www.hyfinity.com/xfactory">Refer to the case description for more details.</p>
					</fm:code>
					<fm:description>Enter a description.</fm:description>
					<palette_ref control="Paragraph" xmlns="http://www.hyfinity.com/formmaker" />
				</fm:custom>
			</fm:group>
			<fm:group border_styling="false" compatability="false" fieldset="false" gen_method="layout" hide="false" label_position="left" name="ir_provide_dt_group" submit_if_hidden="true">
				<label class="label" options="static" position="outside_group" position_override="top" required="false" style="" type="static" value="Layout Group" xmlns="http://www.hyfinity.com/formmaker">
					<container class="groupLabelBackground" options="static" style="">
						<content_alignment distribution="vertical" />
					</container>
				</label>
				<style class="" options="static" style="" xmlns="http://www.hyfinity.com/formmaker" />
				<fm:content_alignment distribution="vertical" halign="left" valign="top" />
				<fm:sizing height="fit_to_content" width="custom" />
				<palette_ref control="Layout Group" xmlns="http://www.hyfinity.com/formmaker" />
				<fm:group border_styling="false" compatability="false" fieldset="false" gen_method="layout" hide="false" label_position="left" name="ir_provide_dt_action_group" submit_if_hidden="true">
					<label class="label" options="static" position="outside_group" position_override="top" required="false" style="" type="static" value="Layout Group" xmlns="http://www.hyfinity.com/formmaker">
						<container class="groupLabelBackground" options="static" style="">
							<content_alignment distribution="vertical" />
						</container>
					</label>
					<style class="" options="static" style="" xmlns="http://www.hyfinity.com/formmaker" />
					<fm:content_alignment distribution="horizontal" halign="left" valign="middle" />
					<fm:sizing height="fit_to_content" width="fully_expand" />
					<palette_ref control="Layout Group" xmlns="http://www.hyfinity.com/formmaker" />
					<fm:group border_styling="false" compatability="false" fieldset="false" gen_method="layout" hide="false" label_position="left" name="IR_PROVIDE_DT_LIST_display_field_group" submit_if_hidden="true">
						<label class="label" options="static" position="outside_group" position_override="top" required="false" style="" type="static" value="Layout Group" xmlns="http://www.hyfinity.com/formmaker">
							<container class="groupLabelBackground" options="static" style="">
								<content_alignment distribution="vertical" />
							</container>
						</label>
						<style class="" options="static" style="width : 250px;" xmlns="http://www.hyfinity.com/formmaker" />
						<fm:content_alignment distribution="horizontal" halign="left" valign="top" />
						<fm:sizing height="fit_to_content" width="custom" />
						<palette_ref control="Layout Group" xmlns="http://www.hyfinity.com/formmaker" />
						<fm:element disable="false" disable_method="read_only" generate="true" hide="false" name="IR_PROVIDE_DT">
							<field xmlns="http://www.hyfinity.com/formmaker">
								<input options="dynamic">output</input>
								<style class="defaultBackground outputControl" options="static" style="" />
								<element_style class="output" options="static" style="width : 196px" />
								<date_picker class="datePickerIcon" content="" required="false" type="normal" />
								<label class="label" options="static" position_override="top" required="true" style="" type="static" value="Date Information Provided">
									<container class="labelBackground labelControl" options="static" />
								</label>
								<container />
							</field>
							<constraints validate="false" xmlns="http://www.hyfinity.com/formmaker">
								<type>date</type>
								<required>true</required>
								<enumeration use_for_output="false" />
							</constraints>
							<data_formats xmlns="http://www.hyfinity.com/formmaker">
								<date data="MM/dd/yyyy" display="MM/dd/yyyy" />
							</data_formats>
							<error xmlns="http://www.hyfinity.com/formmaker">
								<hint class="hintIcon" style="" use="false">Enter a hint here.</hint>
								<server class="errorIcon" retain="false" style="" use="false" />
							</error>
							<palette_ref control="Output" xmlns="http://www.hyfinity.com/formmaker" />
							<accessibility xmlns="http://www.hyfinity.com/formmaker">
								<alt>Type in the date that information was provided in the following format MM/DD/YYYY</alt>
							</accessibility>
						</fm:element>
						<fm:element disable="false" disable_method="read_only" generate="true" hide="false" name="IR_PROVIDE_DT_LIST">
							<field xmlns="http://www.hyfinity.com/formmaker">
								<input options="dynamic">hidden</input>
								<style class="hide" options="static" style="" />
								<element_style class="hide" options="static" style="" />
								<date_picker class="" content="" required="false" type="normal" />
								<label class="hide" options="static" required="false" style="" type="static" value="Hidden Label">
									<container class="hide" options="static" style="" />
								</label>
								<container />
							</field>
							<constraints validate="false" xmlns="http://www.hyfinity.com/formmaker">
								<type>string</type>
								<required>false</required>
								<enumeration use_for_output="false" />
							</constraints>
							<error xmlns="http://www.hyfinity.com/formmaker">
								<hint class="hintIcon" style="" use="false">Enter a hint here.</hint>
								<server class="errorIcon" retain="false" style="" use="false" />
							</error>
							<palette_ref control="Hidden" xmlns="http://www.hyfinity.com/formmaker" />
						</fm:element>
					</fm:group>
					<fm:element disable="false" disable_method="disabled" generate="true" hide="false" name="IR_PROVIDE_DT_LIST_add_button">
						<field xmlns="http://www.hyfinity.com/formmaker">
							<input caption="Add Date Information Provided" options="static">htmlButton</input>
							<style class="defaultBackground buttonControl" options="static" style="" />
							<element_style class="button " options="static" style="" />
							<date_picker class="" content="" required="false" type="normal" />
							<label class="label" options="static" position_override="top" required="true" style="" type="static" value="Date Information Provided">
								<container class="labelBackground labelControl" options="static" />
							</label>
							<container>
								<content_alignment halign="left" valign="bottom" />
							</container>
						</field>
						<constraints validate="false" xmlns="http://www.hyfinity.com/formmaker">
							<type>string</type>
							<required>false</required>
							<enumeration use_for_output="false" />
						</constraints>
						<error xmlns="http://www.hyfinity.com/formmaker">
							<hint class="hintIcon" style="" use="false">Enter a hint here.</hint>
							<server class="errorIcon" retain="false" style="" use="false" />
						</error>
						<palette_ref control="Button (Standard)" xmlns="http://www.hyfinity.com/formmaker" />
					</fm:element>
					<grid_structure cols="2" rows="1" xmlns="http://www.hyfinity.com/formmaker">
						<grid_component col="1" name="IR_PROVIDE_DT_LIST_display_field_group" row="1" />
					</grid_structure>
				</fm:group>
				<fm:element disable="false" disable_method="disabled" generate="true" hide="false" name="IR_PROVIDE_DT_LIST_history_link">
					<field xmlns="http://www.hyfinity.com/formmaker">
						<input caption="View Previous Provided Date(s)" options="static">htmlButton</input>
						<style class="defaultBackground buttonControl" options="static" style="" />
						<element_style class="buttonAsLink " options="static" style="" />
						<date_picker class="" content="" required="false" type="normal" />
						<fm:label class="label" options="static" required="false" style="" type="static" value="Link Label">
							<fm:container class="labelBackground labelControl" options="static" style="" />
						</fm:label>
						<container />
					</field>
					<constraints validate="false" xmlns="http://www.hyfinity.com/formmaker">
						<type>string</type>
						<required>false</required>
						<enumeration use_for_output="false" />
					</constraints>
					<error xmlns="http://www.hyfinity.com/formmaker">
						<hint class="hintIcon" style="" use="false">Enter a hint here.</hint>
						<server class="errorIcon" retain="false" style="" use="false" />
					</error>
					<palette_ref control="Button (Standard)" xmlns="http://www.hyfinity.com/formmaker" />
					<custom_attributes xmlns="http://www.hyfinity.com/formmaker">
						<attribute name="enabledonreadonly" type="custom" value="true" />
					</custom_attributes>
				</fm:element>
				<fm:group border_styling="false" compatability="false" fieldset="false" gen_method="layout" hide="false" label_position="left" name="IR_PROVIDE_DT_LIST_input_dialog" submit_if_hidden="true">
					<label class="label" options="static" position="outside_group" position_override="top" required="false" style="" type="static" value="Layout Group" xmlns="http://www.hyfinity.com/formmaker">
						<container class="groupLabelBackground" options="static" style="">
							<content_alignment distribution="vertical" />
						</container>
					</label>
					<style class="hide" options="static" style="" xmlns="http://www.hyfinity.com/formmaker" />
					<fm:content_alignment distribution="vertical" halign="left" valign="top" />
					<fm:sizing height="fit_to_content" width="fully_expand" />
					<palette_ref control="Layout Group" xmlns="http://www.hyfinity.com/formmaker" />
					<fm:element disable="false" disable_method="read_only" generate="true" hide="false" name="_IR_PROVIDE_DT">
						<field xmlns="http://www.hyfinity.com/formmaker">
							<input options="dynamic" size="10">text</input>
							<style class="defaultBackground dateControl" options="static" style="" />
							<element_style class="textbox" options="static" style="" />
							<date_picker class="datePickerIcon" content="" required="true" type="normal" />
							<label class="label" options="static" position_override="top" required="true" style="width: 240px;" type="static" value="Date Information Provided">
								<container class="labelBackground labelControl" options="static" />
							</label>
							<container />
						</field>
						<constraints validate="true" xmlns="http://www.hyfinity.com/formmaker">
							<type>date</type>
							<required>true</required>
							<enumeration use_for_output="false" />
						</constraints>
						<error xmlns="http://www.hyfinity.com/formmaker">
							<hint class="hintIcon" style="" use="false">Enter a hint here.</hint>
							<server class="errorIcon" retain="false" style="" use="false" />
						</error>
						<data_formats xmlns="http://www.hyfinity.com/formmaker">
							<date data="MM/dd/yyyy" display="MM/dd/yyyy" />
						</data_formats>
						<palette_ref control="Date" xmlns="http://www.hyfinity.com/formmaker" />
						<accessibility xmlns="http://www.hyfinity.com/formmaker">
							<alt>Add date information provided.</alt>
						</accessibility>
					</fm:element>
					<custom_attributes xmlns="http://www.hyfinity.com/formmaker">
						<attribute name="_title" type="custom" value="Add Date Information Provided" />
					</custom_attributes>
				</fm:group>
				<fm:group border_styling="false" compatability="false" fieldset="false" gen_method="layout" hide="false" label_position="left" name="IR_PROVIDE_DT_LIST_history_dialog" submit_if_hidden="true">
					<label class="label" options="static" position="outside_group" position_override="top" required="false" style="" type="static" value="Layout Group" xmlns="http://www.hyfinity.com/formmaker">
						<container class="groupLabelBackground" options="static" style="">
							<content_alignment distribution="vertical" />
						</container>
					</label>
					<style class="hide" options="static" style="" xmlns="http://www.hyfinity.com/formmaker" />
					<fm:content_alignment distribution="vertical" halign="left" valign="top" />
					<fm:sizing height="fit_to_content" width="fully_expand" />
					<palette_ref control="Layout Group" xmlns="http://www.hyfinity.com/formmaker" />
					<custom_attributes xmlns="http://www.hyfinity.com/formmaker">
						<attribute name="_title" type="custom" value="Date Information Provided" />
					</custom_attributes>
					<fm:custom name="IR_PROVIDE_DT_LIST_TMPL" type="custom">
						<fm:code>
							<textarea class="hide" id="IR_PROVIDE_DT_LIST_history_template" xmlns="">
								<table cellspacing="0" class="table table-striped table-bordered" id="[[dataFieldId]]_history_table" width="90%" xmlns="http://www.hyfinity.com/xfactory">
									<thead>
										<tr>
											<th class="col col-sm-1" />
											<th>Date</th>
										</tr>
									</thead>
									<tbody>
    [[#items]]
		<tr>
											<td align="middle">
												<a _dataFieldId="[[dataFieldId]]" _index="[[index]]" class="deleteAction" href="javascript:void(0)" role="button" title="Delete">
													<span class="glyphicon glyphicon-remove"></span>
												</a>
											</td>
											<td>[[IR_PROVIDE_DT]]</td>
										</tr>
	[[/items]]
    </tbody>
								</table>
							</textarea>
						</fm:code>
						<fm:description>Enter a description.</fm:description>
						<palette_ref control="Custom" xmlns="http://www.hyfinity.com/formmaker" />
					</fm:custom>
				</fm:group>
			</fm:group>
			<fm:group border_styling="false" compatability="false" fieldset="false" gen_method="layout" hide="false" label_position="left" name="ir_not_approved_layout_group" submit_if_hidden="true">
				<label class="label" options="static" position="outside_group" position_override="top" required="false" style="" type="static" value="Layout Group" xmlns="http://www.hyfinity.com/formmaker">
					<container class="groupLabelBackground" options="static" style="">
						<content_alignment distribution="vertical" />
					</container>
				</label>
				<style class="" options="static" style="" xmlns="http://www.hyfinity.com/formmaker" />
				<fm:content_alignment distribution="vertical" halign="left" valign="top" />
				<fm:sizing height="fit_to_content" width="fully_expand" />
				<palette_ref control="Layout Group" xmlns="http://www.hyfinity.com/formmaker" />
				<fm:group border_styling="false" compatability="false" fieldset="false" gen_method="layout" hide="false" label_position="left" name="ir_denial_notice_dt_group" submit_if_hidden="true">
					<label class="label" options="static" position="outside_group" position_override="top" required="false" style="" type="static" value="Layout Group" xmlns="http://www.hyfinity.com/formmaker">
						<container class="groupLabelBackground" options="static" style="">
							<content_alignment distribution="vertical" />
						</container>
					</label>
					<style class="" options="static" style="" xmlns="http://www.hyfinity.com/formmaker" />
					<fm:content_alignment distribution="vertical" halign="left" valign="top" />
					<fm:sizing height="fit_to_content" width="fully_expand" />
					<palette_ref control="Layout Group" xmlns="http://www.hyfinity.com/formmaker" />
					<fm:group border_styling="false" compatability="false" fieldset="false" gen_method="layout" hide="false" label_position="left" name="layout_group_7" submit_if_hidden="true">
						<label class="label" options="static" position="outside_group" position_override="top" required="false" style="" type="static" value="Layout Group" xmlns="http://www.hyfinity.com/formmaker">
							<container class="groupLabelBackground" options="static" style="" />
						</label>
						<style class="" options="static" style="" xmlns="http://www.hyfinity.com/formmaker" />
						<fm:content_alignment distribution="horizontal" halign="left" valign="top" />
						<fm:sizing height="fit_to_content" width="custom" />
						<palette_ref control="Layout Group" xmlns="http://www.hyfinity.com/formmaker" />
						<fm:group border_styling="false" compatability="false" fieldset="false" gen_method="layout" hide="false" label_position="left" name="IR_DENIAL_NOTICE_DT_LIST_display_field_group" submit_if_hidden="true">
							<label class="label" options="static" position="outside_group" position_override="top" required="false" style="" type="static" value="Layout Group" xmlns="http://www.hyfinity.com/formmaker">
								<container class="groupLabelBackground" options="static" style="">
									<content_alignment distribution="vertical" />
								</container>
							</label>
							<style class="" options="static" style="" xmlns="http://www.hyfinity.com/formmaker" />
							<fm:content_alignment distribution="horizontal" halign="left" valign="top" />
							<fm:sizing height="fit_to_content" width="custom" />
							<palette_ref control="Layout Group" xmlns="http://www.hyfinity.com/formmaker" />
							<fm:element disable="false" disable_method="read_only" generate="true" hide="false" name="IR_DENIAL_NOTICE_DT">
								<field xmlns="http://www.hyfinity.com/formmaker">
									<input options="dynamic">output</input>
									<style class="defaultBackground outputControl" options="static" style="" />
									<element_style class="output" options="static" style="" />
									<date_picker class="datePickerIcon" content="" required="false" type="normal" />
									<label class="label" options="static" position_override="top" required="true" style="" type="static" value="Date of Denial Notice">
										<container class="labelBackground labelControl" options="static" />
									</label>
									<container />
								</field>
								<constraints validate="false" xmlns="http://www.hyfinity.com/formmaker">
									<type>date</type>
									<required>true</required>
									<enumeration use_for_output="false" />
								</constraints>
								<data_formats xmlns="http://www.hyfinity.com/formmaker">
									<date data="MM/dd/yyyy" display="MM/dd/yyyy" />
								</data_formats>
								<error xmlns="http://www.hyfinity.com/formmaker">
									<hint class="hintIcon" style="" use="false">Enter a hint here.</hint>
									<server class="errorIcon" retain="false" style="" use="false" />
								</error>
								<palette_ref control="Output" xmlns="http://www.hyfinity.com/formmaker" />
								<accessibility xmlns="http://www.hyfinity.com/formmaker">
									<alt>Type the date that the denial notice was sent in the following format MM/DD/YYYY</alt>
								</accessibility>
							</fm:element>
							<fm:element disable="false" disable_method="read_only" generate="true" hide="false" name="IR_DENIAL_NOTICE_REASON">
								<field xmlns="http://www.hyfinity.com/formmaker">
									<input options="dynamic">output</input>
									<style class="defaultBackground outputControl" options="static" style="" />
									<element_style class="output" options="static" style="min-width:400px;max-width:500px;white-space:pre-wrap;" />
									<date_picker class="datePickerIcon" content="" required="false" type="normal" />
									<label class="label" options="static" position_override="top" required="true" style="" type="static" value="Reason">
										<container class="labelBackground labelControl" options="static">
											<sizing width="custom" />
										</container>
									</label>
									<container>
										<sizing width="custom" />
									</container>
								</field>
								<constraints validate="false" xmlns="http://www.hyfinity.com/formmaker">
									<type>string</type>
									<required>false</required>
									<enumeration use_for_output="false">
										<include value="Yes">Yes</include>
										<include value="No">No</include>
									</enumeration>
								</constraints>
								<error xmlns="http://www.hyfinity.com/formmaker">
									<hint class="hintIcon" style="" use="false">Enter a hint here.</hint>
									<server class="errorIcon" retain="false" style="" use="false" />
								</error>
								<palette_ref control="Output" xmlns="http://www.hyfinity.com/formmaker" />
							</fm:element>
							<fm:element disable="false" disable_method="read_only" generate="true" hide="false" name="IR_DENIAL_NOTICE_DT_LIST">
								<field xmlns="http://www.hyfinity.com/formmaker">
									<input options="dynamic">hidden</input>
									<style class="hide" options="static" style="" />
									<element_style class="hide" options="static" style="" />
									<date_picker class="" content="" required="false" type="normal" />
									<label class="hide" options="static" required="false" style="" type="static" value="Hidden Label">
										<container class="hide" options="static" style="" />
									</label>
									<container />
								</field>
								<constraints validate="false" xmlns="http://www.hyfinity.com/formmaker">
									<type>string</type>
									<required>false</required>
									<enumeration use_for_output="false" />
								</constraints>
								<error xmlns="http://www.hyfinity.com/formmaker">
									<hint class="hintIcon" style="" use="false">Enter a hint here.</hint>
									<server class="errorIcon" retain="false" style="" use="false" />
								</error>
								<palette_ref control="Hidden" xmlns="http://www.hyfinity.com/formmaker" />
							</fm:element>
						</fm:group>
						<fm:element disable="false" disable_method="disabled" generate="true" hide="false" name="IR_DENIAL_NOTICE_DT_LIST_add_button">
							<field xmlns="http://www.hyfinity.com/formmaker">
								<input caption="Add Date of Denial Notice" options="static">htmlButton</input>
								<style class="defaultBackground buttonControl" options="static" style="" />
								<element_style class="button" options="static" style="" />
								<date_picker class="" content="" required="false" type="normal" />
								<label class="label" options="static" position_override="top" required="true" style="" type="static" value="Date of Denial Notice">
									<container class="labelBackground labelControl" options="static" />
								</label>
								<container>
									<content_alignment halign="left" valign="bottom" />
								</container>
							</field>
							<constraints validate="false" xmlns="http://www.hyfinity.com/formmaker">
								<type>string</type>
								<required>false</required>
								<enumeration use_for_output="false" />
							</constraints>
							<error xmlns="http://www.hyfinity.com/formmaker">
								<hint class="hintIcon" style="" use="false">Enter a hint here.</hint>
								<server class="errorIcon" retain="false" style="" use="false" />
							</error>
							<palette_ref control="Button (Standard)" xmlns="http://www.hyfinity.com/formmaker" />
						</fm:element>
					</fm:group>
					<fm:element disable="false" disable_method="disabled" generate="true" hide="false" name="IR_DENIAL_NOTICE_DT_LIST_history_link">
						<field xmlns="http://www.hyfinity.com/formmaker">
							<input caption="View Previous Denial Notice Date(s)" options="static">htmlButton</input>
							<style class="defaultBackground buttonControl" options="static" style="" />
							<element_style class="buttonAsLink multipleDataHistoryLink" options="static" style="" />
							<date_picker class="" content="" required="false" type="normal" />
							<fm:label class="label" options="static" required="false" style="" type="static" value="Link Label">
								<fm:container class="labelBackground labelControl" options="static" style="" />
							</fm:label>
							<container />
						</field>
						<constraints validate="false" xmlns="http://www.hyfinity.com/formmaker">
							<type>string</type>
							<required>false</required>
							<enumeration use_for_output="false" />
						</constraints>
						<error xmlns="http://www.hyfinity.com/formmaker">
							<hint class="hintIcon" style="" use="false">Enter a hint here.</hint>
							<server class="errorIcon" retain="false" style="" use="false" />
						</error>
						<palette_ref control="Button (Standard)" xmlns="http://www.hyfinity.com/formmaker" />
						<custom_attributes xmlns="http://www.hyfinity.com/formmaker">
							<attribute name="enabledonreadonly" type="custom" value="true" />
						</custom_attributes>
					</fm:element>
					<fm:group border_styling="false" compatability="false" fieldset="false" gen_method="layout" hide="false" label_position="left" name="IR_DENIAL_NOTICE_DT_LIST_input_dialog" submit_if_hidden="true">
						<label class="label" options="static" position="outside_group" position_override="top" required="false" style="" type="static" value="Layout Group" xmlns="http://www.hyfinity.com/formmaker">
							<container class="groupLabelBackground" options="static" style="">
								<content_alignment distribution="vertical" />
							</container>
						</label>
						<style class="hide" options="static" style="" xmlns="http://www.hyfinity.com/formmaker" />
						<fm:content_alignment distribution="vertical" halign="left" valign="top" />
						<fm:sizing height="fit_to_content" width="fully_expand" />
						<palette_ref control="Layout Group" xmlns="http://www.hyfinity.com/formmaker" />
						<fm:element disable="false" disable_method="read_only" generate="true" hide="false" name="_IR_DENIAL_NOTICE_DT">
							<field xmlns="http://www.hyfinity.com/formmaker">
								<input options="dynamic" size="10">text</input>
								<style class="defaultBackground dateControl" options="static" style="" />
								<element_style class="textbox" options="static" style="" />
								<date_picker class="datePickerIcon" content="" required="true" type="normal" />
								<label class="label" options="static" position_override="top" required="true" style="width: 240px;" type="static" value="Date of Denial Notice">
									<container class="labelBackground labelControl" options="static" />
								</label>
								<container />
							</field>
							<constraints validate="true" xmlns="http://www.hyfinity.com/formmaker">
								<type>date</type>
								<required>true</required>
								<enumeration use_for_output="false" />
							</constraints>
							<error xmlns="http://www.hyfinity.com/formmaker">
								<hint class="hintIcon" style="" use="false">Enter a hint here.</hint>
								<server class="errorIcon" retain="false" style="" use="false" />
							</error>
							<data_formats xmlns="http://www.hyfinity.com/formmaker">
								<date data="MM/dd/yyyy" display="MM/dd/yyyy" />
							</data_formats>
							<palette_ref control="Date" xmlns="http://www.hyfinity.com/formmaker" />
							<accessibility xmlns="http://www.hyfinity.com/formmaker">
								<alt>Type in the date that information was provided in the following format MM/DD/YYYY</alt>
							</accessibility>
						</fm:element>
						<custom_attributes xmlns="http://www.hyfinity.com/formmaker">
							<attribute name="_title" type="custom" value="Add Date of Denial Notice" />
						</custom_attributes>
						<fm:element disable="false" disable_method="disabled" generate="true" hide="false" name="_IR_DENIAL_NOTICE_SELECT_REASON">
							<field xmlns="http://www.hyfinity.com/formmaker">
								<input dropdown_default="Select" options="dynamic">select</input>
								<style class="defaultBackground selectControl" options="static" style="" />
								<element_style class="select" options="static" style="width : 400px !important;" />
								<date_picker class="" content="" required="false" type="normal" />
								<label class="label" options="static" position_override="top" required="true" style="width : 400px !important;" type="static" value="Select Predefined Reason">
									<container class="labelBackground labelControl" options="static">
										<sizing width="custom" />
									</container>
								</label>
								<container>
									<sizing width="custom" />
								</container>
							</field>
							<constraints validate="true" xmlns="http://www.hyfinity.com/formmaker">
								<type>string</type>
								<required>false</required>
								<enumeration use_for_output="false">
									<include value="Yes">Yes</include>
									<include value="No">No</include>
								</enumeration>
							</constraints>
							<error xmlns="http://www.hyfinity.com/formmaker">
								<hint class="hintIcon" style="" use="false">Enter a hint here.</hint>
								<server class="errorIcon" retain="false" style="" use="false" />
							</error>
							<palette_ref control="Select Box" xmlns="http://www.hyfinity.com/formmaker" />
						</fm:element>
						<fm:element disable="false" disable_method="read_only" generate="true" hide="false" name="_IR_DENIAL_NOTICE_REASON">
							<field xmlns="http://www.hyfinity.com/formmaker">
								<input max="10" min="4" options="dynamic" size="50" size-y="4">textarea</input>
								<style class="defaultBackground textareaControl" options="static" style="width : 400px !important; height : 80px;" />
								<element_style class="textbox" options="static" style="width : 400px !important;" />
								<date_picker class="datePickerIcon" content="" required="false" type="normal" />
								<label class="label" options="static" position_override="top" required="true" style="" type="static" value="Reason">
									<container class="labelBackground labelControl" options="static" style="width : 400px;">
										<sizing width="custom" />
									</container>
								</label>
								<container>
									<sizing height="custom" width="custom" />
								</container>
							</field>
							<constraints validate="true" xmlns="http://www.hyfinity.com/formmaker">
								<type>string</type>
								<required>true</required>
								<enumeration use_for_output="false" />
							</constraints>
							<error xmlns="http://www.hyfinity.com/formmaker">
								<hint class="hintIcon" style="" use="false">Enter a hint here.</hint>
								<server class="errorIcon" retain="false" style="" use="false" />
							</error>
							<palette_ref control="Text Area" xmlns="http://www.hyfinity.com/formmaker" />
						</fm:element>
					</fm:group>
					<fm:group border_styling="false" compatability="false" fieldset="false" gen_method="layout" hide="false" label_position="left" name="IR_DENIAL_NOTICE_DT_LIST_history_dialog" submit_if_hidden="true">
						<label class="label" options="static" position="outside_group" position_override="top" required="false" style="" type="static" value="Layout Group" xmlns="http://www.hyfinity.com/formmaker">
							<container class="groupLabelBackground" options="static" style="">
								<content_alignment distribution="vertical" />
							</container>
						</label>
						<style class="hide" options="static" style="" xmlns="http://www.hyfinity.com/formmaker" />
						<fm:content_alignment distribution="vertical" halign="left" valign="top" />
						<fm:sizing height="fit_to_content" width="fully_expand" />
						<palette_ref control="Layout Group" xmlns="http://www.hyfinity.com/formmaker" />
						<custom_attributes xmlns="http://www.hyfinity.com/formmaker">
							<attribute name="_title" type="custom" value="Date of Denial Notice" />
						</custom_attributes>
						<fm:custom name="IR_DENIAL_NOTICE_DT_LIST_TMPL" type="custom">
							<fm:code>
								<textarea class="hide" id="IR_DENIAL_NOTICE_DT_LIST_history_template" xmlns="">
									<table cellspacing="0" class="table table-striped table-bordered" id="[[dataFieldId]]_history_table" width="90%" xmlns="http://www.hyfinity.com/xfactory">
										<thead>
											<tr>
												<th class="col col-sm-1" />
												<th>Date</th>
												<th>Reason</th>
											</tr>
										</thead>
										<tbody>
    [[#items]]
		<tr>
												<td align="middle">
													<a _dataFieldId="[[dataFieldId]]" _index="[[index]]" class="deleteAction" href="javascript:void(0)" role="button" title="Delete">
														<span class="glyphicon glyphicon-remove"></span>
													</a>
												</td>
												<td>[[IR_DENIAL_NOTICE_DT]]</td>
												<td style="white-space:pre-wrap;">[[IR_DENIAL_NOTICE_REASON]]</td>
											</tr>
	[[/items]]
    </tbody>
									</table>
								</textarea>
							</fm:code>
							<fm:description>Enter a description.</fm:description>
							<palette_ref control="Custom" xmlns="http://www.hyfinity.com/formmaker" />
						</fm:custom>
					</fm:group>
				</fm:group>
				<fm:group border_styling="false" compatability="false" fieldset="false" gen_method="layout" hide="false" label_position="left" name="layout_group_23" submit_if_hidden="true">
					<label class="label" options="static" position="outside_group" position_override="top" required="false" style="" type="static" value="Layout Group" xmlns="http://www.hyfinity.com/formmaker">
						<container class="groupLabelBackground" options="static" style="">
							<content_alignment distribution="vertical" />
						</container>
					</label>
					<style class="" options="static" style="" xmlns="http://www.hyfinity.com/formmaker" />
					<fm:content_alignment distribution="horizontal" halign="left" valign="top" />
					<fm:sizing height="fit_to_content" width="fully_expand" />
					<palette_ref control="Layout Group" xmlns="http://www.hyfinity.com/formmaker" />
					<fm:element disable="false" disable_method="disabled" generate="true" hide="false" name="IR_APPEAL_DENIAL">
						<field xmlns="http://www.hyfinity.com/formmaker">
							<input dropdown_default="Select One" options="static">select</input>
							<style class="defaultBackground selectControl" options="static" style="" />
							<element_style class="select CompleteCase_dynamic_require" options="static" style="width : 196px !important;" />
							<date_picker class="" content="" required="false" type="normal" />
							<label class="label" options="static" position_override="top" required="true" style="width:240px" type="static" value="Did Requester Appeal Denial?">
								<container class="labelBackground labelControl" options="static">
									<sizing width="custom" />
								</container>
							</label>
							<container>
								<sizing width="custom" />
							</container>
						</field>
						<constraints validate="true" xmlns="http://www.hyfinity.com/formmaker">
							<type>string</type>
							<required>false</required>
							<enumeration use_for_output="false">
								<include value="Yes">Yes</include>
								<include value="No">No</include>
							</enumeration>
						</constraints>
						<error xmlns="http://www.hyfinity.com/formmaker">
							<hint class="hintIcon" style="" use="false">Enter a hint here.</hint>
							<server class="errorIcon" retain="false" style="" use="false" />
						</error>
						<palette_ref control="Select Box" xmlns="http://www.hyfinity.com/formmaker" />
						<accessibility xmlns="http://www.hyfinity.com/formmaker">
							<alt>Type the date that the denial notice was sent in the following format MM/DD/YYYY</alt>
						</accessibility>
					</fm:element>
					<fm:group border_styling="false" compatability="false" fieldset="false" gen_method="layout" hide="false" label_position="left" name="ir_appeal_denial_note_group" submit_if_hidden="true">
						<label class="label" options="static" position="outside_group" position_override="top" required="false" style="" type="static" value="Layout Group" xmlns="http://www.hyfinity.com/formmaker">
							<container class="groupLabelBackground" options="static" style="">
								<content_alignment distribution="vertical" />
							</container>
						</label>
						<style class="" options="static" style="padding-top:2em" xmlns="http://www.hyfinity.com/formmaker" />
						<fm:content_alignment distribution="vertical" halign="left" valign="top" />
						<fm:sizing height="fit_to_content" width="fully_expand" />
						<palette_ref control="Layout Group" xmlns="http://www.hyfinity.com/formmaker" />
						<fm:custom name="custom_control" type="custom">
							<fm:code>
								<div class="customControl" xmlns="http://www.hyfinity.com/xfactory">Note: Please Start a Third-Party Hearing Case.</div>
							</fm:code>
							<fm:description>Enter a description.</fm:description>
							<palette_ref control="Custom" xmlns="http://www.hyfinity.com/formmaker" />
						</fm:custom>
					</fm:group>
				</fm:group>
			</fm:group>
		</fm:group>
	</fm:group>
</fm:structure>
