<?xml version="1.0" encoding="UTF-8"?>
<fm:structure xmlns:fm="http://www.hyfinity.com/formmaker">
	<form_details xmlns="http://www.hyfinity.com/formmaker">
		<error_highlight_method alert="false" as_you_type="true" validation_mode="all">bubble</error_highlight_method>
		<hint_display_method>tooltip</hint_display_method>
		<top_level_message class="topLevelMessage" required="false" style="" />
		<mark_mandatory class="mandatory" location="after_label" required="true" style=""> * </mark_mandatory>
		<description>Enter a description.</description>
		<page_background_style class="" style="" />
		<page_content_style class="" style="" />
	</form_details>
	<fm:group border_styling="false" compatability="false" fieldset="false" gen_method="layout" hide="false" label_position="left" name="wgi_denial_group" submit_if_hidden="true">
		<label class="label" options="static" position="outside_group" position_override="top" required="false" style="" type="static" value="Layout Group" xmlns="http://www.hyfinity.com/formmaker">
			<container class="groupLabelBackground" options="static" style="">
				<content_alignment distribution="vertical" />
			</container>
		</label>
		<style class="" options="static" style="" xmlns="http://www.hyfinity.com/formmaker" />
		<fm:content_alignment distribution="vertical" halign="left" valign="top" />
		<fm:sizing height="fit_to_content" width="fully_expand" />
		<palette_ref control="Layout Group" xmlns="http://www.hyfinity.com/formmaker" />
		<fm:group border_styling="false" compatability="false" conditional_display="false" control_field="" control_field_value="" fieldset="false" gen_method="layout" hide="false" label_position="left" name="layout_group" submit_if_hidden="true">
			<label class="label" options="static" position="outside_group" position_override="top" required="true" style="" type="static" value="WGI Determination" xmlns="http://www.hyfinity.com/formmaker">
				<container class="groupLabelBackground" options="static" style="">
					<content_alignment distribution="vertical" />
				</container>
			</label>
			<style class="" options="static" style="" xmlns="http://www.hyfinity.com/formmaker" />
			<fm:content_alignment distribution="vertical" halign="left" valign="top" />
			<fm:sizing height="fit_to_content" width="fully_expand" />
			<palette_ref control="Layout Group" xmlns="http://www.hyfinity.com/formmaker" />
			<fm:group border_styling="false" compatability="false" fieldset="false" gen_method="layout" hide="false" label_position="left" name="wd_detail_row1_group" submit_if_hidden="true">
				<label class="label" options="static" position="outside_group" position_override="top" required="false" style="" type="static" value="Layout Group" xmlns="http://www.hyfinity.com/formmaker">
					<container class="groupLabelBackground" options="static" style="">
						<content_alignment distribution="vertical" />
					</container>
				</label>
				<style class="" options="static" style="" xmlns="http://www.hyfinity.com/formmaker" />
				<fm:content_alignment distribution="horizontal" halign="left" valign="top" />
				<fm:sizing height="fit_to_content" width="fully_expand" />
				<palette_ref control="Layout Group" xmlns="http://www.hyfinity.com/formmaker" />
				<fm:element disable="false" disable_method="read_only" generate="true" hide="false" name="WGI_DTR_DENIAL_ISSUED_DT">
					<field xmlns="http://www.hyfinity.com/formmaker">
						<input options="dynamic" size="10">text</input>
						<style class="defaultBackground dateControl" options="static" style="" />
						<element_style class="textbox" options="static" style="" />
						<date_picker class="datePickerIcon" content="" required="true" type="normal" />
						<label class="label" options="static" position_override="top" required="true" style="width: 300px;" type="static" value="Date WGI Denial Issued">
							<container class="labelBackground labelControl" options="static" />
						</label>
						<container />
					</field>
					<constraints validate="true" xmlns="http://www.hyfinity.com/formmaker">
						<type>date</type>
						<required>false</required>
						<enumeration use_for_output="false" />
					</constraints>
					<error xmlns="http://www.hyfinity.com/formmaker">
						<hint class="hintIcon" style="" use="false">Enter a hint here.</hint>
						<server class="errorIcon" retain="false" style="" use="false" />
					</error>
					<data_formats xmlns="http://www.hyfinity.com/formmaker">
						<date data="MM/dd/yyyy" display="MM/dd/yyyy" />
					</data_formats>
					<palette_ref control="Date" xmlns="http://www.hyfinity.com/formmaker" />
				</fm:element>
			</fm:group>
			<fm:group border_styling="false" compatability="false" fieldset="false" gen_method="layout" hide="false" label_position="left" name="wd_detail_row2_group" submit_if_hidden="true">
				<label class="label" options="static" position="outside_group" position_override="top" required="false" style="" type="static" value="Layout Group" xmlns="http://www.hyfinity.com/formmaker">
					<container class="groupLabelBackground" options="static" style="">
						<content_alignment distribution="vertical" />
					</container>
				</label>
				<style class="" options="static" style="" xmlns="http://www.hyfinity.com/formmaker" />
				<fm:content_alignment distribution="horizontal" halign="left" valign="top" />
				<fm:sizing height="fit_to_content" width="fully_expand" />
				<palette_ref control="Layout Group" xmlns="http://www.hyfinity.com/formmaker" />
				<fm:element disable="false" disable_method="disabled" generate="true" hide="false" name="WGI_DTR_EMP_REQ_RECON">
					<field xmlns="http://www.hyfinity.com/formmaker">
						<input dropdown_default="Select One" options="static">select</input>
						<style class="defaultBackground selectControl" options="static" style="" />
						<element_style class="select" options="static" style="" />
						<date_picker class="" content="" required="false" type="normal" />
						<label class="label" options="static" position_override="top" required="true" style="width: 300px;" type="static" value="Did Employee Request Reconsideration?">
							<container class="labelBackground labelControl" options="static" />
						</label>
						<container />
					</field>
					<constraints validate="true" xmlns="http://www.hyfinity.com/formmaker">
						<type>string</type>
						<required>false</required>
						<enumeration use_for_output="false">
							<include value="Yes">Yes</include>
							<include value="No">No</include>
						</enumeration>
					</constraints>
					<error xmlns="http://www.hyfinity.com/formmaker">
						<hint class="hintIcon" style="" use="false">Enter a hint here.</hint>
						<server class="errorIcon" retain="false" style="" use="false" />
					</error>
					<palette_ref control="Select Box" xmlns="http://www.hyfinity.com/formmaker" />
				</fm:element>
				<fm:group border_styling="false" compatability="false" fieldset="false" gen_method="layout" hide="false" label_position="left" name="wd_reconsider_detail_group" submit_if_hidden="true">
					<label class="label" options="static" position="outside_group" position_override="top" required="false" style="" type="static" value="Layout Group" xmlns="http://www.hyfinity.com/formmaker">
						<container class="groupLabelBackground" options="static" style="">
							<content_alignment distribution="vertical" />
						</container>
					</label>
					<style class="" options="static" style="" xmlns="http://www.hyfinity.com/formmaker" />
					<fm:content_alignment distribution="horizontal" halign="left" valign="top" />
					<fm:sizing height="fit_to_content" width="custom" />
					<palette_ref control="Layout Group" xmlns="http://www.hyfinity.com/formmaker" />
					<fm:element disable="false" disable_method="read_only" generate="true" hide="false" name="WGI_DTR_RECON_REQ_DT">
						<field xmlns="http://www.hyfinity.com/formmaker">
							<input options="dynamic" size="10">text</input>
							<style class="defaultBackground dateControl" options="static" style="" />
							<element_style class="textbox" options="static" style="" />
							<date_picker class="datePickerIcon" content="" required="true" type="normal" />
							<label class="label" options="static" position_override="top" required="true" style="width: 300px;" type="static" value="Date Reconsideration Requested">
								<container class="labelBackground labelControl" options="static" />
							</label>
							<container />
						</field>
						<constraints validate="true" xmlns="http://www.hyfinity.com/formmaker">
							<type>date</type>
							<required>false</required>
							<enumeration use_for_output="false" />
						</constraints>
						<error xmlns="http://www.hyfinity.com/formmaker">
							<hint class="hintIcon" style="" use="false">Enter a hint here.</hint>
							<server class="errorIcon" retain="false" style="" use="false" />
						</error>
						<data_formats xmlns="http://www.hyfinity.com/formmaker">
							<date data="MM/dd/yyyy" display="MM/dd/yyyy" />
						</data_formats>
						<palette_ref control="Date" xmlns="http://www.hyfinity.com/formmaker" />
					</fm:element>
					<fm:element disable="false" disable_method="read_only" generate="true" hide="false" name="WGI_DTR_RECON_ISSUE_DT">
						<field xmlns="http://www.hyfinity.com/formmaker">
							<input options="dynamic" size="10">text</input>
							<style class="defaultBackground dateControl" options="static" style="" />
							<element_style class="textbox" options="static" style="" />
							<date_picker class="datePickerIcon" content="" required="true" type="normal" />
							<label class="label" options="static" position_override="top" required="true" style="width: 300px;" type="static" value="Date Reconsideration Decision Issued">
								<container class="labelBackground labelControl" options="static" />
							</label>
							<container />
						</field>
						<constraints validate="true" xmlns="http://www.hyfinity.com/formmaker">
							<type>date</type>
							<required>false</required>
							<enumeration use_for_output="false" />
						</constraints>
						<error xmlns="http://www.hyfinity.com/formmaker">
							<hint class="hintIcon" style="" use="false">Enter a hint here.</hint>
							<server class="errorIcon" retain="false" style="" use="false" />
						</error>
						<data_formats xmlns="http://www.hyfinity.com/formmaker">
							<date data="MM/dd/yyyy" display="MM/dd/yyyy" />
						</data_formats>
						<palette_ref control="Date" xmlns="http://www.hyfinity.com/formmaker" />
					</fm:element>
				</fm:group>
			</fm:group>
			<fm:group border_styling="false" compatability="false" fieldset="false" gen_method="layout" hide="false" label_position="left" name="wd_reconsider_detail_group2" submit_if_hidden="true">
				<label class="label" options="static" position="outside_group" position_override="top" required="false" style="" type="static" value="Layout Group" xmlns="http://www.hyfinity.com/formmaker">
					<container class="groupLabelBackground" options="static" style="">
						<content_alignment distribution="vertical" />
					</container>
				</label>
				<style class="" options="static" style="" xmlns="http://www.hyfinity.com/formmaker" />
				<fm:content_alignment distribution="horizontal" halign="left" valign="top" />
				<fm:sizing height="fit_to_content" width="fully_expand" />
				<palette_ref control="Layout Group" xmlns="http://www.hyfinity.com/formmaker" />
				<fm:element disable="false" disable_method="disabled" generate="true" hide="false" name="WGI_DTR_DENIED">
					<field xmlns="http://www.hyfinity.com/formmaker">
						<input dropdown_default="Select One" options="static">select</input>
						<style class="defaultBackground selectControl" options="static" style="" />
						<element_style class="select" options="static" style="" />
						<date_picker class="" content="" required="false" type="normal" />
						<label class="label" options="static" position_override="top" required="true" style="width: 300px;" type="static" value="Was WGI Denied?">
							<container class="labelBackground labelControl" options="static" />
						</label>
						<container />
					</field>
					<constraints validate="true" xmlns="http://www.hyfinity.com/formmaker">
						<type>string</type>
						<required>false</required>
						<enumeration use_for_output="false">
							<include value="Yes">Yes</include>
							<include value="No">No</include>
						</enumeration>
					</constraints>
					<error xmlns="http://www.hyfinity.com/formmaker">
						<hint class="hintIcon" style="" use="false">Enter a hint here.</hint>
						<server class="errorIcon" retain="false" style="" use="false" />
					</error>
					<palette_ref control="Select Box" xmlns="http://www.hyfinity.com/formmaker" />
				</fm:element>
				<fm:group border_styling="false" compatability="false" fieldset="false" gen_method="layout" hide="false" label_position="left" name="wgi_dtr_denial_issue_group" submit_if_hidden="true">
					<label class="label" options="static" position="outside_group" position_override="top" required="false" style="" type="static" value="Layout Group" xmlns="http://www.hyfinity.com/formmaker">
						<container class="groupLabelBackground" options="static" style="">
							<content_alignment distribution="vertical" />
						</container>
					</label>
					<style class="" options="static" style="" xmlns="http://www.hyfinity.com/formmaker" />
					<fm:content_alignment distribution="vertical" halign="left" valign="top" />
					<fm:sizing height="fit_to_content" width="fully_expand" />
					<palette_ref control="Layout Group" xmlns="http://www.hyfinity.com/formmaker" />
					<fm:element disable="false" disable_method="read_only" generate="true" hide="false" name="WGI_DTR_DENIAL_ISSUE_TO_EMP_DT">
						<field xmlns="http://www.hyfinity.com/formmaker">
							<input options="dynamic" size="10">text</input>
							<style class="defaultBackground dateControl" options="static" style="" />
							<element_style class="textbox" options="static" style="" />
							<date_picker class="datePickerIcon" content="" required="true" type="normal" />
							<label class="label" options="static" position_override="top" required="true" style="width: 300px;" type="static" value="Date Denial Issued to Employee">
								<container class="labelBackground labelControl" options="static" />
							</label>
							<container />
						</field>
						<constraints validate="true" xmlns="http://www.hyfinity.com/formmaker">
							<type>date</type>
							<required>false</required>
							<enumeration use_for_output="false" />
						</constraints>
						<error xmlns="http://www.hyfinity.com/formmaker">
							<hint class="hintIcon" style="" use="false">Enter a hint here.</hint>
							<server class="errorIcon" retain="false" style="" use="false" />
						</error>
						<data_formats xmlns="http://www.hyfinity.com/formmaker">
							<date data="MM/dd/yyyy" display="MM/dd/yyyy" />
						</data_formats>
						<palette_ref control="Date" xmlns="http://www.hyfinity.com/formmaker" />
					</fm:element>
				</fm:group>
			</fm:group>
		</fm:group>
		<fm:group border_styling="false" compatability="false" conditional_display="false" control_field="" control_field_value="" fieldset="false" gen_method="layout" hide="false" label_position="left" name="wgi_review_group" submit_if_hidden="true">
			<label class="label" options="static" position="outside_group" position_override="top" required="false" style="" type="static" value="Layout Group" xmlns="http://www.hyfinity.com/formmaker">
				<container class="groupLabelBackground" options="static" style="">
					<content_alignment distribution="vertical" />
				</container>
			</label>
			<style class="" options="static" style="" xmlns="http://www.hyfinity.com/formmaker" />
			<fm:content_alignment distribution="vertical" halign="left" valign="top" />
			<fm:sizing height="fit_to_content" width="fully_expand" />
			<palette_ref control="Layout Group" xmlns="http://www.hyfinity.com/formmaker" />
			<fm:group border_styling="false" compatability="false" fieldset="false" gen_method="layout" hide="false" label_position="left" name="wgi_review_group2" submit_if_hidden="true">
				<label class="label" options="static" position="outside_group" position_override="top" required="true" style="" type="static" value="WGI Review" xmlns="http://www.hyfinity.com/formmaker">
					<container class="groupLabelBackground" options="static" style="">
						<content_alignment distribution="vertical" />
					</container>
				</label>
				<style class="" options="static" style="" xmlns="http://www.hyfinity.com/formmaker" />
				<fm:content_alignment distribution="vertical" halign="left" valign="top" />
				<fm:sizing height="fit_to_content" width="fully_expand" />
				<palette_ref control="Layout Group" xmlns="http://www.hyfinity.com/formmaker" />
				<fm:group border_styling="false" compatability="false" fieldset="false" gen_method="layout" hide="false" label_position="left" name="wr_layout_group_3" submit_if_hidden="true">
					<label class="label" options="static" position="outside_group" position_override="top" required="false" style="" type="static" value="Layout Group" xmlns="http://www.hyfinity.com/formmaker">
						<container class="groupLabelBackground" options="static" style="">
							<content_alignment distribution="vertical" />
						</container>
					</label>
					<style class="" options="static" style="" xmlns="http://www.hyfinity.com/formmaker" />
					<fm:content_alignment distribution="horizontal" halign="left" valign="top" />
					<fm:sizing height="fit_to_content" width="fully_expand" />
					<palette_ref control="Layout Group" xmlns="http://www.hyfinity.com/formmaker" />
					<fm:element disable="false" disable_method="read_only" generate="true" hide="false" name="WGI_REVIEW_DTR_NOTICE_ISSUED_DT">
						<field xmlns="http://www.hyfinity.com/formmaker">
							<input options="dynamic" size="10">text</input>
							<style class="defaultBackground dateControl" options="static" style="" />
							<element_style class="textbox" options="static" style="" />
							<date_picker class="datePickerIcon" content="" required="true" type="normal" />
							<label class="label" options="static" position_override="top" required="true" style="width: 300px;" type="static" value="Date Redetermination Notice Issued">
								<container class="labelBackground labelControl" options="static" />
							</label>
							<container />
						</field>
						<constraints validate="true" xmlns="http://www.hyfinity.com/formmaker">
							<type>date</type>
							<required>false</required>
							<enumeration use_for_output="false" />
						</constraints>
						<error xmlns="http://www.hyfinity.com/formmaker">
							<hint class="hintIcon" style="" use="false">Enter a hint here.</hint>
							<server class="errorIcon" retain="false" style="" use="false" />
						</error>
						<data_formats xmlns="http://www.hyfinity.com/formmaker">
							<date data="MM/dd/yyyy" display="MM/dd/yyyy" />
						</data_formats>
						<palette_ref control="Date" xmlns="http://www.hyfinity.com/formmaker" />
					</fm:element>
					<fm:element disable="false" disable_method="disabled" generate="true" hide="false" name="WGI_REVIEW_DTR_FAVORABLE">
						<field xmlns="http://www.hyfinity.com/formmaker">
							<input dropdown_default="Select One" options="static">select</input>
							<style class="defaultBackground selectControl" options="static" style="" />
							<element_style class="select" options="static" style="" />
							<date_picker class="" content="" required="false" type="normal" />
							<label class="label" options="static" position_override="top" required="true" style="width: 300px;" type="static" value="Was Determination Favorable?">
								<container class="labelBackground labelControl" options="static" />
							</label>
							<container />
						</field>
						<constraints validate="true" xmlns="http://www.hyfinity.com/formmaker">
							<type>string</type>
							<required>false</required>
							<enumeration use_for_output="false">
								<include value="Yes">Yes</include>
								<include value="No">No</include>
							</enumeration>
						</constraints>
						<error xmlns="http://www.hyfinity.com/formmaker">
							<hint class="hintIcon" style="" use="false">Enter a hint here.</hint>
							<server class="errorIcon" retain="false" style="" use="false" />
						</error>
						<palette_ref control="Select Box" xmlns="http://www.hyfinity.com/formmaker" />
					</fm:element>
				</fm:group>
				<fm:group border_styling="false" compatability="false" fieldset="false" gen_method="layout" hide="false" label_position="left" name="wr_no_dtr_favorable_group" submit_if_hidden="true">
					<label class="label" options="static" position="outside_group" position_override="top" required="false" style="" type="static" value="Layout Group" xmlns="http://www.hyfinity.com/formmaker">
						<container class="groupLabelBackground" options="static" style="">
							<content_alignment distribution="vertical" />
						</container>
					</label>
					<style class="" options="static" style="" xmlns="http://www.hyfinity.com/formmaker" />
					<fm:content_alignment distribution="vertical" halign="left" valign="top" />
					<fm:sizing height="fit_to_content" width="fully_expand" />
					<palette_ref control="Layout Group" xmlns="http://www.hyfinity.com/formmaker" />
					<fm:group border_styling="false" compatability="false" fieldset="false" gen_method="layout" hide="false" label_position="left" name="wr_layout_group_4" submit_if_hidden="true">
						<label class="label" options="static" position="outside_group" position_override="top" required="false" style="" type="static" value="Layout Group" xmlns="http://www.hyfinity.com/formmaker">
							<container class="groupLabelBackground" options="static" style="">
								<content_alignment distribution="vertical" />
							</container>
						</label>
						<style class="" options="static" style="" xmlns="http://www.hyfinity.com/formmaker" />
						<fm:content_alignment distribution="horizontal" halign="left" valign="top" />
						<fm:sizing height="fit_to_content" width="fully_expand" />
						<palette_ref control="Layout Group" xmlns="http://www.hyfinity.com/formmaker" />
						<fm:element disable="false" disable_method="disabled" generate="true" hide="false" name="WGI_REVIEW_EMP_REQ_RECON">
							<field xmlns="http://www.hyfinity.com/formmaker">
								<input dropdown_default="Select One" options="static">select</input>
								<style class="defaultBackground selectControl" options="static" style="" />
								<element_style class="select" options="static" style="" />
								<date_picker class="" content="" required="false" type="normal" />
								<label class="label" options="static" position_override="top" required="true" style="width: 300px;" type="static" value="Did Employee Request Reconsideration?">
									<container class="labelBackground labelControl" options="static" />
								</label>
								<container />
							</field>
							<constraints validate="true" xmlns="http://www.hyfinity.com/formmaker">
								<type>string</type>
								<required>false</required>
								<enumeration use_for_output="false">
									<include value="Yes">Yes</include>
									<include value="No">No</include>
								</enumeration>
							</constraints>
							<error xmlns="http://www.hyfinity.com/formmaker">
								<hint class="hintIcon" style="" use="false">Enter a hint here.</hint>
								<server class="errorIcon" retain="false" style="" use="false" />
							</error>
							<palette_ref control="Select Box" xmlns="http://www.hyfinity.com/formmaker" />
						</fm:element>
						<fm:group border_styling="false" compatability="false" fieldset="false" gen_method="layout" hide="false" label_position="left" name="wd_review_reconsider_detail_group" submit_if_hidden="true">
							<label class="label" options="static" position="outside_group" position_override="top" required="false" style="" type="static" value="Layout Group" xmlns="http://www.hyfinity.com/formmaker">
								<container class="groupLabelBackground" options="static" style="">
									<content_alignment distribution="vertical" />
								</container>
							</label>
							<style class="" options="static" style="" xmlns="http://www.hyfinity.com/formmaker" />
							<fm:content_alignment distribution="horizontal" halign="left" valign="top" />
							<fm:sizing height="fit_to_content" width="fully_expand" />
							<palette_ref control="Layout Group" xmlns="http://www.hyfinity.com/formmaker" />
							<fm:element disable="false" disable_method="read_only" generate="true" hide="false" name="WGI_REVIEW_RECON_REQ_DT">
								<field xmlns="http://www.hyfinity.com/formmaker">
									<input options="dynamic" size="10">text</input>
									<style class="defaultBackground dateControl" options="static" style="" />
									<element_style class="textbox" options="static" style="" />
									<date_picker class="datePickerIcon" content="" required="true" type="normal" />
									<label class="label" options="static" position_override="top" required="true" style="width: 300px;" type="static" value="Date Reconsideration Requested">
										<container class="labelBackground labelControl" options="static" />
									</label>
									<container />
								</field>
								<constraints validate="true" xmlns="http://www.hyfinity.com/formmaker">
									<type>date</type>
									<required>false</required>
									<enumeration use_for_output="false" />
								</constraints>
								<error xmlns="http://www.hyfinity.com/formmaker">
									<hint class="hintIcon" style="" use="false">Enter a hint here.</hint>
									<server class="errorIcon" retain="false" style="" use="false" />
								</error>
								<data_formats xmlns="http://www.hyfinity.com/formmaker">
									<date data="MM/dd/yyyy" display="MM/dd/yyyy" />
								</data_formats>
								<palette_ref control="Date" xmlns="http://www.hyfinity.com/formmaker" />
							</fm:element>
							<fm:element disable="false" disable_method="read_only" generate="true" hide="false" name="WGI_REVIEW_RECON_ISSUE_DT">
								<field xmlns="http://www.hyfinity.com/formmaker">
									<input options="dynamic" size="10">text</input>
									<style class="defaultBackground dateControl" options="static" style="" />
									<element_style class="textbox" options="static" style="" />
									<date_picker class="datePickerIcon" content="" required="true" type="normal" />
									<label class="label" options="static" position_override="top" required="true" style="width: 300px;" type="static" value="Date Reconsideration Decision Issued">
										<container class="labelBackground labelControl" options="static" />
									</label>
									<container />
								</field>
								<constraints validate="true" xmlns="http://www.hyfinity.com/formmaker">
									<type>date</type>
									<required>false</required>
									<enumeration use_for_output="false" />
								</constraints>
								<error xmlns="http://www.hyfinity.com/formmaker">
									<hint class="hintIcon" style="" use="false">Enter a hint here.</hint>
									<server class="errorIcon" retain="false" style="" use="false" />
								</error>
								<data_formats xmlns="http://www.hyfinity.com/formmaker">
									<date data="MM/dd/yyyy" display="MM/dd/yyyy" />
								</data_formats>
								<palette_ref control="Date" xmlns="http://www.hyfinity.com/formmaker" />
							</fm:element>
						</fm:group>
					</fm:group>
					<fm:group border_styling="false" compatability="false" fieldset="false" gen_method="layout" hide="false" label_position="left" name="wr_layout_group_5" submit_if_hidden="true">
						<label class="label" options="static" position="outside_group" position_override="top" required="false" style="" type="static" value="Layout Group" xmlns="http://www.hyfinity.com/formmaker">
							<container class="groupLabelBackground" options="static" style="">
								<content_alignment distribution="vertical" />
							</container>
						</label>
						<style class="" options="static" style="" xmlns="http://www.hyfinity.com/formmaker" />
						<fm:content_alignment distribution="horizontal" halign="left" valign="top" />
						<fm:sizing height="fit_to_content" width="fully_expand" />
						<palette_ref control="Layout Group" xmlns="http://www.hyfinity.com/formmaker" />
						<fm:element disable="false" disable_method="disabled" generate="true" hide="false" name="WGI_REVIEW_DENIED">
							<field xmlns="http://www.hyfinity.com/formmaker">
								<input dropdown_default="Select One" options="static">select</input>
								<style class="defaultBackground selectControl" options="static" style="" />
								<element_style class="select" options="static" style="" />
								<date_picker class="" content="" required="false" type="normal" />
								<label class="label" options="static" position_override="top" required="true" style="width: 300px;" type="static" value="Was WGI Denied?">
									<container class="labelBackground labelControl" options="static" />
								</label>
								<container />
							</field>
							<constraints validate="true" xmlns="http://www.hyfinity.com/formmaker">
								<type>string</type>
								<required>false</required>
								<enumeration use_for_output="false">
									<include value="Yes">Yes</include>
									<include value="No">No</include>
								</enumeration>
							</constraints>
							<error xmlns="http://www.hyfinity.com/formmaker">
								<hint class="hintIcon" style="" use="false">Enter a hint here.</hint>
								<server class="errorIcon" retain="false" style="" use="false" />
							</error>
							<palette_ref control="Select Box" xmlns="http://www.hyfinity.com/formmaker" />
						</fm:element>
					</fm:group>
				</fm:group>
			</fm:group>
		</fm:group>
		<fm:group border_styling="false" compatability="false" conditional_display="false" control_field="" control_field_value="" fieldset="false" gen_method="layout" hide="false" label_position="left" name="wgi_emp_appeal_group" submit_if_hidden="true">
			<label class="label" options="static" position="outside_group" position_override="top" required="false" style="" type="static" value="Layout Group" xmlns="http://www.hyfinity.com/formmaker">
				<container class="groupLabelBackground" options="static" style="">
					<content_alignment distribution="vertical" />
				</container>
			</label>
			<style class="" options="static" style="" xmlns="http://www.hyfinity.com/formmaker" />
			<fm:content_alignment distribution="vertical" halign="left" valign="top" />
			<fm:sizing height="fit_to_content" width="fully_expand" />
			<palette_ref control="Layout Group" xmlns="http://www.hyfinity.com/formmaker" />
			<fm:group border_styling="false" compatability="false" fieldset="false" gen_method="layout" hide="false" label_position="left" name="wgi_emp_appeal_group2" submit_if_hidden="true">
				<label class="label" options="static" position="outside_group" position_override="top" required="true" style="" type="static" value="Employee Appeal Decision" xmlns="http://www.hyfinity.com/formmaker">
					<container class="groupLabelBackground" options="static" style="">
						<content_alignment distribution="vertical" />
					</container>
				</label>
				<style class="" options="static" style="" xmlns="http://www.hyfinity.com/formmaker" />
				<fm:content_alignment distribution="horizontal" halign="left" valign="top" />
				<fm:sizing height="fit_to_content" width="fully_expand" />
				<palette_ref control="Layout Group" xmlns="http://www.hyfinity.com/formmaker" />
				<fm:element disable="false" disable_method="disabled" generate="true" hide="false" name="WGI_EMP_APPEAL_DECISION">
					<field xmlns="http://www.hyfinity.com/formmaker">
						<input dropdown_default="Select One" options="static">select</input>
						<style class="defaultBackground selectControl" options="static" style="" />
						<element_style class="select" options="static" style="" />
						<date_picker class="" content="" required="false" type="normal" />
						<label class="label" options="static" position_override="top" required="true" style="width: 300px;" type="static" value="Did Employee Appeal the Decision?">
							<container class="labelBackground labelControl" options="static">
								<sizing width="custom" />
							</container>
						</label>
						<container>
							<sizing width="custom" />
						</container>
					</field>
					<constraints validate="true" xmlns="http://www.hyfinity.com/formmaker">
						<type>string</type>
						<required>false</required>
						<enumeration use_for_output="false">
							<include value="Yes">Yes</include>
							<include value="No">No</include>
						</enumeration>
					</constraints>
					<error xmlns="http://www.hyfinity.com/formmaker">
						<hint class="hintIcon" style="" use="false">Enter a hint here.</hint>
						<server class="errorIcon" retain="false" style="" use="false" />
					</error>
					<palette_ref control="Select Box" xmlns="http://www.hyfinity.com/formmaker" />
				</fm:element>
			</fm:group>
		</fm:group>
	</fm:group>
</fm:structure>
