<?xml version="1.0" encoding="UTF-8"?>
<folder exportedWithPermissions="true">
    <parent>/organizations/organization_1/organizations</parent>
    <name>org_template</name>
    <label>Folder Template</label>
    <description>Folder Template</description>
    <creationDate>2017-02-03T16:59:24.000-05:00</creationDate>
    <updateDate>2015-09-11T15:43:24.000-04:00</updateDate>
    <folder>adhoc</folder>
    <folder>temp</folder>
    <folder>templates</folder>
    <folder>themes</folder>
    <permission>
        <permissionMask>0</permissionMask>
        <recipient recipientType="role">ROLE_USER</recipient>
    </permission>
</folder>
