<?xml version="1.0" encoding="UTF-8"?>
<fileResource exportedWithPermissions="true" dataFile="button_action_primary_sprite.png.data">
    <folder>/organizations/organization_1/themes/default/images</folder>
    <name>button_action_primary_sprite.png</name>
    <version>0</version>
    <label>button_action_primary_sprite.png</label>
    <creationDate>2017-02-03T16:59:43.000-05:00</creationDate>
    <updateDate>2015-09-11T15:43:12.000-04:00</updateDate>
    <fileType>img</fileType>
</fileResource>
