<pattern base="" desc="Service Integration" image="" name="HWWorkitemService.xml" pattern_id="HWWorkitemService" version="1.0" xmlns="http://www.hyfinity.com/xfactory">
	<nodes>
		<node desc="Handles the Request and Response Messages to an Exposed Service" name="Access_Service" node_id="Access_Service" protocol="java" runtime_instance="com.hyfinity.xagent.XAgent" runtime_location="Access_Service\" type="xagent">
			<actions>
				<action alias="Invoke" content_type="xml" desc="" name="requestInboundService">
					<input desc="" message_name="" message_ref="" name="request" type="org.w3c.dom.Node" />
					<output desc="" message_name="" message_ref="" name="response" type="org.w3c.dom.Node" />
				</action>
			</actions>
			<engine desc="Engine" name="Engine" runtime_instance="com.hyfinity.xengine.XEngine" type="xengine">
				<logicsheet desc="Rules" logicsheet_ref="ERLR_General_Logicsheet_pool" name="HWWorkitemService_Access_Service_Rules.xml" />
				<other_resources>
					<other_resource name="Soap_Wrapper.xsl" resource_ref="ERLR_General_XSL_pool" type="xsl" />
				</other_resources>
			</engine>
		</node>
	</nodes>
</pattern>