<?xml version="1.0" encoding="UTF-8"?>
<xforms xmlns:mvc="http://www.hyfinity.com/mvc" xmlns="http://www.hyfinity.com/formmaker">
	<instance_configuration />
	<page />
	<group name="thrd_prty_group" />
	<group name="thrd_prty_type_group" />
	<group name="thrd_prty_anchor_group" />
	<element name="THRD_PRTY_HEARING_TIMING">
		<fm:action name="case_completedX" xmlns:fm="http://www.hyfinity.com/formmaker">
			<xform_xpath>enter_xpath_here</xform_xpath>
		</fm:action>
		<fm:transform_xpath xmlns:fm="http://www.hyfinity.com/formmaker">/mvc:eForm/mvc:Data/mvc:formData/mvc:THRD_PRTY_HEARING_TIMING</fm:transform_xpath>
		<fm:action name="thirdPartyHearing" xmlns:fm="http://www.hyfinity.com/formmaker">
			<xform_xpath>enter_xpath_here</xform_xpath>
		</fm:action>
	</element>
	<element name="THRD_PRTY_APPEAL_TYPE">
		<fm:action name="case_completedX" xmlns:fm="http://www.hyfinity.com/formmaker">
			<fm:xform_xpath>/mvc:eForm/mvc:Data/mvc:formData/mvc:erlr_appeal_type</fm:xform_xpath>
		</fm:action>
		<fm:action name="thirdPartyHearing" xmlns:fm="http://www.hyfinity.com/formmaker">
			<xform_xpath>enter_xpath_here</xform_xpath>
		</fm:action>
		<transform_xpath>/mvc:eForm/mvc:Data/mvc:formData/mvc:THRD_PRTY_APPEAL_TYPE</transform_xpath>
		<repeat_xpath>/mvc:eForm/mvc:Data/lookup/record[LTYPE='ERLR3rdPartyAppealType' and ACTIVE='1']</repeat_xpath>
		<value_xpath>LABEL</value_xpath>
		<text_xpath>LABEL</text_xpath>
		<description />
	</element>
	<element name="THRD_PRTY_APPEAL_FILE_DT">
		<fm:action name="case_completedX" xmlns:fm="http://www.hyfinity.com/formmaker">
			<fm:xform_xpath>/mvc:eForm/mvc:Data/mvc:formData/mvc:erlr_appeal_filed_date</fm:xform_xpath>
		</fm:action>
		<fm:transform_xpath xmlns:fm="http://www.hyfinity.com/formmaker">/mvc:eForm/mvc:Data/mvc:formData/mvc:THRD_PRTY_APPEAL_FILE_DT</fm:transform_xpath>
		<fm:action name="thirdPartyHearing" xmlns:fm="http://www.hyfinity.com/formmaker">
			<xform_xpath>enter_xpath_here</xform_xpath>
		</fm:action>
	</element>
	<element name="THRD_PRTY_HEARING_REQUESTED">
		<fm:action name="case_completedX" xmlns:fm="http://www.hyfinity.com/formmaker">
			<fm:xform_xpath>/mvc:eForm/mvc:Data/mvc:formData/mvc:erlr_appeal_hearing_requested</fm:xform_xpath>
		</fm:action>
		<fm:transform_xpath xmlns:fm="http://www.hyfinity.com/formmaker">/mvc:eForm/mvc:Data/mvc:formData/mvc:THRD_PRTY_HEARING_REQUESTED</fm:transform_xpath>
		<fm:action name="thirdPartyHearing" xmlns:fm="http://www.hyfinity.com/formmaker">
			<fm:xform_xpath>/mvc:eForm/mvc:Data/mvc:formData/mvc:THRD_PRTY_HEARING_REQUESTED</fm:xform_xpath>
		</fm:action>
	</element>
	<group name="thrd_prty_questions_group" />
	<group name="thrd_prty_Arbitration_group" />
	<group name="thrd_prty_Arbitrator_info_sub1_group" />
	<element name="THRD_PRTY_ARBITRATOR_LAST_NAME">
		<fm:transform_xpath xmlns:fm="http://www.hyfinity.com/formmaker">/mvc:eForm/mvc:Data/mvc:formData/mvc:THRD_PRTY_ARBITRATOR_LAST_NAME</fm:transform_xpath>
		<fm:action name="thirdPartyHearing" xmlns:fm="http://www.hyfinity.com/formmaker">
			<fm:xform_xpath>/mvc:eForm/mvc:Data/mvc:formData/mvc:THRD_PRTY_ARBITRATOR_LAST_NAME</fm:xform_xpath>
		</fm:action>
	</element>
	<element name="THRD_PRTY_ARBITRATOR_FIRST_NAME">
		<fm:transform_xpath xmlns:fm="http://www.hyfinity.com/formmaker">/mvc:eForm/mvc:Data/mvc:formData/mvc:THRD_PRTY_ARBITRATOR_FIRST_NAME</fm:transform_xpath>
		<fm:action name="thirdPartyHearing" xmlns:fm="http://www.hyfinity.com/formmaker">
			<fm:xform_xpath>/mvc:eForm/mvc:Data/mvc:formData/mvc:THRD_PRTY_ARBITRATOR_FIRST_NAME</fm:xform_xpath>
		</fm:action>
	</element>
	<element name="THRD_PRTY_ARBITRATOR_EMAIL">
		<fm:transform_xpath xmlns:fm="http://www.hyfinity.com/formmaker">/mvc:eForm/mvc:Data/mvc:formData/mvc:THRD_PRTY_ARBITRATOR_EMAIL</fm:transform_xpath>
		<fm:action name="thirdPartyHearing" xmlns:fm="http://www.hyfinity.com/formmaker">
			<fm:xform_xpath>/mvc:eForm/mvc:Data/mvc:formData/mvc:THRD_PRTY_ARBITRATOR_EMAIL</fm:xform_xpath>
		</fm:action>
	</element>
	<element name="THRD_PRTY_ARBITRATOR_MIDDLE_NAME">
		<fm:transform_xpath xmlns:fm="http://www.hyfinity.com/formmaker">/mvc:eForm/mvc:Data/mvc:formData/mvc:THRD_PRTY_ARBITRATOR_MIDDLE_NAME</fm:transform_xpath>
		<fm:action name="thirdPartyHearing" xmlns:fm="http://www.hyfinity.com/formmaker">
			<fm:xform_xpath>/mvc:eForm/mvc:Data/mvc:formData/mvc:THRD_PRTY_ARBITRATOR_MIDDLE_NAME</fm:xform_xpath>
		</fm:action>
	</element>
	<group name="thrd_prty_Arbitrator_info_sub2_group" />
	<element name="THRD_PRTY_ARBITRATOR_PHONE_NUMBER">
		<fm:transform_xpath xmlns:fm="http://www.hyfinity.com/formmaker">/mvc:eForm/mvc:Data/mvc:formData/mvc:THRD_PRTY_ARBITRATOR_PHONE_NUMBER</fm:transform_xpath>
		<fm:action name="thirdPartyHearing" xmlns:fm="http://www.hyfinity.com/formmaker">
			<fm:xform_xpath>/mvc:eForm/mvc:Data/mvc:formData/mvc:THRD_PRTY_ARBITRATOR_PHONE_NUMBER</fm:xform_xpath>
		</fm:action>
	</element>
	<element name="THRD_PRTY_ARBITRATOR_ORGANIZATION_AFFILIATION">
		<fm:transform_xpath xmlns:fm="http://www.hyfinity.com/formmaker">/mvc:eForm/mvc:Data/mvc:formData/mvc:THRD_PRTY_ARBITRATOR_ORGANIZATION_AFFILIATION</fm:transform_xpath>
		<fm:action name="thirdPartyHearing" xmlns:fm="http://www.hyfinity.com/formmaker">
			<fm:xform_xpath>/mvc:eForm/mvc:Data/mvc:formData/mvc:THRD_PRTY_ARBITRATOR_ORGANIZATION_AFFILIATION</fm:xform_xpath>
		</fm:action>
	</element>
	<element name="THRD_PRTY_ARBITRATOR_MAILING_ADDR">
		<transform_xpath>enter_xpath_here</transform_xpath>
		<fm:action name="thirdPartyHearing" xmlns:fm="http://www.hyfinity.com/formmaker">
			<fm:xform_xpath>/mvc:eForm/mvc:Data/mvc:formData/mvc:THRD_PRTY_ARBITRATOR_MAILING_ADDR</fm:xform_xpath>
		</fm:action>
	</element>
	<element name="THRD_PRTY_PREHEARING_DT">
		<fm:transform_xpath xmlns:fm="http://www.hyfinity.com/formmaker">/mvc:eForm/mvc:Data/mvc:formData/mvc:THRD_PRTY_PREHEARING_DT</fm:transform_xpath>
		<fm:action name="thirdPartyHearing" xmlns:fm="http://www.hyfinity.com/formmaker">
			<fm:xform_xpath>/mvc:eForm/mvc:Data/mvc:formData/mvc:THRD_PRTY_PREHEARING_DT</fm:xform_xpath>
		</fm:action>
	</element>
	<element name="THRD_PRTY_HEARING_DT">
		<fm:transform_xpath xmlns:fm="http://www.hyfinity.com/formmaker">/mvc:eForm/mvc:Data/mvc:formData/mvc:THRD_PRTY_HEARING_DT</fm:transform_xpath>
		<fm:action name="thirdPartyHearing" xmlns:fm="http://www.hyfinity.com/formmaker">
			<fm:xform_xpath>/mvc:eForm/mvc:Data/mvc:formData/mvc:THRD_PRTY_HEARING_DT</fm:xform_xpath>
		</fm:action>
	</element>
	<element name="THRD_PRTY_RESPONSE_TO_EXCEPTIONS_DUE">
		<fm:transform_xpath xmlns:fm="http://www.hyfinity.com/formmaker">/mvc:eForm/mvc:Data/mvc:formData/mvc:THRD_PRTY_RESPONSE_TO_EXCEPTIONS_DUE</fm:transform_xpath>
		<fm:action name="thirdPartyHearing" xmlns:fm="http://www.hyfinity.com/formmaker">
			<fm:xform_xpath>/mvc:eForm/mvc:Data/mvc:formData/mvc:THRD_PRTY_RESPONSE_TO_EXCEPTIONS_DUE</fm:xform_xpath>
		</fm:action>
	</element>
	<element name="THRD_PRTY_FINAL_FLRA_DECISION_DT">
		<fm:transform_xpath xmlns:fm="http://www.hyfinity.com/formmaker">/mvc:eForm/mvc:Data/mvc:formData/mvc:THRD_PRTY_FINAL_FLRA_DECISION_DT</fm:transform_xpath>
		<fm:action name="thirdPartyHearing" xmlns:fm="http://www.hyfinity.com/formmaker">
			<fm:xform_xpath>/mvc:eForm/mvc:Data/mvc:formData/mvc:THRD_PRTY_FINAL_FLRA_DECISION_DT</fm:xform_xpath>
		</fm:action>
	</element>
	<group name="Hearing_info_group" />
	<element name="THRD_PRTY_EXCEPTION_FILED">
		<fm:transform_xpath xmlns:fm="http://www.hyfinity.com/formmaker">/mvc:eForm/mvc:Data/mvc:formData/mvc:THRD_PRTY_EXCEPTION_FILED</fm:transform_xpath>
		<fm:action name="thirdPartyHearing" xmlns:fm="http://www.hyfinity.com/formmaker">
			<fm:xform_xpath>/mvc:eForm/mvc:Data/mvc:formData/mvc:THRD_PRTY_EXCEPTION_FILED</fm:xform_xpath>
		</fm:action>
	</element>
	<element name="THRD_PRTY_EXCEPTION_FILE_DT">
		<fm:transform_xpath xmlns:fm="http://www.hyfinity.com/formmaker">/mvc:eForm/mvc:Data/mvc:formData/mvc:THRD_PRTY_EXCEPTION_FILE_DT</fm:transform_xpath>
		<fm:action name="thirdPartyHearing" xmlns:fm="http://www.hyfinity.com/formmaker">
			<fm:xform_xpath>/mvc:eForm/mvc:Data/mvc:formData/mvc:THRD_PRTY_EXCEPTION_FILE_DT</fm:xform_xpath>
		</fm:action>
	</element>
	<element name="THRD_PRTY_FINAL_ARBITRATOR_DECISION_DT">
		<description />
		<fm:transform_xpath xmlns:fm="http://www.hyfinity.com/formmaker">/mvc:eForm/mvc:Data/mvc:formData/mvc:THRD_PRTY_FINAL_ARBITRATOR_DECISION_DT</fm:transform_xpath>
		<fm:action name="thirdPartyHearing" xmlns:fm="http://www.hyfinity.com/formmaker">
			<fm:xform_xpath>/mvc:eForm/mvc:Data/mvc:formData/mvc:THRD_PRTY_FINAL_ARBITRATOR_DECISION_DT</fm:xform_xpath>
		</fm:action>
	</element>
	<group name="thrd_prty_Hearing_info_group3" />
	<group name="thrd_prty_Grievance_group" />
	<group name="thrd_prty_MSPB_group" />
	<group name="Arbitrator_info_group" />
	<group name="thrd_prty_Exception_info_group" />
	<element name="THRD_PRTY_POSTHEARING_BRIEF_DUE">
		<fm:transform_xpath xmlns:fm="http://www.hyfinity.com/formmaker">/mvc:eForm/mvc:Data/mvc:formData/mvc:THRD_PRTY_POSTHEARING_BRIEF_DUE</fm:transform_xpath>
		<fm:action name="thirdPartyHearing" xmlns:fm="http://www.hyfinity.com/formmaker">
			<fm:xform_xpath>/mvc:eForm/mvc:Data/mvc:formData/mvc:THRD_PRTY_POSTHEARING_BRIEF_DUE</fm:xform_xpath>
		</fm:action>
	</element>
	<group name="thrd_prty_Hearing_info_group2" />
	<group name="thrd_prty_mailing_address_group" />
	<group name="Judge_info_group" />
	<group name="thrd_prty_Arbitrator_info_sub1_group_4" />
	<group name="thrd_prty_Arbitrator_info_sub2_group_4" />
	<group name="thrd_prty_mailing_address_group_4" />
	<element name="THRD_PRTY_ARBITRATOR_LAST_NAME_4">
		<fm:transform_xpath xmlns:fm="http://www.hyfinity.com/formmaker">/mvc:eForm/mvc:Data/mvc:formData/mvc:THRD_PRTY_ARBITRATOR_LAST_NAME_4</fm:transform_xpath>
		<fm:action name="thirdPartyHearing" xmlns:fm="http://www.hyfinity.com/formmaker">
			<fm:xform_xpath>/mvc:eForm/mvc:Data/mvc:formData/mvc:THRD_PRTY_ARBITRATOR_LAST_NAME_4</fm:xform_xpath>
		</fm:action>
	</element>
	<element name="THRD_PRTY_ARBITRATOR_FIRST_NAME_4">
		<fm:transform_xpath xmlns:fm="http://www.hyfinity.com/formmaker">/mvc:eForm/mvc:Data/mvc:formData/mvc:THRD_PRTY_ARBITRATOR_FIRST_NAME_4</fm:transform_xpath>
		<fm:action name="thirdPartyHearing" xmlns:fm="http://www.hyfinity.com/formmaker">
			<fm:xform_xpath>/mvc:eForm/mvc:Data/mvc:formData/mvc:THRD_PRTY_ARBITRATOR_FIRST_NAME_4</fm:xform_xpath>
		</fm:action>
	</element>
	<element name="THRD_PRTY_ARBITRATOR_MIDDLE_NAME_4">
		<fm:transform_xpath xmlns:fm="http://www.hyfinity.com/formmaker">/mvc:eForm/mvc:Data/mvc:formData/mvc:THRD_PRTY_ARBITRATOR_MIDDLE_NAME_4</fm:transform_xpath>
		<fm:action name="thirdPartyHearing" xmlns:fm="http://www.hyfinity.com/formmaker">
			<fm:xform_xpath>/mvc:eForm/mvc:Data/mvc:formData/mvc:THRD_PRTY_ARBITRATOR_MIDDLE_NAME_4</fm:xform_xpath>
		</fm:action>
	</element>
	<element name="THRD_PRTY_ARBITRATOR_EMAIL_4">
		<fm:transform_xpath xmlns:fm="http://www.hyfinity.com/formmaker">/mvc:eForm/mvc:Data/mvc:formData/mvc:THRD_PRTY_ARBITRATOR_EMAIL_4</fm:transform_xpath>
		<fm:action name="thirdPartyHearing" xmlns:fm="http://www.hyfinity.com/formmaker">
			<fm:xform_xpath>/mvc:eForm/mvc:Data/mvc:formData/mvc:THRD_PRTY_ARBITRATOR_EMAIL_4</fm:xform_xpath>
		</fm:action>
	</element>
	<element name="THRD_PRTY_ARBITRATOR_PHONE_NUMBER_4">
		<fm:transform_xpath xmlns:fm="http://www.hyfinity.com/formmaker">/mvc:eForm/mvc:Data/mvc:formData/mvc:THRD_PRTY_ARBITRATOR_PHONE_NUMBER_4</fm:transform_xpath>
		<fm:action name="thirdPartyHearing" xmlns:fm="http://www.hyfinity.com/formmaker">
			<fm:xform_xpath>/mvc:eForm/mvc:Data/mvc:formData/mvc:THRD_PRTY_ARBITRATOR_PHONE_NUMBER_4</fm:xform_xpath>
		</fm:action>
	</element>
	<element name="THRD_PRTY_ARBITRATOR_ORGANIZATION_AFFILIATION_4">
		<fm:transform_xpath xmlns:fm="http://www.hyfinity.com/formmaker">/mvc:eForm/mvc:Data/mvc:formData/mvc:THRD_PRTY_ARBITRATOR_ORGANIZATION_AFFILIATION_4</fm:transform_xpath>
		<fm:action name="thirdPartyHearing" xmlns:fm="http://www.hyfinity.com/formmaker">
			<fm:xform_xpath>/mvc:eForm/mvc:Data/mvc:formData/mvc:THRD_PRTY_ARBITRATOR_ORGANIZATION_AFFILIATION_4</fm:xform_xpath>
		</fm:action>
	</element>
	<element name="THRD_PRTY_ARBITRATOR_MAILING_ADDR_4">
		<fm:transform_xpath xmlns:fm="http://www.hyfinity.com/formmaker">/mvc:eForm/mvc:Data/mvc:formData/mvc:THRD_PRTY_ARBITRATOR_MAILING_ADDR_4</fm:transform_xpath>
		<fm:action name="thirdPartyHearing" xmlns:fm="http://www.hyfinity.com/formmaker">
			<fm:xform_xpath>/mvc:eForm/mvc:Data/mvc:formData/mvc:THRD_PRTY_ARBITRATOR_MAILING_ADDR_4</fm:xform_xpath>
		</fm:action>
	</element>
	<element name="THRD_PRTY_ARBITRATION_INVOKED">
		<fm:transform_xpath xmlns:fm="http://www.hyfinity.com/formmaker">/mvc:eForm/mvc:Data/mvc:formData/mvc:THRD_PRTY_ARBITRATION_INVOKED</fm:transform_xpath>
		<fm:action name="thirdPartyHearing" xmlns:fm="http://www.hyfinity.com/formmaker">
			<fm:xform_xpath>/mvc:eForm/mvc:Data/mvc:formData/mvc:THRD_PRTY_ARBITRATION_INVOKED</fm:xform_xpath>
		</fm:action>
	</element>
	<group name="thrd_prty_grievance_sub_group" />
	<element name="THRD_PRTY_STEP_DECISION_DT">
		<fm:transform_xpath xmlns:fm="http://www.hyfinity.com/formmaker">/mvc:eForm/mvc:Data/mvc:formData/mvc:THRD_PRTY_STEP_DECISION_DT</fm:transform_xpath>
		<fm:action name="thirdPartyHearing" xmlns:fm="http://www.hyfinity.com/formmaker">
			<fm:xform_xpath>/mvc:eForm/mvc:Data/mvc:formData/mvc:THRD_PRTY_STEP_DECISION_DT</fm:xform_xpath>
		</fm:action>
	</element>
	<group name="thrd_prty_Arbitration_group_Grievance" />
	<group name="Arbitrator_info_group_3" />
	<group name="thrd_prty_Arbitrator_info_sub1_group_3" />
	<group name="thrd_prty_Arbitrator_info_sub2_group_3" />
	<group name="thrd_prty_mailing_address_group_3" />
	<group name="Hearing_info_group_2" />
	<group name="thrd_prty_Hearing_info_group2_2" />
	<group name="thrd_prty_Hearing_info_group3_2" />
	<group name="thrd_prty_Exception_info_group_2" />
	<element name="THRD_PRTY_ARBITRATOR_LAST_NAME_3">
		<fm:transform_xpath xmlns:fm="http://www.hyfinity.com/formmaker">/mvc:eForm/mvc:Data/mvc:formData/mvc:THRD_PRTY_ARBITRATOR_LAST_NAME_3</fm:transform_xpath>
		<fm:action name="thirdPartyHearing" xmlns:fm="http://www.hyfinity.com/formmaker">
			<fm:xform_xpath>/mvc:eForm/mvc:Data/mvc:formData/mvc:THRD_PRTY_ARBITRATOR_LAST_NAME_3</fm:xform_xpath>
		</fm:action>
	</element>
	<element name="THRD_PRTY_ARBITRATOR_FIRST_NAME_3">
		<fm:transform_xpath xmlns:fm="http://www.hyfinity.com/formmaker">/mvc:eForm/mvc:Data/mvc:formData/mvc:THRD_PRTY_ARBITRATOR_FIRST_NAME_3</fm:transform_xpath>
		<fm:action name="thirdPartyHearing" xmlns:fm="http://www.hyfinity.com/formmaker">
			<fm:xform_xpath>/mvc:eForm/mvc:Data/mvc:formData/mvc:THRD_PRTY_ARBITRATOR_FIRST_NAME_3</fm:xform_xpath>
		</fm:action>
	</element>
	<element name="THRD_PRTY_ARBITRATOR_MIDDLE_NAME_3">
		<fm:transform_xpath xmlns:fm="http://www.hyfinity.com/formmaker">/mvc:eForm/mvc:Data/mvc:formData/mvc:THRD_PRTY_ARBITRATOR_MIDDLE_NAME_3</fm:transform_xpath>
		<fm:action name="thirdPartyHearing" xmlns:fm="http://www.hyfinity.com/formmaker">
			<fm:xform_xpath>/mvc:eForm/mvc:Data/mvc:formData/mvc:THRD_PRTY_ARBITRATOR_MIDDLE_NAME_3</fm:xform_xpath>
		</fm:action>
	</element>
	<element name="THRD_PRTY_ARBITRATOR_EMAIL_3">
		<fm:transform_xpath xmlns:fm="http://www.hyfinity.com/formmaker">/mvc:eForm/mvc:Data/mvc:formData/mvc:THRD_PRTY_ARBITRATOR_EMAIL_3</fm:transform_xpath>
		<fm:action name="thirdPartyHearing" xmlns:fm="http://www.hyfinity.com/formmaker">
			<fm:xform_xpath>/mvc:eForm/mvc:Data/mvc:formData/mvc:THRD_PRTY_ARBITRATOR_EMAIL_3</fm:xform_xpath>
		</fm:action>
	</element>
	<element name="THRD_ERLR_ARBITRATOR_PHONE_NUMBER_3">
		<fm:transform_xpath xmlns:fm="http://www.hyfinity.com/formmaker">/mvc:eForm/mvc:Data/mvc:formData/mvc:THRD_ERLR_ARBITRATOR_PHONE_NUMBER_3</fm:transform_xpath>
		<fm:action name="thirdPartyHearing" xmlns:fm="http://www.hyfinity.com/formmaker">
			<fm:xform_xpath>/mvc:eForm/mvc:Data/mvc:formData/mvc:THRD_ERLR_ARBITRATOR_PHONE_NUMBER_3</fm:xform_xpath>
		</fm:action>
	</element>
	<element name="THRD_PRTY_ARBITRATION_ORGANIZATION_AFFILIATION_3">
		<fm:transform_xpath xmlns:fm="http://www.hyfinity.com/formmaker">/mvc:eForm/mvc:Data/mvc:formData/mvc:THRD_PRTY_ARBITRATION_ORGANIZATION_AFFILIATION_3</fm:transform_xpath>
		<fm:action name="thirdPartyHearing" xmlns:fm="http://www.hyfinity.com/formmaker">
			<fm:xform_xpath>/mvc:eForm/mvc:Data/mvc:formData/mvc:THRD_PRTY_ARBITRATION_ORGANIZATION_AFFILIATION_3</fm:xform_xpath>
		</fm:action>
	</element>
	<element name="THRD_PRTY_ARBITRATION_MAILING_ADDR_3">
		<fm:transform_xpath xmlns:fm="http://www.hyfinity.com/formmaker">/mvc:eForm/mvc:Data/mvc:formData/mvc:THRD_PRTY_ARBITRATION_MAILING_ADDR_3</fm:transform_xpath>
		<fm:action name="thirdPartyHearing" xmlns:fm="http://www.hyfinity.com/formmaker">
			<fm:xform_xpath>/mvc:eForm/mvc:Data/mvc:formData/mvc:THRD_PRTY_ARBITRATION_MAILING_ADDR_3</fm:xform_xpath>
		</fm:action>
	</element>
	<element name="THRD_PRTY_PREHEARING_DT_2">
		<fm:transform_xpath xmlns:fm="http://www.hyfinity.com/formmaker">/mvc:eForm/mvc:Data/mvc:formData/mvc:THRD_PRTY_PREHEARING_DT_2</fm:transform_xpath>
		<fm:action name="thirdPartyHearing" xmlns:fm="http://www.hyfinity.com/formmaker">
			<fm:xform_xpath>/mvc:eForm/mvc:Data/mvc:formData/mvc:THRD_PRTY_PREHEARING_DT_2</fm:xform_xpath>
		</fm:action>
	</element>
	<element name="THRD_PRTY_HEARING_DT_2">
		<fm:transform_xpath xmlns:fm="http://www.hyfinity.com/formmaker">/mvc:eForm/mvc:Data/mvc:formData/mvc:THRD_PRTY_HEARING_DT_2</fm:transform_xpath>
		<fm:action name="thirdPartyHearing" xmlns:fm="http://www.hyfinity.com/formmaker">
			<fm:xform_xpath>/mvc:eForm/mvc:Data/mvc:formData/mvc:THRD_PRTY_HEARING_DT_2</fm:xform_xpath>
		</fm:action>
	</element>
	<element name="THRD_PRTY_POSTHEARING_BRIEF_DUE_2">
		<fm:transform_xpath xmlns:fm="http://www.hyfinity.com/formmaker">/mvc:eForm/mvc:Data/mvc:formData/mvc:THRD_PRTY_POSTHEARING_BRIEF_DUE_2</fm:transform_xpath>
		<fm:action name="thirdPartyHearing" xmlns:fm="http://www.hyfinity.com/formmaker">
			<fm:xform_xpath>/mvc:eForm/mvc:Data/mvc:formData/mvc:THRD_PRTY_POSTHEARING_BRIEF_DUE_2</fm:xform_xpath>
		</fm:action>
	</element>
	<element name="THRD_PRTY_FINAL_ARBITRATOR_DECISION_DT_2">
		<description />
		<fm:transform_xpath xmlns:fm="http://www.hyfinity.com/formmaker">/mvc:eForm/mvc:Data/mvc:formData/mvc:THRD_PRTY_FINAL_ARBITRATOR_DECISION_DT_2</fm:transform_xpath>
		<fm:action name="thirdPartyHearing" xmlns:fm="http://www.hyfinity.com/formmaker">
			<fm:xform_xpath>/mvc:eForm/mvc:Data/mvc:formData/mvc:THRD_PRTY_FINAL_ARBITRATOR_DECISION_DT_2</fm:xform_xpath>
		</fm:action>
	</element>
	<element name="THRD_PRTY_EXCEPTION_FILED_2">
		<fm:transform_xpath xmlns:fm="http://www.hyfinity.com/formmaker">/mvc:eForm/mvc:Data/mvc:formData/mvc:THRD_PRTY_EXCEPTION_FILED_2</fm:transform_xpath>
		<fm:action name="thirdPartyHearing" xmlns:fm="http://www.hyfinity.com/formmaker">
			<fm:xform_xpath>/mvc:eForm/mvc:Data/mvc:formData/mvc:THRD_PRTY_EXCEPTION_FILED_2</fm:xform_xpath>
		</fm:action>
	</element>
	<element name="THRD_PRTY_EXCEPTION_FILE_DT_2">
		<fm:transform_xpath xmlns:fm="http://www.hyfinity.com/formmaker">/mvc:eForm/mvc:Data/mvc:formData/mvc:THRD_PRTY_EXCEPTION_FILE_DT_2</fm:transform_xpath>
		<fm:action name="thirdPartyHearing" xmlns:fm="http://www.hyfinity.com/formmaker">
			<fm:xform_xpath>/mvc:eForm/mvc:Data/mvc:formData/mvc:THRD_PRTY_EXCEPTION_FILE_DT_2</fm:xform_xpath>
		</fm:action>
	</element>
	<element name="THRD_PRTY_RESPONSE_TO_EXCEPTIONS_DUE_2">
		<fm:transform_xpath xmlns:fm="http://www.hyfinity.com/formmaker">/mvc:eForm/mvc:Data/mvc:formData/mvc:THRD_PRTY_RESPONSE_TO_EXCEPTIONS_DUE_2</fm:transform_xpath>
		<fm:action name="thirdPartyHearing" xmlns:fm="http://www.hyfinity.com/formmaker">
			<fm:xform_xpath>/mvc:eForm/mvc:Data/mvc:formData/mvc:THRD_PRTY_RESPONSE_TO_EXCEPTIONS_DUE_2</fm:xform_xpath>
		</fm:action>
	</element>
	<element name="THRD_PRTY_FINAL_FLRA_DECISION_DT_2">
		<fm:transform_xpath xmlns:fm="http://www.hyfinity.com/formmaker">/mvc:eForm/mvc:Data/mvc:formData/mvc:THRD_PRTY_FINAL_FLRA_DECISION_DT_2</fm:transform_xpath>
		<fm:action name="thirdPartyHearing" xmlns:fm="http://www.hyfinity.com/formmaker">
			<fm:xform_xpath>/mvc:eForm/mvc:Data/mvc:formData/mvc:THRD_PRTY_FINAL_FLRA_DECISION_DT_2</fm:xform_xpath>
		</fm:action>
	</element>
	<element name="THRD_PRTY_DT_SETTLEMENT_DISCUSSION">
		<fm:transform_xpath xmlns:fm="http://www.hyfinity.com/formmaker">/mvc:eForm/mvc:Data/mvc:formData/mvc:THRD_PRTY_DT_SETTLEMENT_DISCUSSION</fm:transform_xpath>
		<fm:action name="thirdPartyHearing" xmlns:fm="http://www.hyfinity.com/formmaker">
			<fm:xform_xpath>/mvc:eForm/mvc:Data/mvc:formData/mvc:THRD_PRTY_DT_SETTLEMENT_DISCUSSION</fm:xform_xpath>
		</fm:action>
	</element>
	<element name="THRD_PRTY_DT_PREHEARING_DISCLOSURE">
		<fm:transform_xpath xmlns:fm="http://www.hyfinity.com/formmaker">/mvc:eForm/mvc:Data/mvc:formData/mvc:THRD_PRTY_DT_PREHEARING_DISCLOSURE</fm:transform_xpath>
		<fm:action name="thirdPartyHearing" xmlns:fm="http://www.hyfinity.com/formmaker">
			<fm:xform_xpath>/mvc:eForm/mvc:Data/mvc:formData/mvc:THRD_PRTY_DT_PREHEARING_DISCLOSURE</fm:xform_xpath>
		</fm:action>
	</element>
	<group name="Hearing_info_MSPB_group" />
	<group name="thrd_prty_MSPB_layout_group" />
	<group name="thrd_prty_MSPB_layout_group_2" />
	<group name="thrd_prty_MSPB_layout_group_3" />
	<group name="thrd_prty_MSPB_layout_group_4" />
	<group name="thrd_prty_MSPB_layout_group_5" />
	<group name="thrd_prty_MSPB_layout_group_6" />
	<element name="THRD_PRTY_DT_AGENCY_FILE_RESPONSE_DUE">
		<fm:transform_xpath xmlns:fm="http://www.hyfinity.com/formmaker">/mvc:eForm/mvc:Data/mvc:formData/mvc:THRD_PRTY_DT_AGENCY_FILE_RESPONSE_DUE</fm:transform_xpath>
		<fm:action name="thirdPartyHearing" xmlns:fm="http://www.hyfinity.com/formmaker">
			<fm:xform_xpath>/mvc:eForm/mvc:Data/mvc:formData/mvc:THRD_PRTY_DT_AGENCY_FILE_RESPONSE_DUE</fm:xform_xpath>
		</fm:action>
	</element>
	<element name="THRD_PRTY_PREHEARING_DT_MSPB">
		<fm:transform_xpath xmlns:fm="http://www.hyfinity.com/formmaker">/mvc:eForm/mvc:Data/mvc:formData/mvc:THRD_PRTY_PREHEARING_DT_MSPB</fm:transform_xpath>
		<fm:action name="thirdPartyHearing" xmlns:fm="http://www.hyfinity.com/formmaker">
			<fm:xform_xpath>/mvc:eForm/mvc:Data/mvc:formData/mvc:THRD_PRTY_PREHEARING_DT_MSPB</fm:xform_xpath>
		</fm:action>
	</element>
	<element name="THRD_PRTY_WAS_DISCOVERY_INITIATED">
		<fm:transform_xpath xmlns:fm="http://www.hyfinity.com/formmaker">/mvc:eForm/mvc:Data/mvc:formData/mvc:THRD_PRTY_WAS_DISCOVERY_INITIATED</fm:transform_xpath>
		<fm:action name="thirdPartyHearing" xmlns:fm="http://www.hyfinity.com/formmaker">
			<fm:xform_xpath>/mvc:eForm/mvc:Data/mvc:formData/mvc:THRD_PRTY_WAS_DISCOVERY_INITIATED</fm:xform_xpath>
		</fm:action>
	</element>
	<element name="THRD_PRTY_DT_DISCOVERY_DUE">
		<fm:transform_xpath xmlns:fm="http://www.hyfinity.com/formmaker">/mvc:eForm/mvc:Data/mvc:formData/mvc:THRD_PRTY_DT_DISCOVERY_DUE</fm:transform_xpath>
		<fm:action name="thirdPartyHearing" xmlns:fm="http://www.hyfinity.com/formmaker">
			<fm:xform_xpath>/mvc:eForm/mvc:Data/mvc:formData/mvc:THRD_PRTY_DT_DISCOVERY_DUE</fm:xform_xpath>
		</fm:action>
	</element>
	<group name="thrd_prty_discovery_due_group" />
	<element name="THRD_PRTY_HEARING_DT_MSPB">
		<fm:transform_xpath xmlns:fm="http://www.hyfinity.com/formmaker">/mvc:eForm/mvc:Data/mvc:formData/mvc:THRD_PRTY_HEARING_DT_MSPB</fm:transform_xpath>
		<fm:action name="thirdPartyHearing" xmlns:fm="http://www.hyfinity.com/formmaker">
			<fm:xform_xpath>/mvc:eForm/mvc:Data/mvc:formData/mvc:THRD_PRTY_HEARING_DT_MSPB</fm:xform_xpath>
		</fm:action>
	</element>
	<element name="THRD_PRTY_INITIAL_DECISION_DT_MSPB">
		<fm:transform_xpath xmlns:fm="http://www.hyfinity.com/formmaker">/mvc:eForm/mvc:Data/mvc:formData/mvc:THRD_PRTY_INITIAL_DECISION_DT_MSPB</fm:transform_xpath>
		<fm:action name="thirdPartyHearing" xmlns:fm="http://www.hyfinity.com/formmaker">
			<fm:xform_xpath>/mvc:eForm/mvc:Data/mvc:formData/mvc:THRD_PRTY_INITIAL_DECISION_DT_MSPB</fm:xform_xpath>
		</fm:action>
	</element>
	<element name="THRD_PRTY_WAS_PETITION_FILED_MSPB">
		<fm:transform_xpath xmlns:fm="http://www.hyfinity.com/formmaker">/mvc:eForm/mvc:Data/mvc:formData/mvc:THRD_PRTY_WAS_PETITION_FILED_MSPB</fm:transform_xpath>
		<fm:action name="thirdPartyHearing" xmlns:fm="http://www.hyfinity.com/formmaker">
			<fm:xform_xpath>/mvc:eForm/mvc:Data/mvc:formData/mvc:THRD_PRTY_WAS_PETITION_FILED_MSPB</fm:xform_xpath>
		</fm:action>
	</element>
	<group name="thrd_prty_petition_review_date_group" />
	<element name="THRD_PRTY_FINAL_BOARD_DECISION_DT_MSPB">
		<fm:transform_xpath xmlns:fm="http://www.hyfinity.com/formmaker">/mvc:eForm/mvc:Data/mvc:formData/mvc:THRD_PRTY_FINAL_BOARD_DECISION_DT_MSPB</fm:transform_xpath>
		<fm:action name="thirdPartyHearing" xmlns:fm="http://www.hyfinity.com/formmaker">
			<fm:xform_xpath>/mvc:eForm/mvc:Data/mvc:formData/mvc:THRD_PRTY_FINAL_BOARD_DECISION_DT_MSPB</fm:xform_xpath>
		</fm:action>
	</element>
	<group name="thrd_prty_FLRA_group" />
	<group name="Hearing_info_MSPB_group_2" />
	<group name="thrd_prty_FLRA_layout_group" />
	<group name="thrd_prty_MSPB_layout_group_8" />
	<group name="thrd_prty_MSPB_layout_group_9" />
	<group name="thrd_prty_MSPB_layout_group_10" />
	<group name="thrd_prty_MSPB_layout_group_11" />
	<group name="thrd_prty_petition_review_date_group_2" />
	<group name="thrd_prty_MSPB_layout_group_12" />
	<element name="THRD_PRTY_DT_SETTLEMENT_DISCUSSION_2">
		<fm:action name="thirdPartyHearing" xmlns:fm="http://www.hyfinity.com/formmaker">
			<fm:xform_xpath>/mvc:eForm/mvc:Data/mvc:formData/mvc:THRD_PRTY_DT_SETTLEMENT_DISCUSSION_2</fm:xform_xpath>
		</fm:action>
		<fm:transform_xpath xmlns:fm="http://www.hyfinity.com/formmaker">/mvc:eForm/mvc:Data/mvc:formData/mvc:THRD_PRTY_DT_SETTLEMENT_DISCUSSION_2</fm:transform_xpath>
	</element>
	<element name="THRD_PRTY_DT_PREHEARING_DISCLOSURE_2">
		<fm:action name="thirdPartyHearing" xmlns:fm="http://www.hyfinity.com/formmaker">
			<fm:xform_xpath>/mvc:eForm/mvc:Data/mvc:formData/mvc:THRD_PRTY_DT_PREHEARING_DISCLOSURE_2</fm:xform_xpath>
		</fm:action>
		<fm:transform_xpath xmlns:fm="http://www.hyfinity.com/formmaker">/mvc:eForm/mvc:Data/mvc:formData/mvc:THRD_PRTY_DT_PREHEARING_DISCLOSURE_2</fm:transform_xpath>
	</element>
	<element name="THRD_PRTY_WAS_DECISION_APPEAL">
		<fm:transform_xpath xmlns:fm="http://www.hyfinity.com/formmaker">/mvc:eForm/mvc:Data/mvc:formData/mvc:THRD_PRTY_WAS_DECISION_APPEAL</fm:transform_xpath>
		<fm:action name="thirdPartyHearing" xmlns:fm="http://www.hyfinity.com/formmaker">
			<fm:xform_xpath>/mvc:eForm/mvc:Data/mvc:formData/mvc:THRD_PRTY_WAS_DECISION_APPEAL</fm:xform_xpath>
		</fm:action>
	</element>
	<element name="THRD_PRTY_HEARING_DT_FLRA">
		<fm:transform_xpath xmlns:fm="http://www.hyfinity.com/formmaker">/mvc:eForm/mvc:Data/mvc:formData/mvc:THRD_PRTY_HEARING_DT_FLRA</fm:transform_xpath>
		<fm:action name="thirdPartyHearing" xmlns:fm="http://www.hyfinity.com/formmaker">
			<fm:xform_xpath>/mvc:eForm/mvc:Data/mvc:formData/mvc:THRD_PRTY_HEARING_DT_FLRA</fm:xform_xpath>
		</fm:action>
	</element>
	<element name="THRD_PRTY_DECISION_DT_FLRA">
		<fm:transform_xpath xmlns:fm="http://www.hyfinity.com/formmaker">/mvc:eForm/mvc:Data/mvc:formData/mvc:THRD_PRTY_DECISION_DT_FLRA</fm:transform_xpath>
		<fm:action name="thirdPartyHearing" xmlns:fm="http://www.hyfinity.com/formmaker">
			<fm:xform_xpath>/mvc:eForm/mvc:Data/mvc:formData/mvc:THRD_PRTY_DECISION_DT_FLRA</fm:xform_xpath>
		</fm:action>
	</element>
	<element name="THRD_PRTY_INITIAL_DECISION_DT_MSPB_2">
		<fm:action name="thirdPartyHearing" xmlns:fm="http://www.hyfinity.com/formmaker">
			<fm:xform_xpath>/mvc:eForm/mvc:Data/mvc:formData/mvc:THRD_PRTY_INITIAL_DECISION_DT_MSPB_2</fm:xform_xpath>
		</fm:action>
		<fm:transform_xpath xmlns:fm="http://www.hyfinity.com/formmaker">/mvc:eForm/mvc:Data/mvc:formData/mvc:THRD_PRTY_INITIAL_DECISION_DT_MSPB_2</fm:transform_xpath>
	</element>
	<element name="THRD_PRTY_FINAL_FLRA_DECISION_DT_FLRA">
		<fm:transform_xpath xmlns:fm="http://www.hyfinity.com/formmaker">/mvc:eForm/mvc:Data/mvc:formData/mvc:THRD_PRTY_FINAL_FLRA_DECISION_DT_FLRA</fm:transform_xpath>
		<fm:action name="thirdPartyHearing" xmlns:fm="http://www.hyfinity.com/formmaker">
			<fm:xform_xpath>/mvc:eForm/mvc:Data/mvc:formData/mvc:THRD_PRTY_FINAL_FLRA_DECISION_DT_FLRA</fm:xform_xpath>
		</fm:action>
	</element>
	<element name="THRD_PRTY_PREHEARING_CONF">
		<fm:action name="thirdPartyHearing" xmlns:fm="http://www.hyfinity.com/formmaker">
			<fm:xform_xpath>/mvc:eForm/mvc:Data/mvc:formData/mvc:THRD_PRTY_PREHEARING_CONF</fm:xform_xpath>
		</fm:action>
		<transform_xpath>/mvc:eForm/mvc:Data/mvc:formData/mvc:THRD_PRTY_PREHEARING_CONF</transform_xpath>
		<description />
	</element>
	<element name="THRD_PRTY_PETITION_RV_DT">
		<fm:transform_xpath xmlns:fm="http://www.hyfinity.com/formmaker">/mvc:eForm/mvc:Data/mvc:formData/mvc:THRD_PRTY_PETITION_RV_DT</fm:transform_xpath>
		<fm:action name="thirdPartyHearing" xmlns:fm="http://www.hyfinity.com/formmaker">
			<fm:xform_xpath>/mvc:eForm/mvc:Data/mvc:formData/mvc:THRD_PRTY_PETITION_RV_DT</fm:xform_xpath>
		</fm:action>
	</element>
	<group name="thrd_prty_FSIP_group" />
	<group name="panel_member_info_FSIP_group" />
	<group name="thrd_prty_FSIP_layout_group" />
	<group name="thrd_prty_FSIP_layout_group_14" />
	<group name="thrd_prty_FSIP_layout_group_17" />
	<element name="THRD_PRTY_PANEL_MEMBER_LNAME">
		<fm:transform_xpath xmlns:fm="http://www.hyfinity.com/formmaker">/mvc:eForm/mvc:Data/mvc:formData/mvc:THRD_PRTY_PANEL_MEMBER_LNAME</fm:transform_xpath>
		<fm:action name="thirdPartyHearing" xmlns:fm="http://www.hyfinity.com/formmaker">
			<fm:xform_xpath>/mvc:eForm/mvc:Data/mvc:formData/mvc:THRD_PRTY_PANEL_MEMBER_LNAME</fm:xform_xpath>
		</fm:action>
	</element>
	<element name="THRD_PRTY_PANEL_MEMBER_MNAME">
		<fm:transform_xpath xmlns:fm="http://www.hyfinity.com/formmaker">/mvc:eForm/mvc:Data/mvc:formData/mvc:THRD_PRTY_PANEL_MEMBER_MNAME</fm:transform_xpath>
		<fm:action name="thirdPartyHearing" xmlns:fm="http://www.hyfinity.com/formmaker">
			<fm:xform_xpath>/mvc:eForm/mvc:Data/mvc:formData/mvc:THRD_PRTY_PANEL_MEMBER_MNAME</fm:xform_xpath>
		</fm:action>
	</element>
	<element name="THRD_PRTY_PANEL_MEMBER_EMAIL">
		<fm:transform_xpath xmlns:fm="http://www.hyfinity.com/formmaker">/mvc:eForm/mvc:Data/mvc:formData/mvc:THRD_PRTY_PANEL_MEMBER_EMAIL</fm:transform_xpath>
		<fm:action name="thirdPartyHearing" xmlns:fm="http://www.hyfinity.com/formmaker">
			<fm:xform_xpath>/mvc:eForm/mvc:Data/mvc:formData/mvc:THRD_PRTY_PANEL_MEMBER_EMAIL</fm:xform_xpath>
		</fm:action>
	</element>
	<element name="THRD_PRTY_PANEL_MEMBER_PHONE">
		<fm:transform_xpath xmlns:fm="http://www.hyfinity.com/formmaker">/mvc:eForm/mvc:Data/mvc:formData/mvc:THRD_PRTY_PANEL_MEMBER_PHONE</fm:transform_xpath>
		<fm:action name="thirdPartyHearing" xmlns:fm="http://www.hyfinity.com/formmaker">
			<fm:xform_xpath>/mvc:eForm/mvc:Data/mvc:formData/mvc:THRD_PRTY_PANEL_MEMBER_PHONE</fm:xform_xpath>
		</fm:action>
	</element>
	<element name="THRD_PRTY_PANEL_MEMBER_ORG">
		<fm:transform_xpath xmlns:fm="http://www.hyfinity.com/formmaker">/mvc:eForm/mvc:Data/mvc:formData/mvc:THRD_PRTY_PANEL_MEMBER_ORG</fm:transform_xpath>
		<fm:action name="thirdPartyHearing" xmlns:fm="http://www.hyfinity.com/formmaker">
			<fm:xform_xpath>/mvc:eForm/mvc:Data/mvc:formData/mvc:THRD_PRTY_PANEL_MEMBER_ORG</fm:xform_xpath>
		</fm:action>
	</element>
	<element name="THRD_PRTY_PANEL_MEMBER_MAILING">
		<fm:transform_xpath xmlns:fm="http://www.hyfinity.com/formmaker">/mvc:eForm/mvc:Data/mvc:formData/mvc:THRD_PRTY_PANEL_MEMBER_MAILING</fm:transform_xpath>
		<fm:action name="thirdPartyHearing" xmlns:fm="http://www.hyfinity.com/formmaker">
			<fm:xform_xpath>/mvc:eForm/mvc:Data/mvc:formData/mvc:THRD_PRTY_PANEL_MEMBER_MAILING</fm:xform_xpath>
		</fm:action>
	</element>
	<element name="THRD_PRTY_PANEL_MEMBER_FNAME">
		<fm:transform_xpath xmlns:fm="http://www.hyfinity.com/formmaker">/mvc:eForm/mvc:Data/mvc:formData/mvc:THRD_PRTY_PANEL_MEMBER_FNAME</fm:transform_xpath>
		<fm:action name="thirdPartyHearing" xmlns:fm="http://www.hyfinity.com/formmaker">
			<fm:xform_xpath>/mvc:eForm/mvc:Data/mvc:formData/mvc:THRD_PRTY_PANEL_MEMBER_FNAME</fm:xform_xpath>
		</fm:action>
	</element>
	<element name="THRD_PRTY_PANEL_DESCR">
		<fm:transform_xpath xmlns:fm="http://www.hyfinity.com/formmaker">/mvc:eForm/mvc:Data/mvc:formData/mvc:THRD_PRTY_PANEL_DESCR</fm:transform_xpath>
		<fm:action name="thirdPartyHearing" xmlns:fm="http://www.hyfinity.com/formmaker">
			<fm:xform_xpath>/mvc:eForm/mvc:Data/mvc:formData/mvc:THRD_PRTY_PANEL_DESCR</fm:xform_xpath>
		</fm:action>
	</element>
	<group name="thrd_prty_FSIP_descr_group" />
	<group name="FSIP_panel_sub_group" />
	<element name="THRD_PRTY_PROC_ORDER_SEL">
		<fm:transform_xpath xmlns:fm="http://www.hyfinity.com/formmaker">/mvc:eForm/mvc:Data/mvc:formData/mvc:THRD_PRTY_PROC_ORDER_SEL</fm:transform_xpath>
		<fm:action name="thirdPartyHearing" xmlns:fm="http://www.hyfinity.com/formmaker">
			<fm:xform_xpath>/mvc:eForm/mvc:Data/mvc:formData/mvc:THRD_PRTY_PROC_ORDER_SEL</fm:xform_xpath>
		</fm:action>
	</element>
	<element name="THRD_PRTY_TIMELY_REQ">
		<fm:transform_xpath xmlns:fm="http://www.hyfinity.com/formmaker">/mvc:eForm/mvc:Data/mvc:formData/mvc:THRD_PRTY_TIMELY_REQ</fm:transform_xpath>
		<fm:action name="thirdPartyHearing" xmlns:fm="http://www.hyfinity.com/formmaker">
			<fm:xform_xpath>/mvc:eForm/mvc:Data/mvc:formData/mvc:THRD_PRTY_TIMELY_REQ</fm:xform_xpath>
		</fm:action>
	</element>
	<element name="THRD_PRTY_ASSISTANCE_REQ_DT">
		<fm:transform_xpath xmlns:fm="http://www.hyfinity.com/formmaker">/mvc:eForm/mvc:Data/mvc:formData/mvc:THRD_PRTY_ASSISTANCE_REQ_DT</fm:transform_xpath>
		<fm:action name="thirdPartyHearing" xmlns:fm="http://www.hyfinity.com/formmaker">
			<fm:xform_xpath>/mvc:eForm/mvc:Data/mvc:formData/mvc:THRD_PRTY_ASSISTANCE_REQ_DT</fm:xform_xpath>
		</fm:action>
	</element>
	<group name="thrd_prty_FSIP_temp_group" />
</xforms>
