<?xml version="1.0" encoding="UTF-8"?>
<xforms xmlns:mvc="http://www.hyfinity.com/mvc" xmlns="http://www.hyfinity.com/formmaker">
	<instance_configuration />
	<page />
	<element name="PI_ACTION_TYPE">
		<fm:action name="performance_issue" xmlns:fm="http://www.hyfinity.com/formmaker">
			<xform_xpath>/mvc:eForm/mvc:Data/mvc:formData/mvc:PI_ACTION_TYPE</xform_xpath>
		</fm:action>
		<transform_xpath>/mvc:eForm/mvc:Data/mvc:formData/mvc:PI_ACTION_TYPE</transform_xpath>
		<repeat_xpath>/mvc:eForm/mvc:Data/lookup/record[LTYPE='ERLRPIActionType']</repeat_xpath>
		<value_xpath>ID</value_xpath>
		<text_xpath>LABEL</text_xpath>
		<description />
	</element>
	<element name="PI_NEXT_WGI_DUE_DT">
		<fm:action name="performance_issue" xmlns:fm="http://www.hyfinity.com/formmaker" />
		<transform_xpath>/mvc:eForm/mvc:Data/mvc:formData/mvc:PI_NEXT_WGI_DUE_DT</transform_xpath>
		<description />
	</element>
	<element name="PI_PERF_COUNSEL_ISSUE_DT">
		<fm:action name="performance_issue" xmlns:fm="http://www.hyfinity.com/formmaker">
			<fm:xform_xpath>/mvc:eForm/mvc:Data/mvc:formData/mvc:PI_PERF_COUNSEL_ISSUE_DT</fm:xform_xpath>
		</fm:action>
		<transform_xpath>/mvc:eForm/mvc:Data/mvc:formData/mvc:PI_PERF_COUNSEL_ISSUE_DT</transform_xpath>
		<description />
	</element>
	<group name="performance_issue_group" />
	<group name="pi_anchor_group" />
	<element name="PI_CNSL_GRV_DECISION">
		<fm:transform_xpath xmlns:fm="http://www.hyfinity.com/formmaker">/mvc:eForm/mvc:Data/mvc:formData/mvc:PI_CNSL_GRV_DECISION</fm:transform_xpath>
		<fm:action name="performance_issue" xmlns:fm="http://www.hyfinity.com/formmaker">
			<fm:xform_xpath>/mvc:eForm/mvc:Data/mvc:formData/mvc:PI_CNSL_GRV_DECISION</fm:xform_xpath>
		</fm:action>
	</element>
	<element name="PI_CNSL_GRV_DECISION_NOTE">
		<fm:transform_xpath xmlns:fm="http://www.hyfinity.com/formmaker">/mvc:eForm/mvc:Data/mvc:formData/mvc:PI_CNSL_GRV_DECISION_NOTE</fm:transform_xpath>
		<fm:action name="performance_issue" xmlns:fm="http://www.hyfinity.com/formmaker">
			<fm:xform_xpath>/mvc:eForm/mvc:Data/mvc:formData/mvc:PI_CNSL_GRV_DECISION_NOTE</fm:xform_xpath>
		</fm:action>
	</element>
	<group name="pi_anchor_sub_group" />
	<group name="pi_action_counseling_group" />
	<group name="pi_counseling_group" />
	<group name="pi_grievance_decision_group" />
	<group name="pi_counseling_grievance_decision_note_group" />
	<group name="pi_action_pip_group" />
	<group name="pi_action_written_narrative_review_group" />
	<element name="PI_WRTN_NRTV_RVW_TYPE">
		<fm:action name="performance_issue" xmlns:fm="http://www.hyfinity.com/formmaker">
			<fm:xform_xpath>/mvc:eForm/mvc:Data/mvc:formData/mvc:PI_WRTN_NRTV_RVW_TYPE</fm:xform_xpath>
		</fm:action>
		<transform_xpath>/mvc:eForm/mvc:Data/mvc:formData/mvc:PI_WRTN_NRTV_RVW_TYPE</transform_xpath>
		<repeat_xpath>/mvc:eForm/mvc:Data/lookup/record[LTYPE='WrittenNarrativeReviewType']</repeat_xpath>
		<value_xpath>ID</value_xpath>
		<text_xpath>LABEL</text_xpath>
		<description />
	</element>
	<element name="PI_WNR_SPCLST_RVW_CMPLT_DT">
		<description />
		<fm:transform_xpath xmlns:fm="http://www.hyfinity.com/formmaker">/mvc:eForm/mvc:Data/mvc:formData/mvc:PI_WNR_SPCLST_RVW_CMPLT_DT</fm:transform_xpath>
		<fm:action name="performance_issue" xmlns:fm="http://www.hyfinity.com/formmaker">
			<fm:xform_xpath>/mvc:eForm/mvc:Data/mvc:formData/mvc:PI_WNR_SPCLST_RVW_CMPLT_DT</fm:xform_xpath>
		</fm:action>
	</element>
	<element name="PI_WNR_MGR_RVW_RTNG_DT">
		<fm:transform_xpath xmlns:fm="http://www.hyfinity.com/formmaker">/mvc:eForm/mvc:Data/mvc:formData/mvc:PI_WNR_MGR_RVW_RTNG_DT</fm:transform_xpath>
		<fm:action name="performance_issue" xmlns:fm="http://www.hyfinity.com/formmaker">
			<fm:xform_xpath>/mvc:eForm/mvc:Data/mvc:formData/mvc:PI_WNR_MGR_RVW_RTNG_DT</fm:xform_xpath>
		</fm:action>
	</element>
	<element name="PI_WNR_CRITICAL_ELM">
		<fm:transform_xpath xmlns:fm="http://www.hyfinity.com/formmaker">/mvc:eForm/mvc:Data/mvc:formData/mvc:PI_WNR_CRITICAL_ELM</fm:transform_xpath>
		<fm:action name="performance_issue" xmlns:fm="http://www.hyfinity.com/formmaker">
			<fm:xform_xpath>/mvc:eForm/mvc:Data/mvc:formData/mvc:PI_WNR_CRITICAL_ELM</fm:xform_xpath>
		</fm:action>
	</element>
	<group name="pi_wnr_row1_group" />
	<group name="pi_wnr_row2_group" />
	<group name="pi_pip_detail_row1_group" />
	<group name="pi_pip_detail_row2_group" />
	<group name="pi_pip_detail_row4_group" />
	<group name="pi_pip_pmap_row1_group" />
	<group name="pi_pip_pmap_row2_group" />
	<group name="pi_pip_pmap_row3_group" />
	<group name="pi_pip_pmap_row4_group" />
	<group name="pi_pip_final_decision_row2_group" />
	<group name="pi_pip_final_decision_group" />
	<group name="pi_pip_empl_decision_group" />
	<element name="PI_PIP_RSNBL_ACMDTN">
		<fm:transform_xpath xmlns:fm="http://www.hyfinity.com/formmaker">/mvc:eForm/mvc:Data/mvc:formData/mvc:PI_PIP_RSNBL_ACMDTN</fm:transform_xpath>
		<fm:action name="performance_issue" xmlns:fm="http://www.hyfinity.com/formmaker">
			<fm:xform_xpath>/mvc:eForm/mvc:Data/mvc:formData/mvc:PI_PIP_RSNBL_ACMDTN</fm:xform_xpath>
		</fm:action>
		<description />
	</element>
	<group name="pi_pip_row1_group" />
	<element name="PI_PIP_START_DT">
		<fm:transform_xpath xmlns:fm="http://www.hyfinity.com/formmaker">/mvc:eForm/mvc:Data/mvc:formData/mvc:PI_PIP_START_DT</fm:transform_xpath>
		<fm:action name="performance_issue" xmlns:fm="http://www.hyfinity.com/formmaker">
			<fm:xform_xpath>/mvc:eForm/mvc:Data/mvc:formData/mvc:PI_PIP_START_DT</fm:xform_xpath>
		</fm:action>
	</element>
	<element name="PI_PIP_END_DT">
		<fm:transform_xpath xmlns:fm="http://www.hyfinity.com/formmaker">/mvc:eForm/mvc:Data/mvc:formData/mvc:PI_PIP_END_DT</fm:transform_xpath>
		<fm:action name="performance_issue" xmlns:fm="http://www.hyfinity.com/formmaker">
			<fm:xform_xpath>/mvc:eForm/mvc:Data/mvc:formData/mvc:PI_PIP_END_DT</fm:xform_xpath>
		</fm:action>
	</element>
	<group name="pi_pip_detail_row5_group" />
	<element name="PI_PIP_EMPL_NOTIF_DT">
		<fm:transform_xpath xmlns:fm="http://www.hyfinity.com/formmaker">/mvc:eForm/mvc:Data/mvc:formData/mvc:PI_PIP_EMPL_NOTIF_DT</fm:transform_xpath>
		<fm:action name="performance_issue" xmlns:fm="http://www.hyfinity.com/formmaker">
			<fm:xform_xpath>/mvc:eForm/mvc:Data/mvc:formData/mvc:PI_PIP_EMPL_NOTIF_DT</fm:xform_xpath>
		</fm:action>
	</element>
	<element name="PI_PIP_EXT_END_DT">
		<description />
		<fm:transform_xpath xmlns:fm="http://www.hyfinity.com/formmaker">/mvc:eForm/mvc:Data/mvc:formData/mvc:PI_PIP_EXT_END_DT</fm:transform_xpath>
		<fm:action name="performance_issue" xmlns:fm="http://www.hyfinity.com/formmaker">
			<fm:xform_xpath>/mvc:eForm/mvc:Data/mvc:formData/mvc:PI_PIP_EXT_END_DT</fm:xform_xpath>
		</fm:action>
	</element>
	<element name="PI_PIP_EXT_REASON">
		<fm:action name="performance_issue" xmlns:fm="http://www.hyfinity.com/formmaker">
			<fm:xform_xpath>/mvc:eForm/mvc:Data/mvc:formData/mvc:PI_PIP_EXT_REASON</fm:xform_xpath>
		</fm:action>
		<transform_xpath>/mvc:eForm/mvc:Data/mvc:formData/mvc:PI_PIP_EXT_REASON</transform_xpath>
		<repeat_xpath>/mvc:eForm/mvc:Data/lookup/record[LTYPE='ERLRPiPipExtReason']</repeat_xpath>
		<value_xpath>ID</value_xpath>
		<text_xpath>LABEL</text_xpath>
		<description />
	</element>
	<element name="PI_PIP_ACTUAL_DT">
		<description />
		<fm:transform_xpath xmlns:fm="http://www.hyfinity.com/formmaker">/mvc:eForm/mvc:Data/mvc:formData/mvc:PI_PIP_ACTUAL_DT</fm:transform_xpath>
		<fm:action name="performance_issue" xmlns:fm="http://www.hyfinity.com/formmaker">
			<fm:xform_xpath>/mvc:eForm/mvc:Data/mvc:formData/mvc:PI_PIP_ACTUAL_DT</fm:xform_xpath>
		</fm:action>
	</element>
	<element name="PI_PIP_END_PRIOR_TO_PLAN">
		<fm:transform_xpath xmlns:fm="http://www.hyfinity.com/formmaker">/mvc:eForm/mvc:Data/mvc:formData/mvc:PI_PIP_END_PRIOR_TO_PLAN</fm:transform_xpath>
		<fm:action name="performance_issue" xmlns:fm="http://www.hyfinity.com/formmaker">
			<fm:xform_xpath>/mvc:eForm/mvc:Data/mvc:formData/mvc:PI_PIP_END_PRIOR_TO_PLAN</fm:xform_xpath>
		</fm:action>
	</element>
	<element name="PI_PIP_END_PRIOR_TO_PLAN_RSN">
		<fm:action name="performance_issue" xmlns:fm="http://www.hyfinity.com/formmaker">
			<fm:xform_xpath>/mvc:eForm/mvc:Data/mvc:formData/mvc:PI_PIP_END_PRIOR_TO_PLAN_RSN</fm:xform_xpath>
		</fm:action>
		<transform_xpath>/mvc:eForm/mvc:Data/mvc:formData/mvc:PI_PIP_END_PRIOR_TO_PLAN_RSN</transform_xpath>
		<description />
	</element>
	<element name="PI_PIP_SUCCESS_CMPLT">
		<fm:transform_xpath xmlns:fm="http://www.hyfinity.com/formmaker">/mvc:eForm/mvc:Data/mvc:formData/mvc:PI_PIP_SUCCESS_CMPLT</fm:transform_xpath>
		<fm:action name="performance_issue" xmlns:fm="http://www.hyfinity.com/formmaker">
			<fm:xform_xpath>/mvc:eForm/mvc:Data/mvc:formData/mvc:PI_PIP_SUCCESS_CMPLT</fm:xform_xpath>
		</fm:action>
	</element>
	<element name="PI_PIP_NOT_CMPLT_RSN">
		<fm:action name="performance_issue" xmlns:fm="http://www.hyfinity.com/formmaker">
			<fm:xform_xpath>/mvc:eForm/mvc:Data/mvc:formData/mvc:PI_PIP_NOT_CMPLT_RSN</fm:xform_xpath>
		</fm:action>
		<transform_xpath>/mvc:eForm/mvc:Data/mvc:formData/mvc:PI_PIP_NOT_CMPLT_RSN</transform_xpath>
		<repeat_xpath>/mvc:eForm/mvc:Data/lookup/record[LTYPE='ERLRPiPipFailReason']</repeat_xpath>
		<value_xpath>ID</value_xpath>
		<text_xpath>LABEL</text_xpath>
		<description />
	</element>
	<group name="pi_pip_end_prior_to_plan_group" />
	<group name="pi_pip_not_completed_rsn_group" />
	<element name="PI_PIP_PMAP_RTNG_SIGN_DT">
		<fm:transform_xpath xmlns:fm="http://www.hyfinity.com/formmaker">/mvc:eForm/mvc:Data/mvc:formData/mvc:PI_PIP_PMAP_RTNG_SIGN_DT</fm:transform_xpath>
		<fm:action name="performance_issue" xmlns:fm="http://www.hyfinity.com/formmaker">
			<fm:xform_xpath>/mvc:eForm/mvc:Data/mvc:formData/mvc:PI_PIP_PMAP_RTNG_SIGN_DT</fm:xform_xpath>
		</fm:action>
	</element>
	<element name="PI_PIP_PRPS_ACTN">
		<repeat_xpath>/mvc:eForm/mvc:Data/lookup/record[LTYPE='ERLRPiPipProposedAction']</repeat_xpath>
		<value_xpath>ID</value_xpath>
		<text_xpath>LABEL</text_xpath>
		<description />
		<fm:transform_xpath xmlns:fm="http://www.hyfinity.com/formmaker">/mvc:eForm/mvc:Data/mvc:formData/mvc:PI_PIP_PRPS_ACTN</fm:transform_xpath>
		<fm:action name="performance_issue" xmlns:fm="http://www.hyfinity.com/formmaker">
			<fm:xform_xpath>/mvc:eForm/mvc:Data/mvc:formData/mvc:PI_PIP_PRPS_ACTN</fm:xform_xpath>
		</fm:action>
	</element>
	<element name="PI_PIP_PRPS_ISSUE_DT">
		<fm:transform_xpath xmlns:fm="http://www.hyfinity.com/formmaker">/mvc:eForm/mvc:Data/mvc:formData/mvc:PI_PIP_PRPS_ISSUE_DT</fm:transform_xpath>
		<fm:action name="performance_issue" xmlns:fm="http://www.hyfinity.com/formmaker">
			<fm:xform_xpath>/mvc:eForm/mvc:Data/mvc:formData/mvc:PI_PIP_PRPS_ISSUE_DT</fm:xform_xpath>
		</fm:action>
	</element>
	<element name="PI_PIP_ORAL_PRSNT_REQ">
		<fm:transform_xpath xmlns:fm="http://www.hyfinity.com/formmaker">/mvc:eForm/mvc:Data/mvc:formData/mvc:PI_PIP_ORAL_PRSNT_REQ</fm:transform_xpath>
		<fm:action name="performance_issue" xmlns:fm="http://www.hyfinity.com/formmaker">
			<fm:xform_xpath>/mvc:eForm/mvc:Data/mvc:formData/mvc:PI_PIP_ORAL_PRSNT_REQ</fm:xform_xpath>
		</fm:action>
	</element>
	<element name="PI_PIP_ORAL_PRSNT_DT">
		<description />
		<fm:transform_xpath xmlns:fm="http://www.hyfinity.com/formmaker">/mvc:eForm/mvc:Data/mvc:formData/mvc:PI_PIP_ORAL_PRSNT_DT</fm:transform_xpath>
		<fm:action name="performance_issue" xmlns:fm="http://www.hyfinity.com/formmaker">
			<fm:xform_xpath>/mvc:eForm/mvc:Data/mvc:formData/mvc:PI_PIP_ORAL_PRSNT_DT</fm:xform_xpath>
		</fm:action>
	</element>
	<group name="pi_pip_oral_present_detail_group" />
	<element name="PI_PIP_WRTN_RESP_SBMT">
		<fm:transform_xpath xmlns:fm="http://www.hyfinity.com/formmaker">/mvc:eForm/mvc:Data/mvc:formData/mvc:PI_PIP_WRTN_RESP_SBMT</fm:transform_xpath>
		<fm:action name="performance_issue" xmlns:fm="http://www.hyfinity.com/formmaker">
			<fm:xform_xpath>/mvc:eForm/mvc:Data/mvc:formData/mvc:PI_PIP_WRTN_RESP_SBMT</fm:xform_xpath>
		</fm:action>
	</element>
	<element name="PI_PIP_WRTN_RESP_DUE_DT">
		<fm:transform_xpath xmlns:fm="http://www.hyfinity.com/formmaker">/mvc:eForm/mvc:Data/mvc:formData/mvc:PI_PIP_WRTN_RESP_DUE_DT</fm:transform_xpath>
		<fm:action name="performance_issue" xmlns:fm="http://www.hyfinity.com/formmaker">
			<fm:xform_xpath>/mvc:eForm/mvc:Data/mvc:formData/mvc:PI_PIP_WRTN_RESP_DUE_DT</fm:xform_xpath>
		</fm:action>
	</element>
	<element name="PI_PIP_WRTN_SBMT_DT">
		<fm:transform_xpath xmlns:fm="http://www.hyfinity.com/formmaker">/mvc:eForm/mvc:Data/mvc:formData/mvc:PI_PIP_WRTN_SBMT_DT</fm:transform_xpath>
		<fm:action name="performance_issue" xmlns:fm="http://www.hyfinity.com/formmaker">
			<fm:xform_xpath>/mvc:eForm/mvc:Data/mvc:formData/mvc:PI_PIP_WRTN_SBMT_DT</fm:xform_xpath>
		</fm:action>
	</element>
	<element name="PI_PIP_FIN_AGCY_DECISION_DT">
		<fm:action name="performance_issue" xmlns:fm="http://www.hyfinity.com/formmaker">
			<fm:xform_xpath>/mvc:eForm/mvc:Data/mvc:formData/mvc:PI_PIP_FIN_AGCY_DECISION_DT</fm:xform_xpath>
		</fm:action>
		<transform_xpath>/mvc:eForm/mvc:Data/mvc:formData/mvc:PI_PIP_FIN_AGCY_DECISION_DT</transform_xpath>
		<description />
	</element>
	<element name="PI_PIP_EFF_ACTN_DT">
		<fm:transform_xpath xmlns:fm="http://www.hyfinity.com/formmaker">/mvc:eForm/mvc:Data/mvc:formData/mvc:PI_PIP_EFF_ACTN_DT</fm:transform_xpath>
		<fm:action name="performance_issue" xmlns:fm="http://www.hyfinity.com/formmaker">
			<fm:xform_xpath>/mvc:eForm/mvc:Data/mvc:formData/mvc:PI_PIP_EFF_ACTN_DT</fm:xform_xpath>
		</fm:action>
	</element>
	<element name="PI_PIP_DECISION_ISSUE_DT">
		<fm:transform_xpath xmlns:fm="http://www.hyfinity.com/formmaker">/mvc:eForm/mvc:Data/mvc:formData/mvc:PI_PIP_DECISION_ISSUE_DT</fm:transform_xpath>
		<fm:action name="performance_issue" xmlns:fm="http://www.hyfinity.com/formmaker">
			<fm:xform_xpath>/mvc:eForm/mvc:Data/mvc:formData/mvc:PI_PIP_DECISION_ISSUE_DT</fm:xform_xpath>
		</fm:action>
	</element>
	<element name="PI_PIP_DECIDING_OFFICAL_SRCH">
		<fm:action name="performance_issue" xmlns:fm="http://www.hyfinity.com/formmaker">
			<fm:xform_xpath>/mvc:eForm/mvc:Data/mvc:formData/mvc:PI_PIP_DECIDING_OFFICAL_SRCH</fm:xform_xpath>
		</fm:action>
		<transform_xpath>/mvc:eForm/mvc:Data/mvc:formData/mvc:PI_PIP_DECIDING_OFFICAL_SRCH</transform_xpath>
		<description />
	</element>
	<element name="PI_PIP_EMPL_GRIEVANCE">
		<fm:transform_xpath xmlns:fm="http://www.hyfinity.com/formmaker">/mvc:eForm/mvc:Data/mvc:formData/mvc:PI_PIP_EMPL_GRIEVANCE</fm:transform_xpath>
		<fm:action name="performance_issue" xmlns:fm="http://www.hyfinity.com/formmaker">
			<fm:xform_xpath>/mvc:eForm/mvc:Data/mvc:formData/mvc:PI_PIP_EMPL_GRIEVANCE</fm:xform_xpath>
		</fm:action>
	</element>
	<element name="PI_PIP_APPEAL_DECISION">
		<fm:transform_xpath xmlns:fm="http://www.hyfinity.com/formmaker">/mvc:eForm/mvc:Data/mvc:formData/mvc:PI_PIP_APPEAL_DECISION</fm:transform_xpath>
		<fm:action name="performance_issue" xmlns:fm="http://www.hyfinity.com/formmaker">
			<fm:xform_xpath>/mvc:eForm/mvc:Data/mvc:formData/mvc:PI_PIP_APPEAL_DECISION</fm:xform_xpath>
		</fm:action>
	</element>
	<group name="pi_pip_written_resp_detail_group" />
	<group name="pi_action_demotion_group" />
	<group name="pi_demotion_row1_group" />
	<group name="pi_demotion_row2_group" />
	<group name="pi_demotion_row3_group" />
	<group name="pi_demotion_row4_group_HIDDEN" />
	<element name="PI_DMTN_PRPS_ACTN_ISSUE_DT">
		<fm:transform_xpath xmlns:fm="http://www.hyfinity.com/formmaker">/mvc:eForm/mvc:Data/mvc:formData/mvc:PI_DMTN_PRPS_ACTN_ISSUE_DT</fm:transform_xpath>
		<fm:action name="performance_issue" xmlns:fm="http://www.hyfinity.com/formmaker">
			<fm:xform_xpath>/mvc:eForm/mvc:Data/mvc:formData/mvc:PI_DMTN_PRPS_ACTN_ISSUE_DT</fm:xform_xpath>
		</fm:action>
		<description />
	</element>
	<element name="PI_DMTN_ORAL_PRSNT_REQ">
		<fm:transform_xpath xmlns:fm="http://www.hyfinity.com/formmaker">/mvc:eForm/mvc:Data/mvc:formData/mvc:PI_DMTN_ORAL_PRSNT_REQ</fm:transform_xpath>
		<fm:action name="performance_issue" xmlns:fm="http://www.hyfinity.com/formmaker">
			<fm:xform_xpath>/mvc:eForm/mvc:Data/mvc:formData/mvc:PI_DMTN_ORAL_PRSNT_REQ</fm:xform_xpath>
		</fm:action>
	</element>
	<element name="PI_DMTN_WRTN_RESP_SBMT">
		<fm:transform_xpath xmlns:fm="http://www.hyfinity.com/formmaker">/mvc:eForm/mvc:Data/mvc:formData/mvc:PI_DMTN_WRTN_RESP_SBMT</fm:transform_xpath>
		<fm:action name="performance_issue" xmlns:fm="http://www.hyfinity.com/formmaker">
			<fm:xform_xpath>/mvc:eForm/mvc:Data/mvc:formData/mvc:PI_DMTN_WRTN_RESP_SBMT</fm:xform_xpath>
		</fm:action>
	</element>
	<element name="PI_DMTN_DECISION_ISSUE_DT">
		<fm:transform_xpath xmlns:fm="http://www.hyfinity.com/formmaker">/mvc:eForm/mvc:Data/mvc:formData/mvc:PI_DMTN_DECISION_ISSUE_DT</fm:transform_xpath>
		<fm:action name="performance_issue" xmlns:fm="http://www.hyfinity.com/formmaker">
			<fm:xform_xpath>/mvc:eForm/mvc:Data/mvc:formData/mvc:PI_DMTN_DECISION_ISSUE_DT</fm:xform_xpath>
		</fm:action>
	</element>
	<group name="pi_demotion_oral_present_detail_group" />
	<group name="pi_demotion_written_resp_detail_group" />
	<element name="PI_DMTN_ORAL_PRSNT_DT">
		<fm:transform_xpath xmlns:fm="http://www.hyfinity.com/formmaker">/mvc:eForm/mvc:Data/mvc:formData/mvc:PI_DMTN_ORAL_PRSNT_DT</fm:transform_xpath>
		<fm:action name="performance_issue" xmlns:fm="http://www.hyfinity.com/formmaker">
			<fm:xform_xpath>/mvc:eForm/mvc:Data/mvc:formData/mvc:PI_DMTN_ORAL_PRSNT_DT</fm:xform_xpath>
		</fm:action>
	</element>
	<element name="PI_DMTN_WRTN_RESP_DUE_DT">
		<fm:transform_xpath xmlns:fm="http://www.hyfinity.com/formmaker">/mvc:eForm/mvc:Data/mvc:formData/mvc:PI_DMTN_WRTN_RESP_DUE_DT</fm:transform_xpath>
		<fm:action name="performance_issue" xmlns:fm="http://www.hyfinity.com/formmaker">
			<fm:xform_xpath>/mvc:eForm/mvc:Data/mvc:formData/mvc:PI_DMTN_WRTN_RESP_DUE_DT</fm:xform_xpath>
		</fm:action>
	</element>
	<element name="PI_DMTN_WRTN_RESP_SBMT_DT">
		<fm:transform_xpath xmlns:fm="http://www.hyfinity.com/formmaker">/mvc:eForm/mvc:Data/mvc:formData/mvc:PI_DMTN_WRTN_RESP_SBMT_DT</fm:transform_xpath>
		<fm:action name="performance_issue" xmlns:fm="http://www.hyfinity.com/formmaker">
			<fm:xform_xpath>/mvc:eForm/mvc:Data/mvc:formData/mvc:PI_DMTN_WRTN_RESP_SBMT_DT</fm:xform_xpath>
		</fm:action>
	</element>
	<element name="PI_DMTN_DECIDING_OFC_NM">
		<fm:action name="performance_issue" xmlns:fm="http://www.hyfinity.com/formmaker">
			<fm:xform_xpath>/mvc:eForm/mvc:Data/mvc:formData/mvc:PI_DMTN_DECIDING_OFC_NM</fm:xform_xpath>
		</fm:action>
		<transform_xpath>/mvc:eForm/mvc:Data/mvc:formData/mvc:PI_DMTN_DECIDING_OFC_NM</transform_xpath>
		<description />
	</element>
	<element name="PI_DMTN_CUR_POS_TITLE">
		<fm:transform_xpath xmlns:fm="http://www.hyfinity.com/formmaker">/mvc:eForm/mvc:Data/mvc:formData/mvc:PI_DMTN_CUR_POS_TITLE</fm:transform_xpath>
		<fm:action name="performance_issue" xmlns:fm="http://www.hyfinity.com/formmaker">
			<fm:xform_xpath>/mvc:eForm/mvc:Data/mvc:formData/mvc:PI_DMTN_CUR_POS_TITLE</fm:xform_xpath>
		</fm:action>
	</element>
	<element name="PI_DMTN_CUR_JOB_SERIES">
		<fm:transform_xpath xmlns:fm="http://www.hyfinity.com/formmaker">/mvc:eForm/mvc:Data/mvc:formData/mvc:PI_DMTN_CUR_JOB_SERIES</fm:transform_xpath>
		<fm:action name="performance_issue" xmlns:fm="http://www.hyfinity.com/formmaker">
			<fm:xform_xpath>/mvc:eForm/mvc:Data/mvc:formData/mvc:PI_DMTN_CUR_JOB_SERIES</fm:xform_xpath>
		</fm:action>
	</element>
	<element name="PI_DMTN_CUR_PAY_PLAN">
		<fm:transform_xpath xmlns:fm="http://www.hyfinity.com/formmaker">/mvc:eForm/mvc:Data/mvc:formData/mvc:PI_DMTN_CUR_PAY_PLAN</fm:transform_xpath>
		<fm:action name="performance_issue" xmlns:fm="http://www.hyfinity.com/formmaker">
			<fm:xform_xpath>/mvc:eForm/mvc:Data/mvc:formData/mvc:PI_DMTN_CUR_PAY_PLAN</fm:xform_xpath>
		</fm:action>
	</element>
	<element name="PI_DMTN_CUR_GRADE">
		<fm:transform_xpath xmlns:fm="http://www.hyfinity.com/formmaker">/mvc:eForm/mvc:Data/mvc:formData/mvc:PI_DMTN_CUR_GRADE</fm:transform_xpath>
		<fm:action name="performance_issue" xmlns:fm="http://www.hyfinity.com/formmaker">
			<fm:xform_xpath>/mvc:eForm/mvc:Data/mvc:formData/mvc:PI_DMTN_CUR_GRADE</fm:xform_xpath>
		</fm:action>
	</element>
	<element name="PI_DMTN_CUR_STEP">
		<fm:transform_xpath xmlns:fm="http://www.hyfinity.com/formmaker">/mvc:eForm/mvc:Data/mvc:formData/mvc:PI_DMTN_CUR_STEP</fm:transform_xpath>
		<fm:action name="performance_issue" xmlns:fm="http://www.hyfinity.com/formmaker">
			<fm:xform_xpath>/mvc:eForm/mvc:Data/mvc:formData/mvc:PI_DMTN_CUR_STEP</fm:xform_xpath>
		</fm:action>
	</element>
	<element name="PI_DMTN_PRPS_POS_TITLE">
		<fm:transform_xpath xmlns:fm="http://www.hyfinity.com/formmaker">/mvc:eForm/mvc:Data/mvc:formData/mvc:PI_DMTN_PRPS_POS_TITLE</fm:transform_xpath>
		<fm:action name="performance_issue" xmlns:fm="http://www.hyfinity.com/formmaker">
			<fm:xform_xpath>/mvc:eForm/mvc:Data/mvc:formData/mvc:PI_DMTN_PRPS_POS_TITLE</fm:xform_xpath>
		</fm:action>
	</element>
	<element name="PI_DMTN_PRPS_JOB_SERIES">
		<fm:action name="performance_issue" xmlns:fm="http://www.hyfinity.com/formmaker">
			<fm:xform_xpath>/mvc:eForm/mvc:Data/mvc:formData/mvc:PI_DMTN_PRPS_JOB_SERIES</fm:xform_xpath>
		</fm:action>
		<transform_xpath>/mvc:eForm/mvc:Data/mvc:formData/mvc:PI_DMTN_PRPS_JOB_SERIES</transform_xpath>
		<repeat_xpath>/mvc:eForm/mvc:Data/lookup/record[LTYPE='OccupationalSeries']</repeat_xpath>
		<value_xpath>NAME</value_xpath>
		<text_xpath>LABEL</text_xpath>
		<description />
	</element>
	<element name="PI_DMTN_PRPS_PAY_PLAN">
		<fm:action name="performance_issue" xmlns:fm="http://www.hyfinity.com/formmaker">
			<fm:xform_xpath>/mvc:eForm/mvc:Data/mvc:formData/mvc:PI_DMTN_PRPS_PAY_PLAN</fm:xform_xpath>
		</fm:action>
		<transform_xpath>/mvc:eForm/mvc:Data/mvc:formData/mvc:PI_DMTN_PRPS_PAY_PLAN</transform_xpath>
		<repeat_xpath>/mvc:eForm/mvc:Data/lookup/record[LTYPE='PayPlan']</repeat_xpath>
		<value_xpath>NAME</value_xpath>
		<text_xpath>LABEL</text_xpath>
		<description />
	</element>
	<element name="PI_DMTN_PRPS_GRADE">
		<fm:action name="performance_issue" xmlns:fm="http://www.hyfinity.com/formmaker">
			<fm:xform_xpath>/mvc:eForm/mvc:Data/mvc:formData/mvc:PI_DMTN_PRPS_GRADE</fm:xform_xpath>
		</fm:action>
		<transform_xpath>/mvc:eForm/mvc:Data/mvc:formData/mvc:PI_DMTN_PRPS_GRADE</transform_xpath>
		<description />
	</element>
	<element name="PI_DMTN_PRP_STEP">
		<fm:action name="performance_issue" xmlns:fm="http://www.hyfinity.com/formmaker">
			<fm:xform_xpath>/mvc:eForm/mvc:Data/mvc:formData/mvc:PI_DMTN_PRP_STEP</fm:xform_xpath>
		</fm:action>
		<transform_xpath>/mvc:eForm/mvc:Data/mvc:formData/mvc:PI_DMTN_PRP_STEP</transform_xpath>
		<description />
	</element>
	<element name="PI_DMTN_FIN_POS_TITLE">
		<fm:transform_xpath xmlns:fm="http://www.hyfinity.com/formmaker">/mvc:eForm/mvc:Data/mvc:formData/mvc:PI_DMTN_FIN_POS_TITLE</fm:transform_xpath>
		<fm:action name="performance_issue" xmlns:fm="http://www.hyfinity.com/formmaker">
			<fm:xform_xpath>/mvc:eForm/mvc:Data/mvc:formData/mvc:PI_DMTN_FIN_POS_TITLE</fm:xform_xpath>
		</fm:action>
	</element>
	<element name="PI_DMTN_FIN_JOB_SERIES">
		<fm:action name="performance_issue" xmlns:fm="http://www.hyfinity.com/formmaker">
			<fm:xform_xpath>/mvc:eForm/mvc:Data/mvc:formData/mvc:PI_DMTN_FIN_JOB_SERIES</fm:xform_xpath>
		</fm:action>
		<transform_xpath>/mvc:eForm/mvc:Data/mvc:formData/mvc:PI_DMTN_FIN_JOB_SERIES</transform_xpath>
		<repeat_xpath>/mvc:eForm/mvc:Data/lookup/record[LTYPE='OccupationalSeries']</repeat_xpath>
		<value_xpath>NAME</value_xpath>
		<text_xpath>LABEL</text_xpath>
		<description />
	</element>
	<element name="PI_DMTN_FIN_GRADE">
		<repeat_xpath>enter_xpath_here</repeat_xpath>
		<value_xpath>enter_xpath_here</value_xpath>
		<text_xpath>enter_xpath_here</text_xpath>
		<fm:transform_xpath xmlns:fm="http://www.hyfinity.com/formmaker">/mvc:eForm/mvc:Data/mvc:formData/mvc:PI_DMTN_FIN_GRADE</fm:transform_xpath>
		<fm:action name="performance_issue" xmlns:fm="http://www.hyfinity.com/formmaker">
			<fm:xform_xpath>/mvc:eForm/mvc:Data/mvc:formData/mvc:PI_DMTN_FIN_GRADE</fm:xform_xpath>
		</fm:action>
	</element>
	<element name="PI_DMTN_FIN_PAY_PLAN">
		<fm:action name="performance_issue" xmlns:fm="http://www.hyfinity.com/formmaker">
			<fm:xform_xpath>/mvc:eForm/mvc:Data/mvc:formData/mvc:PI_DMTN_FIN_PAY_PLAN</fm:xform_xpath>
		</fm:action>
		<transform_xpath>/mvc:eForm/mvc:Data/mvc:formData/mvc:PI_DMTN_FIN_PAY_PLAN</transform_xpath>
		<repeat_xpath>/mvc:eForm/mvc:Data/lookup/record[LTYPE='PayPlan']</repeat_xpath>
		<value_xpath>NAME</value_xpath>
		<text_xpath>LABEL</text_xpath>
		<description />
	</element>
	<element name="PI_DMTN_FIN_STEP">
		<repeat_xpath>enter_xpath_here</repeat_xpath>
		<value_xpath>enter_xpath_here</value_xpath>
		<text_xpath>enter_xpath_here</text_xpath>
		<fm:transform_xpath xmlns:fm="http://www.hyfinity.com/formmaker">/mvc:eForm/mvc:Data/mvc:formData/mvc:PI_DMTN_FIN_STEP</fm:transform_xpath>
		<fm:action name="performance_issue" xmlns:fm="http://www.hyfinity.com/formmaker">
			<fm:xform_xpath>/mvc:eForm/mvc:Data/mvc:formData/mvc:PI_DMTN_FIN_STEP</fm:xform_xpath>
		</fm:action>
	</element>
	<element name="PI_DMTN_APPEAL_DECISION">
		<description />
		<fm:transform_xpath xmlns:fm="http://www.hyfinity.com/formmaker">/mvc:eForm/mvc:Data/mvc:formData/mvc:PI_DMTN_APPEAL_DECISION</fm:transform_xpath>
		<fm:action name="performance_issue" xmlns:fm="http://www.hyfinity.com/formmaker">
			<fm:xform_xpath>/mvc:eForm/mvc:Data/mvc:formData/mvc:PI_DMTN_APPEAL_DECISION</fm:xform_xpath>
		</fm:action>
	</element>
	<group name="pi_action_reassignment_group" />
	<group name="pi_reassign_row1_group" />
	<group name="pi_reassign_row2_group" />
	<element name="PI_REASGN_NOTICE_DT">
		<description />
		<fm:transform_xpath xmlns:fm="http://www.hyfinity.com/formmaker">/mvc:eForm/mvc:Data/mvc:formData/mvc:PI_REASGN_NOTICE_DT</fm:transform_xpath>
		<fm:action name="performance_issue" xmlns:fm="http://www.hyfinity.com/formmaker">
			<fm:xform_xpath>/mvc:eForm/mvc:Data/mvc:formData/mvc:PI_REASGN_NOTICE_DT</fm:xform_xpath>
		</fm:action>
	</element>
	<element name="PI_REASGN_EFF_DT">
		<fm:transform_xpath xmlns:fm="http://www.hyfinity.com/formmaker">/mvc:eForm/mvc:Data/mvc:formData/mvc:PI_REASGN_EFF_DT</fm:transform_xpath>
		<fm:action name="performance_issue" xmlns:fm="http://www.hyfinity.com/formmaker">
			<fm:xform_xpath>/mvc:eForm/mvc:Data/mvc:formData/mvc:PI_REASGN_EFF_DT</fm:xform_xpath>
		</fm:action>
	</element>
	<element name="PI_REASGN_CUR_ADMIN_CD">
		<fm:transform_xpath xmlns:fm="http://www.hyfinity.com/formmaker">/mvc:eForm/mvc:Data/mvc:formData/mvc:PI_REASGN_CUR_ADMIN_CD</fm:transform_xpath>
		<fm:action name="performance_issue" xmlns:fm="http://www.hyfinity.com/formmaker">
			<fm:xform_xpath>/mvc:eForm/mvc:Data/mvc:formData/mvc:PI_REASGN_CUR_ADMIN_CD</fm:xform_xpath>
		</fm:action>
	</element>
	<element name="PI_REASGN_FIN_ADMIN_CD_SEARCH">
		<fm:transform_xpath xmlns:fm="http://www.hyfinity.com/formmaker">/mvc:eForm/mvc:Data/mvc:formData/mvc:PI_REASGN_FIN_ADMIN_CD_SEARCH</fm:transform_xpath>
		<fm:action name="performance_issue" xmlns:fm="http://www.hyfinity.com/formmaker">
			<fm:xform_xpath>/mvc:eForm/mvc:Data/mvc:formData/mvc:PI_REASGN_FIN_ADMIN_CD_SEARCH</fm:xform_xpath>
		</fm:action>
	</element>
	<group name="pi_action_removal_group" />
	<group name="pi_removal_row1_group" />
	<group name="pi_removal_row2_group" />
	<group name="pi_removal_row3_group" />
	<group name="pi_removal_row4_group" />
	<group name="pi_removal_final_decision_group" />
	<group name="pi_removal_appeal_group" />
	<element name="PI_RMV_PRPS_ACTN_ISSUE_DT">
		<fm:transform_xpath xmlns:fm="http://www.hyfinity.com/formmaker">/mvc:eForm/mvc:Data/mvc:formData/mvc:PI_RMV_PRPS_ACTN_ISSUE_DT</fm:transform_xpath>
		<fm:action name="performance_issue" xmlns:fm="http://www.hyfinity.com/formmaker">
			<fm:xform_xpath>/mvc:eForm/mvc:Data/mvc:formData/mvc:PI_RMV_PRPS_ACTN_ISSUE_DT</fm:xform_xpath>
		</fm:action>
	</element>
	<element name="PI_RMV_EMPL_NOTC_LEV">
		<fm:transform_xpath xmlns:fm="http://www.hyfinity.com/formmaker">/mvc:eForm/mvc:Data/mvc:formData/mvc:PI_RMV_EMPL_NOTC_LEV</fm:transform_xpath>
		<fm:action name="performance_issue" xmlns:fm="http://www.hyfinity.com/formmaker">
			<fm:xform_xpath>/mvc:eForm/mvc:Data/mvc:formData/mvc:PI_RMV_EMPL_NOTC_LEV</fm:xform_xpath>
		</fm:action>
	</element>
	<element name="PI_RMV_NOTC_LEV_START_DT">
		<fm:transform_xpath xmlns:fm="http://www.hyfinity.com/formmaker">/mvc:eForm/mvc:Data/mvc:formData/mvc:PI_RMV_NOTC_LEV_START_DT</fm:transform_xpath>
		<fm:action name="performance_issue" xmlns:fm="http://www.hyfinity.com/formmaker">
			<fm:xform_xpath>/mvc:eForm/mvc:Data/mvc:formData/mvc:PI_RMV_NOTC_LEV_START_DT</fm:xform_xpath>
		</fm:action>
	</element>
	<element name="PI_RMV_NOTC_LEV_END_DT">
		<fm:transform_xpath xmlns:fm="http://www.hyfinity.com/formmaker">/mvc:eForm/mvc:Data/mvc:formData/mvc:PI_RMV_NOTC_LEV_END_DT</fm:transform_xpath>
		<fm:action name="performance_issue" xmlns:fm="http://www.hyfinity.com/formmaker">
			<fm:xform_xpath>/mvc:eForm/mvc:Data/mvc:formData/mvc:PI_RMV_NOTC_LEV_END_DT</fm:xform_xpath>
		</fm:action>
	</element>
	<element name="PI_RMV_ORAL_PRSNT_REQ">
		<fm:transform_xpath xmlns:fm="http://www.hyfinity.com/formmaker">/mvc:eForm/mvc:Data/mvc:formData/mvc:PI_RMV_ORAL_PRSNT_REQ</fm:transform_xpath>
		<fm:action name="performance_issue" xmlns:fm="http://www.hyfinity.com/formmaker">
			<fm:xform_xpath>/mvc:eForm/mvc:Data/mvc:formData/mvc:PI_RMV_ORAL_PRSNT_REQ</fm:xform_xpath>
		</fm:action>
	</element>
	<element name="PI_RMV_ORAL_PRSNT_DT">
		<fm:transform_xpath xmlns:fm="http://www.hyfinity.com/formmaker">/mvc:eForm/mvc:Data/mvc:formData/mvc:PI_RMV_ORAL_PRSNT_DT</fm:transform_xpath>
		<fm:action name="performance_issue" xmlns:fm="http://www.hyfinity.com/formmaker">
			<fm:xform_xpath>/mvc:eForm/mvc:Data/mvc:formData/mvc:PI_RMV_ORAL_PRSNT_DT</fm:xform_xpath>
		</fm:action>
	</element>
	<element name="PI_RMV_WRTN_RESP_DUE_DT">
		<fm:transform_xpath xmlns:fm="http://www.hyfinity.com/formmaker">/mvc:eForm/mvc:Data/mvc:formData/mvc:PI_RMV_WRTN_RESP_DUE_DT</fm:transform_xpath>
		<fm:action name="performance_issue" xmlns:fm="http://www.hyfinity.com/formmaker">
			<fm:xform_xpath>/mvc:eForm/mvc:Data/mvc:formData/mvc:PI_RMV_WRTN_RESP_DUE_DT</fm:xform_xpath>
		</fm:action>
	</element>
	<element name="PI_RMV_WRTN_RESP_SBMT_DT">
		<fm:transform_xpath xmlns:fm="http://www.hyfinity.com/formmaker">/mvc:eForm/mvc:Data/mvc:formData/mvc:PI_RMV_WRTN_RESP_SBMT_DT</fm:transform_xpath>
		<fm:action name="performance_issue" xmlns:fm="http://www.hyfinity.com/formmaker">
			<fm:xform_xpath>/mvc:eForm/mvc:Data/mvc:formData/mvc:PI_RMV_WRTN_RESP_SBMT_DT</fm:xform_xpath>
		</fm:action>
	</element>
	<group name="pi_removal_notice_leave_detail_group" />
	<group name="pi_removal_oral_present_detail_group" />
	<group name="pi_removal_written_resp_detail_group" />
	<element name="PI_RMV_DECISION_ISSUE_DT">
		<fm:transform_xpath xmlns:fm="http://www.hyfinity.com/formmaker">/mvc:eForm/mvc:Data/mvc:formData/mvc:PI_RMV_DECISION_ISSUE_DT</fm:transform_xpath>
		<fm:action name="performance_issue" xmlns:fm="http://www.hyfinity.com/formmaker">
			<fm:xform_xpath>/mvc:eForm/mvc:Data/mvc:formData/mvc:PI_RMV_DECISION_ISSUE_DT</fm:xform_xpath>
		</fm:action>
	</element>
	<element name="PI_RMV_EFF_DT">
		<fm:transform_xpath xmlns:fm="http://www.hyfinity.com/formmaker">/mvc:eForm/mvc:Data/mvc:formData/mvc:PI_RMV_EFF_DT</fm:transform_xpath>
		<fm:action name="performance_issue" xmlns:fm="http://www.hyfinity.com/formmaker">
			<fm:xform_xpath>/mvc:eForm/mvc:Data/mvc:formData/mvc:PI_RMV_EFF_DT</fm:xform_xpath>
		</fm:action>
	</element>
	<element name="PI_RMV_FIN_DECIDING_OFC_SRCH">
		<fm:action name="performance_issue" xmlns:fm="http://www.hyfinity.com/formmaker">
			<fm:xform_xpath>/mvc:eForm/mvc:Data/mvc:formData/mvc:PI_RMV_FIN_DECIDING_OFC_SRCH</fm:xform_xpath>
		</fm:action>
		<transform_xpath>/mvc:eForm/mvc:Data/mvc:formData/mvc:PI_RMV_FIN_DECIDING_OFC_SRCH</transform_xpath>
		<description />
	</element>
	<element name="PI_RMV_APPEAL_DECISION">
		<fm:transform_xpath xmlns:fm="http://www.hyfinity.com/formmaker">/mvc:eForm/mvc:Data/mvc:formData/mvc:PI_RMV_APPEAL_DECISION</fm:transform_xpath>
		<fm:action name="performance_issue" xmlns:fm="http://www.hyfinity.com/formmaker">
			<fm:xform_xpath>/mvc:eForm/mvc:Data/mvc:formData/mvc:PI_RMV_APPEAL_DECISION</fm:xform_xpath>
		</fm:action>
	</element>
	<element name="PI_WNR_FIN_RATING">
		<fm:transform_xpath xmlns:fm="http://www.hyfinity.com/formmaker">/mvc:eForm/mvc:Data/mvc:formData/mvc:PI_WNR_FIN_RATING</fm:transform_xpath>
		<fm:action name="performance_issue" xmlns:fm="http://www.hyfinity.com/formmaker">
			<fm:xform_xpath>/mvc:eForm/mvc:Data/mvc:formData/mvc:PI_WNR_FIN_RATING</fm:xform_xpath>
		</fm:action>
	</element>
	<group name="pi_wnr_final_review_group" />
	<element name="btnAddExtPipEndDt">
		<fm:transform_xpath xmlns:fm="http://www.hyfinity.com/formmaker">/mvc:eForm/mvc:Data/mvc:formData/mvc:btnAddExtPipEndDt</fm:transform_xpath>
		<fm:action name="performance_issue" xmlns:fm="http://www.hyfinity.com/formmaker">
			<fm:xform_xpath>/mvc:eForm/mvc:Data/mvc:formData/mvc:btnAddExtPipEndDt</fm:xform_xpath>
		</fm:action>
		<description />
	</element>
	<element name="PI_PIP_EXT_DT">
		<description />
		<fm:transform_xpath xmlns:fm="http://www.hyfinity.com/formmaker">/mvc:eForm/mvc:Data/mvc:formData/mvc:PI_PIP_EXT_DT</fm:transform_xpath>
		<fm:action name="performance_issue" xmlns:fm="http://www.hyfinity.com/formmaker">
			<fm:xform_xpath>/mvc:eForm/mvc:Data/mvc:formData/mvc:PI_PIP_EXT_DT</fm:xform_xpath>
		</fm:action>
	</element>
	<element name="PI_PIP_GRIEVANCE_OUTPUT">
		<fm:transform_xpath xmlns:fm="http://www.hyfinity.com/formmaker">/mvc:eForm/mvc:Data/mvc:formData/mvc:PI_PIP_GRIEVANCE_OUTPUT</fm:transform_xpath>
		<fm:action name="performance_issue" xmlns:fm="http://www.hyfinity.com/formmaker">
			<fm:xform_xpath>/mvc:eForm/mvc:Data/mvc:formData/mvc:PI_PIP_GRIEVANCE_OUTPUT</fm:xform_xpath>
		</fm:action>
	</element>
	<group name="pi_demotion_current_position_group" />
	<group name="pi_demotion_proposed_position_group" />
	<group name="pi_demotion_final_position_group" />
	<group name="pi_demotion_appeal_group" />
	<group name="pi_pip_detail_group" />
	<group name="pi_pip_pmap_group" />
	<element name="PI_DMTN_FIN_AGCY_DECISION">
		<fm:action name="performance_issue" xmlns:fm="http://www.hyfinity.com/formmaker">
			<fm:xform_xpath>/mvc:eForm/mvc:Data/mvc:formData/mvc:PI_DMTN_FIN_AGCY_DECISION</fm:xform_xpath>
		</fm:action>
		<transform_xpath>/mvc:eForm/mvc:Data/mvc:formData/mvc:PI_DMTN_FIN_AGCY_DECISION</transform_xpath>
		<repeat_xpath>/mvc:eForm/mvc:Data/lookup/record[LTYPE='ERLRDemotionFinDecision']</repeat_xpath>
		<value_xpath>ID</value_xpath>
		<text_xpath>LABEL</text_xpath>
		<description />
	</element>
	<element name="PI_DMTN_FIN_DECIDING_OFC_SRCH">
		<fm:action name="performance_issue" xmlns:fm="http://www.hyfinity.com/formmaker">
			<fm:xform_xpath>/mvc:eForm/mvc:Data/mvc:formData/mvc:PI_DMTN_FIN_DECIDING_OFC_SRCH</fm:xform_xpath>
		</fm:action>
		<transform_xpath>/mvc:eForm/mvc:Data/mvc:formData/mvc:PI_DMTN_FIN_DECIDING_OFC_SRCH</transform_xpath>
		<description />
	</element>
	<element name="PI_DMTN_FIN_DECISION_ISSUE_DT">
		<fm:transform_xpath xmlns:fm="http://www.hyfinity.com/formmaker">/mvc:eForm/mvc:Data/mvc:formData/mvc:PI_DMTN_FIN_DECISION_ISSUE_DT</fm:transform_xpath>
		<fm:action name="performance_issue" xmlns:fm="http://www.hyfinity.com/formmaker">
			<fm:xform_xpath>/mvc:eForm/mvc:Data/mvc:formData/mvc:PI_DMTN_FIN_DECISION_ISSUE_DT</fm:xform_xpath>
		</fm:action>
	</element>
	<element name="PI_DMTN_DECISION_EFF_DT">
		<fm:transform_xpath xmlns:fm="http://www.hyfinity.com/formmaker">/mvc:eForm/mvc:Data/mvc:formData/mvc:PI_DMTN_DECISION_EFF_DT</fm:transform_xpath>
		<fm:action name="performance_issue" xmlns:fm="http://www.hyfinity.com/formmaker">
			<fm:xform_xpath>/mvc:eForm/mvc:Data/mvc:formData/mvc:PI_DMTN_DECISION_EFF_DT</fm:xform_xpath>
		</fm:action>
	</element>
	<group name="pi_demotion_final_decision_group" />
	<group name="pi_demotion_final_decision_row1_group" />
	<group name="pi_demotion_final_decision_detail_by_type_group" />
	<element name="PI_PIP_PMAP_RVW_SIGN_DT">
		<fm:transform_xpath xmlns:fm="http://www.hyfinity.com/formmaker">/mvc:eForm/mvc:Data/mvc:formData/mvc:PI_PIP_PMAP_RVW_SIGN_DT</fm:transform_xpath>
		<fm:action name="performance_issue" xmlns:fm="http://www.hyfinity.com/formmaker">
			<fm:xform_xpath>/mvc:eForm/mvc:Data/mvc:formData/mvc:PI_PIP_PMAP_RVW_SIGN_DT</fm:xform_xpath>
		</fm:action>
	</element>
	<element name="PI_PIP_FIN_AGCY_DECISION">
		<fm:action name="performance_issue" xmlns:fm="http://www.hyfinity.com/formmaker">
			<fm:xform_xpath>/mvc:eForm/mvc:Data/mvc:formData/mvc:PI_PIP_FIN_AGCY_DECISION</fm:xform_xpath>
		</fm:action>
		<transform_xpath>/mvc:eForm/mvc:Data/mvc:formData/mvc:PI_PIP_FIN_AGCY_DECISION</transform_xpath>
		<repeat_xpath>/mvc:eForm/mvc:Data/lookup/record[LTYPE='ERLRPipFinDecision']</repeat_xpath>
		<value_xpath>ID</value_xpath>
		<text_xpath>LABEL</text_xpath>
		<description />
	</element>
	<group name="pi_pip_final_decision_row1_group" />
	<group name="pi_reassign_row3_group" />
	<element name="PI_REASGN_CUR_ORG_NM">
		<fm:transform_xpath xmlns:fm="http://www.hyfinity.com/formmaker">/mvc:eForm/mvc:Data/mvc:formData/mvc:PI_REASGN_CUR_ORG_NM</fm:transform_xpath>
		<fm:action name="performance_issue" xmlns:fm="http://www.hyfinity.com/formmaker">
			<fm:xform_xpath>/mvc:eForm/mvc:Data/mvc:formData/mvc:PI_REASGN_CUR_ORG_NM</fm:xform_xpath>
		</fm:action>
	</element>
	<element name="PI_REASGN_FIN_ORG_NM">
		<fm:transform_xpath xmlns:fm="http://www.hyfinity.com/formmaker">/mvc:eForm/mvc:Data/mvc:formData/mvc:PI_REASGN_FIN_ORG_NM</fm:transform_xpath>
		<fm:action name="performance_issue" xmlns:fm="http://www.hyfinity.com/formmaker">
			<fm:xform_xpath>/mvc:eForm/mvc:Data/mvc:formData/mvc:PI_REASGN_FIN_ORG_NM</fm:xform_xpath>
		</fm:action>
	</element>
	<group name="pi_removal_final_decision_row1_group" />
	<group name="pi_removal_final_decision_detail_by_type_group" />
	<element name="PI_RMV_FIN_AGCY_DECISION">
		<fm:action name="performance_issue" xmlns:fm="http://www.hyfinity.com/formmaker">
			<fm:xform_xpath>/mvc:eForm/mvc:Data/mvc:formData/mvc:PI_RMV_FIN_AGCY_DECISION</fm:xform_xpath>
		</fm:action>
		<transform_xpath>/mvc:eForm/mvc:Data/mvc:formData/mvc:PI_RMV_FIN_AGCY_DECISION</transform_xpath>
		<repeat_xpath>/mvc:eForm/mvc:Data/lookup/record[LTYPE='ERLRRemovalFinDecision']</repeat_xpath>
		<value_xpath>ID</value_xpath>
		<text_xpath>LABEL</text_xpath>
		<description />
	</element>
	<element name="PI_WNR_WGI_WTHLD">
		<fm:transform_xpath xmlns:fm="http://www.hyfinity.com/formmaker">/mvc:eForm/mvc:Data/mvc:formData/mvc:PI_WNR_WGI_WTHLD</fm:transform_xpath>
		<fm:action name="performance_issue" xmlns:fm="http://www.hyfinity.com/formmaker">
			<fm:xform_xpath>/mvc:eForm/mvc:Data/mvc:formData/mvc:PI_WNR_WGI_WTHLD</fm:xform_xpath>
		</fm:action>
	</element>
	<element name="PI_WNR_WGI_RVW_DT">
		<fm:transform_xpath xmlns:fm="http://www.hyfinity.com/formmaker">/mvc:eForm/mvc:Data/mvc:formData/mvc:PI_WNR_WGI_RVW_DT</fm:transform_xpath>
		<fm:action name="performance_issue" xmlns:fm="http://www.hyfinity.com/formmaker">
			<fm:xform_xpath>/mvc:eForm/mvc:Data/mvc:formData/mvc:PI_WNR_WGI_RVW_DT</fm:xform_xpath>
		</fm:action>
	</element>
	<group name="pi_wnr_row4_group" />
	<element name="PI_WNR_RVW_OFC_CONCUR_DT">
		<fm:transform_xpath xmlns:fm="http://www.hyfinity.com/formmaker">/mvc:eForm/mvc:Data/mvc:formData/mvc:PI_WNR_RVW_OFC_CONCUR_DT</fm:transform_xpath>
		<fm:action name="performance_issue" xmlns:fm="http://www.hyfinity.com/formmaker">
			<fm:xform_xpath>/mvc:eForm/mvc:Data/mvc:formData/mvc:PI_WNR_RVW_OFC_CONCUR_DT</fm:xform_xpath>
		</fm:action>
	</element>
	<group name="pi_pip_detail_row3_group" />
	<group name="pi_pip_not_success_group" />
	<group name="pi_pip_ext_detail_group" />
	<group name="pi_pip_empl_grievance_output_group" />
	<group name="pi_pip_not_completed_other_rsn_group" />
	<element name="PI_PIP_NOT_CMPLT_OTHR_RSN">
		<fm:transform_xpath xmlns:fm="http://www.hyfinity.com/formmaker">/mvc:eForm/mvc:Data/mvc:formData/mvc:PI_PIP_NOT_CMPLT_OTHR_RSN</fm:transform_xpath>
		<fm:action name="performance_issue" xmlns:fm="http://www.hyfinity.com/formmaker">
			<fm:xform_xpath>/mvc:eForm/mvc:Data/mvc:formData/mvc:PI_PIP_NOT_CMPLT_OTHR_RSN</fm:xform_xpath>
		</fm:action>
	</element>
	<element name="PI_PIP_EXT_OTHR_RSN">
		<fm:action name="performance_issue" xmlns:fm="http://www.hyfinity.com/formmaker">
			<fm:xform_xpath>/mvc:eForm/mvc:Data/mvc:formData/mvc:PI_PIP_EXT_OTHR_RSN</fm:xform_xpath>
		</fm:action>
		<transform_xpath>/mvc:eForm/mvc:Data/mvc:formData/mvc:PI_PIP_EXT_OTHR_RSN</transform_xpath>
		<description />
	</element>
	<group name="pi_pip_ext_other_reason_group" />
	<element name="PI_GRADE_SOURCE">
		<fm:action name="performance_issue" xmlns:fm="http://www.hyfinity.com/formmaker">
			<xform_xpath>enter_xpath_here</xform_xpath>
		</fm:action>
		<transform_xpath>/mvc:eForm/mvc:Data/mvc:formData/mvc:PI_GRADE_SOURCE</transform_xpath>
		<repeat_xpath>/mvc:eForm/mvc:Data/gr_list/record</repeat_xpath>
		<value_xpath>GD_PAYPLAN_CD</value_xpath>
		<text_xpath>GRADE_DETAILS</text_xpath>
		<description />
	</element>
	<group name="cms_erlr_perf_issue_hidden_group" />
	<group name="pi_pip_meddoc_group" />
	<element name="PI_PIP_EMPL_SBMT_MEDDOC">
		<fm:transform_xpath xmlns:fm="http://www.hyfinity.com/formmaker">/mvc:eForm/mvc:Data/mvc:formData/mvc:PI_PIP_EMPL_SBMT_MEDDOC</fm:transform_xpath>
		<fm:action name="performance_issue" xmlns:fm="http://www.hyfinity.com/formmaker">
			<xform_xpath>enter_xpath_here</xform_xpath>
		</fm:action>
	</element>
	<element name="PI_PIP_DOC_SBMT_FOH_RVW">
		<fm:transform_xpath xmlns:fm="http://www.hyfinity.com/formmaker">/mvc:eForm/mvc:Data/mvc:formData/mvc:PI_PIP_DOC_SBMT_FOH_RVW</fm:transform_xpath>
		<fm:action name="performance_issue" xmlns:fm="http://www.hyfinity.com/formmaker">
			<xform_xpath>enter_xpath_here</xform_xpath>
		</fm:action>
	</element>
	<element name="PI_PIP_WGI_WTHLD">
		<fm:transform_xpath xmlns:fm="http://www.hyfinity.com/formmaker">/mvc:eForm/mvc:Data/mvc:formData/mvc:PI_PIP_WGI_WTHLD</fm:transform_xpath>
		<fm:action name="performance_issue" xmlns:fm="http://www.hyfinity.com/formmaker">
			<fm:xform_xpath>/mvc:eForm/mvc:Data/mvc:formData/mvc:PI_PIP_WGI_WTHLD</fm:xform_xpath>
		</fm:action>
	</element>
	<element name="PI_PIP_WGI_RVW_DT">
		<fm:transform_xpath xmlns:fm="http://www.hyfinity.com/formmaker">/mvc:eForm/mvc:Data/mvc:formData/mvc:PI_PIP_WGI_RVW_DT</fm:transform_xpath>
		<fm:action name="performance_issue" xmlns:fm="http://www.hyfinity.com/formmaker">
			<fm:xform_xpath>/mvc:eForm/mvc:Data/mvc:formData/mvc:PI_PIP_WGI_RVW_DT</fm:xform_xpath>
		</fm:action>
	</element>
	<element name="PI_PIP_MEDDOC_RVW_OUTCOME">
		<fm:transform_xpath xmlns:fm="http://www.hyfinity.com/formmaker">/mvc:eForm/mvc:Data/mvc:formData/mvc:PI_PIP_MEDDOC_RVW_OUTCOME</fm:transform_xpath>
		<fm:action name="performance_issue" xmlns:fm="http://www.hyfinity.com/formmaker">
			<fm:xform_xpath>/mvc:eForm/mvc:Data/mvc:formData/mvc:PI_PIP_MEDDOC_RVW_OUTCOME</fm:xform_xpath>
		</fm:action>
	</element>
	<group name="pi_pip_meddoc_review_group" />
	<group name="pi_pip_row2_group" />
	<element name="PI_PIP_WGI_WTHLD_NOTE">
		<fm:transform_xpath xmlns:fm="http://www.hyfinity.com/formmaker">/mvc:eForm/mvc:Data/mvc:formData/mvc:PI_PIP_WGI_WTHLD_NOTE</fm:transform_xpath>
		<fm:action name="performance_issue" xmlns:fm="http://www.hyfinity.com/formmaker">
			<fm:xform_xpath>/mvc:eForm/mvc:Data/mvc:formData/mvc:PI_PIP_WGI_WTHLD_NOTE</fm:xform_xpath>
		</fm:action>
	</element>
	<group name="pi_pip_wgi_withheld_group" />
	<group name="pi_pip_wgi_withheld_note_group" />
	<element name="PI_WNR_WGI_WTHLD_NOTE">
		<fm:transform_xpath xmlns:fm="http://www.hyfinity.com/formmaker">/mvc:eForm/mvc:Data/mvc:formData/mvc:PI_WNR_WGI_WTHLD_NOTE</fm:transform_xpath>
		<fm:action name="performance_issue" xmlns:fm="http://www.hyfinity.com/formmaker">
			<fm:xform_xpath>/mvc:eForm/mvc:Data/mvc:formData/mvc:PI_WNR_WGI_WTHLD_NOTE</fm:xform_xpath>
		</fm:action>
	</element>
	<group name="pi_wnr_wgi_withheld_group" />
	<group name="pi_wnr_wgi_withheld_note_group" />
	<element name="PI_RMV_NUM_DAYS">
		<fm:transform_xpath xmlns:fm="http://www.hyfinity.com/formmaker">/mvc:eForm/mvc:Data/mvc:formData/mvc:PI_RMV_NUM_DAYS</fm:transform_xpath>
		<fm:action name="performance_issue" xmlns:fm="http://www.hyfinity.com/formmaker">
			<fm:xform_xpath>/mvc:eForm/mvc:Data/mvc:formData/mvc:PI_RMV_NUM_DAYS</fm:xform_xpath>
		</fm:action>
	</element>
	<group name="pi_removal_final_decision_effdt_group" />
	<group name="pi_removal_final_decision_suspend_days_group" />
	<element name="PI_DMTN_NUM_DAYS">
		<fm:transform_xpath xmlns:fm="http://www.hyfinity.com/formmaker">/mvc:eForm/mvc:Data/mvc:formData/mvc:PI_DMTN_NUM_DAYS</fm:transform_xpath>
		<fm:action name="performance_issue" xmlns:fm="http://www.hyfinity.com/formmaker">
			<fm:xform_xpath>/mvc:eForm/mvc:Data/mvc:formData/mvc:PI_DMTN_NUM_DAYS</fm:xform_xpath>
		</fm:action>
	</element>
	<group name="pi_demotion_final_decision_effdt_group" />
	<group name="pi_demotion_final_decision_suspend_days_group" />
</xforms>
