<?xml version="1.0" encoding="UTF-8"?>
<inputControl exportedWithPermissions="false">
    <folder>/organizations/organization_1/Input_Controls/CMS/TABG_Dashboard</folder>
    <name>COMPONENT</name>
    <version>51</version>
    <label>Component</label>
    <creationDate>2019-01-17T16:16:43.000-05:00</creationDate>
    <updateDate>2019-06-06T14:16:59.000-04:00</updateDate>
    <type>3</type>
    <mandatory>true</mandatory>
    <readOnly>false</readOnly>
    <visible>true</visible>
    <listOfValues>
        <localResource
            xmlns:xsi="http://www.w3.org/2001/XMLSchema-instance"
            exportedWithPermissions="false" xsi:type="listOfValues">
            <folder>/organizations/organization_1/Input_Controls/CMS/TABG_Dashboard/COMPONENT_files</folder>
            <name>COMPONENT</name>
            <version>1</version>
            <label>COMPONENT</label>
            <creationDate>2019-06-06T14:16:59.000-04:00</creationDate>
            <updateDate>2019-06-06T14:16:59.000-04:00</updateDate>
            <item>
                <itemLabel>CMS-wide</itemLabel>
                <itemValue xmlns:java="http://java.sun.com" xsi:type="java:java.lang.String">CMS-wide</itemValue>
            </item>
            <item>
                <itemLabel>By Admin Code</itemLabel>
                <itemValue xmlns:java="http://java.sun.com" xsi:type="java:java.lang.String">By Admin Code</itemValue>
            </item>
        </localResource>
    </listOfValues>
</inputControl>
