<?xml version="1.0" encoding="UTF-8"?>
<inputControl exportedWithPermissions="false">
    <folder>/organizations/organization_1/Input_Controls/CMS/TABG_Dashboard</folder>
    <name>COMP_DATE_FROM</name>
    <version>10</version>
    <label>Start Date</label>
    <creationDate>2019-01-17T16:21:28.000-05:00</creationDate>
    <updateDate>2019-02-14T17:35:32.000-05:00</updateDate>
    <type>2</type>
    <mandatory>false</mandatory>
    <readOnly>false</readOnly>
    <visible>true</visible>
    <dataType>
        <localResource
            xmlns:xsi="http://www.w3.org/2001/XMLSchema-instance"
            exportedWithPermissions="false" xsi:type="dataType">
            <folder>/organizations/organization_1/Input_Controls/CMS/TABG_Dashboard/COMP_DATE_FROM_files</folder>
            <name>COMP_DATE_FROM</name>
            <version>1</version>
            <label>Start Date</label>
            <creationDate>2019-02-14T17:35:32.000-05:00</creationDate>
            <updateDate>2019-02-14T17:35:32.000-05:00</updateDate>
            <type>4</type>
            <strictMin>false</strictMin>
            <strictMax>false</strictMax>
        </localResource>
    </dataType>
</inputControl>
