<?xml version="1.0" encoding="UTF-8"?>
<inputControl exportedWithPermissions="false">
    <folder>/organizations/organization_1/Input_Controls/CMS/TABG_Dashboard</folder>
    <name>REQ_TYPE</name>
    <version>23</version>
    <label>Request Type</label>
    <creationDate>2019-02-12T11:01:25.000-05:00</creationDate>
    <updateDate>2019-05-14T11:44:56.000-04:00</updateDate>
    <type>3</type>
    <mandatory>true</mandatory>
    <readOnly>false</readOnly>
    <visible>true</visible>
    <listOfValues>
        <localResource
            xmlns:xsi="http://www.w3.org/2001/XMLSchema-instance"
            exportedWithPermissions="false" xsi:type="listOfValues">
            <folder>/organizations/organization_1/Input_Controls/CMS/TABG_Dashboard/REQ_TYPE_files</folder>
            <name>REQ_TYPE</name>
            <version>1</version>
            <label>Request Type</label>
            <creationDate>2019-05-14T11:44:56.000-04:00</creationDate>
            <updateDate>2019-05-14T11:44:56.000-04:00</updateDate>
            <item>
                <itemLabel>All</itemLabel>
                <itemValue xmlns:java="http://java.sun.com" xsi:type="java:java.lang.String">All</itemValue>
            </item>
            <item>
                <itemLabel>Appointment</itemLabel>
                <itemValue xmlns:java="http://java.sun.com" xsi:type="java:java.lang.String">Appointment</itemValue>
            </item>
            <item>
                <itemLabel>Classification Only</itemLabel>
                <itemValue xmlns:java="http://java.sun.com" xsi:type="java:java.lang.String">Classification Only</itemValue>
            </item>
            <item>
                <itemLabel>Recruitment</itemLabel>
                <itemValue xmlns:java="http://java.sun.com" xsi:type="java:java.lang.String">Recruitment</itemValue>
            </item>
        </localResource>
    </listOfValues>
</inputControl>
