<?xml version="1.0" encoding="UTF-8"?>
<xforms xmlns="http://www.hyfinity.com/formmaker" xmlns:mvc="http://www.hyfinity.com/mvc">
	<instance_configuration />
	<page />
	<group name="pdp_pca_position_group" />
	<group name="layout_group_9" />
	<group name="layout_group" />
	<group name="layout_group_2" />
	<group name="payPlan_group" />
	<group name="layout_group_3" />
	<group name="gradePDPPCA_group" />
	<group name="layout_group_4" />
	<group name="dutyStationPDPPCA_group" />
	<group name="notToExceedDatePDPPCA_group" />
	<group name="PDPPCA_fields_group" />
	<group name="layout_group_6" />
	<group name="workSchedule_group" />
	<group name="hoursPerWeekPDPPCA_group" />
	<group name="layout_group_8" />
	<group name="layout_group_5" />
	<element name="positionTitlePDPPCA">
		<description />
		<fm:transform_xpath xmlns:fm="http://www.hyfinity.com/formmaker">/mvc:eForm/mvc:Data/mvc:formData/mvc:positionTitlePDPPCA</fm:transform_xpath>
		<fm:action name="loadPDPPCAPosition" xmlns:fm="http://www.hyfinity.com/formmaker">
			<xform_xpath>enter_xpath_here</xform_xpath>
		</fm:action>
	</element>
	<element name="payPlanPDPPCA">
		<fm:transform_xpath xmlns:fm="http://www.hyfinity.com/formmaker">/mvc:eForm/mvc:Data/mvc:formData/mvc:payPlanPDPPCA</fm:transform_xpath>
		<fm:action name="loadPDPPCAPosition" xmlns:fm="http://www.hyfinity.com/formmaker">
			<xform_xpath>enter_xpath_here</xform_xpath>
		</fm:action>
	</element>
	<element name="seriesPDPPCA">
		<fm:transform_xpath xmlns:fm="http://www.hyfinity.com/formmaker">/mvc:eForm/mvc:Data/mvc:formData/mvc:seriesPDPPCA</fm:transform_xpath>
		<fm:action name="loadPDPPCAPosition" xmlns:fm="http://www.hyfinity.com/formmaker">
			<xform_xpath>enter_xpath_here</xform_xpath>
		</fm:action>
	</element>
	<element name="gradePDPPCA">
		<fm:transform_xpath xmlns:fm="http://www.hyfinity.com/formmaker">/mvc:eForm/mvc:Data/mvc:formData/mvc:gradePDPPCA</fm:transform_xpath>
		<fm:action name="loadPDPPCAPosition" xmlns:fm="http://www.hyfinity.com/formmaker">
			<xform_xpath>enter_xpath_here</xform_xpath>
		</fm:action>
	</element>
	<element name="posDescNumberPDPPCA">
		<fm:transform_xpath xmlns:fm="http://www.hyfinity.com/formmaker">/mvc:eForm/mvc:Data/mvc:formData/mvc:posDescNumberPDPPCA</fm:transform_xpath>
		<fm:action name="loadPDPPCAPosition" xmlns:fm="http://www.hyfinity.com/formmaker">
			<xform_xpath>enter_xpath_here</xform_xpath>
		</fm:action>
	</element>
	<element name="dutyStationPDPPCA_ac">
		<fm:transform_xpath xmlns:fm="http://www.hyfinity.com/formmaker">/mvc:eForm/mvc:Data/mvc:formData/mvc:dutyStationPDPPCA_ac</fm:transform_xpath>
		<fm:action name="loadPDPPCAPosition" xmlns:fm="http://www.hyfinity.com/formmaker">
			<xform_xpath>enter_xpath_here</xform_xpath>
		</fm:action>
	</element>
	<element name="notToExceedDatePDPPCA">
		<fm:transform_xpath xmlns:fm="http://www.hyfinity.com/formmaker">/mvc:eForm/mvc:Data/mvc:formData/mvc:notToExceedDatePDPPCA</fm:transform_xpath>
		<fm:action name="loadPDPPCAPosition" xmlns:fm="http://www.hyfinity.com/formmaker">
			<xform_xpath>enter_xpath_here</xform_xpath>
		</fm:action>
	</element>
	<element name="workSchedulePDPPCA">
		<fm:transform_xpath xmlns:fm="http://www.hyfinity.com/formmaker">/mvc:eForm/mvc:Data/mvc:formData/mvc:workSchedulePDPPCA</fm:transform_xpath>
		<fm:action name="loadPDPPCAPosition" xmlns:fm="http://www.hyfinity.com/formmaker">
			<xform_xpath>enter_xpath_here</xform_xpath>
		</fm:action>
	</element>
	<element name="hoursPerWeekPDPPCA">
		<fm:transform_xpath xmlns:fm="http://www.hyfinity.com/formmaker">/mvc:eForm/mvc:Data/mvc:formData/mvc:hoursPerWeekPDPPCA</fm:transform_xpath>
		<fm:action name="loadPDPPCAPosition" xmlns:fm="http://www.hyfinity.com/formmaker">
			<xform_xpath>enter_xpath_here</xform_xpath>
		</fm:action>
	</element>
	<element name="requireBoardCertPDPPCA">
		<fm:transform_xpath xmlns:fm="http://www.hyfinity.com/formmaker">/mvc:eForm/mvc:Data/mvc:formData/mvc:requireBoardCertPDPPCA</fm:transform_xpath>
		<fm:action name="loadPDPPCAPosition" xmlns:fm="http://www.hyfinity.com/formmaker">
			<xform_xpath>enter_xpath_here</xform_xpath>
		</fm:action>
	</element>
	<element name="licenseInfoPDPPCA">
		<fm:transform_xpath xmlns:fm="http://www.hyfinity.com/formmaker">/mvc:eForm/mvc:Data/mvc:formData/mvc:licenseInfoPDPPCA</fm:transform_xpath>
		<fm:action name="loadPDPPCAPosition" xmlns:fm="http://www.hyfinity.com/formmaker">
			<xform_xpath>enter_xpath_here</xform_xpath>
		</fm:action>
	</element>
	<element name="typeOfAppointmentPDPPCA">
		<fm:transform_xpath xmlns:fm="http://www.hyfinity.com/formmaker">/mvc:eForm/mvc:Data/mvc:formData/mvc:typeOfAppointmentPDPPCA</fm:transform_xpath>
		<fm:action name="loadPDPPCAPosition" xmlns:fm="http://www.hyfinity.com/formmaker">
			<fm:xform_xpath>/mvc:eForm/mvc:Data/mvc:formData/mvc:typeOfAppointmentPDPPCA</fm:xform_xpath>
		</fm:action>
	</element>
</xforms>
