<?xml version="1.0" encoding="UTF-8"?>
<xforms xmlns="http://www.hyfinity.com/formmaker" xmlns:mvc="http://www.hyfinity.com/mvc">
	<instance_configuration />
	<page />
	<group name="CC_main_body" />
	<group name="CC_group" />
	<group name="layout_group" />
	<group name="layout_group_2" />
	<group name="CC_CONDUCT_INVESTIGATION_FINAL_ACTION" />
	<group name="CC_FINAL_ACTION_OTHER_group" />
	<element name="CC_FINAL_ACTION">
		<repeat_xpath>/mvc:eForm/mvc:Data/lookup/record[LTYPE='ERLRCasesCompletedFinalAction']</repeat_xpath>
		<value_xpath>NAME</value_xpath>
		<text_xpath>LABEL</text_xpath>
		<description />
		<fm:transform_xpath xmlns:fm="http://www.hyfinity.com/formmaker">/mvc:eForm/mvc:Data/mvc:formData/mvc:CC_FINAL_ACTION</fm:transform_xpath>
		<fm:action name="thirdPartyHearing" xmlns:fm="http://www.hyfinity.com/formmaker">
			<xform_xpath>enter_xpath_here</xform_xpath>
		</fm:action>
		<fm:action name="appeal" xmlns:fm="http://www.hyfinity.com/formmaker">
			<xform_xpath>enter_xpath_here</xform_xpath>
		</fm:action>
		<fm:action name="case_complete" xmlns:fm="http://www.hyfinity.com/formmaker">
			<fm:xform_xpath>/mvc:eForm/mvc:Data/mvc:formData/mvc:CC_FINAL_ACTION</fm:xform_xpath>
		</fm:action>
		<fm:action name="conduct_issue" xmlns:fm="http://www.hyfinity.com/formmaker">
			<fm:xform_xpath>/mvc:eForm/mvc:Data/mvc:formData/mvc:CC_FINAL_ACTION</fm:xform_xpath>
		</fm:action>
		<fm:action name="initial_response" xmlns:fm="http://www.hyfinity.com/formmaker">
			<fm:xform_xpath>/mvc:eForm/mvc:Data/mvc:formData/mvc:CC_FINAL_ACTION</fm:xform_xpath>
		</fm:action>
		<fm:action name="grievance" xmlns:fm="http://www.hyfinity.com/formmaker">
			<fm:xform_xpath>/mvc:eForm/mvc:Data/mvc:formData/mvc:CC_FINAL_ACTION</fm:xform_xpath>
		</fm:action>
		<fm:action name="information_request" xmlns:fm="http://www.hyfinity.com/formmaker">
			<fm:xform_xpath>/mvc:eForm/mvc:Data/mvc:formData/mvc:CC_FINAL_ACTION</fm:xform_xpath>
		</fm:action>
		<fm:action name="investigation" xmlns:fm="http://www.hyfinity.com/formmaker">
			<fm:xform_xpath>/mvc:eForm/mvc:Data/mvc:formData/mvc:CC_FINAL_ACTION</fm:xform_xpath>
		</fm:action>
		<fm:action name="labor_negotiation" xmlns:fm="http://www.hyfinity.com/formmaker">
			<fm:xform_xpath>/mvc:eForm/mvc:Data/mvc:formData/mvc:CC_FINAL_ACTION</fm:xform_xpath>
		</fm:action>
		<fm:action name="meddoc" xmlns:fm="http://www.hyfinity.com/formmaker">
			<fm:xform_xpath>/mvc:eForm/mvc:Data/mvc:formData/mvc:CC_FINAL_ACTION</fm:xform_xpath>
		</fm:action>
		<fm:action name="performance_issue" xmlns:fm="http://www.hyfinity.com/formmaker">
			<fm:xform_xpath>/mvc:eForm/mvc:Data/mvc:formData/mvc:CC_FINAL_ACTION</fm:xform_xpath>
		</fm:action>
		<fm:action name="probation_period" xmlns:fm="http://www.hyfinity.com/formmaker">
			<fm:xform_xpath>/mvc:eForm/mvc:Data/mvc:formData/mvc:CC_FINAL_ACTION</fm:xform_xpath>
		</fm:action>
		<fm:action name="unfair_labor_practice" xmlns:fm="http://www.hyfinity.com/formmaker">
			<fm:xform_xpath>/mvc:eForm/mvc:Data/mvc:formData/mvc:CC_FINAL_ACTION</fm:xform_xpath>
		</fm:action>
		<fm:action name="wgiDenial" xmlns:fm="http://www.hyfinity.com/formmaker">
			<fm:xform_xpath>/mvc:eForm/mvc:Data/mvc:formData/mvc:CC_FINAL_ACTION</fm:xform_xpath>
		</fm:action>
		<fm:action name="career_ladder_promotion_denial" xmlns:fm="http://www.hyfinity.com/formmaker">
			<fm:xform_xpath>/mvc:eForm/mvc:Data/mvc:formData/mvc:CC_FINAL_ACTION</fm:xform_xpath>
		</fm:action>
	</element>
	<element name="CC_FINAL_ACTION_OTHER">
		<fm:transform_xpath xmlns:fm="http://www.hyfinity.com/formmaker">/mvc:eForm/mvc:Data/mvc:formData/mvc:CC_FINAL_ACTION_OTHER</fm:transform_xpath>
		<fm:action name="thirdPartyHearing" xmlns:fm="http://www.hyfinity.com/formmaker">
			<fm:xform_xpath>/mvc:eForm/mvc:Data/mvc:formData/mvc:CC_FINAL_ACTION_OTHER</fm:xform_xpath>
		</fm:action>
		<fm:action name="appeal" xmlns:fm="http://www.hyfinity.com/formmaker">
			<fm:xform_xpath>/mvc:eForm/mvc:Data/mvc:formData/mvc:CC_FINAL_ACTION_OTHER</fm:xform_xpath>
		</fm:action>
		<fm:action name="case_complete" xmlns:fm="http://www.hyfinity.com/formmaker">
			<fm:xform_xpath>/mvc:eForm/mvc:Data/mvc:formData/mvc:CC_FINAL_ACTION_OTHER</fm:xform_xpath>
		</fm:action>
		<fm:action name="conduct_issue" xmlns:fm="http://www.hyfinity.com/formmaker">
			<fm:xform_xpath>/mvc:eForm/mvc:Data/mvc:formData/mvc:CC_FINAL_ACTION_OTHER</fm:xform_xpath>
		</fm:action>
		<fm:action name="initial_response" xmlns:fm="http://www.hyfinity.com/formmaker">
			<fm:xform_xpath>/mvc:eForm/mvc:Data/mvc:formData/mvc:CC_FINAL_ACTION_OTHER</fm:xform_xpath>
		</fm:action>
		<fm:action name="grievance" xmlns:fm="http://www.hyfinity.com/formmaker">
			<fm:xform_xpath>/mvc:eForm/mvc:Data/mvc:formData/mvc:CC_FINAL_ACTION_OTHER</fm:xform_xpath>
		</fm:action>
		<fm:action name="information_request" xmlns:fm="http://www.hyfinity.com/formmaker">
			<fm:xform_xpath>/mvc:eForm/mvc:Data/mvc:formData/mvc:CC_FINAL_ACTION_OTHER</fm:xform_xpath>
		</fm:action>
		<fm:action name="investigation" xmlns:fm="http://www.hyfinity.com/formmaker">
			<fm:xform_xpath>/mvc:eForm/mvc:Data/mvc:formData/mvc:CC_FINAL_ACTION_OTHER</fm:xform_xpath>
		</fm:action>
		<fm:action name="labor_negotiation" xmlns:fm="http://www.hyfinity.com/formmaker">
			<fm:xform_xpath>/mvc:eForm/mvc:Data/mvc:formData/mvc:CC_FINAL_ACTION_OTHER</fm:xform_xpath>
		</fm:action>
		<fm:action name="meddoc" xmlns:fm="http://www.hyfinity.com/formmaker">
			<fm:xform_xpath>/mvc:eForm/mvc:Data/mvc:formData/mvc:CC_FINAL_ACTION_OTHER</fm:xform_xpath>
		</fm:action>
		<fm:action name="performance_issue" xmlns:fm="http://www.hyfinity.com/formmaker">
			<fm:xform_xpath>/mvc:eForm/mvc:Data/mvc:formData/mvc:CC_FINAL_ACTION_OTHER</fm:xform_xpath>
		</fm:action>
		<fm:action name="probation_period" xmlns:fm="http://www.hyfinity.com/formmaker">
			<fm:xform_xpath>/mvc:eForm/mvc:Data/mvc:formData/mvc:CC_FINAL_ACTION_OTHER</fm:xform_xpath>
		</fm:action>
		<fm:action name="unfair_labor_practice" xmlns:fm="http://www.hyfinity.com/formmaker">
			<fm:xform_xpath>/mvc:eForm/mvc:Data/mvc:formData/mvc:CC_FINAL_ACTION_OTHER</fm:xform_xpath>
		</fm:action>
		<fm:action name="wgiDenial" xmlns:fm="http://www.hyfinity.com/formmaker">
			<fm:xform_xpath>/mvc:eForm/mvc:Data/mvc:formData/mvc:CC_FINAL_ACTION_OTHER</fm:xform_xpath>
		</fm:action>
		<fm:action name="career_ladder_promotion_denial" xmlns:fm="http://www.hyfinity.com/formmaker">
			<fm:xform_xpath>/mvc:eForm/mvc:Data/mvc:formData/mvc:CC_FINAL_ACTION_OTHER</fm:xform_xpath>
		</fm:action>
	</element>
	<element name="CC_CASE_COMPLETE_DT">
		<fm:action name="case_complete" xmlns:fm="http://www.hyfinity.com/formmaker">
			<fm:xform_xpath>/mvc:eForm/mvc:Data/mvc:formData/mvc:CC_CASE_COMPLETE_DT</fm:xform_xpath>
		</fm:action>
		<fm:transform_xpath xmlns:fm="http://www.hyfinity.com/formmaker">/mvc:eForm/mvc:Data/mvc:formData/mvc:CC_CASE_COMPLETE_DT</fm:transform_xpath>
		<description />
		<action name="thirdPartyHearing">
			<xform_xpath>enter_xpath_here</xform_xpath>
		</action>
		<action name="appeal">
			<xform_xpath>enter_xpath_here</xform_xpath>
		</action>
		<fm:action name="conduct_issue" xmlns:fm="http://www.hyfinity.com/formmaker">
			<fm:xform_xpath>/mvc:eForm/mvc:Data/mvc:formData/mvc:CC_CASE_COMPLETE_DT</fm:xform_xpath>
		</fm:action>
		<fm:action name="initial_response" xmlns:fm="http://www.hyfinity.com/formmaker">
			<fm:xform_xpath>/mvc:eForm/mvc:Data/mvc:formData/mvc:CC_CASE_COMPLETE_DT</fm:xform_xpath>
		</fm:action>
		<fm:action name="grievance" xmlns:fm="http://www.hyfinity.com/formmaker">
			<fm:xform_xpath>/mvc:eForm/mvc:Data/mvc:formData/mvc:CC_CASE_COMPLETE_DT</fm:xform_xpath>
		</fm:action>
		<fm:action name="information_request" xmlns:fm="http://www.hyfinity.com/formmaker">
			<fm:xform_xpath>/mvc:eForm/mvc:Data/mvc:formData/mvc:CC_CASE_COMPLETE_DT</fm:xform_xpath>
		</fm:action>
		<fm:action name="investigation" xmlns:fm="http://www.hyfinity.com/formmaker">
			<fm:xform_xpath>/mvc:eForm/mvc:Data/mvc:formData/mvc:CC_CASE_COMPLETE_DT</fm:xform_xpath>
		</fm:action>
		<fm:action name="labor_negotiation" xmlns:fm="http://www.hyfinity.com/formmaker">
			<fm:xform_xpath>/mvc:eForm/mvc:Data/mvc:formData/mvc:CC_CASE_COMPLETE_DT</fm:xform_xpath>
		</fm:action>
		<fm:action name="meddoc" xmlns:fm="http://www.hyfinity.com/formmaker">
			<fm:xform_xpath>/mvc:eForm/mvc:Data/mvc:formData/mvc:CC_CASE_COMPLETE_DT</fm:xform_xpath>
		</fm:action>
		<fm:action name="performance_issue" xmlns:fm="http://www.hyfinity.com/formmaker">
			<fm:xform_xpath>/mvc:eForm/mvc:Data/mvc:formData/mvc:CC_CASE_COMPLETE_DT</fm:xform_xpath>
		</fm:action>
		<fm:action name="probation_period" xmlns:fm="http://www.hyfinity.com/formmaker">
			<fm:xform_xpath>/mvc:eForm/mvc:Data/mvc:formData/mvc:CC_CASE_COMPLETE_DT</fm:xform_xpath>
		</fm:action>
		<fm:action name="unfair_labor_practice" xmlns:fm="http://www.hyfinity.com/formmaker">
			<fm:xform_xpath>/mvc:eForm/mvc:Data/mvc:formData/mvc:CC_CASE_COMPLETE_DT</fm:xform_xpath>
		</fm:action>
		<fm:action name="wgiDenial" xmlns:fm="http://www.hyfinity.com/formmaker">
			<fm:xform_xpath>/mvc:eForm/mvc:Data/mvc:formData/mvc:CC_CASE_COMPLETE_DT</fm:xform_xpath>
		</fm:action>
		<fm:action name="career_ladder_promotion_denial" xmlns:fm="http://www.hyfinity.com/formmaker">
			<fm:xform_xpath>/mvc:eForm/mvc:Data/mvc:formData/mvc:CC_CASE_COMPLETE_DT</fm:xform_xpath>
		</fm:action>
	</element>
	<element name="output">
		<fm:action name="case_complete" xmlns:fm="http://www.hyfinity.com/formmaker">
			<fm:xform_xpath>/mvc:eForm/mvc:Data/mvc:formData/mvc:output</fm:xform_xpath>
		</fm:action>
		<fm:action name="appeal" xmlns:fm="http://www.hyfinity.com/formmaker">
			<fm:xform_xpath>/mvc:eForm/mvc:Data/mvc:formData/mvc:output</fm:xform_xpath>
		</fm:action>
		<fm:action name="thirdPartyHearing" xmlns:fm="http://www.hyfinity.com/formmaker">
			<fm:xform_xpath>/mvc:eForm/mvc:Data/mvc:formData/mvc:output</fm:xform_xpath>
		</fm:action>
		<fm:transform_xpath xmlns:fm="http://www.hyfinity.com/formmaker">/mvc:eForm/mvc:Data/mvc:formData/mvc:output</fm:transform_xpath>
		<fm:action name="conduct_issue" xmlns:fm="http://www.hyfinity.com/formmaker">
			<fm:xform_xpath>/mvc:eForm/mvc:Data/mvc:formData/mvc:output</fm:xform_xpath>
		</fm:action>
		<fm:action name="initial_response" xmlns:fm="http://www.hyfinity.com/formmaker">
			<fm:xform_xpath>/mvc:eForm/mvc:Data/mvc:formData/mvc:output</fm:xform_xpath>
		</fm:action>
		<fm:action name="grievance" xmlns:fm="http://www.hyfinity.com/formmaker">
			<fm:xform_xpath>/mvc:eForm/mvc:Data/mvc:formData/mvc:output</fm:xform_xpath>
		</fm:action>
		<fm:action name="information_request" xmlns:fm="http://www.hyfinity.com/formmaker">
			<fm:xform_xpath>/mvc:eForm/mvc:Data/mvc:formData/mvc:output</fm:xform_xpath>
		</fm:action>
		<fm:action name="investigation" xmlns:fm="http://www.hyfinity.com/formmaker">
			<fm:xform_xpath>/mvc:eForm/mvc:Data/mvc:formData/mvc:output</fm:xform_xpath>
		</fm:action>
		<fm:action name="labor_negotiation" xmlns:fm="http://www.hyfinity.com/formmaker">
			<fm:xform_xpath>/mvc:eForm/mvc:Data/mvc:formData/mvc:output</fm:xform_xpath>
		</fm:action>
		<fm:action name="meddoc" xmlns:fm="http://www.hyfinity.com/formmaker">
			<fm:xform_xpath>/mvc:eForm/mvc:Data/mvc:formData/mvc:output</fm:xform_xpath>
		</fm:action>
		<fm:action name="performance_issue" xmlns:fm="http://www.hyfinity.com/formmaker">
			<fm:xform_xpath>/mvc:eForm/mvc:Data/mvc:formData/mvc:output</fm:xform_xpath>
		</fm:action>
		<fm:action name="probation_period" xmlns:fm="http://www.hyfinity.com/formmaker">
			<fm:xform_xpath>/mvc:eForm/mvc:Data/mvc:formData/mvc:output</fm:xform_xpath>
		</fm:action>
		<fm:action name="unfair_labor_practice" xmlns:fm="http://www.hyfinity.com/formmaker">
			<fm:xform_xpath>/mvc:eForm/mvc:Data/mvc:formData/mvc:output</fm:xform_xpath>
		</fm:action>
		<fm:action name="wgiDenial" xmlns:fm="http://www.hyfinity.com/formmaker">
			<fm:xform_xpath>/mvc:eForm/mvc:Data/mvc:formData/mvc:output</fm:xform_xpath>
		</fm:action>
		<fm:action name="career_ladder_promotion_denial" xmlns:fm="http://www.hyfinity.com/formmaker">
			<fm:xform_xpath>/mvc:eForm/mvc:Data/mvc:formData/mvc:output</fm:xform_xpath>
		</fm:action>
	</element>
	<element name="output_2">
		<fm:action name="grievance" xmlns:fm="http://www.hyfinity.com/formmaker">
			<fm:xform_xpath>/mvc:eForm/mvc:Data/mvc:formData/mvc:output_2</fm:xform_xpath>
		</fm:action>
		<fm:action name="initial_response" xmlns:fm="http://www.hyfinity.com/formmaker">
			<fm:xform_xpath>/mvc:eForm/mvc:Data/mvc:formData/mvc:output_2</fm:xform_xpath>
		</fm:action>
		<fm:action name="conduct_issue" xmlns:fm="http://www.hyfinity.com/formmaker">
			<fm:xform_xpath>/mvc:eForm/mvc:Data/mvc:formData/mvc:output_2</fm:xform_xpath>
		</fm:action>
		<fm:action name="case_complete" xmlns:fm="http://www.hyfinity.com/formmaker">
			<fm:xform_xpath>/mvc:eForm/mvc:Data/mvc:formData/mvc:output_2</fm:xform_xpath>
		</fm:action>
		<fm:action name="appeal" xmlns:fm="http://www.hyfinity.com/formmaker">
			<fm:xform_xpath>/mvc:eForm/mvc:Data/mvc:formData/mvc:output_2</fm:xform_xpath>
		</fm:action>
		<fm:transform_xpath xmlns:fm="http://www.hyfinity.com/formmaker">/mvc:eForm/mvc:Data/mvc:formData/mvc:output_2</fm:transform_xpath>
	</element>
	<group name="pi_career_ladder_denied_note_group" />
</xforms>
