<?xml version="1.0" encoding="UTF-8"?>
<xforms xmlns:mvc="http://www.hyfinity.com/mvc" xmlns="http://www.hyfinity.com/formmaker">
	<instance_configuration />
	<page />
	<group name="LN_main_body" />
	<group name="ln_layout_group" />
	<group name="layout_group" />
	<group name="LN_UNION_GROUP" />
	<group name="layout_group_2" />
	<group name="layout_group_3" />
	<group name="LN_PROPOSAL_INFO_GROUP" />
	<group name="LN_PROPOSAL_INFO_body" />
	<group name="layout_group_4" />
	<group name="layout_group_12" />
	<group name="LN_PROPOSAL_NOT_SUBMITTED_GROUP" />
	<group name="LN_PROPOSAL_SUBMITTED_GROUP" />
	<group name="LN_LETTER_GROUP" />
	<group name="LN_LETTER_SUB_GROUP" />
	<group name="LN_NEGOTIABLE_PROPOSAL_GROUP" />
	<group name="LN_NEGOTIABLE_PROPOSAL_SUB_GROUP" />
	<group name="LN_NEGOTIABLE_SUBMITTED" />
	<group name="layout_group_8" />
	<group name="layout_group_7" />
	<group name="layout_group_6" />
	<group name="LN_NEGOTIABLE_NOT_SUBMITTED" />
	<group name="layout_group_5" />
	<group name="layout_group_9" />
	<group name="LN_MANAGEMENT_GROUP" />
	<group name="layout_group_10" />
	<group name="LN_RESPONSE_2_NOTICE_GROUP" />
	<group name="LN_MNGMNT_NOTICE_RESPONSE_GROUP" />
	<group name="LN_MNGMN_UNION_RESPOND_TO_NTC_GROUP" />
	<element name="LN_NEGOTIATION_TYPE">
		<fm:action name="labor_negotiation" xmlns:fm="http://www.hyfinity.com/formmaker">
			<fm:xform_xpath>/mvc:eForm/mvc:Data/mvc:formData/mvc:LN_NEGOTIATION_TYPE</fm:xform_xpath>
		</fm:action>
		<fm:transform_xpath xmlns:fm="http://www.hyfinity.com/formmaker">/mvc:eForm/mvc:Data/mvc:formData/mvc:LN_NEGOTIATION_TYPE</fm:transform_xpath>
		<action name="thirdPartyHearing">
			<xform_xpath>enter_xpath_here</xform_xpath>
		</action>
		<action name="appeal">
			<xform_xpath>enter_xpath_here</xform_xpath>
		</action>
		<action name="case_complete">
			<xform_xpath>enter_xpath_here</xform_xpath>
		</action>
		<action name="conduct_issue">
			<xform_xpath>enter_xpath_here</xform_xpath>
		</action>
		<action name="initial_response">
			<xform_xpath>enter_xpath_here</xform_xpath>
		</action>
		<action name="grievance">
			<xform_xpath>enter_xpath_here</xform_xpath>
		</action>
		<action name="information_request">
			<xform_xpath>enter_xpath_here</xform_xpath>
		</action>
		<action name="investigation">
			<xform_xpath>enter_xpath_here</xform_xpath>
		</action>
		<fm:action name="meddoc" xmlns:fm="http://www.hyfinity.com/formmaker">
			<fm:xform_xpath>/mvc:eForm/mvc:Data/mvc:formData/mvc:LN_NEGOTIATION_TYPE</fm:xform_xpath>
		</fm:action>
		<fm:action name="performance_issue" xmlns:fm="http://www.hyfinity.com/formmaker">
			<fm:xform_xpath>/mvc:eForm/mvc:Data/mvc:formData/mvc:LN_NEGOTIATION_TYPE</fm:xform_xpath>
		</fm:action>
		<fm:action name="probation_period" xmlns:fm="http://www.hyfinity.com/formmaker">
			<fm:xform_xpath>/mvc:eForm/mvc:Data/mvc:formData/mvc:LN_NEGOTIATION_TYPE</fm:xform_xpath>
		</fm:action>
		<fm:action name="unfair_labor_practice" xmlns:fm="http://www.hyfinity.com/formmaker">
			<fm:xform_xpath>/mvc:eForm/mvc:Data/mvc:formData/mvc:LN_NEGOTIATION_TYPE</fm:xform_xpath>
		</fm:action>
		<fm:action name="wgiDenial" xmlns:fm="http://www.hyfinity.com/formmaker">
			<fm:xform_xpath>/mvc:eForm/mvc:Data/mvc:formData/mvc:LN_NEGOTIATION_TYPE</fm:xform_xpath>
		</fm:action>
	</element>
	<element name="LN_INITIATOR">
		<fm:action name="labor_negotiation" xmlns:fm="http://www.hyfinity.com/formmaker">
			<fm:xform_xpath>/mvc:eForm/mvc:Data/mvc:formData/mvc:LN_INITIATOR</fm:xform_xpath>
		</fm:action>
		<fm:transform_xpath xmlns:fm="http://www.hyfinity.com/formmaker">/mvc:eForm/mvc:Data/mvc:formData/mvc:LN_INITIATOR</fm:transform_xpath>
		<action name="thirdPartyHearing">
			<xform_xpath>enter_xpath_here</xform_xpath>
		</action>
		<action name="appeal">
			<xform_xpath>enter_xpath_here</xform_xpath>
		</action>
		<action name="case_complete">
			<xform_xpath>enter_xpath_here</xform_xpath>
		</action>
		<action name="conduct_issue">
			<xform_xpath>enter_xpath_here</xform_xpath>
		</action>
		<action name="initial_response">
			<xform_xpath>enter_xpath_here</xform_xpath>
		</action>
		<action name="grievance">
			<xform_xpath>enter_xpath_here</xform_xpath>
		</action>
		<action name="information_request">
			<xform_xpath>enter_xpath_here</xform_xpath>
		</action>
		<action name="investigation">
			<xform_xpath>enter_xpath_here</xform_xpath>
		</action>
		<fm:action name="meddoc" xmlns:fm="http://www.hyfinity.com/formmaker">
			<fm:xform_xpath>/mvc:eForm/mvc:Data/mvc:formData/mvc:LN_INITIATOR</fm:xform_xpath>
		</fm:action>
		<fm:action name="performance_issue" xmlns:fm="http://www.hyfinity.com/formmaker">
			<fm:xform_xpath>/mvc:eForm/mvc:Data/mvc:formData/mvc:LN_INITIATOR</fm:xform_xpath>
		</fm:action>
		<fm:action name="probation_period" xmlns:fm="http://www.hyfinity.com/formmaker">
			<fm:xform_xpath>/mvc:eForm/mvc:Data/mvc:formData/mvc:LN_INITIATOR</fm:xform_xpath>
		</fm:action>
		<fm:action name="unfair_labor_practice" xmlns:fm="http://www.hyfinity.com/formmaker">
			<fm:xform_xpath>/mvc:eForm/mvc:Data/mvc:formData/mvc:LN_INITIATOR</fm:xform_xpath>
		</fm:action>
		<fm:action name="wgiDenial" xmlns:fm="http://www.hyfinity.com/formmaker">
			<fm:xform_xpath>/mvc:eForm/mvc:Data/mvc:formData/mvc:LN_INITIATOR</fm:xform_xpath>
		</fm:action>
	</element>
	<element name="LN_DEMAND2BARGAIN_DT">
		<fm:action name="labor_negotiation" xmlns:fm="http://www.hyfinity.com/formmaker">
			<fm:xform_xpath>/mvc:eForm/mvc:Data/mvc:formData/mvc:LN_DEMAND2BARGAIN_DT</fm:xform_xpath>
		</fm:action>
		<fm:transform_xpath xmlns:fm="http://www.hyfinity.com/formmaker">/mvc:eForm/mvc:Data/mvc:formData/mvc:LN_DEMAND2BARGAIN_DT</fm:transform_xpath>
		<action name="thirdPartyHearing">
			<xform_xpath>enter_xpath_here</xform_xpath>
		</action>
		<action name="appeal">
			<xform_xpath>enter_xpath_here</xform_xpath>
		</action>
		<action name="case_complete">
			<xform_xpath>enter_xpath_here</xform_xpath>
		</action>
		<action name="conduct_issue">
			<xform_xpath>enter_xpath_here</xform_xpath>
		</action>
		<action name="initial_response">
			<xform_xpath>enter_xpath_here</xform_xpath>
		</action>
		<action name="grievance">
			<xform_xpath>enter_xpath_here</xform_xpath>
		</action>
		<action name="information_request">
			<xform_xpath>enter_xpath_here</xform_xpath>
		</action>
		<action name="investigation">
			<xform_xpath>enter_xpath_here</xform_xpath>
		</action>
		<fm:action name="meddoc" xmlns:fm="http://www.hyfinity.com/formmaker">
			<fm:xform_xpath>/mvc:eForm/mvc:Data/mvc:formData/mvc:LN_DEMAND2BARGAIN_DT</fm:xform_xpath>
		</fm:action>
		<fm:action name="performance_issue" xmlns:fm="http://www.hyfinity.com/formmaker">
			<fm:xform_xpath>/mvc:eForm/mvc:Data/mvc:formData/mvc:LN_DEMAND2BARGAIN_DT</fm:xform_xpath>
		</fm:action>
		<fm:action name="probation_period" xmlns:fm="http://www.hyfinity.com/formmaker">
			<fm:xform_xpath>/mvc:eForm/mvc:Data/mvc:formData/mvc:LN_DEMAND2BARGAIN_DT</fm:xform_xpath>
		</fm:action>
		<fm:action name="unfair_labor_practice" xmlns:fm="http://www.hyfinity.com/formmaker">
			<fm:xform_xpath>/mvc:eForm/mvc:Data/mvc:formData/mvc:LN_DEMAND2BARGAIN_DT</fm:xform_xpath>
		</fm:action>
		<fm:action name="wgiDenial" xmlns:fm="http://www.hyfinity.com/formmaker">
			<fm:xform_xpath>/mvc:eForm/mvc:Data/mvc:formData/mvc:LN_DEMAND2BARGAIN_DT</fm:xform_xpath>
		</fm:action>
	</element>
	<element name="LN_BRIEFING_REQUEST">
		<fm:action name="labor_negotiation" xmlns:fm="http://www.hyfinity.com/formmaker">
			<fm:xform_xpath>/mvc:eForm/mvc:Data/mvc:formData/mvc:LN_BRIEFING_REQUEST</fm:xform_xpath>
		</fm:action>
		<fm:transform_xpath xmlns:fm="http://www.hyfinity.com/formmaker">/mvc:eForm/mvc:Data/mvc:formData/mvc:LN_BRIEFING_REQUEST</fm:transform_xpath>
		<action name="thirdPartyHearing">
			<xform_xpath>enter_xpath_here</xform_xpath>
		</action>
		<action name="appeal">
			<xform_xpath>enter_xpath_here</xform_xpath>
		</action>
		<action name="case_complete">
			<xform_xpath>enter_xpath_here</xform_xpath>
		</action>
		<action name="conduct_issue">
			<xform_xpath>enter_xpath_here</xform_xpath>
		</action>
		<action name="initial_response">
			<xform_xpath>enter_xpath_here</xform_xpath>
		</action>
		<action name="grievance">
			<xform_xpath>enter_xpath_here</xform_xpath>
		</action>
		<action name="information_request">
			<xform_xpath>enter_xpath_here</xform_xpath>
		</action>
		<action name="investigation">
			<xform_xpath>enter_xpath_here</xform_xpath>
		</action>
		<fm:action name="meddoc" xmlns:fm="http://www.hyfinity.com/formmaker">
			<fm:xform_xpath>/mvc:eForm/mvc:Data/mvc:formData/mvc:LN_BRIEFING_REQUEST</fm:xform_xpath>
		</fm:action>
		<fm:action name="performance_issue" xmlns:fm="http://www.hyfinity.com/formmaker">
			<fm:xform_xpath>/mvc:eForm/mvc:Data/mvc:formData/mvc:LN_BRIEFING_REQUEST</fm:xform_xpath>
		</fm:action>
		<fm:action name="probation_period" xmlns:fm="http://www.hyfinity.com/formmaker">
			<fm:xform_xpath>/mvc:eForm/mvc:Data/mvc:formData/mvc:LN_BRIEFING_REQUEST</fm:xform_xpath>
		</fm:action>
		<fm:action name="unfair_labor_practice" xmlns:fm="http://www.hyfinity.com/formmaker">
			<fm:xform_xpath>/mvc:eForm/mvc:Data/mvc:formData/mvc:LN_BRIEFING_REQUEST</fm:xform_xpath>
		</fm:action>
		<fm:action name="wgiDenial" xmlns:fm="http://www.hyfinity.com/formmaker">
			<fm:xform_xpath>/mvc:eForm/mvc:Data/mvc:formData/mvc:LN_BRIEFING_REQUEST</fm:xform_xpath>
		</fm:action>
	</element>
	<element name="LN_PROPOSAL_SUBMISSION_DT">
		<fm:action name="labor_negotiation" xmlns:fm="http://www.hyfinity.com/formmaker">
			<fm:xform_xpath>/mvc:eForm/mvc:Data/mvc:formData/mvc:LN_PROPOSAL_SUBMISSION_DT</fm:xform_xpath>
		</fm:action>
		<fm:transform_xpath xmlns:fm="http://www.hyfinity.com/formmaker">/mvc:eForm/mvc:Data/mvc:formData/mvc:LN_PROPOSAL_SUBMISSION_DT</fm:transform_xpath>
		<action name="thirdPartyHearing">
			<xform_xpath>enter_xpath_here</xform_xpath>
		</action>
		<action name="appeal">
			<xform_xpath>enter_xpath_here</xform_xpath>
		</action>
		<action name="case_complete">
			<xform_xpath>enter_xpath_here</xform_xpath>
		</action>
		<action name="conduct_issue">
			<xform_xpath>enter_xpath_here</xform_xpath>
		</action>
		<action name="initial_response">
			<xform_xpath>enter_xpath_here</xform_xpath>
		</action>
		<action name="grievance">
			<xform_xpath>enter_xpath_here</xform_xpath>
		</action>
		<action name="information_request">
			<xform_xpath>enter_xpath_here</xform_xpath>
		</action>
		<action name="investigation">
			<xform_xpath>enter_xpath_here</xform_xpath>
		</action>
		<fm:action name="meddoc" xmlns:fm="http://www.hyfinity.com/formmaker">
			<fm:xform_xpath>/mvc:eForm/mvc:Data/mvc:formData/mvc:LN_PROPOSAL_SUBMISSION_DT</fm:xform_xpath>
		</fm:action>
		<fm:action name="performance_issue" xmlns:fm="http://www.hyfinity.com/formmaker">
			<fm:xform_xpath>/mvc:eForm/mvc:Data/mvc:formData/mvc:LN_PROPOSAL_SUBMISSION_DT</fm:xform_xpath>
		</fm:action>
		<fm:action name="probation_period" xmlns:fm="http://www.hyfinity.com/formmaker">
			<fm:xform_xpath>/mvc:eForm/mvc:Data/mvc:formData/mvc:LN_PROPOSAL_SUBMISSION_DT</fm:xform_xpath>
		</fm:action>
		<fm:action name="unfair_labor_practice" xmlns:fm="http://www.hyfinity.com/formmaker">
			<fm:xform_xpath>/mvc:eForm/mvc:Data/mvc:formData/mvc:LN_PROPOSAL_SUBMISSION_DT</fm:xform_xpath>
		</fm:action>
		<fm:action name="wgiDenial" xmlns:fm="http://www.hyfinity.com/formmaker">
			<fm:xform_xpath>/mvc:eForm/mvc:Data/mvc:formData/mvc:LN_PROPOSAL_SUBMISSION_DT</fm:xform_xpath>
		</fm:action>
	</element>
	<element name="LN_PROPOSAL_SUBMISSION">
		<fm:action name="labor_negotiation" xmlns:fm="http://www.hyfinity.com/formmaker">
			<fm:xform_xpath>/mvc:eForm/mvc:Data/mvc:formData/mvc:LN_PROPOSAL_SUBMISSION</fm:xform_xpath>
		</fm:action>
		<fm:transform_xpath xmlns:fm="http://www.hyfinity.com/formmaker">/mvc:eForm/mvc:Data/mvc:formData/mvc:LN_PROPOSAL_SUBMISSION</fm:transform_xpath>
		<action name="thirdPartyHearing">
			<xform_xpath>enter_xpath_here</xform_xpath>
		</action>
		<action name="appeal">
			<xform_xpath>enter_xpath_here</xform_xpath>
		</action>
		<action name="case_complete">
			<xform_xpath>enter_xpath_here</xform_xpath>
		</action>
		<action name="conduct_issue">
			<xform_xpath>enter_xpath_here</xform_xpath>
		</action>
		<action name="initial_response">
			<xform_xpath>enter_xpath_here</xform_xpath>
		</action>
		<action name="grievance">
			<xform_xpath>enter_xpath_here</xform_xpath>
		</action>
		<action name="information_request">
			<xform_xpath>enter_xpath_here</xform_xpath>
		</action>
		<action name="investigation">
			<xform_xpath>enter_xpath_here</xform_xpath>
		</action>
		<fm:action name="meddoc" xmlns:fm="http://www.hyfinity.com/formmaker">
			<fm:xform_xpath>/mvc:eForm/mvc:Data/mvc:formData/mvc:LN_PROPOSAL_SUBMISSION</fm:xform_xpath>
		</fm:action>
		<fm:action name="performance_issue" xmlns:fm="http://www.hyfinity.com/formmaker">
			<fm:xform_xpath>/mvc:eForm/mvc:Data/mvc:formData/mvc:LN_PROPOSAL_SUBMISSION</fm:xform_xpath>
		</fm:action>
		<fm:action name="probation_period" xmlns:fm="http://www.hyfinity.com/formmaker">
			<fm:xform_xpath>/mvc:eForm/mvc:Data/mvc:formData/mvc:LN_PROPOSAL_SUBMISSION</fm:xform_xpath>
		</fm:action>
		<fm:action name="unfair_labor_practice" xmlns:fm="http://www.hyfinity.com/formmaker">
			<fm:xform_xpath>/mvc:eForm/mvc:Data/mvc:formData/mvc:LN_PROPOSAL_SUBMISSION</fm:xform_xpath>
		</fm:action>
		<fm:action name="wgiDenial" xmlns:fm="http://www.hyfinity.com/formmaker">
			<fm:xform_xpath>/mvc:eForm/mvc:Data/mvc:formData/mvc:LN_PROPOSAL_SUBMISSION</fm:xform_xpath>
		</fm:action>
	</element>
	<element name="LN_PROPOSAL_NEGOTIABLE">
		<fm:transform_xpath xmlns:fm="http://www.hyfinity.com/formmaker">/mvc:eForm/mvc:Data/mvc:formData/mvc:LN_PROPOSAL_NEGOTIABLE</fm:transform_xpath>
		<fm:action name="thirdPartyHearing" xmlns:fm="http://www.hyfinity.com/formmaker">
			<xform_xpath>enter_xpath_here</xform_xpath>
		</fm:action>
		<fm:action name="appeal" xmlns:fm="http://www.hyfinity.com/formmaker">
			<xform_xpath>enter_xpath_here</xform_xpath>
		</fm:action>
		<fm:action name="case_complete" xmlns:fm="http://www.hyfinity.com/formmaker">
			<xform_xpath>enter_xpath_here</xform_xpath>
		</fm:action>
		<fm:action name="conduct_issue" xmlns:fm="http://www.hyfinity.com/formmaker">
			<xform_xpath>enter_xpath_here</xform_xpath>
		</fm:action>
		<fm:action name="initial_response" xmlns:fm="http://www.hyfinity.com/formmaker">
			<xform_xpath>enter_xpath_here</xform_xpath>
		</fm:action>
		<fm:action name="grievance" xmlns:fm="http://www.hyfinity.com/formmaker">
			<xform_xpath>enter_xpath_here</xform_xpath>
		</fm:action>
		<fm:action name="information_request" xmlns:fm="http://www.hyfinity.com/formmaker">
			<xform_xpath>enter_xpath_here</xform_xpath>
		</fm:action>
		<fm:action name="investigation" xmlns:fm="http://www.hyfinity.com/formmaker">
			<xform_xpath>enter_xpath_here</xform_xpath>
		</fm:action>
		<fm:action name="labor_negotiation" xmlns:fm="http://www.hyfinity.com/formmaker">
			<fm:xform_xpath>/mvc:eForm/mvc:Data/mvc:formData/mvc:LN_PROPOSAL_NEGOTIABLE</fm:xform_xpath>
		</fm:action>
		<fm:action name="meddoc" xmlns:fm="http://www.hyfinity.com/formmaker">
			<fm:xform_xpath>/mvc:eForm/mvc:Data/mvc:formData/mvc:LN_PROPOSAL_NEGOTIABLE</fm:xform_xpath>
		</fm:action>
		<fm:action name="performance_issue" xmlns:fm="http://www.hyfinity.com/formmaker">
			<fm:xform_xpath>/mvc:eForm/mvc:Data/mvc:formData/mvc:LN_PROPOSAL_NEGOTIABLE</fm:xform_xpath>
		</fm:action>
		<fm:action name="probation_period" xmlns:fm="http://www.hyfinity.com/formmaker">
			<fm:xform_xpath>/mvc:eForm/mvc:Data/mvc:formData/mvc:LN_PROPOSAL_NEGOTIABLE</fm:xform_xpath>
		</fm:action>
		<fm:action name="unfair_labor_practice" xmlns:fm="http://www.hyfinity.com/formmaker">
			<fm:xform_xpath>/mvc:eForm/mvc:Data/mvc:formData/mvc:LN_PROPOSAL_NEGOTIABLE</fm:xform_xpath>
		</fm:action>
		<fm:action name="wgiDenial" xmlns:fm="http://www.hyfinity.com/formmaker">
			<fm:xform_xpath>/mvc:eForm/mvc:Data/mvc:formData/mvc:LN_PROPOSAL_NEGOTIABLE</fm:xform_xpath>
		</fm:action>
	</element>
	<element name="LN_NON_NEGOTIABLE_LETTER">
		<fm:transform_xpath xmlns:fm="http://www.hyfinity.com/formmaker">/mvc:eForm/mvc:Data/mvc:formData/mvc:LN_NON_NEGOTIABLE_LETTER</fm:transform_xpath>
		<fm:action name="thirdPartyHearing" xmlns:fm="http://www.hyfinity.com/formmaker">
			<xform_xpath>enter_xpath_here</xform_xpath>
		</fm:action>
		<fm:action name="appeal" xmlns:fm="http://www.hyfinity.com/formmaker">
			<xform_xpath>enter_xpath_here</xform_xpath>
		</fm:action>
		<fm:action name="case_complete" xmlns:fm="http://www.hyfinity.com/formmaker">
			<xform_xpath>enter_xpath_here</xform_xpath>
		</fm:action>
		<fm:action name="conduct_issue" xmlns:fm="http://www.hyfinity.com/formmaker">
			<xform_xpath>enter_xpath_here</xform_xpath>
		</fm:action>
		<fm:action name="initial_response" xmlns:fm="http://www.hyfinity.com/formmaker">
			<xform_xpath>enter_xpath_here</xform_xpath>
		</fm:action>
		<fm:action name="grievance" xmlns:fm="http://www.hyfinity.com/formmaker">
			<xform_xpath>enter_xpath_here</xform_xpath>
		</fm:action>
		<fm:action name="information_request" xmlns:fm="http://www.hyfinity.com/formmaker">
			<xform_xpath>enter_xpath_here</xform_xpath>
		</fm:action>
		<fm:action name="investigation" xmlns:fm="http://www.hyfinity.com/formmaker">
			<xform_xpath>enter_xpath_here</xform_xpath>
		</fm:action>
		<fm:action name="labor_negotiation" xmlns:fm="http://www.hyfinity.com/formmaker">
			<fm:xform_xpath>/mvc:eForm/mvc:Data/mvc:formData/mvc:LN_NON_NEGOTIABLE_LETTER</fm:xform_xpath>
		</fm:action>
		<fm:action name="meddoc" xmlns:fm="http://www.hyfinity.com/formmaker">
			<fm:xform_xpath>/mvc:eForm/mvc:Data/mvc:formData/mvc:LN_NON_NEGOTIABLE_LETTER</fm:xform_xpath>
		</fm:action>
		<fm:action name="performance_issue" xmlns:fm="http://www.hyfinity.com/formmaker">
			<fm:xform_xpath>/mvc:eForm/mvc:Data/mvc:formData/mvc:LN_NON_NEGOTIABLE_LETTER</fm:xform_xpath>
		</fm:action>
		<fm:action name="probation_period" xmlns:fm="http://www.hyfinity.com/formmaker">
			<fm:xform_xpath>/mvc:eForm/mvc:Data/mvc:formData/mvc:LN_NON_NEGOTIABLE_LETTER</fm:xform_xpath>
		</fm:action>
		<fm:action name="unfair_labor_practice" xmlns:fm="http://www.hyfinity.com/formmaker">
			<fm:xform_xpath>/mvc:eForm/mvc:Data/mvc:formData/mvc:LN_NON_NEGOTIABLE_LETTER</fm:xform_xpath>
		</fm:action>
		<fm:action name="wgiDenial" xmlns:fm="http://www.hyfinity.com/formmaker">
			<fm:xform_xpath>/mvc:eForm/mvc:Data/mvc:formData/mvc:LN_NON_NEGOTIABLE_LETTER</fm:xform_xpath>
		</fm:action>
	</element>
	<element name="LN_FILE_ULP">
		<fm:transform_xpath xmlns:fm="http://www.hyfinity.com/formmaker">/mvc:eForm/mvc:Data/mvc:formData/mvc:LN_FILE_ULP</fm:transform_xpath>
		<fm:action name="thirdPartyHearing" xmlns:fm="http://www.hyfinity.com/formmaker">
			<xform_xpath>enter_xpath_here</xform_xpath>
		</fm:action>
		<fm:action name="appeal" xmlns:fm="http://www.hyfinity.com/formmaker">
			<xform_xpath>enter_xpath_here</xform_xpath>
		</fm:action>
		<fm:action name="case_complete" xmlns:fm="http://www.hyfinity.com/formmaker">
			<xform_xpath>enter_xpath_here</xform_xpath>
		</fm:action>
		<fm:action name="conduct_issue" xmlns:fm="http://www.hyfinity.com/formmaker">
			<xform_xpath>enter_xpath_here</xform_xpath>
		</fm:action>
		<fm:action name="initial_response" xmlns:fm="http://www.hyfinity.com/formmaker">
			<xform_xpath>enter_xpath_here</xform_xpath>
		</fm:action>
		<fm:action name="grievance" xmlns:fm="http://www.hyfinity.com/formmaker">
			<xform_xpath>enter_xpath_here</xform_xpath>
		</fm:action>
		<fm:action name="information_request" xmlns:fm="http://www.hyfinity.com/formmaker">
			<xform_xpath>enter_xpath_here</xform_xpath>
		</fm:action>
		<fm:action name="investigation" xmlns:fm="http://www.hyfinity.com/formmaker">
			<xform_xpath>enter_xpath_here</xform_xpath>
		</fm:action>
		<fm:action name="labor_negotiation" xmlns:fm="http://www.hyfinity.com/formmaker">
			<fm:xform_xpath>/mvc:eForm/mvc:Data/mvc:formData/mvc:LN_FILE_ULP</fm:xform_xpath>
		</fm:action>
		<fm:action name="meddoc" xmlns:fm="http://www.hyfinity.com/formmaker">
			<fm:xform_xpath>/mvc:eForm/mvc:Data/mvc:formData/mvc:LN_FILE_ULP</fm:xform_xpath>
		</fm:action>
		<fm:action name="performance_issue" xmlns:fm="http://www.hyfinity.com/formmaker">
			<fm:xform_xpath>/mvc:eForm/mvc:Data/mvc:formData/mvc:LN_FILE_ULP</fm:xform_xpath>
		</fm:action>
		<fm:action name="probation_period" xmlns:fm="http://www.hyfinity.com/formmaker">
			<fm:xform_xpath>/mvc:eForm/mvc:Data/mvc:formData/mvc:LN_FILE_ULP</fm:xform_xpath>
		</fm:action>
		<fm:action name="unfair_labor_practice" xmlns:fm="http://www.hyfinity.com/formmaker">
			<fm:xform_xpath>/mvc:eForm/mvc:Data/mvc:formData/mvc:LN_FILE_ULP</fm:xform_xpath>
		</fm:action>
		<fm:action name="wgiDenial" xmlns:fm="http://www.hyfinity.com/formmaker">
			<fm:xform_xpath>/mvc:eForm/mvc:Data/mvc:formData/mvc:LN_FILE_ULP</fm:xform_xpath>
		</fm:action>
	</element>
	<element name="LN_PROPOSAL_INFO_GROUND_RULES">
		<fm:action name="labor_negotiation" xmlns:fm="http://www.hyfinity.com/formmaker">
			<fm:xform_xpath>/mvc:eForm/mvc:Data/mvc:formData/mvc:LN_PROPOSAL_INFO_GROUND_RULES</fm:xform_xpath>
		</fm:action>
		<fm:transform_xpath xmlns:fm="http://www.hyfinity.com/formmaker">/mvc:eForm/mvc:Data/mvc:formData/mvc:LN_PROPOSAL_INFO_GROUND_RULES</fm:transform_xpath>
		<action name="thirdPartyHearing">
			<xform_xpath>enter_xpath_here</xform_xpath>
		</action>
		<action name="appeal">
			<xform_xpath>enter_xpath_here</xform_xpath>
		</action>
		<action name="case_complete">
			<xform_xpath>enter_xpath_here</xform_xpath>
		</action>
		<action name="conduct_issue">
			<xform_xpath>enter_xpath_here</xform_xpath>
		</action>
		<action name="initial_response">
			<xform_xpath>enter_xpath_here</xform_xpath>
		</action>
		<action name="grievance">
			<xform_xpath>enter_xpath_here</xform_xpath>
		</action>
		<action name="information_request">
			<xform_xpath>enter_xpath_here</xform_xpath>
		</action>
		<action name="investigation">
			<xform_xpath>enter_xpath_here</xform_xpath>
		</action>
		<fm:action name="meddoc" xmlns:fm="http://www.hyfinity.com/formmaker">
			<fm:xform_xpath>/mvc:eForm/mvc:Data/mvc:formData/mvc:LN_PROPOSAL_INFO_GROUND_RULES</fm:xform_xpath>
		</fm:action>
		<fm:action name="performance_issue" xmlns:fm="http://www.hyfinity.com/formmaker">
			<fm:xform_xpath>/mvc:eForm/mvc:Data/mvc:formData/mvc:LN_PROPOSAL_INFO_GROUND_RULES</fm:xform_xpath>
		</fm:action>
		<fm:action name="probation_period" xmlns:fm="http://www.hyfinity.com/formmaker">
			<fm:xform_xpath>/mvc:eForm/mvc:Data/mvc:formData/mvc:LN_PROPOSAL_INFO_GROUND_RULES</fm:xform_xpath>
		</fm:action>
		<fm:action name="unfair_labor_practice" xmlns:fm="http://www.hyfinity.com/formmaker">
			<fm:xform_xpath>/mvc:eForm/mvc:Data/mvc:formData/mvc:LN_PROPOSAL_INFO_GROUND_RULES</fm:xform_xpath>
		</fm:action>
		<fm:action name="wgiDenial" xmlns:fm="http://www.hyfinity.com/formmaker">
			<fm:xform_xpath>/mvc:eForm/mvc:Data/mvc:formData/mvc:LN_PROPOSAL_INFO_GROUND_RULES</fm:xform_xpath>
		</fm:action>
	</element>
	<element name="LN_PROPOSAL_INFO_NEG_COMMENCED_DT">
		<fm:action name="labor_negotiation" xmlns:fm="http://www.hyfinity.com/formmaker">
			<fm:xform_xpath>/mvc:eForm/mvc:Data/mvc:formData/mvc:LN_PROPOSAL_INFO_NEG_COMMENCED_DT</fm:xform_xpath>
		</fm:action>
		<fm:transform_xpath xmlns:fm="http://www.hyfinity.com/formmaker">/mvc:eForm/mvc:Data/mvc:formData/mvc:LN_PROPOSAL_INFO_NEG_COMMENCED_DT</fm:transform_xpath>
		<action name="thirdPartyHearing">
			<xform_xpath>enter_xpath_here</xform_xpath>
		</action>
		<action name="appeal">
			<xform_xpath>enter_xpath_here</xform_xpath>
		</action>
		<action name="case_complete">
			<xform_xpath>enter_xpath_here</xform_xpath>
		</action>
		<action name="conduct_issue">
			<xform_xpath>enter_xpath_here</xform_xpath>
		</action>
		<action name="initial_response">
			<xform_xpath>enter_xpath_here</xform_xpath>
		</action>
		<action name="grievance">
			<xform_xpath>enter_xpath_here</xform_xpath>
		</action>
		<action name="information_request">
			<xform_xpath>enter_xpath_here</xform_xpath>
		</action>
		<action name="investigation">
			<xform_xpath>enter_xpath_here</xform_xpath>
		</action>
		<fm:action name="meddoc" xmlns:fm="http://www.hyfinity.com/formmaker">
			<fm:xform_xpath>/mvc:eForm/mvc:Data/mvc:formData/mvc:LN_PROPOSAL_INFO_NEG_COMMENCED_DT</fm:xform_xpath>
		</fm:action>
		<fm:action name="performance_issue" xmlns:fm="http://www.hyfinity.com/formmaker">
			<fm:xform_xpath>/mvc:eForm/mvc:Data/mvc:formData/mvc:LN_PROPOSAL_INFO_NEG_COMMENCED_DT</fm:xform_xpath>
		</fm:action>
		<fm:action name="probation_period" xmlns:fm="http://www.hyfinity.com/formmaker">
			<fm:xform_xpath>/mvc:eForm/mvc:Data/mvc:formData/mvc:LN_PROPOSAL_INFO_NEG_COMMENCED_DT</fm:xform_xpath>
		</fm:action>
		<fm:action name="unfair_labor_practice" xmlns:fm="http://www.hyfinity.com/formmaker">
			<fm:xform_xpath>/mvc:eForm/mvc:Data/mvc:formData/mvc:LN_PROPOSAL_INFO_NEG_COMMENCED_DT</fm:xform_xpath>
		</fm:action>
		<fm:action name="wgiDenial" xmlns:fm="http://www.hyfinity.com/formmaker">
			<fm:xform_xpath>/mvc:eForm/mvc:Data/mvc:formData/mvc:LN_PROPOSAL_INFO_NEG_COMMENCED_DT</fm:xform_xpath>
		</fm:action>
	</element>
	<element name="LN_LETTER_PROVIDED">
		<fm:transform_xpath xmlns:fm="http://www.hyfinity.com/formmaker">/mvc:eForm/mvc:Data/mvc:formData/mvc:LN_LETTER_PROVIDED</fm:transform_xpath>
		<fm:action name="thirdPartyHearing" xmlns:fm="http://www.hyfinity.com/formmaker">
			<xform_xpath>enter_xpath_here</xform_xpath>
		</fm:action>
		<fm:action name="appeal" xmlns:fm="http://www.hyfinity.com/formmaker">
			<xform_xpath>enter_xpath_here</xform_xpath>
		</fm:action>
		<fm:action name="case_complete" xmlns:fm="http://www.hyfinity.com/formmaker">
			<xform_xpath>enter_xpath_here</xform_xpath>
		</fm:action>
		<fm:action name="conduct_issue" xmlns:fm="http://www.hyfinity.com/formmaker">
			<xform_xpath>enter_xpath_here</xform_xpath>
		</fm:action>
		<fm:action name="initial_response" xmlns:fm="http://www.hyfinity.com/formmaker">
			<xform_xpath>enter_xpath_here</xform_xpath>
		</fm:action>
		<fm:action name="grievance" xmlns:fm="http://www.hyfinity.com/formmaker">
			<xform_xpath>enter_xpath_here</xform_xpath>
		</fm:action>
		<fm:action name="information_request" xmlns:fm="http://www.hyfinity.com/formmaker">
			<xform_xpath>enter_xpath_here</xform_xpath>
		</fm:action>
		<fm:action name="investigation" xmlns:fm="http://www.hyfinity.com/formmaker">
			<xform_xpath>enter_xpath_here</xform_xpath>
		</fm:action>
		<fm:action name="labor_negotiation" xmlns:fm="http://www.hyfinity.com/formmaker">
			<fm:xform_xpath>/mvc:eForm/mvc:Data/mvc:formData/mvc:LN_LETTER_PROVIDED</fm:xform_xpath>
		</fm:action>
		<fm:action name="meddoc" xmlns:fm="http://www.hyfinity.com/formmaker">
			<fm:xform_xpath>/mvc:eForm/mvc:Data/mvc:formData/mvc:LN_LETTER_PROVIDED</fm:xform_xpath>
		</fm:action>
		<fm:action name="performance_issue" xmlns:fm="http://www.hyfinity.com/formmaker">
			<fm:xform_xpath>/mvc:eForm/mvc:Data/mvc:formData/mvc:LN_LETTER_PROVIDED</fm:xform_xpath>
		</fm:action>
		<fm:action name="probation_period" xmlns:fm="http://www.hyfinity.com/formmaker">
			<fm:xform_xpath>/mvc:eForm/mvc:Data/mvc:formData/mvc:LN_LETTER_PROVIDED</fm:xform_xpath>
		</fm:action>
		<fm:action name="unfair_labor_practice" xmlns:fm="http://www.hyfinity.com/formmaker">
			<fm:xform_xpath>/mvc:eForm/mvc:Data/mvc:formData/mvc:LN_LETTER_PROVIDED</fm:xform_xpath>
		</fm:action>
		<fm:action name="wgiDenial" xmlns:fm="http://www.hyfinity.com/formmaker">
			<fm:xform_xpath>/mvc:eForm/mvc:Data/mvc:formData/mvc:LN_LETTER_PROVIDED</fm:xform_xpath>
		</fm:action>
	</element>
	<element name="LN_LETTER_PROVIDED_DT">
		<fm:action name="labor_negotiation" xmlns:fm="http://www.hyfinity.com/formmaker">
			<fm:xform_xpath>/mvc:eForm/mvc:Data/mvc:formData/mvc:LN_LETTER_PROVIDED_DT</fm:xform_xpath>
		</fm:action>
		<fm:transform_xpath xmlns:fm="http://www.hyfinity.com/formmaker">/mvc:eForm/mvc:Data/mvc:formData/mvc:LN_LETTER_PROVIDED_DT</fm:transform_xpath>
		<action name="thirdPartyHearing">
			<xform_xpath>enter_xpath_here</xform_xpath>
		</action>
		<action name="appeal">
			<xform_xpath>enter_xpath_here</xform_xpath>
		</action>
		<action name="case_complete">
			<xform_xpath>enter_xpath_here</xform_xpath>
		</action>
		<action name="conduct_issue">
			<xform_xpath>enter_xpath_here</xform_xpath>
		</action>
		<action name="initial_response">
			<xform_xpath>enter_xpath_here</xform_xpath>
		</action>
		<action name="grievance">
			<xform_xpath>enter_xpath_here</xform_xpath>
		</action>
		<action name="information_request">
			<xform_xpath>enter_xpath_here</xform_xpath>
		</action>
		<action name="investigation">
			<xform_xpath>enter_xpath_here</xform_xpath>
		</action>
		<fm:action name="meddoc" xmlns:fm="http://www.hyfinity.com/formmaker">
			<fm:xform_xpath>/mvc:eForm/mvc:Data/mvc:formData/mvc:LN_LETTER_PROVIDED_DT</fm:xform_xpath>
		</fm:action>
		<fm:action name="performance_issue" xmlns:fm="http://www.hyfinity.com/formmaker">
			<fm:xform_xpath>/mvc:eForm/mvc:Data/mvc:formData/mvc:LN_LETTER_PROVIDED_DT</fm:xform_xpath>
		</fm:action>
		<fm:action name="probation_period" xmlns:fm="http://www.hyfinity.com/formmaker">
			<fm:xform_xpath>/mvc:eForm/mvc:Data/mvc:formData/mvc:LN_LETTER_PROVIDED_DT</fm:xform_xpath>
		</fm:action>
		<fm:action name="unfair_labor_practice" xmlns:fm="http://www.hyfinity.com/formmaker">
			<fm:xform_xpath>/mvc:eForm/mvc:Data/mvc:formData/mvc:LN_LETTER_PROVIDED_DT</fm:xform_xpath>
		</fm:action>
		<fm:action name="wgiDenial" xmlns:fm="http://www.hyfinity.com/formmaker">
			<fm:xform_xpath>/mvc:eForm/mvc:Data/mvc:formData/mvc:LN_LETTER_PROVIDED_DT</fm:xform_xpath>
		</fm:action>
	</element>
	<element name="LN_NEGOTIABLE_PROPOSAL">
		<fm:transform_xpath xmlns:fm="http://www.hyfinity.com/formmaker">/mvc:eForm/mvc:Data/mvc:formData/mvc:LN_NEGOTIABLE_PROPOSAL</fm:transform_xpath>
		<fm:action name="thirdPartyHearing" xmlns:fm="http://www.hyfinity.com/formmaker">
			<xform_xpath>enter_xpath_here</xform_xpath>
		</fm:action>
		<fm:action name="appeal" xmlns:fm="http://www.hyfinity.com/formmaker">
			<xform_xpath>enter_xpath_here</xform_xpath>
		</fm:action>
		<fm:action name="case_complete" xmlns:fm="http://www.hyfinity.com/formmaker">
			<xform_xpath>enter_xpath_here</xform_xpath>
		</fm:action>
		<fm:action name="conduct_issue" xmlns:fm="http://www.hyfinity.com/formmaker">
			<xform_xpath>enter_xpath_here</xform_xpath>
		</fm:action>
		<fm:action name="initial_response" xmlns:fm="http://www.hyfinity.com/formmaker">
			<xform_xpath>enter_xpath_here</xform_xpath>
		</fm:action>
		<fm:action name="grievance" xmlns:fm="http://www.hyfinity.com/formmaker">
			<xform_xpath>enter_xpath_here</xform_xpath>
		</fm:action>
		<fm:action name="information_request" xmlns:fm="http://www.hyfinity.com/formmaker">
			<xform_xpath>enter_xpath_here</xform_xpath>
		</fm:action>
		<fm:action name="investigation" xmlns:fm="http://www.hyfinity.com/formmaker">
			<xform_xpath>enter_xpath_here</xform_xpath>
		</fm:action>
		<fm:action name="labor_negotiation" xmlns:fm="http://www.hyfinity.com/formmaker">
			<fm:xform_xpath>/mvc:eForm/mvc:Data/mvc:formData/mvc:LN_NEGOTIABLE_PROPOSAL</fm:xform_xpath>
		</fm:action>
		<fm:action name="meddoc" xmlns:fm="http://www.hyfinity.com/formmaker">
			<fm:xform_xpath>/mvc:eForm/mvc:Data/mvc:formData/mvc:LN_NEGOTIABLE_PROPOSAL</fm:xform_xpath>
		</fm:action>
		<fm:action name="performance_issue" xmlns:fm="http://www.hyfinity.com/formmaker">
			<fm:xform_xpath>/mvc:eForm/mvc:Data/mvc:formData/mvc:LN_NEGOTIABLE_PROPOSAL</fm:xform_xpath>
		</fm:action>
		<fm:action name="probation_period" xmlns:fm="http://www.hyfinity.com/formmaker">
			<fm:xform_xpath>/mvc:eForm/mvc:Data/mvc:formData/mvc:LN_NEGOTIABLE_PROPOSAL</fm:xform_xpath>
		</fm:action>
		<fm:action name="unfair_labor_practice" xmlns:fm="http://www.hyfinity.com/formmaker">
			<fm:xform_xpath>/mvc:eForm/mvc:Data/mvc:formData/mvc:LN_NEGOTIABLE_PROPOSAL</fm:xform_xpath>
		</fm:action>
		<fm:action name="wgiDenial" xmlns:fm="http://www.hyfinity.com/formmaker">
			<fm:xform_xpath>/mvc:eForm/mvc:Data/mvc:formData/mvc:LN_NEGOTIABLE_PROPOSAL</fm:xform_xpath>
		</fm:action>
	</element>
	<element name="LN_BARGAINING_BEGAN_DT">
		<fm:transform_xpath xmlns:fm="http://www.hyfinity.com/formmaker">/mvc:eForm/mvc:Data/mvc:formData/mvc:LN_BARGAINING_BEGAN_DT</fm:transform_xpath>
		<fm:action name="thirdPartyHearing" xmlns:fm="http://www.hyfinity.com/formmaker">
			<xform_xpath>enter_xpath_here</xform_xpath>
		</fm:action>
		<fm:action name="appeal" xmlns:fm="http://www.hyfinity.com/formmaker">
			<xform_xpath>enter_xpath_here</xform_xpath>
		</fm:action>
		<fm:action name="case_complete" xmlns:fm="http://www.hyfinity.com/formmaker">
			<xform_xpath>enter_xpath_here</xform_xpath>
		</fm:action>
		<fm:action name="conduct_issue" xmlns:fm="http://www.hyfinity.com/formmaker">
			<xform_xpath>enter_xpath_here</xform_xpath>
		</fm:action>
		<fm:action name="initial_response" xmlns:fm="http://www.hyfinity.com/formmaker">
			<xform_xpath>enter_xpath_here</xform_xpath>
		</fm:action>
		<fm:action name="grievance" xmlns:fm="http://www.hyfinity.com/formmaker">
			<xform_xpath>enter_xpath_here</xform_xpath>
		</fm:action>
		<fm:action name="information_request" xmlns:fm="http://www.hyfinity.com/formmaker">
			<xform_xpath>enter_xpath_here</xform_xpath>
		</fm:action>
		<fm:action name="investigation" xmlns:fm="http://www.hyfinity.com/formmaker">
			<xform_xpath>enter_xpath_here</xform_xpath>
		</fm:action>
		<fm:action name="labor_negotiation" xmlns:fm="http://www.hyfinity.com/formmaker">
			<fm:xform_xpath>/mvc:eForm/mvc:Data/mvc:formData/mvc:LN_BARGAINING_BEGAN_DT</fm:xform_xpath>
		</fm:action>
		<fm:action name="meddoc" xmlns:fm="http://www.hyfinity.com/formmaker">
			<fm:xform_xpath>/mvc:eForm/mvc:Data/mvc:formData/mvc:LN_BARGAINING_BEGAN_DT</fm:xform_xpath>
		</fm:action>
		<fm:action name="performance_issue" xmlns:fm="http://www.hyfinity.com/formmaker">
			<fm:xform_xpath>/mvc:eForm/mvc:Data/mvc:formData/mvc:LN_BARGAINING_BEGAN_DT</fm:xform_xpath>
		</fm:action>
		<fm:action name="probation_period" xmlns:fm="http://www.hyfinity.com/formmaker">
			<fm:xform_xpath>/mvc:eForm/mvc:Data/mvc:formData/mvc:LN_BARGAINING_BEGAN_DT</fm:xform_xpath>
		</fm:action>
		<fm:action name="unfair_labor_practice" xmlns:fm="http://www.hyfinity.com/formmaker">
			<fm:xform_xpath>/mvc:eForm/mvc:Data/mvc:formData/mvc:LN_BARGAINING_BEGAN_DT</fm:xform_xpath>
		</fm:action>
		<fm:action name="wgiDenial" xmlns:fm="http://www.hyfinity.com/formmaker">
			<fm:xform_xpath>/mvc:eForm/mvc:Data/mvc:formData/mvc:LN_BARGAINING_BEGAN_DT</fm:xform_xpath>
		</fm:action>
	</element>
	<element name="LN_IMPASSE_DT">
		<fm:transform_xpath xmlns:fm="http://www.hyfinity.com/formmaker">/mvc:eForm/mvc:Data/mvc:formData/mvc:LN_IMPASSE_DT</fm:transform_xpath>
		<fm:action name="thirdPartyHearing" xmlns:fm="http://www.hyfinity.com/formmaker">
			<xform_xpath>enter_xpath_here</xform_xpath>
		</fm:action>
		<fm:action name="appeal" xmlns:fm="http://www.hyfinity.com/formmaker">
			<xform_xpath>enter_xpath_here</xform_xpath>
		</fm:action>
		<fm:action name="case_complete" xmlns:fm="http://www.hyfinity.com/formmaker">
			<xform_xpath>enter_xpath_here</xform_xpath>
		</fm:action>
		<fm:action name="conduct_issue" xmlns:fm="http://www.hyfinity.com/formmaker">
			<xform_xpath>enter_xpath_here</xform_xpath>
		</fm:action>
		<fm:action name="initial_response" xmlns:fm="http://www.hyfinity.com/formmaker">
			<xform_xpath>enter_xpath_here</xform_xpath>
		</fm:action>
		<fm:action name="grievance" xmlns:fm="http://www.hyfinity.com/formmaker">
			<xform_xpath>enter_xpath_here</xform_xpath>
		</fm:action>
		<fm:action name="information_request" xmlns:fm="http://www.hyfinity.com/formmaker">
			<xform_xpath>enter_xpath_here</xform_xpath>
		</fm:action>
		<fm:action name="investigation" xmlns:fm="http://www.hyfinity.com/formmaker">
			<xform_xpath>enter_xpath_here</xform_xpath>
		</fm:action>
		<fm:action name="labor_negotiation" xmlns:fm="http://www.hyfinity.com/formmaker">
			<fm:xform_xpath>/mvc:eForm/mvc:Data/mvc:formData/mvc:LN_IMPASSE_DT</fm:xform_xpath>
		</fm:action>
		<fm:action name="meddoc" xmlns:fm="http://www.hyfinity.com/formmaker">
			<fm:xform_xpath>/mvc:eForm/mvc:Data/mvc:formData/mvc:LN_IMPASSE_DT</fm:xform_xpath>
		</fm:action>
		<fm:action name="performance_issue" xmlns:fm="http://www.hyfinity.com/formmaker">
			<fm:xform_xpath>/mvc:eForm/mvc:Data/mvc:formData/mvc:LN_IMPASSE_DT</fm:xform_xpath>
		</fm:action>
		<fm:action name="probation_period" xmlns:fm="http://www.hyfinity.com/formmaker">
			<fm:xform_xpath>/mvc:eForm/mvc:Data/mvc:formData/mvc:LN_IMPASSE_DT</fm:xform_xpath>
		</fm:action>
		<fm:action name="unfair_labor_practice" xmlns:fm="http://www.hyfinity.com/formmaker">
			<fm:xform_xpath>/mvc:eForm/mvc:Data/mvc:formData/mvc:LN_IMPASSE_DT</fm:xform_xpath>
		</fm:action>
		<fm:action name="wgiDenial" xmlns:fm="http://www.hyfinity.com/formmaker">
			<fm:xform_xpath>/mvc:eForm/mvc:Data/mvc:formData/mvc:LN_IMPASSE_DT</fm:xform_xpath>
		</fm:action>
	</element>
	<element name="LN_FSIP_DECISION_DT">
		<fm:transform_xpath xmlns:fm="http://www.hyfinity.com/formmaker">/mvc:eForm/mvc:Data/mvc:formData/mvc:LN_FSIP_DECISION_DT</fm:transform_xpath>
		<fm:action name="thirdPartyHearing" xmlns:fm="http://www.hyfinity.com/formmaker">
			<xform_xpath>enter_xpath_here</xform_xpath>
		</fm:action>
		<fm:action name="appeal" xmlns:fm="http://www.hyfinity.com/formmaker">
			<xform_xpath>enter_xpath_here</xform_xpath>
		</fm:action>
		<fm:action name="case_complete" xmlns:fm="http://www.hyfinity.com/formmaker">
			<xform_xpath>enter_xpath_here</xform_xpath>
		</fm:action>
		<fm:action name="conduct_issue" xmlns:fm="http://www.hyfinity.com/formmaker">
			<xform_xpath>enter_xpath_here</xform_xpath>
		</fm:action>
		<fm:action name="initial_response" xmlns:fm="http://www.hyfinity.com/formmaker">
			<xform_xpath>enter_xpath_here</xform_xpath>
		</fm:action>
		<fm:action name="grievance" xmlns:fm="http://www.hyfinity.com/formmaker">
			<xform_xpath>enter_xpath_here</xform_xpath>
		</fm:action>
		<fm:action name="information_request" xmlns:fm="http://www.hyfinity.com/formmaker">
			<xform_xpath>enter_xpath_here</xform_xpath>
		</fm:action>
		<fm:action name="investigation" xmlns:fm="http://www.hyfinity.com/formmaker">
			<xform_xpath>enter_xpath_here</xform_xpath>
		</fm:action>
		<fm:action name="labor_negotiation" xmlns:fm="http://www.hyfinity.com/formmaker">
			<fm:xform_xpath>/mvc:eForm/mvc:Data/mvc:formData/mvc:LN_FSIP_DECISION_DT</fm:xform_xpath>
		</fm:action>
		<fm:action name="meddoc" xmlns:fm="http://www.hyfinity.com/formmaker">
			<fm:xform_xpath>/mvc:eForm/mvc:Data/mvc:formData/mvc:LN_FSIP_DECISION_DT</fm:xform_xpath>
		</fm:action>
		<fm:action name="performance_issue" xmlns:fm="http://www.hyfinity.com/formmaker">
			<fm:xform_xpath>/mvc:eForm/mvc:Data/mvc:formData/mvc:LN_FSIP_DECISION_DT</fm:xform_xpath>
		</fm:action>
		<fm:action name="probation_period" xmlns:fm="http://www.hyfinity.com/formmaker">
			<fm:xform_xpath>/mvc:eForm/mvc:Data/mvc:formData/mvc:LN_FSIP_DECISION_DT</fm:xform_xpath>
		</fm:action>
		<fm:action name="unfair_labor_practice" xmlns:fm="http://www.hyfinity.com/formmaker">
			<fm:xform_xpath>/mvc:eForm/mvc:Data/mvc:formData/mvc:LN_FSIP_DECISION_DT</fm:xform_xpath>
		</fm:action>
		<fm:action name="wgiDenial" xmlns:fm="http://www.hyfinity.com/formmaker">
			<fm:xform_xpath>/mvc:eForm/mvc:Data/mvc:formData/mvc:LN_FSIP_DECISION_DT</fm:xform_xpath>
		</fm:action>
	</element>
	<element name="LN_BARGAINING_END_DT">
		<fm:transform_xpath xmlns:fm="http://www.hyfinity.com/formmaker">/mvc:eForm/mvc:Data/mvc:formData/mvc:LN_BARGAINING_END_DT</fm:transform_xpath>
		<fm:action name="thirdPartyHearing" xmlns:fm="http://www.hyfinity.com/formmaker">
			<xform_xpath>enter_xpath_here</xform_xpath>
		</fm:action>
		<fm:action name="appeal" xmlns:fm="http://www.hyfinity.com/formmaker">
			<xform_xpath>enter_xpath_here</xform_xpath>
		</fm:action>
		<fm:action name="case_complete" xmlns:fm="http://www.hyfinity.com/formmaker">
			<xform_xpath>enter_xpath_here</xform_xpath>
		</fm:action>
		<fm:action name="conduct_issue" xmlns:fm="http://www.hyfinity.com/formmaker">
			<xform_xpath>enter_xpath_here</xform_xpath>
		</fm:action>
		<fm:action name="initial_response" xmlns:fm="http://www.hyfinity.com/formmaker">
			<xform_xpath>enter_xpath_here</xform_xpath>
		</fm:action>
		<fm:action name="grievance" xmlns:fm="http://www.hyfinity.com/formmaker">
			<xform_xpath>enter_xpath_here</xform_xpath>
		</fm:action>
		<fm:action name="information_request" xmlns:fm="http://www.hyfinity.com/formmaker">
			<xform_xpath>enter_xpath_here</xform_xpath>
		</fm:action>
		<fm:action name="investigation" xmlns:fm="http://www.hyfinity.com/formmaker">
			<xform_xpath>enter_xpath_here</xform_xpath>
		</fm:action>
		<fm:action name="labor_negotiation" xmlns:fm="http://www.hyfinity.com/formmaker">
			<fm:xform_xpath>/mvc:eForm/mvc:Data/mvc:formData/mvc:LN_BARGAINING_END_DT</fm:xform_xpath>
		</fm:action>
		<fm:action name="meddoc" xmlns:fm="http://www.hyfinity.com/formmaker">
			<fm:xform_xpath>/mvc:eForm/mvc:Data/mvc:formData/mvc:LN_BARGAINING_END_DT</fm:xform_xpath>
		</fm:action>
		<fm:action name="performance_issue" xmlns:fm="http://www.hyfinity.com/formmaker">
			<fm:xform_xpath>/mvc:eForm/mvc:Data/mvc:formData/mvc:LN_BARGAINING_END_DT</fm:xform_xpath>
		</fm:action>
		<fm:action name="probation_period" xmlns:fm="http://www.hyfinity.com/formmaker">
			<fm:xform_xpath>/mvc:eForm/mvc:Data/mvc:formData/mvc:LN_BARGAINING_END_DT</fm:xform_xpath>
		</fm:action>
		<fm:action name="unfair_labor_practice" xmlns:fm="http://www.hyfinity.com/formmaker">
			<fm:xform_xpath>/mvc:eForm/mvc:Data/mvc:formData/mvc:LN_BARGAINING_END_DT</fm:xform_xpath>
		</fm:action>
		<fm:action name="wgiDenial" xmlns:fm="http://www.hyfinity.com/formmaker">
			<fm:xform_xpath>/mvc:eForm/mvc:Data/mvc:formData/mvc:LN_BARGAINING_END_DT</fm:xform_xpath>
		</fm:action>
	</element>
	<element name="LN_AGREEMENT_DT">
		<fm:action name="labor_negotiation" xmlns:fm="http://www.hyfinity.com/formmaker">
			<fm:xform_xpath>/mvc:eForm/mvc:Data/mvc:formData/mvc:LN_AGREEMENT_DT</fm:xform_xpath>
		</fm:action>
		<fm:transform_xpath xmlns:fm="http://www.hyfinity.com/formmaker">/mvc:eForm/mvc:Data/mvc:formData/mvc:LN_AGREEMENT_DT</fm:transform_xpath>
		<action name="thirdPartyHearing">
			<xform_xpath>enter_xpath_here</xform_xpath>
		</action>
		<action name="appeal">
			<xform_xpath>enter_xpath_here</xform_xpath>
		</action>
		<action name="case_complete">
			<xform_xpath>enter_xpath_here</xform_xpath>
		</action>
		<action name="conduct_issue">
			<xform_xpath>enter_xpath_here</xform_xpath>
		</action>
		<action name="initial_response">
			<xform_xpath>enter_xpath_here</xform_xpath>
		</action>
		<action name="grievance">
			<xform_xpath>enter_xpath_here</xform_xpath>
		</action>
		<action name="information_request">
			<xform_xpath>enter_xpath_here</xform_xpath>
		</action>
		<action name="investigation">
			<xform_xpath>enter_xpath_here</xform_xpath>
		</action>
		<fm:action name="meddoc" xmlns:fm="http://www.hyfinity.com/formmaker">
			<fm:xform_xpath>/mvc:eForm/mvc:Data/mvc:formData/mvc:LN_AGREEMENT_DT</fm:xform_xpath>
		</fm:action>
		<fm:action name="performance_issue" xmlns:fm="http://www.hyfinity.com/formmaker">
			<fm:xform_xpath>/mvc:eForm/mvc:Data/mvc:formData/mvc:LN_AGREEMENT_DT</fm:xform_xpath>
		</fm:action>
		<fm:action name="probation_period" xmlns:fm="http://www.hyfinity.com/formmaker">
			<fm:xform_xpath>/mvc:eForm/mvc:Data/mvc:formData/mvc:LN_AGREEMENT_DT</fm:xform_xpath>
		</fm:action>
		<fm:action name="unfair_labor_practice" xmlns:fm="http://www.hyfinity.com/formmaker">
			<fm:xform_xpath>/mvc:eForm/mvc:Data/mvc:formData/mvc:LN_AGREEMENT_DT</fm:xform_xpath>
		</fm:action>
		<fm:action name="wgiDenial" xmlns:fm="http://www.hyfinity.com/formmaker">
			<fm:xform_xpath>/mvc:eForm/mvc:Data/mvc:formData/mvc:LN_AGREEMENT_DT</fm:xform_xpath>
		</fm:action>
	</element>
	<element name="LN_SUMMARY_OF_ISSUE">
		<fm:transform_xpath xmlns:fm="http://www.hyfinity.com/formmaker">/mvc:eForm/mvc:Data/mvc:formData/mvc:LN_SUMMARY_OF_ISSUE</fm:transform_xpath>
		<fm:action name="thirdPartyHearing" xmlns:fm="http://www.hyfinity.com/formmaker">
			<xform_xpath>enter_xpath_here</xform_xpath>
		</fm:action>
		<fm:action name="appeal" xmlns:fm="http://www.hyfinity.com/formmaker">
			<xform_xpath>enter_xpath_here</xform_xpath>
		</fm:action>
		<fm:action name="case_complete" xmlns:fm="http://www.hyfinity.com/formmaker">
			<xform_xpath>enter_xpath_here</xform_xpath>
		</fm:action>
		<fm:action name="conduct_issue" xmlns:fm="http://www.hyfinity.com/formmaker">
			<xform_xpath>enter_xpath_here</xform_xpath>
		</fm:action>
		<fm:action name="initial_response" xmlns:fm="http://www.hyfinity.com/formmaker">
			<xform_xpath>enter_xpath_here</xform_xpath>
		</fm:action>
		<fm:action name="grievance" xmlns:fm="http://www.hyfinity.com/formmaker">
			<xform_xpath>enter_xpath_here</xform_xpath>
		</fm:action>
		<fm:action name="information_request" xmlns:fm="http://www.hyfinity.com/formmaker">
			<xform_xpath>enter_xpath_here</xform_xpath>
		</fm:action>
		<fm:action name="investigation" xmlns:fm="http://www.hyfinity.com/formmaker">
			<xform_xpath>enter_xpath_here</xform_xpath>
		</fm:action>
		<fm:action name="labor_negotiation" xmlns:fm="http://www.hyfinity.com/formmaker">
			<fm:xform_xpath>/mvc:eForm/mvc:Data/mvc:formData/mvc:LN_SUMMARY_OF_ISSUE</fm:xform_xpath>
		</fm:action>
		<fm:action name="meddoc" xmlns:fm="http://www.hyfinity.com/formmaker">
			<fm:xform_xpath>/mvc:eForm/mvc:Data/mvc:formData/mvc:LN_SUMMARY_OF_ISSUE</fm:xform_xpath>
		</fm:action>
		<fm:action name="performance_issue" xmlns:fm="http://www.hyfinity.com/formmaker">
			<fm:xform_xpath>/mvc:eForm/mvc:Data/mvc:formData/mvc:LN_SUMMARY_OF_ISSUE</fm:xform_xpath>
		</fm:action>
		<fm:action name="probation_period" xmlns:fm="http://www.hyfinity.com/formmaker">
			<fm:xform_xpath>/mvc:eForm/mvc:Data/mvc:formData/mvc:LN_SUMMARY_OF_ISSUE</fm:xform_xpath>
		</fm:action>
		<fm:action name="unfair_labor_practice" xmlns:fm="http://www.hyfinity.com/formmaker">
			<fm:xform_xpath>/mvc:eForm/mvc:Data/mvc:formData/mvc:LN_SUMMARY_OF_ISSUE</fm:xform_xpath>
		</fm:action>
		<fm:action name="wgiDenial" xmlns:fm="http://www.hyfinity.com/formmaker">
			<fm:xform_xpath>/mvc:eForm/mvc:Data/mvc:formData/mvc:LN_SUMMARY_OF_ISSUE</fm:xform_xpath>
		</fm:action>
	</element>
	<element name="LN_SECON_LETTER_REQUEST">
		<fm:transform_xpath xmlns:fm="http://www.hyfinity.com/formmaker">/mvc:eForm/mvc:Data/mvc:formData/mvc:LN_SECON_LETTER_REQUEST</fm:transform_xpath>
		<fm:action name="thirdPartyHearing" xmlns:fm="http://www.hyfinity.com/formmaker">
			<xform_xpath>enter_xpath_here</xform_xpath>
		</fm:action>
		<fm:action name="appeal" xmlns:fm="http://www.hyfinity.com/formmaker">
			<xform_xpath>enter_xpath_here</xform_xpath>
		</fm:action>
		<fm:action name="case_complete" xmlns:fm="http://www.hyfinity.com/formmaker">
			<xform_xpath>enter_xpath_here</xform_xpath>
		</fm:action>
		<fm:action name="conduct_issue" xmlns:fm="http://www.hyfinity.com/formmaker">
			<xform_xpath>enter_xpath_here</xform_xpath>
		</fm:action>
		<fm:action name="initial_response" xmlns:fm="http://www.hyfinity.com/formmaker">
			<xform_xpath>enter_xpath_here</xform_xpath>
		</fm:action>
		<fm:action name="grievance" xmlns:fm="http://www.hyfinity.com/formmaker">
			<xform_xpath>enter_xpath_here</xform_xpath>
		</fm:action>
		<fm:action name="information_request" xmlns:fm="http://www.hyfinity.com/formmaker">
			<xform_xpath>enter_xpath_here</xform_xpath>
		</fm:action>
		<fm:action name="investigation" xmlns:fm="http://www.hyfinity.com/formmaker">
			<xform_xpath>enter_xpath_here</xform_xpath>
		</fm:action>
		<fm:action name="labor_negotiation" xmlns:fm="http://www.hyfinity.com/formmaker">
			<fm:xform_xpath>/mvc:eForm/mvc:Data/mvc:formData/mvc:LN_SECON_LETTER_REQUEST</fm:xform_xpath>
		</fm:action>
		<fm:action name="meddoc" xmlns:fm="http://www.hyfinity.com/formmaker">
			<fm:xform_xpath>/mvc:eForm/mvc:Data/mvc:formData/mvc:LN_SECON_LETTER_REQUEST</fm:xform_xpath>
		</fm:action>
		<fm:action name="performance_issue" xmlns:fm="http://www.hyfinity.com/formmaker">
			<fm:xform_xpath>/mvc:eForm/mvc:Data/mvc:formData/mvc:LN_SECON_LETTER_REQUEST</fm:xform_xpath>
		</fm:action>
		<fm:action name="probation_period" xmlns:fm="http://www.hyfinity.com/formmaker">
			<fm:xform_xpath>/mvc:eForm/mvc:Data/mvc:formData/mvc:LN_SECON_LETTER_REQUEST</fm:xform_xpath>
		</fm:action>
		<fm:action name="unfair_labor_practice" xmlns:fm="http://www.hyfinity.com/formmaker">
			<fm:xform_xpath>/mvc:eForm/mvc:Data/mvc:formData/mvc:LN_SECON_LETTER_REQUEST</fm:xform_xpath>
		</fm:action>
		<fm:action name="wgiDenial" xmlns:fm="http://www.hyfinity.com/formmaker">
			<fm:xform_xpath>/mvc:eForm/mvc:Data/mvc:formData/mvc:LN_SECON_LETTER_REQUEST</fm:xform_xpath>
		</fm:action>
	</element>
	<element name="LN_2ND_LETTER_PROVIDED">
		<fm:action name="labor_negotiation" xmlns:fm="http://www.hyfinity.com/formmaker">
			<fm:xform_xpath>/mvc:eForm/mvc:Data/mvc:formData/mvc:LN_2ND_LETTER_PROVIDED</fm:xform_xpath>
		</fm:action>
		<fm:transform_xpath xmlns:fm="http://www.hyfinity.com/formmaker">/mvc:eForm/mvc:Data/mvc:formData/mvc:LN_2ND_LETTER_PROVIDED</fm:transform_xpath>
		<action name="thirdPartyHearing">
			<xform_xpath>enter_xpath_here</xform_xpath>
		</action>
		<action name="appeal">
			<xform_xpath>enter_xpath_here</xform_xpath>
		</action>
		<action name="case_complete">
			<xform_xpath>enter_xpath_here</xform_xpath>
		</action>
		<action name="conduct_issue">
			<xform_xpath>enter_xpath_here</xform_xpath>
		</action>
		<action name="initial_response">
			<xform_xpath>enter_xpath_here</xform_xpath>
		</action>
		<action name="grievance">
			<xform_xpath>enter_xpath_here</xform_xpath>
		</action>
		<action name="information_request">
			<xform_xpath>enter_xpath_here</xform_xpath>
		</action>
		<action name="investigation">
			<xform_xpath>enter_xpath_here</xform_xpath>
		</action>
		<fm:action name="meddoc" xmlns:fm="http://www.hyfinity.com/formmaker">
			<fm:xform_xpath>/mvc:eForm/mvc:Data/mvc:formData/mvc:LN_2ND_LETTER_PROVIDED</fm:xform_xpath>
		</fm:action>
		<fm:action name="performance_issue" xmlns:fm="http://www.hyfinity.com/formmaker">
			<fm:xform_xpath>/mvc:eForm/mvc:Data/mvc:formData/mvc:LN_2ND_LETTER_PROVIDED</fm:xform_xpath>
		</fm:action>
		<fm:action name="probation_period" xmlns:fm="http://www.hyfinity.com/formmaker">
			<fm:xform_xpath>/mvc:eForm/mvc:Data/mvc:formData/mvc:LN_2ND_LETTER_PROVIDED</fm:xform_xpath>
		</fm:action>
		<fm:action name="unfair_labor_practice" xmlns:fm="http://www.hyfinity.com/formmaker">
			<fm:xform_xpath>/mvc:eForm/mvc:Data/mvc:formData/mvc:LN_2ND_LETTER_PROVIDED</fm:xform_xpath>
		</fm:action>
		<fm:action name="wgiDenial" xmlns:fm="http://www.hyfinity.com/formmaker">
			<fm:xform_xpath>/mvc:eForm/mvc:Data/mvc:formData/mvc:LN_2ND_LETTER_PROVIDED</fm:xform_xpath>
		</fm:action>
	</element>
	<element name="LN_NEGOTIABL_ISSUE_SUMMARY">
		<fm:transform_xpath xmlns:fm="http://www.hyfinity.com/formmaker">/mvc:eForm/mvc:Data/mvc:formData/mvc:LN_NEGOTIABL_ISSUE_SUMMARY</fm:transform_xpath>
		<fm:action name="thirdPartyHearing" xmlns:fm="http://www.hyfinity.com/formmaker">
			<xform_xpath>enter_xpath_here</xform_xpath>
		</fm:action>
		<fm:action name="appeal" xmlns:fm="http://www.hyfinity.com/formmaker">
			<xform_xpath>enter_xpath_here</xform_xpath>
		</fm:action>
		<fm:action name="case_complete" xmlns:fm="http://www.hyfinity.com/formmaker">
			<xform_xpath>enter_xpath_here</xform_xpath>
		</fm:action>
		<fm:action name="conduct_issue" xmlns:fm="http://www.hyfinity.com/formmaker">
			<xform_xpath>enter_xpath_here</xform_xpath>
		</fm:action>
		<fm:action name="initial_response" xmlns:fm="http://www.hyfinity.com/formmaker">
			<xform_xpath>enter_xpath_here</xform_xpath>
		</fm:action>
		<fm:action name="grievance" xmlns:fm="http://www.hyfinity.com/formmaker">
			<xform_xpath>enter_xpath_here</xform_xpath>
		</fm:action>
		<fm:action name="information_request" xmlns:fm="http://www.hyfinity.com/formmaker">
			<xform_xpath>enter_xpath_here</xform_xpath>
		</fm:action>
		<fm:action name="investigation" xmlns:fm="http://www.hyfinity.com/formmaker">
			<xform_xpath>enter_xpath_here</xform_xpath>
		</fm:action>
		<fm:action name="labor_negotiation" xmlns:fm="http://www.hyfinity.com/formmaker">
			<fm:xform_xpath>/mvc:eForm/mvc:Data/mvc:formData/mvc:LN_NEGOTIABL_ISSUE_SUMMARY</fm:xform_xpath>
		</fm:action>
		<fm:action name="meddoc" xmlns:fm="http://www.hyfinity.com/formmaker">
			<fm:xform_xpath>/mvc:eForm/mvc:Data/mvc:formData/mvc:LN_NEGOTIABL_ISSUE_SUMMARY</fm:xform_xpath>
		</fm:action>
		<fm:action name="performance_issue" xmlns:fm="http://www.hyfinity.com/formmaker">
			<fm:xform_xpath>/mvc:eForm/mvc:Data/mvc:formData/mvc:LN_NEGOTIABL_ISSUE_SUMMARY</fm:xform_xpath>
		</fm:action>
		<fm:action name="probation_period" xmlns:fm="http://www.hyfinity.com/formmaker">
			<fm:xform_xpath>/mvc:eForm/mvc:Data/mvc:formData/mvc:LN_NEGOTIABL_ISSUE_SUMMARY</fm:xform_xpath>
		</fm:action>
		<fm:action name="unfair_labor_practice" xmlns:fm="http://www.hyfinity.com/formmaker">
			<fm:xform_xpath>/mvc:eForm/mvc:Data/mvc:formData/mvc:LN_NEGOTIABL_ISSUE_SUMMARY</fm:xform_xpath>
		</fm:action>
		<fm:action name="wgiDenial" xmlns:fm="http://www.hyfinity.com/formmaker">
			<fm:xform_xpath>/mvc:eForm/mvc:Data/mvc:formData/mvc:LN_NEGOTIABL_ISSUE_SUMMARY</fm:xform_xpath>
		</fm:action>
	</element>
	<element name="LN_MNGMNT_ARTICLE4_NTC_DT">
		<fm:action name="labor_negotiation" xmlns:fm="http://www.hyfinity.com/formmaker">
			<fm:xform_xpath>/mvc:eForm/mvc:Data/mvc:formData/mvc:LN_MNGMNT_ARTICLE4_NTC_DT</fm:xform_xpath>
		</fm:action>
		<fm:transform_xpath xmlns:fm="http://www.hyfinity.com/formmaker">/mvc:eForm/mvc:Data/mvc:formData/mvc:LN_MNGMNT_ARTICLE4_NTC_DT</fm:transform_xpath>
		<action name="thirdPartyHearing">
			<xform_xpath>enter_xpath_here</xform_xpath>
		</action>
		<action name="appeal">
			<xform_xpath>enter_xpath_here</xform_xpath>
		</action>
		<action name="case_complete">
			<xform_xpath>enter_xpath_here</xform_xpath>
		</action>
		<action name="conduct_issue">
			<xform_xpath>enter_xpath_here</xform_xpath>
		</action>
		<action name="initial_response">
			<xform_xpath>enter_xpath_here</xform_xpath>
		</action>
		<action name="grievance">
			<xform_xpath>enter_xpath_here</xform_xpath>
		</action>
		<action name="information_request">
			<xform_xpath>enter_xpath_here</xform_xpath>
		</action>
		<action name="investigation">
			<xform_xpath>enter_xpath_here</xform_xpath>
		</action>
		<fm:action name="meddoc" xmlns:fm="http://www.hyfinity.com/formmaker">
			<fm:xform_xpath>/mvc:eForm/mvc:Data/mvc:formData/mvc:LN_MNGMNT_ARTICLE4_NTC_DT</fm:xform_xpath>
		</fm:action>
		<fm:action name="performance_issue" xmlns:fm="http://www.hyfinity.com/formmaker">
			<fm:xform_xpath>/mvc:eForm/mvc:Data/mvc:formData/mvc:LN_MNGMNT_ARTICLE4_NTC_DT</fm:xform_xpath>
		</fm:action>
		<fm:action name="probation_period" xmlns:fm="http://www.hyfinity.com/formmaker">
			<fm:xform_xpath>/mvc:eForm/mvc:Data/mvc:formData/mvc:LN_MNGMNT_ARTICLE4_NTC_DT</fm:xform_xpath>
		</fm:action>
		<fm:action name="unfair_labor_practice" xmlns:fm="http://www.hyfinity.com/formmaker">
			<fm:xform_xpath>/mvc:eForm/mvc:Data/mvc:formData/mvc:LN_MNGMNT_ARTICLE4_NTC_DT</fm:xform_xpath>
		</fm:action>
		<fm:action name="wgiDenial" xmlns:fm="http://www.hyfinity.com/formmaker">
			<fm:xform_xpath>/mvc:eForm/mvc:Data/mvc:formData/mvc:LN_MNGMNT_ARTICLE4_NTC_DT</fm:xform_xpath>
		</fm:action>
	</element>
	<element name="LN_MNGMNT_NOTICE_RESPONSE">
		<fm:action name="labor_negotiation" xmlns:fm="http://www.hyfinity.com/formmaker">
			<fm:xform_xpath>/mvc:eForm/mvc:Data/mvc:formData/mvc:LN_MNGMNT_NOTICE_RESPONSE</fm:xform_xpath>
		</fm:action>
		<fm:transform_xpath xmlns:fm="http://www.hyfinity.com/formmaker">/mvc:eForm/mvc:Data/mvc:formData/mvc:LN_MNGMNT_NOTICE_RESPONSE</fm:transform_xpath>
		<action name="thirdPartyHearing">
			<xform_xpath>enter_xpath_here</xform_xpath>
		</action>
		<action name="appeal">
			<xform_xpath>enter_xpath_here</xform_xpath>
		</action>
		<action name="case_complete">
			<xform_xpath>enter_xpath_here</xform_xpath>
		</action>
		<action name="conduct_issue">
			<xform_xpath>enter_xpath_here</xform_xpath>
		</action>
		<action name="initial_response">
			<xform_xpath>enter_xpath_here</xform_xpath>
		</action>
		<action name="grievance">
			<xform_xpath>enter_xpath_here</xform_xpath>
		</action>
		<action name="information_request">
			<xform_xpath>enter_xpath_here</xform_xpath>
		</action>
		<action name="investigation">
			<xform_xpath>enter_xpath_here</xform_xpath>
		</action>
		<fm:action name="meddoc" xmlns:fm="http://www.hyfinity.com/formmaker">
			<fm:xform_xpath>/mvc:eForm/mvc:Data/mvc:formData/mvc:LN_MNGMNT_NOTICE_RESPONSE</fm:xform_xpath>
		</fm:action>
		<fm:action name="performance_issue" xmlns:fm="http://www.hyfinity.com/formmaker">
			<fm:xform_xpath>/mvc:eForm/mvc:Data/mvc:formData/mvc:LN_MNGMNT_NOTICE_RESPONSE</fm:xform_xpath>
		</fm:action>
		<fm:action name="probation_period" xmlns:fm="http://www.hyfinity.com/formmaker">
			<fm:xform_xpath>/mvc:eForm/mvc:Data/mvc:formData/mvc:LN_MNGMNT_NOTICE_RESPONSE</fm:xform_xpath>
		</fm:action>
		<fm:action name="unfair_labor_practice" xmlns:fm="http://www.hyfinity.com/formmaker">
			<fm:xform_xpath>/mvc:eForm/mvc:Data/mvc:formData/mvc:LN_MNGMNT_NOTICE_RESPONSE</fm:xform_xpath>
		</fm:action>
		<fm:action name="wgiDenial" xmlns:fm="http://www.hyfinity.com/formmaker">
			<fm:xform_xpath>/mvc:eForm/mvc:Data/mvc:formData/mvc:LN_MNGMNT_NOTICE_RESPONSE</fm:xform_xpath>
		</fm:action>
	</element>
	<element name="LN_MNGMNT_BRIEFING_REQUEST">
		<fm:action name="labor_negotiation" xmlns:fm="http://www.hyfinity.com/formmaker">
			<fm:xform_xpath>/mvc:eForm/mvc:Data/mvc:formData/mvc:LN_MNGMNT_BRIEFING_REQUEST</fm:xform_xpath>
		</fm:action>
		<fm:transform_xpath xmlns:fm="http://www.hyfinity.com/formmaker">/mvc:eForm/mvc:Data/mvc:formData/mvc:LN_MNGMNT_BRIEFING_REQUEST</fm:transform_xpath>
		<action name="thirdPartyHearing">
			<xform_xpath>enter_xpath_here</xform_xpath>
		</action>
		<action name="appeal">
			<xform_xpath>enter_xpath_here</xform_xpath>
		</action>
		<action name="case_complete">
			<xform_xpath>enter_xpath_here</xform_xpath>
		</action>
		<action name="conduct_issue">
			<xform_xpath>enter_xpath_here</xform_xpath>
		</action>
		<action name="initial_response">
			<xform_xpath>enter_xpath_here</xform_xpath>
		</action>
		<action name="grievance">
			<xform_xpath>enter_xpath_here</xform_xpath>
		</action>
		<action name="information_request">
			<xform_xpath>enter_xpath_here</xform_xpath>
		</action>
		<action name="investigation">
			<xform_xpath>enter_xpath_here</xform_xpath>
		</action>
		<fm:action name="meddoc" xmlns:fm="http://www.hyfinity.com/formmaker">
			<fm:xform_xpath>/mvc:eForm/mvc:Data/mvc:formData/mvc:LN_MNGMNT_BRIEFING_REQUEST</fm:xform_xpath>
		</fm:action>
		<fm:action name="performance_issue" xmlns:fm="http://www.hyfinity.com/formmaker">
			<fm:xform_xpath>/mvc:eForm/mvc:Data/mvc:formData/mvc:LN_MNGMNT_BRIEFING_REQUEST</fm:xform_xpath>
		</fm:action>
		<fm:action name="probation_period" xmlns:fm="http://www.hyfinity.com/formmaker">
			<fm:xform_xpath>/mvc:eForm/mvc:Data/mvc:formData/mvc:LN_MNGMNT_BRIEFING_REQUEST</fm:xform_xpath>
		</fm:action>
		<fm:action name="unfair_labor_practice" xmlns:fm="http://www.hyfinity.com/formmaker">
			<fm:xform_xpath>/mvc:eForm/mvc:Data/mvc:formData/mvc:LN_MNGMNT_BRIEFING_REQUEST</fm:xform_xpath>
		</fm:action>
		<fm:action name="wgiDenial" xmlns:fm="http://www.hyfinity.com/formmaker">
			<fm:xform_xpath>/mvc:eForm/mvc:Data/mvc:formData/mvc:LN_MNGMNT_BRIEFING_REQUEST</fm:xform_xpath>
		</fm:action>
	</element>
	<element name="LN_MNGMNT_BARGAIN_SUBMISSION_DT">
		<fm:action name="labor_negotiation" xmlns:fm="http://www.hyfinity.com/formmaker">
			<fm:xform_xpath>/mvc:eForm/mvc:Data/mvc:formData/mvc:LN_MNGMNT_BARGAIN_SUBMISSION_DT</fm:xform_xpath>
		</fm:action>
		<fm:transform_xpath xmlns:fm="http://www.hyfinity.com/formmaker">/mvc:eForm/mvc:Data/mvc:formData/mvc:LN_MNGMNT_BARGAIN_SUBMISSION_DT</fm:transform_xpath>
		<action name="thirdPartyHearing">
			<xform_xpath>enter_xpath_here</xform_xpath>
		</action>
		<action name="appeal">
			<xform_xpath>enter_xpath_here</xform_xpath>
		</action>
		<action name="case_complete">
			<xform_xpath>enter_xpath_here</xform_xpath>
		</action>
		<action name="conduct_issue">
			<xform_xpath>enter_xpath_here</xform_xpath>
		</action>
		<action name="initial_response">
			<xform_xpath>enter_xpath_here</xform_xpath>
		</action>
		<action name="grievance">
			<xform_xpath>enter_xpath_here</xform_xpath>
		</action>
		<action name="information_request">
			<xform_xpath>enter_xpath_here</xform_xpath>
		</action>
		<action name="investigation">
			<xform_xpath>enter_xpath_here</xform_xpath>
		</action>
		<fm:action name="meddoc" xmlns:fm="http://www.hyfinity.com/formmaker">
			<fm:xform_xpath>/mvc:eForm/mvc:Data/mvc:formData/mvc:LN_MNGMNT_BARGAIN_SUBMISSION_DT</fm:xform_xpath>
		</fm:action>
		<fm:action name="performance_issue" xmlns:fm="http://www.hyfinity.com/formmaker">
			<fm:xform_xpath>/mvc:eForm/mvc:Data/mvc:formData/mvc:LN_MNGMNT_BARGAIN_SUBMISSION_DT</fm:xform_xpath>
		</fm:action>
		<fm:action name="probation_period" xmlns:fm="http://www.hyfinity.com/formmaker">
			<fm:xform_xpath>/mvc:eForm/mvc:Data/mvc:formData/mvc:LN_MNGMNT_BARGAIN_SUBMISSION_DT</fm:xform_xpath>
		</fm:action>
		<fm:action name="unfair_labor_practice" xmlns:fm="http://www.hyfinity.com/formmaker">
			<fm:xform_xpath>/mvc:eForm/mvc:Data/mvc:formData/mvc:LN_MNGMNT_BARGAIN_SUBMISSION_DT</fm:xform_xpath>
		</fm:action>
		<fm:action name="wgiDenial" xmlns:fm="http://www.hyfinity.com/formmaker">
			<fm:xform_xpath>/mvc:eForm/mvc:Data/mvc:formData/mvc:LN_MNGMNT_BARGAIN_SUBMISSION_DT</fm:xform_xpath>
		</fm:action>
	</element>
	<element name="LN_MNGMNT_PROPOSAL_SUBMISSION">
		<fm:action name="labor_negotiation" xmlns:fm="http://www.hyfinity.com/formmaker">
			<fm:xform_xpath>/mvc:eForm/mvc:Data/mvc:formData/mvc:LN_MNGMNT_PROPOSAL_SUBMISSION</fm:xform_xpath>
		</fm:action>
		<fm:transform_xpath xmlns:fm="http://www.hyfinity.com/formmaker">/mvc:eForm/mvc:Data/mvc:formData/mvc:LN_MNGMNT_PROPOSAL_SUBMISSION</fm:transform_xpath>
		<action name="thirdPartyHearing">
			<xform_xpath>enter_xpath_here</xform_xpath>
		</action>
		<action name="appeal">
			<xform_xpath>enter_xpath_here</xform_xpath>
		</action>
		<action name="case_complete">
			<xform_xpath>enter_xpath_here</xform_xpath>
		</action>
		<action name="conduct_issue">
			<xform_xpath>enter_xpath_here</xform_xpath>
		</action>
		<action name="initial_response">
			<xform_xpath>enter_xpath_here</xform_xpath>
		</action>
		<action name="grievance">
			<xform_xpath>enter_xpath_here</xform_xpath>
		</action>
		<action name="information_request">
			<xform_xpath>enter_xpath_here</xform_xpath>
		</action>
		<action name="investigation">
			<xform_xpath>enter_xpath_here</xform_xpath>
		</action>
		<fm:action name="meddoc" xmlns:fm="http://www.hyfinity.com/formmaker">
			<fm:xform_xpath>/mvc:eForm/mvc:Data/mvc:formData/mvc:LN_MNGMNT_PROPOSAL_SUBMISSION</fm:xform_xpath>
		</fm:action>
		<fm:action name="performance_issue" xmlns:fm="http://www.hyfinity.com/formmaker">
			<fm:xform_xpath>/mvc:eForm/mvc:Data/mvc:formData/mvc:LN_MNGMNT_PROPOSAL_SUBMISSION</fm:xform_xpath>
		</fm:action>
		<fm:action name="probation_period" xmlns:fm="http://www.hyfinity.com/formmaker">
			<fm:xform_xpath>/mvc:eForm/mvc:Data/mvc:formData/mvc:LN_MNGMNT_PROPOSAL_SUBMISSION</fm:xform_xpath>
		</fm:action>
		<fm:action name="unfair_labor_practice" xmlns:fm="http://www.hyfinity.com/formmaker">
			<fm:xform_xpath>/mvc:eForm/mvc:Data/mvc:formData/mvc:LN_MNGMNT_PROPOSAL_SUBMISSION</fm:xform_xpath>
		</fm:action>
		<fm:action name="wgiDenial" xmlns:fm="http://www.hyfinity.com/formmaker">
			<fm:xform_xpath>/mvc:eForm/mvc:Data/mvc:formData/mvc:LN_MNGMNT_PROPOSAL_SUBMISSION</fm:xform_xpath>
		</fm:action>
	</element>
	<group name="layout_group_13" />
	<group name="letter_provided_layout_group" />
	<group name="LN_2ND_LETTER_PROVIDED_GROUP" />
	<group name="LN_2ND_PROVIDED_DT_GROUP" />
	<element name="LN_2ND_PROVIDED_DT">
		<fm:transform_xpath xmlns:fm="http://www.hyfinity.com/formmaker">/mvc:eForm/mvc:Data/mvc:formData/mvc:LN_2ND_PROVIDED_DT</fm:transform_xpath>
		<fm:action name="thirdPartyHearing" xmlns:fm="http://www.hyfinity.com/formmaker">
			<xform_xpath>enter_xpath_here</xform_xpath>
		</fm:action>
		<fm:action name="appeal" xmlns:fm="http://www.hyfinity.com/formmaker">
			<xform_xpath>enter_xpath_here</xform_xpath>
		</fm:action>
		<fm:action name="case_complete" xmlns:fm="http://www.hyfinity.com/formmaker">
			<xform_xpath>enter_xpath_here</xform_xpath>
		</fm:action>
		<fm:action name="conduct_issue" xmlns:fm="http://www.hyfinity.com/formmaker">
			<xform_xpath>enter_xpath_here</xform_xpath>
		</fm:action>
		<fm:action name="initial_response" xmlns:fm="http://www.hyfinity.com/formmaker">
			<xform_xpath>enter_xpath_here</xform_xpath>
		</fm:action>
		<fm:action name="grievance" xmlns:fm="http://www.hyfinity.com/formmaker">
			<xform_xpath>enter_xpath_here</xform_xpath>
		</fm:action>
		<fm:action name="information_request" xmlns:fm="http://www.hyfinity.com/formmaker">
			<xform_xpath>enter_xpath_here</xform_xpath>
		</fm:action>
		<fm:action name="investigation" xmlns:fm="http://www.hyfinity.com/formmaker">
			<xform_xpath>enter_xpath_here</xform_xpath>
		</fm:action>
		<fm:action name="labor_negotiation" xmlns:fm="http://www.hyfinity.com/formmaker">
			<fm:xform_xpath>/mvc:eForm/mvc:Data/mvc:formData/mvc:LN_2ND_PROVIDED_DT</fm:xform_xpath>
		</fm:action>
		<fm:action name="meddoc" xmlns:fm="http://www.hyfinity.com/formmaker">
			<fm:xform_xpath>/mvc:eForm/mvc:Data/mvc:formData/mvc:LN_2ND_PROVIDED_DT</fm:xform_xpath>
		</fm:action>
		<fm:action name="performance_issue" xmlns:fm="http://www.hyfinity.com/formmaker">
			<fm:xform_xpath>/mvc:eForm/mvc:Data/mvc:formData/mvc:LN_2ND_PROVIDED_DT</fm:xform_xpath>
		</fm:action>
		<fm:action name="probation_period" xmlns:fm="http://www.hyfinity.com/formmaker">
			<fm:xform_xpath>/mvc:eForm/mvc:Data/mvc:formData/mvc:LN_2ND_PROVIDED_DT</fm:xform_xpath>
		</fm:action>
		<fm:action name="unfair_labor_practice" xmlns:fm="http://www.hyfinity.com/formmaker">
			<fm:xform_xpath>/mvc:eForm/mvc:Data/mvc:formData/mvc:LN_2ND_PROVIDED_DT</fm:xform_xpath>
		</fm:action>
		<fm:action name="wgiDenial" xmlns:fm="http://www.hyfinity.com/formmaker">
			<fm:xform_xpath>/mvc:eForm/mvc:Data/mvc:formData/mvc:LN_2ND_PROVIDED_DT</fm:xform_xpath>
		</fm:action>
	</element>
	<group name="LN_NEGOTIABLE_PROPOSAL_SUB_GROUP" />
	<element name="LN_BRIEFING_REQUESTED2_DT">
		<fm:transform_xpath xmlns:fm="http://www.hyfinity.com/formmaker">/mvc:eForm/mvc:Data/mvc:formData/mvc:LN_BRIEFING_REQUESTED2_DT</fm:transform_xpath>
		<fm:action name="thirdPartyHearing" xmlns:fm="http://www.hyfinity.com/formmaker">
			<fm:xform_xpath>/mvc:eForm/mvc:Data/mvc:formData/mvc:LN_BRIEFING_REQUESTED2_DT</fm:xform_xpath>
		</fm:action>
		<fm:action name="appeal" xmlns:fm="http://www.hyfinity.com/formmaker">
			<fm:xform_xpath>/mvc:eForm/mvc:Data/mvc:formData/mvc:LN_BRIEFING_REQUESTED2_DT</fm:xform_xpath>
		</fm:action>
		<fm:action name="case_complete" xmlns:fm="http://www.hyfinity.com/formmaker">
			<fm:xform_xpath>/mvc:eForm/mvc:Data/mvc:formData/mvc:LN_BRIEFING_REQUESTED2_DT</fm:xform_xpath>
		</fm:action>
		<fm:action name="conduct_issue" xmlns:fm="http://www.hyfinity.com/formmaker">
			<fm:xform_xpath>/mvc:eForm/mvc:Data/mvc:formData/mvc:LN_BRIEFING_REQUESTED2_DT</fm:xform_xpath>
		</fm:action>
		<fm:action name="initial_response" xmlns:fm="http://www.hyfinity.com/formmaker">
			<fm:xform_xpath>/mvc:eForm/mvc:Data/mvc:formData/mvc:LN_BRIEFING_REQUESTED2_DT</fm:xform_xpath>
		</fm:action>
		<fm:action name="grievance" xmlns:fm="http://www.hyfinity.com/formmaker">
			<fm:xform_xpath>/mvc:eForm/mvc:Data/mvc:formData/mvc:LN_BRIEFING_REQUESTED2_DT</fm:xform_xpath>
		</fm:action>
		<fm:action name="information_request" xmlns:fm="http://www.hyfinity.com/formmaker">
			<fm:xform_xpath>/mvc:eForm/mvc:Data/mvc:formData/mvc:LN_BRIEFING_REQUESTED2_DT</fm:xform_xpath>
		</fm:action>
		<fm:action name="investigation" xmlns:fm="http://www.hyfinity.com/formmaker">
			<fm:xform_xpath>/mvc:eForm/mvc:Data/mvc:formData/mvc:LN_BRIEFING_REQUESTED2_DT</fm:xform_xpath>
		</fm:action>
		<fm:action name="labor_negotiation" xmlns:fm="http://www.hyfinity.com/formmaker">
			<fm:xform_xpath>/mvc:eForm/mvc:Data/mvc:formData/mvc:LN_BRIEFING_REQUESTED2_DT</fm:xform_xpath>
		</fm:action>
		<fm:action name="meddoc" xmlns:fm="http://www.hyfinity.com/formmaker">
			<fm:xform_xpath>/mvc:eForm/mvc:Data/mvc:formData/mvc:LN_BRIEFING_REQUESTED2_DT</fm:xform_xpath>
		</fm:action>
		<fm:action name="performance_issue" xmlns:fm="http://www.hyfinity.com/formmaker">
			<fm:xform_xpath>/mvc:eForm/mvc:Data/mvc:formData/mvc:LN_BRIEFING_REQUESTED2_DT</fm:xform_xpath>
		</fm:action>
		<fm:action name="probation_period" xmlns:fm="http://www.hyfinity.com/formmaker">
			<fm:xform_xpath>/mvc:eForm/mvc:Data/mvc:formData/mvc:LN_BRIEFING_REQUESTED2_DT</fm:xform_xpath>
		</fm:action>
		<fm:action name="unfair_labor_practice" xmlns:fm="http://www.hyfinity.com/formmaker">
			<fm:xform_xpath>/mvc:eForm/mvc:Data/mvc:formData/mvc:LN_BRIEFING_REQUESTED2_DT</fm:xform_xpath>
		</fm:action>
		<fm:action name="wgiDenial" xmlns:fm="http://www.hyfinity.com/formmaker">
			<fm:xform_xpath>/mvc:eForm/mvc:Data/mvc:formData/mvc:LN_BRIEFING_REQUESTED2_DT</fm:xform_xpath>
		</fm:action>
	</element>
	<element name="LN_BRIEFING_DT">
		<fm:transform_xpath xmlns:fm="http://www.hyfinity.com/formmaker">/mvc:eForm/mvc:Data/mvc:formData/mvc:LN_BRIEFING_DT</fm:transform_xpath>
		<fm:action name="thirdPartyHearing" xmlns:fm="http://www.hyfinity.com/formmaker">
			<fm:xform_xpath>/mvc:eForm/mvc:Data/mvc:formData/mvc:LN_BRIEFING_DT</fm:xform_xpath>
		</fm:action>
		<fm:action name="appeal" xmlns:fm="http://www.hyfinity.com/formmaker">
			<fm:xform_xpath>/mvc:eForm/mvc:Data/mvc:formData/mvc:LN_BRIEFING_DT</fm:xform_xpath>
		</fm:action>
		<fm:action name="case_complete" xmlns:fm="http://www.hyfinity.com/formmaker">
			<fm:xform_xpath>/mvc:eForm/mvc:Data/mvc:formData/mvc:LN_BRIEFING_DT</fm:xform_xpath>
		</fm:action>
		<fm:action name="conduct_issue" xmlns:fm="http://www.hyfinity.com/formmaker">
			<fm:xform_xpath>/mvc:eForm/mvc:Data/mvc:formData/mvc:LN_BRIEFING_DT</fm:xform_xpath>
		</fm:action>
		<fm:action name="initial_response" xmlns:fm="http://www.hyfinity.com/formmaker">
			<fm:xform_xpath>/mvc:eForm/mvc:Data/mvc:formData/mvc:LN_BRIEFING_DT</fm:xform_xpath>
		</fm:action>
		<fm:action name="grievance" xmlns:fm="http://www.hyfinity.com/formmaker">
			<fm:xform_xpath>/mvc:eForm/mvc:Data/mvc:formData/mvc:LN_BRIEFING_DT</fm:xform_xpath>
		</fm:action>
		<fm:action name="information_request" xmlns:fm="http://www.hyfinity.com/formmaker">
			<fm:xform_xpath>/mvc:eForm/mvc:Data/mvc:formData/mvc:LN_BRIEFING_DT</fm:xform_xpath>
		</fm:action>
		<fm:action name="investigation" xmlns:fm="http://www.hyfinity.com/formmaker">
			<fm:xform_xpath>/mvc:eForm/mvc:Data/mvc:formData/mvc:LN_BRIEFING_DT</fm:xform_xpath>
		</fm:action>
		<fm:action name="labor_negotiation" xmlns:fm="http://www.hyfinity.com/formmaker">
			<fm:xform_xpath>/mvc:eForm/mvc:Data/mvc:formData/mvc:LN_BRIEFING_DT</fm:xform_xpath>
		</fm:action>
		<fm:action name="meddoc" xmlns:fm="http://www.hyfinity.com/formmaker">
			<fm:xform_xpath>/mvc:eForm/mvc:Data/mvc:formData/mvc:LN_BRIEFING_DT</fm:xform_xpath>
		</fm:action>
		<fm:action name="performance_issue" xmlns:fm="http://www.hyfinity.com/formmaker">
			<fm:xform_xpath>/mvc:eForm/mvc:Data/mvc:formData/mvc:LN_BRIEFING_DT</fm:xform_xpath>
		</fm:action>
		<fm:action name="probation_period" xmlns:fm="http://www.hyfinity.com/formmaker">
			<fm:xform_xpath>/mvc:eForm/mvc:Data/mvc:formData/mvc:LN_BRIEFING_DT</fm:xform_xpath>
		</fm:action>
		<fm:action name="unfair_labor_practice" xmlns:fm="http://www.hyfinity.com/formmaker">
			<fm:xform_xpath>/mvc:eForm/mvc:Data/mvc:formData/mvc:LN_BRIEFING_DT</fm:xform_xpath>
		</fm:action>
		<fm:action name="wgiDenial" xmlns:fm="http://www.hyfinity.com/formmaker">
			<fm:xform_xpath>/mvc:eForm/mvc:Data/mvc:formData/mvc:LN_BRIEFING_DT</fm:xform_xpath>
		</fm:action>
	</element>
	<group name="LN_BRIEFING_LAYOUT" />
	<group name="LN_BRIEFING2_LAYOUT" />
	<group name="LN_ULP_layout_group" />
	<group name="LN_PROPOSAL_SUMISSION_GROUP" />
	<group name="LN_UNION_RESPONSE_2_NOTICE_GROUP" />
	<element name="LN_unfair_labor_note">
		<fm:transform_xpath xmlns:fm="http://www.hyfinity.com/formmaker">/mvc:eForm/mvc:Data/mvc:formData/mvc:LN_unfair_labor_note</fm:transform_xpath>
		<fm:action name="thirdPartyHearing" xmlns:fm="http://www.hyfinity.com/formmaker">
			<fm:xform_xpath>/mvc:eForm/mvc:Data/mvc:formData/mvc:LN_unfair_labor_note</fm:xform_xpath>
		</fm:action>
		<fm:action name="appeal" xmlns:fm="http://www.hyfinity.com/formmaker">
			<fm:xform_xpath>/mvc:eForm/mvc:Data/mvc:formData/mvc:LN_unfair_labor_note</fm:xform_xpath>
		</fm:action>
		<fm:action name="case_complete" xmlns:fm="http://www.hyfinity.com/formmaker">
			<fm:xform_xpath>/mvc:eForm/mvc:Data/mvc:formData/mvc:LN_unfair_labor_note</fm:xform_xpath>
		</fm:action>
		<fm:action name="conduct_issue" xmlns:fm="http://www.hyfinity.com/formmaker">
			<fm:xform_xpath>/mvc:eForm/mvc:Data/mvc:formData/mvc:LN_unfair_labor_note</fm:xform_xpath>
		</fm:action>
		<fm:action name="initial_response" xmlns:fm="http://www.hyfinity.com/formmaker">
			<fm:xform_xpath>/mvc:eForm/mvc:Data/mvc:formData/mvc:LN_unfair_labor_note</fm:xform_xpath>
		</fm:action>
		<fm:action name="grievance" xmlns:fm="http://www.hyfinity.com/formmaker">
			<fm:xform_xpath>/mvc:eForm/mvc:Data/mvc:formData/mvc:LN_unfair_labor_note</fm:xform_xpath>
		</fm:action>
		<fm:action name="information_request" xmlns:fm="http://www.hyfinity.com/formmaker">
			<fm:xform_xpath>/mvc:eForm/mvc:Data/mvc:formData/mvc:LN_unfair_labor_note</fm:xform_xpath>
		</fm:action>
		<fm:action name="investigation" xmlns:fm="http://www.hyfinity.com/formmaker">
			<fm:xform_xpath>/mvc:eForm/mvc:Data/mvc:formData/mvc:LN_unfair_labor_note</fm:xform_xpath>
		</fm:action>
		<fm:action name="labor_negotiation" xmlns:fm="http://www.hyfinity.com/formmaker">
			<fm:xform_xpath>/mvc:eForm/mvc:Data/mvc:formData/mvc:LN_unfair_labor_note</fm:xform_xpath>
		</fm:action>
		<fm:action name="meddoc" xmlns:fm="http://www.hyfinity.com/formmaker">
			<fm:xform_xpath>/mvc:eForm/mvc:Data/mvc:formData/mvc:LN_unfair_labor_note</fm:xform_xpath>
		</fm:action>
		<fm:action name="performance_issue" xmlns:fm="http://www.hyfinity.com/formmaker">
			<fm:xform_xpath>/mvc:eForm/mvc:Data/mvc:formData/mvc:LN_unfair_labor_note</fm:xform_xpath>
		</fm:action>
		<fm:action name="probation_period" xmlns:fm="http://www.hyfinity.com/formmaker">
			<fm:xform_xpath>/mvc:eForm/mvc:Data/mvc:formData/mvc:LN_unfair_labor_note</fm:xform_xpath>
		</fm:action>
		<fm:action name="unfair_labor_practice" xmlns:fm="http://www.hyfinity.com/formmaker">
			<fm:xform_xpath>/mvc:eForm/mvc:Data/mvc:formData/mvc:LN_unfair_labor_note</fm:xform_xpath>
		</fm:action>
		<fm:action name="wgiDenial" xmlns:fm="http://www.hyfinity.com/formmaker">
			<fm:xform_xpath>/mvc:eForm/mvc:Data/mvc:formData/mvc:LN_unfair_labor_note</fm:xform_xpath>
		</fm:action>
	</element>
</xforms>
