<?xml version="1.0" encoding="UTF-8"?>
<jdbcDataSource exportedWithPermissions="false">
    <folder>/organizations/organization_1/datasources</folder>
    <name>BizFlow_Data_Source</name>
    <version>52</version>
    <label>BizFlow Data Source</label>
    <creationDate>2018-02-05T17:02:22.000-05:00</creationDate>
    <updateDate>2019-02-04T01:35:48.000-05:00</updateDate>
    <driver>oracle.jdbc.driver.OracleDriver</driver>
    <connectionUrl>jdbc:oracle:thin:@WIN-PC4G2ICS1H4:1521:orcl</connectionUrl>
    <connectionUser>bizflow</connectionUser>
    <connectionPassword>ENC&lt;7891A7CE45D3F1A7A3E30C3912E130FC&gt;</connectionPassword>
</jdbcDataSource>
