<?xml version="1.0" encoding="UTF-8"?>
<fm:structure xmlns="http://www.hyfinity.com/xgate" xmlns:fm="http://www.hyfinity.com/formmaker">
	<form_details xmlns="http://www.hyfinity.com/formmaker">
		<error_highlight_method alert="false" as_you_type="true" validation_mode="all">bubble</error_highlight_method>
		<hint_display_method>tooltip</hint_display_method>
		<top_level_message class="topLevelMessage" required="false" style="" />
		<mark_mandatory class="mandatory" location="after_label" required="true" style=""> * </mark_mandatory>
		<description>Enter a description.</description>
		<page_background_style class="" style="" />
		<page_content_style class="" style="" />
		<page_events />
		<external_events />
	</form_details>
	<fm:group border_styling="false" compatability="false" fieldset="false" gen_method="layout" hide="false" label_position="left" name="layout_group_3" submit_if_hidden="true">
		<label class="label" options="static" position="outside_group" position_override="top" required="false" style="" type="static" value="Layout Group" xmlns="http://www.hyfinity.com/formmaker">
			<container class="groupLabelBackground" options="static" style="" />
		</label>
		<style class="" options="static" style="" xmlns="http://www.hyfinity.com/formmaker" />
		<fm:content_alignment distribution="horizontal" halign="left" valign="top" />
		<fm:sizing height="fit_to_content" width="fully_expand" />
		<palette_ref control="Layout Group" xmlns="http://www.hyfinity.com/formmaker" />
		<fm:element disable="false" disable_method="disabled" generate="true" hide="false" name="incentiveType">
			<field xmlns="http://www.hyfinity.com/formmaker">
				<input dropdown_default="Select One" options="static">select</input>
				<style class="defaultBackground selectControl" options="static" style="width : 251px;" />
				<element_style class="select" options="static" style="width : 250px;" />
				<date_picker class="" content="" required="false" type="normal" />
				<label class="label" options="static" position_override="top" required="true" style="" type="static" value="Incentive Type">
					<container class="labelBackground labelControl" options="static" style="width : 251px;">
						<sizing width="custom" />
					</container>
				</label>
				<container>
					<sizing width="custom" />
				</container>
			</field>
			<constraints validate="true" xmlns="http://www.hyfinity.com/formmaker">
				<type>string</type>
				<required>true</required>
				<enumeration use_for_output="false">
					<include value="LE">Leave Enhancement</include>
					<include value="PCA">Physicians’ Comparability Allowance</include>
					<include value="SAM">Salary Above Minimum</include>
				</enumeration>
			</constraints>
			<error xmlns="http://www.hyfinity.com/formmaker">
				<hint class="hintIcon" style="" use="false">Enter a hint here.</hint>
				<server class="errorIcon" retain="false" style="" use="false" />
				<message_override>Select an Incentive Type</message_override>
			</error>
			<palette_ref control="Select Box" xmlns="http://www.hyfinity.com/formmaker" />
			<accessibility xmlns="http://www.hyfinity.com/formmaker">
				<alt>Select an Incentive Type from the dropdown</alt>
			</accessibility>
		</fm:element>
		<fm:group border_styling="false" compatability="false" fieldset="false" gen_method="layout" hide="false" label_position="left" name="pcaType_group" submit_if_hidden="true">
			<label class="label" options="static" position="outside_group" position_override="top" required="false" style="" type="static" value="Layout Group" xmlns="http://www.hyfinity.com/formmaker">
				<container class="groupLabelBackground" options="static" style="">
					<content_alignment distribution="vertical" />
				</container>
			</label>
			<style class="" options="static" style="" xmlns="http://www.hyfinity.com/formmaker" />
			<fm:content_alignment distribution="vertical" halign="left" valign="top" />
			<fm:sizing height="fit_to_content" width="fully_expand" />
			<fm:palette_ref control="Layout Group" />
			<fm:element disable="false" disable_method="disabled" generate="true" hide="false" name="pcaType">
				<field xmlns="http://www.hyfinity.com/formmaker">
					<input dropdown_default="Select One" options="static">select</input>
					<style class="defaultBackground selectControl" options="static" style="width : 316px;" />
					<element_style class="select" options="static" style="width : 250px;" />
					<date_picker class="" content="" required="false" type="normal" />
					<label class="label" options="static" position_override="top" required="true" style="" type="static" value="Physicians' Comparability Allowance Type">
						<container class="labelBackground labelControl" options="static" style="width : 316px;">
							<sizing width="custom" />
						</container>
					</label>
					<container>
						<sizing width="custom" />
					</container>
				</field>
				<constraints validate="true" xmlns="http://www.hyfinity.com/formmaker">
					<type>string</type>
					<required>true</required>
					<enumeration use_for_output="false">
						<include value="New">New</include>
						<include value="Renewal">Renewal</include>
					</enumeration>
				</constraints>
				<error xmlns="http://www.hyfinity.com/formmaker">
					<hint class="hintIcon" style="" use="false">Enter a hint here.</hint>
					<server class="errorIcon" retain="false" style="" use="false" />
				</error>
				<palette_ref control="Select Box" xmlns="http://www.hyfinity.com/formmaker" />
				<accessibility xmlns="http://www.hyfinity.com/formmaker">
					<alt>Select a Physicians Comparability Type from the dropdown</alt>
				</accessibility>
				<fm:events />
			</fm:element>
		</fm:group>
	</fm:group>
	<fm:group border_styling="false" compatability="false" fieldset="false" gen_method="layout" hide="false" label_position="left" name="layout_group_12" submit_if_hidden="true">
		<fm:label class="label" options="static" position="outside_group" position_override="top" required="false" style="" type="static" value="Layout Group">
			<fm:container class="groupLabelBackground" options="static" style="" />
		</fm:label>
		<style class="" options="static" style="" xmlns="http://www.hyfinity.com/formmaker" />
		<palette_ref control="Layout Group" xmlns="http://www.hyfinity.com/formmaker" />
		<fm:content_alignment distribution="horizontal" halign="left" valign="top" xmlns="http://www.hyfinity.com/formmaker" />
		<fm:sizing height="custom" width="fully_expand" xmlns="http://www.hyfinity.com/formmaker" />
		<fm:element disable="false" disable_method="read_only" generate="true" hide="false" name="associatedIncentives_ac">
			<fm:path data_source_id="1" xmlns="http://www.hyfinity.com/formmaker">
				<fm:ancestor name="WorkitemContext">
					<fm:ancestor name="Process">
						<fm:ancestor name="ProcessVariables">
							<fm:element name="administrativeCode" />
						</fm:ancestor>
					</fm:ancestor>
				</fm:ancestor>
			</fm:path>
			<field xmlns="http://www.hyfinity.com/formmaker">
				<input options="static">text</input>
				<style class="defaultBackground textboxControl" options="static" style="width : 250px;" />
				<element_style class="textbox" options="static" style="width : 250px;" />
				<date_picker class="datePickerIcon" content="" required="false" type="normal" />
				<label class="label" options="static" position_override="top" required="true" style="" type="static" value="Associated NEIL Request Number">
					<container class="labelBackground labelControl" options="static">
						<sizing width="custom" />
					</container>
				</label>
				<container>
					<sizing width="custom" />
				</container>
			</field>
			<constraints validate="true" xmlns="http://www.hyfinity.com/formmaker">
				<type>string</type>
				<required>true</required>
				<enumeration use_for_output="false">
					<include value="ListItem1">List Item 1</include>
					<include value="ListItem2">List Item 2</include>
					<include value="ListItem3">List Item 3</include>
				</enumeration>
			</constraints>
			<error xmlns="http://www.hyfinity.com/formmaker">
				<hint class="hintIcon" style="" use="false">Enter a hint here.</hint>
				<server class="errorIcon" retain="false" style="" use="false" />
				<message_override>Enter a valid NEIL Request Number</message_override>
			</error>
			<palette_ref control="Text Box" xmlns="http://www.hyfinity.com/formmaker" />
			<accessibility xmlns="http://www.hyfinity.com/formmaker">
				<alt>Type in the Associated NEIL Request Number and select from the list of suggested values</alt>
			</accessibility>
		</fm:element>
		<fm:element disable="false" disable_method="read_only" generate="true" hide="false" name="requestType">
			<field xmlns="http://www.hyfinity.com/formmaker">
				<input options="static">text</input>
				<style class="defaultBackground textboxControl" options="static" style="width : 250px;" />
				<element_style class="textbox" options="static" style="width : 250px;" />
				<date_picker class="datePickerIcon" content="" required="false" type="normal" />
				<label class="label" options="static" position_override="top" required="true" style="" type="static" value="Request Type">
					<container class="labelBackground labelControl" options="static">
						<sizing width="custom" />
					</container>
				</label>
				<container>
					<sizing width="custom" />
				</container>
			</field>
			<constraints validate="true" xmlns="http://www.hyfinity.com/formmaker">
				<type>string</type>
				<required>false</required>
				<enumeration use_for_output="false">
					<include value="ListItem1">List Item 1</include>
					<include value="ListItem2">List Item 2</include>
					<include value="ListItem3">List Item 3</include>
				</enumeration>
			</constraints>
			<error xmlns="http://www.hyfinity.com/formmaker">
				<hint class="hintIcon" style="" use="false">Enter a hint here.</hint>
				<server class="errorIcon" retain="false" style="" use="false" />
			</error>
			<palette_ref control="Text Box" xmlns="http://www.hyfinity.com/formmaker" />
			<accessibility xmlns="http://www.hyfinity.com/formmaker">
				<alt>Request Type prepopulated from the request</alt>
			</accessibility>
			<fm:disable method="read_only" required="true">
				<fm:check id="field_value_condition">
					<fm:param name="FieldToCheck" option="PageField" value="requestType" />
					<fm:param name="Comparison" option="==" />
					<fm:param name="CheckValue" option="PageField" value="requestType" />
				</fm:check>
			</fm:disable>
		</fm:element>
	</fm:group>
	<fm:group border_styling="false" compatability="false" fieldset="false" gen_method="layout" hide="false" label_position="left" name="layout_group_2" submit_if_hidden="true">
		<fm:label class="label" options="static" position="outside_group" position_override="top" required="false" style="" type="static" value="Layout Group">
			<fm:container class="groupLabelBackground" options="static" style="" />
		</fm:label>
		<style class="" options="static" style="" xmlns="http://www.hyfinity.com/formmaker" />
		<fm:content_alignment distribution="vertical" halign="left" valign="top" />
		<fm:sizing height="fit_to_content" width="fully_expand" />
		<fm:palette_ref control="Layout Group" />
		<fm:element disable="false" disable_method="read_only" generate="true" hide="false" name="output">
			<fm:field>
				<fm:input options="dynamic">output</fm:input>
				<fm:style class="defaultBackground outputControl" options="static" style="" />
				<fm:element_style class="output" options="static" style="" />
				<fm:disabled_style class="disabled" options="static" style="" />
				<label class="label" options="static" required="true" style="" type="static" value="Candidate Information" xmlns="http://www.hyfinity.com/formmaker">
					<container class="labelBackground labelControl" options="static" />
				</label>
				<fm:date_picker class="datePickerIcon" content="" popup="false" required="false" type="normal" />
			</fm:field>
			<fm:constraints validate="false">
				<fm:type>string</fm:type>
				<fm:required>false</fm:required>
				<fm:enumeration use_for_output="false" />
			</fm:constraints>
			<fm:error create_container="false">
				<fm:hint class="hintIcon" style="" use="false">Enter a hint here.</fm:hint>
				<fm:server class="errorIcon" retain="false" style="" use="false" />
			</fm:error>
			<fm:palette_ref control="Output" />
		</fm:element>
		<fm:group border_styling="false" compatability="false" fieldset="false" gen_method="grid" hide="false" label_position="left" name="layout_grid" submit_if_hidden="true">
			<fm:label class="label" options="static" position="outside_group" position_override="top" required="false" style="" type="static" value="Layout Grid">
				<fm:container class="groupLabelBackground" options="static" style="" />
			</fm:label>
			<style class="" options="static" style="" xmlns="http://www.hyfinity.com/formmaker" />
			<fm:grid_structure cols="3" rows="1">
				<fm:grid_component col="2" name="candiMiddleName" row="1" />
				<fm:grid_component col="1" name="candiFirstName" row="1" />
				<fm:grid_component col="3" name="candiLastName" row="1" />
			</fm:grid_structure>
			<fm:content_alignment distribution="vertical" halign="left" valign="top" />
			<fm:sizing height="fit_to_content" width="custom" />
			<fm:palette_ref control="Layout Grid" />
			<fm:element disable="false" disable_method="read_only" generate="true" hide="false" name="candiFirstName">
				<field xmlns="http://www.hyfinity.com/formmaker">
					<input options="static">text</input>
					<style class="defaultBackground textboxControl" options="static" style="width : 180px;" />
					<element_style class="textbox" options="static" style="width : 167px;" />
					<date_picker class="datePickerIcon" content="" required="false" type="normal" />
					<label class="label" options="static" position_override="top" required="true" style="" type="static" value="First Name">
						<container class="labelBackground labelControl" options="static" style="width : 180px;">
							<sizing width="custom" />
						</container>
					</label>
					<container>
						<sizing width="custom" />
					</container>
				</field>
				<constraints validate="true" xmlns="http://www.hyfinity.com/formmaker">
					<type>string</type>
					<required>true</required>
					<enumeration use_for_output="false" />
				</constraints>
				<error xmlns="http://www.hyfinity.com/formmaker">
					<hint class="hintIcon" style="" use="false">Enter a hint here.</hint>
					<server class="errorIcon" retain="false" style="" use="false" />
				</error>
				<palette_ref control="Text Box" xmlns="http://www.hyfinity.com/formmaker" />
			</fm:element>
			<fm:element disable="false" disable_method="read_only" generate="true" hide="false" name="candiMiddleName">
				<field xmlns="http://www.hyfinity.com/formmaker">
					<input options="static">text</input>
					<style class="defaultBackground textboxControl" options="static" style="width : 180px;" />
					<element_style class="textbox" options="static" style="width : 167px;" />
					<date_picker class="datePickerIcon" content="" required="false" type="normal" />
					<label class="label" options="static" position_override="top" required="true" style="" type="static" value="Middle Name">
						<container class="labelBackground labelControl" options="static" style="width : 180px;">
							<sizing width="custom" />
						</container>
					</label>
					<container>
						<sizing width="custom" />
					</container>
				</field>
				<constraints validate="true" xmlns="http://www.hyfinity.com/formmaker">
					<type>string</type>
					<required>false</required>
					<fm:enumeration use_for_output="false" />
				</constraints>
				<error xmlns="http://www.hyfinity.com/formmaker">
					<hint class="hintIcon" style="" use="false">Enter a hint here.</hint>
					<server class="errorIcon" retain="false" style="" use="false" />
				</error>
				<fm:palette_ref control="Text Box" />
			</fm:element>
			<fm:element disable="false" disable_method="read_only" generate="true" hide="false" name="candiLastName">
				<field xmlns="http://www.hyfinity.com/formmaker">
					<input options="static">text</input>
					<style class="defaultBackground textboxControl" options="static" style="width : 166px;" />
					<element_style class="textbox" options="static" style="width : 180px;" />
					<date_picker class="datePickerIcon" content="" required="false" type="normal" />
					<label class="label" options="static" position_override="top" required="true" style="" type="static" value="Last Name">
						<container class="labelBackground labelControl" options="static" style="width : 166px;">
							<sizing width="custom" />
						</container>
					</label>
					<container>
						<sizing width="custom" />
					</container>
				</field>
				<constraints validate="true" xmlns="http://www.hyfinity.com/formmaker">
					<type>string</type>
					<required>true</required>
					<fm:enumeration use_for_output="false" />
				</constraints>
				<error xmlns="http://www.hyfinity.com/formmaker">
					<hint class="hintIcon" style="" use="false">Enter a hint here.</hint>
					<server class="errorIcon" retain="false" style="" use="false" />
				</error>
				<fm:palette_ref control="Text Box" />
			</fm:element>
		</fm:group>
	</fm:group>
	<fm:group border_styling="false" compatability="false" fieldset="false" gen_method="layout" hide="false" label_position="left" name="layout_group_11" submit_if_hidden="true">
		<label class="label" options="static" position="outside_group" position_override="top" required="false" style="" type="static" value="Layout Group" xmlns="http://www.hyfinity.com/formmaker">
			<container class="groupLabelBackground" options="static" style="">
				<content_alignment distribution="vertical" />
			</container>
		</label>
		<style class="" options="static" style="" xmlns="http://www.hyfinity.com/formmaker" />
		<palette_ref control="Layout Group" xmlns="http://www.hyfinity.com/formmaker" />
		<fm:content_alignment distribution="horizontal" halign="left" valign="top" xmlns="http://www.hyfinity.com/formmaker" />
		<fm:sizing height="custom" width="fully_expand" xmlns="http://www.hyfinity.com/formmaker" />
		<fm:element disable="false" disable_method="read_only" generate="true" hide="false" name="administrativeCode">
			<field xmlns="http://www.hyfinity.com/formmaker">
				<input options="static">text</input>
				<style class="defaultBackground textboxControl" options="static" style="width : 250px;" />
				<element_style class="textbox" options="static" style="width : 250px;" />
				<date_picker class="datePickerIcon" content="" required="false" type="normal" />
				<label class="label" options="static" position_override="top" required="true" style="" type="static" value="Administrative Code">
					<container class="labelBackground labelControl" options="static">
						<sizing width="custom" />
					</container>
				</label>
				<container>
					<sizing width="custom" />
				</container>
			</field>
			<constraints validate="true" xmlns="http://www.hyfinity.com/formmaker">
				<type>string</type>
				<required>true</required>
				<enumeration use_for_output="false">
					<include value="ListItem1">List Item 1</include>
					<include value="ListItem2">List Item 2</include>
					<include value="ListItem3">List Item 3</include>
				</enumeration>
			</constraints>
			<error xmlns="http://www.hyfinity.com/formmaker">
				<hint class="hintIcon" style="" use="false">Enter a hint here.</hint>
				<server class="errorIcon" retain="false" style="" use="false" />
			</error>
			<palette_ref control="Text Box" xmlns="http://www.hyfinity.com/formmaker" />
			<accessibility xmlns="http://www.hyfinity.com/formmaker">
				<alt>Administrative Code prepopulated from the request</alt>
			</accessibility>
			<fm:disable method="read_only" required="true">
				<fm:check id="field_value_condition">
					<fm:param name="FieldToCheck" option="PageField" value="administrativeCode" />
					<fm:param name="Comparison" option="==" value="" />
					<fm:param name="CheckValue" option="PageField" value="administrativeCode" />
				</fm:check>
			</fm:disable>
		</fm:element>
		<fm:element disable="false" disable_method="read_only" generate="true" hide="false" name="organizationName">
			<fm:path data_source_id="1" xmlns="http://www.hyfinity.com/formmaker">
				<fm:ancestor name="WorkitemContext">
					<fm:ancestor name="Process">
						<fm:ancestor name="ProcessVariables">
							<fm:element name="administrativeCode" />
						</fm:ancestor>
					</fm:ancestor>
				</fm:ancestor>
			</fm:path>
			<field xmlns="http://www.hyfinity.com/formmaker">
				<input options="static">text</input>
				<style class="defaultBackground textboxControl" options="static" style="width : 273px" />
				<element_style class="textbox" options="static" style="width : 250px;" />
				<date_picker class="datePickerIcon" content="" required="false" type="normal" />
				<label class="label" options="static" position_override="top" required="true" style="" type="static" value="Organization Name">
					<container class="labelBackground labelControl" options="static" style="width : 273px;">
						<sizing width="custom" />
					</container>
				</label>
				<container>
					<sizing width="custom" />
				</container>
			</field>
			<constraints validate="true" xmlns="http://www.hyfinity.com/formmaker">
				<type>string</type>
				<required>true</required>
				<enumeration use_for_output="false">
					<include value="ListItem1">List Item 1</include>
					<include value="ListItem2">List Item 2</include>
					<include value="ListItem3">List Item 3</include>
				</enumeration>
			</constraints>
			<error xmlns="http://www.hyfinity.com/formmaker">
				<hint class="hintIcon" style="" use="false">Enter a hint here.</hint>
				<server class="errorIcon" retain="false" style="" use="false" />
			</error>
			<palette_ref control="Text Box" xmlns="http://www.hyfinity.com/formmaker" />
			<accessibility xmlns="http://www.hyfinity.com/formmaker">
				<alt>Organization Name prepopulated from the request</alt>
			</accessibility>
			<fm:disable method="read_only" required="true">
				<fm:check id="field_value_condition">
					<fm:param name="FieldToCheck" option="PageField" value="organizationName" />
					<fm:param name="Comparison" option="==" value="" />
					<fm:param name="CheckValue" option="PageField" value="administrativeCode" />
				</fm:check>
			</fm:disable>
		</fm:element>
	</fm:group>
	<fm:group border_styling="false" compatability="false" conditional_display="false" control_field="" control_field_value="" fieldset="false" gen_method="layout" hide="false" label_position="left" name="layout_group" submit_if_hidden="true">
		<fm:label class="label" options="static" position="outside_group" position_override="top" required="false" style="" type="static" value="Layout Group">
			<fm:container class="groupLabelBackground" options="static" style="" />
		</fm:label>
		<fm:style class="" options="static" style="" />
		<fm:content_alignment distribution="vertical" halign="left" valign="top" />
		<fm:sizing height="fit_to_content" width="fully_expand" />
		<fm:palette_ref control="Layout Group" />
		<fm:element disable="false" disable_method="read_only" generate="true" hide="false" name="selectingOfficial_ac">
			<field xmlns="http://www.hyfinity.com/formmaker">
				<input options="static">text</input>
				<style class="defaultBackground textboxControl" options="static" style="width : 250px;" />
				<element_style class="textbox" options="static" style="width : 250px;" />
				<date_picker class="datePickerIcon" content="" required="false" type="normal" />
				<label class="label" options="static" position_override="top" required="true" style="" type="static" value="Selecting Official">
					<container class="labelBackground labelControl" options="static" />
				</label>
				<container />
			</field>
			<constraints validate="true" xmlns="http://www.hyfinity.com/formmaker">
				<type>string</type>
				<required>true</required>
				<enumeration use_for_output="false" />
			</constraints>
			<error xmlns="http://www.hyfinity.com/formmaker">
				<hint class="hintIcon" style="" use="false">Enter a hint here.</hint>
				<server class="errorIcon" retain="false" style="" use="false" />
				<message_override>Enter a Selecting Official</message_override>
			</error>
			<palette_ref control="Text Box" xmlns="http://www.hyfinity.com/formmaker" />
			<accessibility xmlns="http://www.hyfinity.com/formmaker">
				<alt>Type the name of the Selecting Official and select from the list of suggested names</alt>
			</accessibility>
		</fm:element>
	</fm:group>
	<fm:group border_styling="false" compatability="false" fieldset="false" gen_method="layout" hide="false" label_position="left" name="one_column_1" submit_if_hidden="true">
		<label class="label" options="static" position="outside_group" position_override="top" required="false" style="" type="static" value="Container Group" xmlns="http://www.hyfinity.com/formmaker">
			<container class="groupLabelBackground" options="static" style="">
				<content_alignment distribution="vertical" />
			</container>
		</label>
		<style class="" options="static" style="width:100%;" xmlns="http://www.hyfinity.com/formmaker" />
		<fm:palette_ref control="Layout Group" />
		<fm:content_alignment distribution="vertical" halign="left" valign="top" />
		<fm:sizing height="fit_to_content" width="custom" />
		<fm:element disable="false" disable_method="read_only" generate="true" hide="false" name="executiveOfficer_ac">
			<field xmlns="http://www.hyfinity.com/formmaker">
				<input options="static">text</input>
				<style class="defaultBackground textboxControl" options="static" style="width : 286px;" />
				<element_style class="textbox" options="static" style="width : 250px;" />
				<date_picker class="datePickerIcon" content="" required="false" type="normal" />
				<label class="label" options="static" position_override="top" required="true" style="" type="static" value="Executive Officer (up to three)">
					<container class="labelBackground labelControl" options="static" style="width : 286px;">
						<sizing width="custom" />
					</container>
				</label>
				<container>
					<sizing width="custom" />
				</container>
			</field>
			<constraints validate="true" xmlns="http://www.hyfinity.com/formmaker">
				<type>string</type>
				<required>true</required>
				<fm:enumeration use_for_output="false" />
			</constraints>
			<error xmlns="http://www.hyfinity.com/formmaker">
				<hint class="hintIcon" style="" use="false">Enter a hint here.</hint>
				<server class="errorIcon" retain="false" style="" use="false" />
				<message_override>Enter an Executive Officer</message_override>
			</error>
			<fm:palette_ref control="Text Box" />
			<accessibility xmlns="http://www.hyfinity.com/formmaker">
				<alt>Type the name of the Executive Officer and select from the list of suggested names</alt>
			</accessibility>
		</fm:element>
	</fm:group>
	<fm:group border_styling="false" compatability="false" fieldset="false" gen_method="layout" hide="false" label_position="left" name="one_column_2" submit_if_hidden="true">
		<label class="label" options="static" position="outside_group" position_override="top" required="false" style="" type="static" value="Container Group" xmlns="http://www.hyfinity.com/formmaker">
			<container class="groupLabelBackground" options="static" style="" />
		</label>
		<style class="" options="static" style="width:100%;" xmlns="http://www.hyfinity.com/formmaker" />
		<fm:palette_ref control="Layout Group" />
		<fm:content_alignment distribution="vertical" halign="left" valign="top" />
		<fm:sizing height="fit_to_content" width="custom" />
		<fm:element disable="false" disable_method="read_only" generate="true" hide="false" name="hrLiaison_ac">
			<field xmlns="http://www.hyfinity.com/formmaker">
				<input options="static">text</input>
				<style class="defaultBackground textboxControl" options="static" style="" />
				<element_style class="textbox" options="static" style="width : 250px;" />
				<date_picker class="datePickerIcon" content="" required="false" type="normal" />
				<label class="label" options="static" position_override="top" required="true" style="" type="static" value="HR Liaison (up to three)">
					<container class="labelBackground labelControl" options="static" />
				</label>
				<container />
			</field>
			<constraints validate="true" xmlns="http://www.hyfinity.com/formmaker">
				<type>string</type>
				<required>true</required>
				<fm:enumeration use_for_output="false" />
			</constraints>
			<error xmlns="http://www.hyfinity.com/formmaker">
				<hint class="hintIcon" style="" use="false">Enter a hint here.</hint>
				<server class="errorIcon" retain="false" style="" use="false" />
				<message_override>Enter an HR Liaison</message_override>
			</error>
			<fm:palette_ref control="Text Box" />
			<accessibility xmlns="http://www.hyfinity.com/formmaker">
				<alt>Type the name of the HR Liaison and select from the list of suggested names</alt>
			</accessibility>
		</fm:element>
	</fm:group>
	<fm:group border_styling="false" compatability="false" fieldset="false" gen_method="layout" hide="false" label_position="left" name="hrSpecialist_group" submit_if_hidden="true">
		<label class="label" options="static" position="outside_group" position_override="top" required="false" style="" type="static" value="Container Group" xmlns="http://www.hyfinity.com/formmaker">
			<container class="groupLabelBackground" options="static" style="">
				<content_alignment distribution="vertical" />
			</container>
		</label>
		<style class="" options="static" style="width:100%;" xmlns="http://www.hyfinity.com/formmaker" />
		<fm:palette_ref control="Layout Group" />
		<fm:content_alignment distribution="vertical" halign="left" valign="top" />
		<fm:sizing height="fit_to_content" width="custom" />
		<fm:element disable="false" disable_method="read_only" generate="true" hide="false" name="hrSpecialist_ac">
			<field xmlns="http://www.hyfinity.com/formmaker">
				<input options="static">text</input>
				<style class="defaultBackground textboxControl" options="static" style="" />
				<element_style class="textbox" options="static" style="width : 250px;" />
				<date_picker class="datePickerIcon" content="" required="false" type="normal" />
				<label class="label" options="static" position_override="top" required="true" style="" type="static" value="HR Specialist">
					<container class="labelBackground labelControl" options="static" />
				</label>
				<container />
			</field>
			<constraints validate="true" xmlns="http://www.hyfinity.com/formmaker">
				<type>string</type>
				<required>true</required>
				<fm:enumeration use_for_output="false" />
			</constraints>
			<error xmlns="http://www.hyfinity.com/formmaker">
				<hint class="hintIcon" style="" use="false">Enter a hint here.</hint>
				<server class="errorIcon" retain="false" style="" use="false" />
				<message_override>Enter an HR Specialist</message_override>
			</error>
			<fm:palette_ref control="Text Box" />
			<accessibility xmlns="http://www.hyfinity.com/formmaker">
				<alt>Type the name of the HR Specialist and select from the list of suggested names</alt>
			</accessibility>
		</fm:element>
	</fm:group>
</fm:structure>
