<?xml version="1.0" encoding="UTF-8"?>
<pattern base="" desc="Service Integration" image="" name="HWWorkitemDataService.xml" pattern_id="HWWorkitemDataService" version="1.0" xmlns="http://www.hyfinity.com/xfactory">
	<nodes>
		<node desc="Handles the Request and Response Messages to an Exposed Service" name="Access_Service" node_id="Access_Service" protocol="java" runtime_instance="" runtime_location="" type="xagent">
			<actions>
				<action alias="Invoke" content_type="xml" desc="" name="requestInboundService">
					<input desc="" message_name="" message_ref="" name="request" type="org.w3c.dom.Node" />
					<output desc="" message_name="" message_ref="" name="response" type="org.w3c.dom.Node" />
				</action>
			</actions>
			<engine desc="Engine" name="Engine" runtime_instance="com.hyfinity.xengine.XEngine" type="xengine">
				<logicsheet desc="Rules" logicsheet_ref="cms_incentives_form2_Logicsheet_pool" name="HWWorkitemDataService_Access_Service_Rules" />
				<other_resources>
					<other_resource name="2" resource_ref="cms_incentives_form2_XSL_pool" type="xsl" />
				</other_resources>
			</engine>
		</node>
	</nodes>
</pattern>
