<?xml version="1.0" encoding="UTF-8"?>
<fm:structure xmlns:fm="http://www.hyfinity.com/formmaker">
	<form_details xmlns="http://www.hyfinity.com/formmaker">
		<error_highlight_method alert="false" as_you_type="true" validation_mode="all">bubble</error_highlight_method>
		<hint_display_method>tooltip</hint_display_method>
		<top_level_message class="topLevelMessage" required="false" style="" />
		<mark_mandatory class="mandatory" location="after_label" required="true" style=""> * </mark_mandatory>
		<description>Enter a description.</description>
		<page_background_style class="" style="" />
		<page_content_style class="" style="" />
		<page_events>
			<events>
				<event id="onload">
					<action id="CustomScript">
						<param name="Script" option="Script">//initCodeTab();</param>
					</action>
				</event>
			</events>
		</page_events>
		<external_events />
	</form_details>
	<fm:group border_styling="false" compatability="false" fieldset="false" gen_method="layout" hide="false" label_position="top" name="code_group" submit_if_hidden="true">
		<label class="label" options="static" position="outside_group" position_override="top" required="false" style="" type="static" value="Layout Group" xmlns="http://www.hyfinity.com/formmaker">
			<container class="groupLabelBackground" options="static" style="">
				<content_alignment distribution="vertical" />
			</container>
		</label>
		<style class="" options="static" style="" xmlns="http://www.hyfinity.com/formmaker" />
		<fm:content_alignment distribution="vertical" halign="left" valign="top" />
		<fm:sizing height="fit_to_content" width="fully_expand" />
		<palette_ref control="Layout Group" xmlns="http://www.hyfinity.com/formmaker" />
		<fm:group border_styling="false" compatability="false" fieldset="false" gen_method="layout" hide="false" label_position="top" name="clsf_std_group" submit_if_hidden="true">
			<label class="label" options="static" position="outside_group" position_override="top" required="false" style="" type="static" value="Layout Group" xmlns="http://www.hyfinity.com/formmaker">
				<container class="groupLabelBackground" options="static" style="">
					<content_alignment distribution="vertical" />
				</container>
			</label>
			<style class="" options="static" style="" xmlns="http://www.hyfinity.com/formmaker" />
			<fm:content_alignment distribution="horizontal" halign="left" valign="top" />
			<fm:sizing height="fit_to_content" width="fit_to_content" />
			<palette_ref control="Layout Group" xmlns="http://www.hyfinity.com/formmaker" />
			<fm:element disable="false" disable_method="disabled" generate="true" hide="false" name="PD_CLS_STANDARDS_SEL">
				<field xmlns="http://www.hyfinity.com/formmaker">
					<input dropdown_default="Select One" options="dynamic">select</input>
					<style class="defaultBackground selectControl" options="static" style="width : 400px;" />
					<element_style class="select" options="static" style="" />
					<date_picker class="" content="" required="false" type="normal" />
					<label class="label" options="static" required="true" style="" type="static" value="Position Classification Standard">
						<container class="labelBackground labelControl" options="static" style="width : 400px;">
							<sizing width="custom" />
						</container>
					</label>
					<container>
						<sizing width="custom" />
					</container>
				</field>
				<constraints validate="true" xmlns="http://www.hyfinity.com/formmaker">
					<type>string</type>
					<required>true</required>
					<enumeration use_for_output="false">
						<include value="ListItem1">List Item 1</include>
						<include value="ListItem2">List Item 2</include>
						<include value="ListItem3">List Item 3</include>
					</enumeration>
				</constraints>
				<error xmlns="http://www.hyfinity.com/formmaker">
					<hint class="hintIcon" style="" use="false">Enter a hint here.</hint>
					<server class="errorIcon" retain="false" style="" use="false" />
				</error>
				<palette_ref control="Select Box" xmlns="http://www.hyfinity.com/formmaker" />
				<accessibility xmlns="http://www.hyfinity.com/formmaker">
					<alt>Select all applicable Position Classification Standard</alt>
					<tab_index>200</tab_index>
				</accessibility>
			</fm:element>
			<fm:group border_styling="false" compatability="false" fieldset="false" gen_method="layout" hide="false" label_position="top" name="clsf_std_selected_group" submit_if_hidden="true">
				<label class="label" options="static" position="outside_group" position_override="top" required="true" style="" type="static" value="Selected Items (Uncheck to remove)" xmlns="http://www.hyfinity.com/formmaker">
					<container class="groupLabelBackground" options="static" style="width : 600px;">
						<content_alignment distribution="vertical" />
						<sizing width="custom" />
					</container>
				</label>
				<style class="" options="static" style="width : 600px;" xmlns="http://www.hyfinity.com/formmaker" />
				<fm:content_alignment distribution="vertical" halign="left" valign="top" />
				<fm:sizing height="fit_to_content" width="custom" />
				<palette_ref control="Layout Group" xmlns="http://www.hyfinity.com/formmaker" />
				<fm:element disable="false" disable_method="disabled" generate="true" hide="false" name="PD_CLS_STANDARDS">
					<field xmlns="http://www.hyfinity.com/formmaker">
						<input option_labels="after" options="dynamic" size="1" size-y="7">multipleCheckbox</input>
						<style class="defaultBackground multiCheckboxControl" options="static" style="" />
						<element_style class="checkbox" options="static" style="" />
						<date_picker class="" content="" required="false" type="normal" />
						<label class="label" options="static" required="false" style="" type="static" value="Position Classification Standard">
							<container class="labelBackground labelControl" options="static" />
						</label>
						<container />
					</field>
					<constraints validate="true" xmlns="http://www.hyfinity.com/formmaker">
						<type>string</type>
						<required>false</required>
						<enumeration use_for_output="false">
							<include value="check1">Check 1</include>
							<include value="check2">Check 2</include>
							<include value="check3">Check 3</include>
						</enumeration>
					</constraints>
					<error xmlns="http://www.hyfinity.com/formmaker">
						<hint class="hintIcon" style="" use="false">Enter a hint here.</hint>
						<server class="errorIcon" retain="false" style="" use="false" />
						<message_override>Classification Standards limit reached</message_override>
					</error>
					<palette_ref control="Multi-Checkbox" xmlns="http://www.hyfinity.com/formmaker" />
					<accessibility xmlns="http://www.hyfinity.com/formmaker">
						<alt>Uncheck to remove Position Classification Standard</alt>
						<tab_index>201</tab_index>
					</accessibility>
				</fm:element>
			</fm:group>
		</fm:group>
		<fm:group border_styling="false" compatability="false" fieldset="false" gen_method="layout" hide="false" label_position="left" name="code_grid_group" submit_if_hidden="true">
			<label class="label" options="static" position="outside_group" position_override="top" required="false" style="" type="static" value="Layout Group" xmlns="http://www.hyfinity.com/formmaker">
				<container class="groupLabelBackground" options="static" style="">
					<content_alignment distribution="vertical" />
				</container>
			</label>
			<style class="" options="static" style="" xmlns="http://www.hyfinity.com/formmaker" />
			<fm:content_alignment distribution="vertical" halign="left" valign="top" />
			<fm:sizing height="fit_to_content" width="fully_expand" />
			<palette_ref control="Layout Group" xmlns="http://www.hyfinity.com/formmaker" />
			<fm:group border_styling="false" compatability="false" fieldset="false" gen_method="layout" hide="false" label_position="top" name="code_grid_group_row1" submit_if_hidden="true">
				<label class="label" options="static" position="outside_group" position_override="top" required="false" style="" type="static" value="Layout Group" xmlns="http://www.hyfinity.com/formmaker">
					<container class="groupLabelBackground" options="static" style="">
						<content_alignment distribution="vertical" />
					</container>
				</label>
				<style class="" options="static" style="" xmlns="http://www.hyfinity.com/formmaker" />
				<fm:content_alignment distribution="horizontal" halign="left" valign="top" />
				<fm:sizing height="fit_to_content" width="fully_expand" />
				<palette_ref control="Layout Group" xmlns="http://www.hyfinity.com/formmaker" />
				<fm:element disable="false" disable_method="disabled" generate="true" hide="false" name="CS_FIN_STMT_REQ_ID">
					<field xmlns="http://www.hyfinity.com/formmaker">
						<input dropdown_default="Select One" options="dynamic">select</input>
						<style class="defaultBackground selectControl" options="static" style="" />
						<element_style class="select" options="static" style="" />
						<date_picker class="" content="" required="false" type="normal" />
						<label class="label" options="static" required="true" style="" type="static" value="Financial Statement Required">
							<container class="labelBackground labelControl" options="static" />
						</label>
						<container />
					</field>
					<constraints validate="true" xmlns="http://www.hyfinity.com/formmaker">
						<type>string</type>
						<required>false</required>
						<enumeration use_for_output="false">
							<include value="ListItem1">List Item 1</include>
							<include value="ListItem2">List Item 2</include>
							<include value="ListItem3">List Item 3</include>
						</enumeration>
					</constraints>
					<error xmlns="http://www.hyfinity.com/formmaker">
						<hint class="hintIcon" style="" use="false">Enter a hint here.</hint>
						<server class="errorIcon" retain="false" style="" use="false" />
					</error>
					<palette_ref control="Select Box" xmlns="http://www.hyfinity.com/formmaker" />
					<accessibility xmlns="http://www.hyfinity.com/formmaker">
						<alt>Select Financial Statement Required</alt>
						<tab_index>202</tab_index>
					</accessibility>
				</fm:element>
				<fm:element disable="false" disable_method="disabled" generate="true" hide="false" name="PD_ACQ_CODE">
					<field xmlns="http://www.hyfinity.com/formmaker">
						<input dropdown_default="Select One" options="dynamic">select</input>
						<style class="defaultBackground selectControl" options="static" style="" />
						<element_style class="select" options="static" style="" />
						<date_picker class="" content="" required="false" type="normal" />
						<label class="label" options="static" required="true" style="" type="static" value="Acquisition Code">
							<container class="labelBackground labelControl" options="static" />
						</label>
						<container />
					</field>
					<constraints validate="true" xmlns="http://www.hyfinity.com/formmaker">
						<type>string</type>
						<required>true</required>
						<enumeration use_for_output="false">
							<include value="ListItem1">List Item 1</include>
							<include value="ListItem2">List Item 2</include>
							<include value="ListItem3">List Item 3</include>
						</enumeration>
					</constraints>
					<error xmlns="http://www.hyfinity.com/formmaker">
						<hint class="hintIcon" style="" use="false">Enter a hint here.</hint>
						<server class="errorIcon" retain="false" style="" use="false" />
					</error>
					<palette_ref control="Select Box" xmlns="http://www.hyfinity.com/formmaker" />
					<accessibility xmlns="http://www.hyfinity.com/formmaker">
						<alt>Select Acquisition Code</alt>
						<tab_index>203</tab_index>
					</accessibility>
				</fm:element>
			</fm:group>
			<fm:group border_styling="false" compatability="false" fieldset="false" gen_method="layout" hide="false" label_position="top" name="code_grid_group_row2" submit_if_hidden="true">
				<label class="label" options="static" position="outside_group" position_override="top" required="false" style="" type="static" value="Layout Group" xmlns="http://www.hyfinity.com/formmaker">
					<container class="groupLabelBackground" options="static" style="">
						<content_alignment distribution="vertical" />
					</container>
				</label>
				<style class="" options="static" style="" xmlns="http://www.hyfinity.com/formmaker" />
				<fm:content_alignment distribution="horizontal" halign="left" valign="top" />
				<fm:sizing height="fit_to_content" width="fully_expand" />
				<palette_ref control="Layout Group" xmlns="http://www.hyfinity.com/formmaker" />
				<fm:group border_styling="false" compatability="false" fieldset="false" gen_method="layout" hide="false" label_position="top" name="cybersec_group" submit_if_hidden="true">
					<label class="label" options="static" position="outside_group" position_override="top" required="false" style="" type="static" value="Layout Group" xmlns="http://www.hyfinity.com/formmaker">
						<container class="groupLabelBackground" options="static" style="">
							<content_alignment distribution="vertical" />
						</container>
					</label>
					<style class="" options="static" style="" xmlns="http://www.hyfinity.com/formmaker" />
					<fm:content_alignment distribution="horizontal" halign="left" valign="top" />
					<fm:sizing height="fit_to_content" width="fit_to_content" />
					<palette_ref control="Layout Group" xmlns="http://www.hyfinity.com/formmaker" />
					<fm:element disable="false" disable_method="disabled" generate="true" hide="false" name="PD_CYB_SEC_CD_SEL">
						<field xmlns="http://www.hyfinity.com/formmaker">
							<input dropdown_default="Select One" options="dynamic">select</input>
							<style class="defaultBackground selectControl" options="static" style="width : 400px;" />
							<element_style class="select" options="static" style="" />
							<date_picker class="" content="" required="false" type="normal" />
							<label class="label" options="static" required="true" style="" type="static" value="Cyber Security Code">
								<container class="labelBackground labelControl" options="static" style="width : 400px;">
									<sizing width="custom" />
								</container>
							</label>
							<container>
								<sizing width="custom" />
							</container>
						</field>
						<constraints validate="true" xmlns="http://www.hyfinity.com/formmaker">
							<type>string</type>
							<required>true</required>
							<enumeration use_for_output="false">
								<include value="ListItem1">List Item 1</include>
								<include value="ListItem2">List Item 2</include>
								<include value="ListItem3">List Item 3</include>
							</enumeration>
						</constraints>
						<error xmlns="http://www.hyfinity.com/formmaker">
							<hint class="hintIcon" style="" use="false">Enter a hint here.</hint>
							<server class="errorIcon" retain="false" style="" use="false" />
						</error>
						<palette_ref control="Select Box" xmlns="http://www.hyfinity.com/formmaker" />
						<accessibility xmlns="http://www.hyfinity.com/formmaker">
							<alt>Select Cyber Security Code</alt>
							<tab_index>204</tab_index>
						</accessibility>
					</fm:element>
					<fm:group border_styling="false" compatability="false" fieldset="false" gen_method="layout" hide="false" label_position="top" name="cybersec_selected_group" submit_if_hidden="true">
						<label class="label" options="static" position="outside_group" position_override="top" required="true" style="" type="static" value="Selected Items (Uncheck to remove)" xmlns="http://www.hyfinity.com/formmaker">
							<container class="groupLabelBackground" options="static" style="width : 600px;">
								<content_alignment distribution="vertical" />
								<sizing width="custom" />
							</container>
						</label>
						<style class="" options="static" style="width : 600px;" xmlns="http://www.hyfinity.com/formmaker" />
						<fm:content_alignment distribution="vertical" halign="left" valign="top" />
						<fm:sizing height="fit_to_content" width="custom" />
						<palette_ref control="Layout Group" xmlns="http://www.hyfinity.com/formmaker" />
						<fm:element disable="false" disable_method="disabled" generate="true" hide="false" name="PD_CYB_SEC_CD">
							<field xmlns="http://www.hyfinity.com/formmaker">
								<input option_labels="after" options="dynamic" size="1" size-y="3">multipleCheckbox</input>
								<style class="defaultBackground multiCheckboxControl" options="static" style="" />
								<element_style class="checkbox" options="static" style="" />
								<date_picker class="" content="" required="false" type="normal" />
								<label class="label" options="static" required="false" style="" type="static" value="Multi Check">
									<container class="labelBackground labelControl" options="static" />
								</label>
								<container />
							</field>
							<constraints validate="true" xmlns="http://www.hyfinity.com/formmaker">
								<type>string</type>
								<required>false</required>
								<enumeration use_for_output="false">
									<include value="check1">Check 1</include>
									<include value="check2">Check 2</include>
									<include value="check3">Check 3</include>
								</enumeration>
							</constraints>
							<error xmlns="http://www.hyfinity.com/formmaker">
								<hint class="hintIcon" style="" use="false">Enter a hint here.</hint>
								<server class="errorIcon" retain="false" style="" use="false" />
								<message_override>Cyber Security Code limit reached</message_override>
							</error>
							<palette_ref control="Multi-Checkbox" xmlns="http://www.hyfinity.com/formmaker" />
							<accessibility xmlns="http://www.hyfinity.com/formmaker">
								<alt>Uncheck to remove Cyber Security Code</alt>
								<tab_index>205</tab_index>
							</accessibility>
						</fm:element>
					</fm:group>
				</fm:group>
			</fm:group>
			<fm:group border_styling="false" compatability="false" fieldset="false" gen_method="layout" hide="false" label_position="top" name="code_grid_group_row3" submit_if_hidden="true">
				<label class="label" options="static" position="outside_group" position_override="top" required="false" style="" type="static" value="Layout Group" xmlns="http://www.hyfinity.com/formmaker">
					<container class="groupLabelBackground" options="static" style="">
						<content_alignment distribution="vertical" />
					</container>
				</label>
				<style class="" options="static" style="" xmlns="http://www.hyfinity.com/formmaker" />
				<fm:content_alignment distribution="horizontal" halign="left" valign="top" />
				<fm:sizing height="fit_to_content" width="fully_expand" />
				<palette_ref control="Layout Group" xmlns="http://www.hyfinity.com/formmaker" />
				<fm:element disable="false" disable_method="disabled" generate="true" hide="false" name="CS_SEC_ID">
					<field xmlns="http://www.hyfinity.com/formmaker">
						<input dropdown_default="Select One" options="dynamic">select</input>
						<style class="defaultBackground selectControl" options="static" style="" />
						<element_style class="select" options="static" style="" />
						<date_picker class="" content="" required="false" type="normal" />
						<label class="label" options="static" required="true" style="" type="static" value="Position Sensitivity">
							<container class="labelBackground labelControl" options="static" />
						</label>
						<container />
					</field>
					<constraints validate="true" xmlns="http://www.hyfinity.com/formmaker">
						<type>string</type>
						<required>true</required>
						<enumeration use_for_output="false">
							<include value="ListItem1">List Item 1</include>
							<include value="ListItem2">List Item 2</include>
							<include value="ListItem3">List Item 3</include>
						</enumeration>
					</constraints>
					<error xmlns="http://www.hyfinity.com/formmaker">
						<hint class="hintIcon" style="" use="false">Enter a hint here.</hint>
						<server class="errorIcon" retain="false" style="" use="false" />
					</error>
					<palette_ref control="Select Box" xmlns="http://www.hyfinity.com/formmaker" />
					<accessibility xmlns="http://www.hyfinity.com/formmaker">
						<alt>Select Position Sensitivity</alt>
						<tab_index>300</tab_index>
					</accessibility>
				</fm:element>
				<fm:element disable="false" disable_method="read_only" generate="true" hide="false" name="PD_COMPET_LVL_CD">
					<field xmlns="http://www.hyfinity.com/formmaker">
						<input options="dynamic" size="5">text</input>
						<style class="defaultBackground textboxControl" options="static" style="" />
						<element_style class="textbox" options="static" style="" />
						<date_picker class="datePickerIcon" content="" required="false" type="normal" />
						<label class="label" options="static" required="true" style="" type="static" value="Competitive Level Code">
							<container class="labelBackground labelControl" options="static" />
						</label>
						<container />
					</field>
					<constraints validate="true" xmlns="http://www.hyfinity.com/formmaker">
						<type>string</type>
						<required>true</required>
						<pattern>^[a-zA-Z0-9]{1,5}$</pattern>
						<enumeration use_for_output="false" />
					</constraints>
					<error xmlns="http://www.hyfinity.com/formmaker">
						<hint class="hintIcon" style="" use="false">Enter a hint here.</hint>
						<server class="errorIcon" retain="false" style="" use="false" />
						<message_override>Required.  Up to 5 alpha-numeric characters.</message_override>
					</error>
					<palette_ref control="Text Box" xmlns="http://www.hyfinity.com/formmaker" />
					<accessibility xmlns="http://www.hyfinity.com/formmaker">
						<alt>Type Competitive Level Code</alt>
						<tab_index>310</tab_index>
					</accessibility>
					<custom_attributes xmlns="http://www.hyfinity.com/formmaker">
						<attribute name="maxLength" type="custom" value="5" />
					</custom_attributes>
				</fm:element>
				<fm:group border_styling="false" compatability="false" fieldset="false" gen_method="layout" hide="false" label_position="top" name="dwc_group" submit_if_hidden="true">
					<label class="label" options="static" position="outside_group" position_override="top" required="false" style="" type="static" value="Layout Group" xmlns="http://www.hyfinity.com/formmaker">
						<container class="groupLabelBackground" options="static" style="">
							<content_alignment distribution="vertical" />
						</container>
					</label>
					<style class="" options="static" style="" xmlns="http://www.hyfinity.com/formmaker" />
					<fm:content_alignment distribution="vertical" halign="left" valign="top" />
					<fm:sizing height="fit_to_content" width="custom" />
					<palette_ref control="Layout Group" xmlns="http://www.hyfinity.com/formmaker" />
					<fm:element disable="false" disable_method="disabled" generate="true" hide="false" name="PD_BUS_CD">
						<field xmlns="http://www.hyfinity.com/formmaker">
							<input dropdown_default="Select One" options="dynamic">select</input>
							<style class="defaultBackground selectControl" options="static" style="" />
							<element_style class="select" options="static" style="" />
							<date_picker class="" content="" required="false" type="normal" />
							<label class="label" options="static" required="true" style="" type="static" value="Bargaining Unit Status (BUS) Code">
								<container class="labelBackground labelControl" options="static" />
							</label>
							<container />
						</field>
						<constraints validate="true" xmlns="http://www.hyfinity.com/formmaker">
							<type>string</type>
							<required>true</required>
							<enumeration use_for_output="false">
								<include value="ListItem1">List Item 1</include>
								<include value="ListItem2">List Item 2</include>
								<include value="ListItem3">List Item 3</include>
							</enumeration>
						</constraints>
						<error xmlns="http://www.hyfinity.com/formmaker">
							<hint class="hintIcon" style="" use="false">Enter a hint here.</hint>
							<server class="errorIcon" retain="false" style="" use="false" />
						</error>
						<palette_ref control="Select Box" xmlns="http://www.hyfinity.com/formmaker" />
						<accessibility xmlns="http://www.hyfinity.com/formmaker">
							<alt>Select Bargaining Unit Status (BUS) Code</alt>
							<tab_index>320</tab_index>
						</accessibility>
					</fm:element>
				</fm:group>
				<fm:group border_styling="false" compatability="false" fieldset="false" gen_method="layout" hide="false" label_position="top" name="dwc_confirm_group" submit_if_hidden="true">
					<label class="label" options="static" position="outside_group" position_override="top" required="false" style="" type="static" value="Layout Group" xmlns="http://www.hyfinity.com/formmaker">
						<container class="groupLabelBackground" options="static" style="">
							<content_alignment distribution="vertical" />
						</container>
					</label>
					<style class="" options="static" style="" xmlns="http://www.hyfinity.com/formmaker" />
					<fm:content_alignment distribution="vertical" halign="left" valign="top" />
					<fm:sizing height="fit_to_content" width="fully_expand" />
					<palette_ref control="Layout Group" xmlns="http://www.hyfinity.com/formmaker" />
					<fm:element disable="false" disable_method="disabled" generate="true" hide="false" name="BYPASS_DWC_FL">
						<field xmlns="http://www.hyfinity.com/formmaker">
							<input dropdown_default="Select One" options="static">select</input>
							<style class="defaultBackground selectControl" options="static" style="" />
							<element_style class="select" options="static" style="" />
							<date_picker class="" content="" required="false" type="normal" />
							<label class="label" options="static" required="true" style="" type="static" value="DWC Confirmation Needed?">
								<container class="labelBackground labelControl" options="static" />
							</label>
							<container />
						</field>
						<constraints validate="true" xmlns="http://www.hyfinity.com/formmaker">
							<type>string</type>
							<required>true</required>
							<enumeration use_for_output="false">
								<include value="Yes">Yes</include>
								<include value="No">No</include>
							</enumeration>
						</constraints>
						<error xmlns="http://www.hyfinity.com/formmaker">
							<hint class="hintIcon" style="" use="false">Enter a hint here.</hint>
							<server class="errorIcon" retain="false" style="" use="false" />
						</error>
						<palette_ref control="Select Box" xmlns="http://www.hyfinity.com/formmaker" />
						<accessibility xmlns="http://www.hyfinity.com/formmaker">
							<alt>Select DWC Confirmation Needed</alt>
							<tab_index>330</tab_index>
						</accessibility>
					</fm:element>
				</fm:group>
			</fm:group>
		</fm:group>
	</fm:group>
	<fm:group border_styling="false" compatability="false" fieldset="false" gen_method="layout" hide="false" label_position="left" name="hidden_code_group" submit_if_hidden="true">
		<label class="label" options="static" position="outside_group" position_override="top" required="false" style="" type="static" value="Layout Group" xmlns="http://www.hyfinity.com/formmaker">
			<container class="groupLabelBackground" options="static" style="" />
		</label>
		<style class="hide" options="static" style="" xmlns="http://www.hyfinity.com/formmaker" />
		<fm:content_alignment distribution="vertical" halign="left" valign="top" />
		<fm:sizing height="fit_to_content" width="fully_expand" />
		<palette_ref control="Layout Group" xmlns="http://www.hyfinity.com/formmaker" />
	</fm:group>
</fm:structure>
