<?xml version="1.0" encoding="UTF-8"?>
<xforms xmlns:mvc="http://www.hyfinity.com/mvc" xmlns="http://www.hyfinity.com/formmaker">
	<instance_configuration />
	<page />
	<group name="CC_main_body" />
	<group name="CC_group" />
	<element name="CC_CASE_COMPLETE_DT">
		<fm:transform_xpath xmlns:fm="http://www.hyfinity.com/formmaker">/mvc:eForm/mvc:Data/mvc:formData/mvc:CC_CASE_COMPLETE_DT</fm:transform_xpath>
		<fm:action name="case_complete" xmlns:fm="http://www.hyfinity.com/formmaker">
			<fm:xform_xpath>/mvc:eForm/mvc:Data/mvc:formData/mvc:CC_CASE_COMPLETE_DT</fm:xform_xpath>
		</fm:action>
	</element>
	<element name="CC_FINAL_ACTION">
		<fm:transform_xpath xmlns:fm="http://www.hyfinity.com/formmaker">/mvc:eForm/mvc:Data/mvc:formData/mvc:CC_FINAL_ACTION</fm:transform_xpath>
		<fm:action name="case_complete" xmlns:fm="http://www.hyfinity.com/formmaker">
			<fm:xform_xpath>/mvc:eForm/mvc:Data/mvc:formData/mvc:CC_FINAL_ACTION</fm:xform_xpath>
		</fm:action>
	</element>
	<group name="layout_group" />
</xforms>
