<?xml version="1.0" encoding="UTF-8"?>
<xforms xmlns:mvc="http://www.hyfinity.com/mvc" xmlns="http://www.hyfinity.com/formmaker">
	<instance_configuration />
	<page />
	<group name="CC_main_body" />
	<group name="CC_group" />
	<element name="CC_CASE_COMPLETE_DT">
		<fm:transform_xpath xmlns:fm="http://www.hyfinity.com/formmaker">/mvc:eForm/mvc:Data/mvc:formData/mvc:CC_CASE_COMPLETE_DT</fm:transform_xpath>
		<fm:action name="case_complete" xmlns:fm="http://www.hyfinity.com/formmaker">
			<fm:xform_xpath>/mvc:eForm/mvc:Data/mvc:formData/mvc:CC_CASE_COMPLETE_DT</fm:xform_xpath>
		</fm:action>
		<description />
	</element>
	<element name="CC_FINAL_ACTION">
		<fm:action name="case_complete" xmlns:fm="http://www.hyfinity.com/formmaker">
			<fm:xform_xpath>/mvc:eForm/mvc:Data/mvc:formData/mvc:CC_FINAL_ACTION</fm:xform_xpath>
		</fm:action>
		<transform_xpath>/mvc:eForm/mvc:Data/mvc:formData/mvc:CC_FINAL_ACTION</transform_xpath>
		<repeat_xpath>/mvc:eForm/mvc:Data/lookup/record[LTYPE='ERLRCasesCompletedFinalAction' and ACTIVE='1']</repeat_xpath>
		<value_xpath>NAME</value_xpath>
		<text_xpath>LABEL</text_xpath>
		<description />
	</element>
	<group name="layout_group" />
	<element name="output">
		<fm:action name="case_complete" xmlns:fm="http://www.hyfinity.com/formmaker">
			<fm:xform_xpath>/mvc:eForm/mvc:Data/mvc:formData/mvc:output</fm:xform_xpath>
		</fm:action>
		<fm:transform_xpath xmlns:fm="http://www.hyfinity.com/formmaker">/mvc:eForm/mvc:Data/mvc:formData/mvc:output</fm:transform_xpath>
	</element>
	<element name="CC_PERF_FINAL_ACTION">
		<fm:action name="case_complete" xmlns:fm="http://www.hyfinity.com/formmaker">
			<fm:xform_xpath>/mvc:eForm/mvc:Data/mvc:formData/mvc:CC_PERF_FINAL_ACTION</fm:xform_xpath>
		</fm:action>
		<transform_xpath>/mvc:eForm/mvc:Data/mvc:formData/mvc:CC_PERF_FINAL_ACTION</transform_xpath>
		<repeat_xpath>/mvc:eForm/mvc:Data/lookup/record[LTYPE='ERLRCasesCompletedPerformanceFinalAction' and ACTIVE='1']</repeat_xpath>
		<value_xpath>NAME</value_xpath>
		<text_xpath>LABEL</text_xpath>
		<description />
	</element>
	<group name="CC_PER_FINAL_ACTION" />
	<group name="CC_CONDUCT_INVESTIGATION_FINAL_ACTION" />
	<group name="layout_group_2" />
</xforms>
