<?xml version="1.0" encoding="UTF-8"?>
<dashboardModelResource exportedWithPermissions="false">
    <folder>/organizations/organization_1/dashboards/groupDashboards/CMS</folder>
    <name>CMS_Classification_Specialist_Workload_Dashboard</name>
    <version>3</version>
    <label>CMS Classification Specialist Workload Dashboard</label>
    <creationDate>2019-04-10T08:58:50.000-04:00</creationDate>
    <updateDate>2019-04-10T12:54:33.000-04:00</updateDate>
    <defaultFoundation>default</defaultFoundation>
    <foundation>
        <id>default</id>
        <layout>layout</layout>
        <wiring>wiring</wiring>
        <components>components</components>
    </foundation>
    <resourceDescriptor>
        <type>wiring</type>
        <id>wiring</id>
    </resourceDescriptor>
    <resourceDescriptor>
        <type>layout</type>
        <id>layout</id>
    </resourceDescriptor>
    <resourceDescriptor>
        <type>components</type>
        <id>components</id>
    </resourceDescriptor>
    <resourceDescriptor>
        <type>reportUnit</type>
        <id>/reports/CMS/Class_Workload_Dashboard/CMS_Classification_Workload_Section_Header___Active</id>
    </resourceDescriptor>
    <resourceDescriptor>
        <type>reportUnit</type>
        <id>/reports/CMS/Class_Workload_Dashboard/CMS_Classification_Workload_by_HR_Classifier___Chart</id>
    </resourceDescriptor>
    <resourceDescriptor>
        <type>reportUnit</type>
        <id>/reports/CMS/Class_Workload_Dashboard/CMS_Individual_Classifier_Workload___Chart</id>
    </resourceDescriptor>
    <resourceDescriptor>
        <type>inputControl</type>
        <id>/Input_Controls/CMS/Class_Dashboard/CLASS_SPEC_ID</id>
    </resourceDescriptor>
    <resourceDescriptor>
        <type>inputControl</type>
        <id>/Input_Controls/CMS/Class_Dashboard/REQ_TYPE</id>
    </resourceDescriptor>
    <resourceDescriptor>
        <type>inputControl</type>
        <id>/Input_Controls/CMS/Class_Dashboard/WORKFLOW</id>
    </resourceDescriptor>
    <resource>
        <localResource
            xmlns:xsi="http://www.w3.org/2001/XMLSchema-instance"
            exportedWithPermissions="false" dataFile="wiring.data" xsi:type="fileResource">
            <folder>/organizations/organization_1/dashboards/groupDashboards/CMS/CMS_Classification_Specialist_Workload_Dashboard_files</folder>
            <name>wiring</name>
            <version>1</version>
            <label>wiring</label>
            <creationDate>2019-04-10T12:54:33.000-04:00</creationDate>
            <updateDate>2019-04-10T12:54:33.000-04:00</updateDate>
            <fileType>json</fileType>
        </localResource>
    </resource>
    <resource>
        <localResource
            xmlns:xsi="http://www.w3.org/2001/XMLSchema-instance"
            exportedWithPermissions="false" dataFile="layout" xsi:type="contentResource">
            <folder>/organizations/organization_1/dashboards/groupDashboards/CMS/CMS_Classification_Specialist_Workload_Dashboard_files</folder>
            <name>layout</name>
            <version>1</version>
            <label>layout</label>
            <creationDate>2019-04-10T12:54:33.000-04:00</creationDate>
            <updateDate>2019-04-10T12:54:33.000-04:00</updateDate>
            <fileType>html</fileType>
        </localResource>
    </resource>
    <resource>
        <localResource
            xmlns:xsi="http://www.w3.org/2001/XMLSchema-instance"
            exportedWithPermissions="false" dataFile="components.data" xsi:type="fileResource">
            <folder>/organizations/organization_1/dashboards/groupDashboards/CMS/CMS_Classification_Specialist_Workload_Dashboard_files</folder>
            <name>components</name>
            <version>1</version>
            <label>components</label>
            <creationDate>2019-04-10T12:54:33.000-04:00</creationDate>
            <updateDate>2019-04-10T12:54:33.000-04:00</updateDate>
            <fileType>dashboardComponent</fileType>
        </localResource>
    </resource>
    <resource>
        <uri>/organizations/organization_1/reports/CMS/Class_Workload_Dashboard/CMS_Classification_Workload_Section_Header___Active</uri>
    </resource>
    <resource>
        <uri>/organizations/organization_1/reports/CMS/Class_Workload_Dashboard/CMS_Classification_Workload_by_HR_Classifier___Chart</uri>
    </resource>
    <resource>
        <uri>/organizations/organization_1/reports/CMS/Class_Workload_Dashboard/CMS_Individual_Classifier_Workload___Chart</uri>
    </resource>
    <resource>
        <uri>/organizations/organization_1/Input_Controls/CMS/Class_Dashboard/CLASS_SPEC_ID</uri>
    </resource>
    <resource>
        <uri>/organizations/organization_1/Input_Controls/CMS/Class_Dashboard/REQ_TYPE</uri>
    </resource>
    <resource>
        <uri>/organizations/organization_1/Input_Controls/CMS/Class_Dashboard/WORKFLOW</uri>
    </resource>
</dashboardModelResource>
