<?xml version="1.0" encoding="UTF-8"?>
<eForm xmlns="http://www.hyfinity.com/mvc" xmlns:mvc="http://www.hyfinity.com/mvc">
	<Control>
		<action>meddoc</action>
		<Page />
		<Controller />
	</Control>
	<Data>
		<formData>
			<sessioninfo />
			<procid />
			<actseq />
			<workseq />
			<appseq />
			<isarchive />
			<readOnly />
			<THRD_PRTY_APPEAL_TYPE />
			<THRD_PRTY_APPEAL_FILE_DT />
			<THRD_PRTY_ASSISTANCE_REQ_DT />
			<THRD_PRTY_HEARING_TIMING />
			<THRD_PRTY_HEARING_REQUESTED />
			<THRD_PRTY_STEP_DECISION_DT />
			<THRD_PRTY_ARBITRATION_INVOKED />
			<THRD_PRTY_ARBITRATOR_LAST_NAME_3 />
			<THRD_PRTY_ARBITRATOR_FIRST_NAME_3 />
			<THRD_PRTY_ARBITRATOR_MIDDLE_NAME_3 />
			<THRD_PRTY_ARBITRATOR_EMAIL_3 />
			<THRD_ERLR_ARBITRATOR_PHONE_NUMBER_3 />
			<THRD_PRTY_ARBITRATION_ORGANIZATION_AFFILIATION_3 />
			<THRD_PRTY_ARBITRATION_MAILING_ADDR_3 />
			<THRD_PRTY_PREHEARING_DT_2 />
			<THRD_PRTY_HEARING_DT_2 />
			<THRD_PRTY_FINAL_ARBITRATOR_DECISION_DT_2 />
			<THRD_PRTY_POSTHEARING_BRIEF_DUE_2 />
			<THRD_PRTY_EXCEPTION_FILED_2 />
			<THRD_PRTY_EXCEPTION_FILE_DT_2 />
			<THRD_PRTY_RESPONSE_TO_EXCEPTIONS_DUE_2 />
			<THRD_PRTY_FINAL_FLRA_DECISION_DT_2 />
			<THRD_PRTY_ARBITRATOR_LAST_NAME />
			<THRD_PRTY_ARBITRATOR_FIRST_NAME />
			<THRD_PRTY_ARBITRATOR_MIDDLE_NAME />
			<THRD_PRTY_ARBITRATOR_EMAIL />
			<THRD_PRTY_ARBITRATOR_PHONE_NUMBER />
			<THRD_PRTY_ARBITRATOR_ORGANIZATION_AFFILIATION />
			<THRD_PRTY_ARBITRATOR_MAILING_ADDR />
			<THRD_PRTY_PREHEARING_DT />
			<THRD_PRTY_HEARING_DT />
			<THRD_PRTY_POSTHEARING_BRIEF_DUE />
			<THRD_PRTY_FINAL_ARBITRATOR_DECISION_DT />
			<THRD_PRTY_EXCEPTION_FILE_DT />
			<THRD_PRTY_EXCEPTION_FILED />
			<THRD_PRTY_RESPONSE_TO_EXCEPTIONS_DUE />
			<THRD_PRTY_FINAL_FLRA_DECISION_DT />
			<THRD_PRTY_ARBITRATOR_LAST_NAME_4 />
			<THRD_PRTY_ARBITRATOR_FIRST_NAME_4 />
			<THRD_PRTY_ARBITRATOR_MIDDLE_NAME_4 />
			<THRD_PRTY_ARBITRATOR_EMAIL_4 />
			<THRD_PRTY_ARBITRATOR_PHONE_NUMBER_4 />
			<THRD_PRTY_ARBITRATOR_ORGANIZATION_AFFILIATION_4 />
			<THRD_PRTY_ARBITRATOR_MAILING_ADDR_4 />
			<THRD_PRTY_DT_SETTLEMENT_DISCUSSION />
			<THRD_PRTY_DT_PREHEARING_DISCLOSURE />
			<THRD_PRTY_DT_AGENCY_FILE_RESPONSE_DUE />
			<THRD_PRTY_PREHEARING_DT_MSPB />
			<THRD_PRTY_WAS_DISCOVERY_INITIATED />
			<THRD_PRTY_DT_DISCOVERY_DUE />
			<THRD_PRTY_HEARING_DT_MSPB />
			<THRD_PRTY_INITIAL_DECISION_DT_MSPB />
			<THRD_PRTY_WAS_PETITION_FILED_MSPB />
			<THRD_PRTY_PETITION_RV_DT />
			<THRD_PRTY_FINAL_BOARD_DECISION_DT_MSPB />
			<THRD_PRTY_DT_SETTLEMENT_DISCUSSION_2 />
			<THRD_PRTY_DT_PREHEARING_DISCLOSURE_2 />
			<THRD_PRTY_PREHEARING_CONF />
			<THRD_PRTY_HEARING_DT_FLRA />
			<THRD_PRTY_DECISION_DT_FLRA />
			<THRD_PRTY_WAS_DECISION_APPEAL />
			<THRD_PRTY_MSPB_DT2 />
			<THRD_PRTY_FINAL_FLRA_DECISION_DT_FLRA />
			<THRD_PRTY_TIMELY_REQ />
			<THRD_PRTY_PROC_ORDER_SEL />
			<THRD_PRTY_PANEL_MEMBER_LNAME />
			<THRD_PRTY_PANEL_MEMBER_FNAME />
			<THRD_PRTY_PANEL_MEMBER_MNAME />
			<THRD_PRTY_PANEL_MEMBER_EMAIL />
			<THRD_PRTY_PANEL_MEMBER_PHONE />
			<THRD_PRTY_PANEL_MEMBER_ORG />
			<THRD_PRTY_PANEL_MEMBER_MAILING />
			<THRD_PRTY_PANEL_DESCR />
			<AP_ERLR_APPEAL_TYPE />
			<AP_ERLR_APPEAL_FILE_DT />
			<AP_ERLR_APPEAL_TIMING />
			<AP_ERLR_APPEAL_HEARING_REQUESTED />
			<AP_ERLR_STEP_DECISION_DT />
			<AP_ERLR_ARBITRATION_INVOKED />
			<AP_ERLR_ARBITRATOR_LAST_NAME_3 />
			<AP_ERLR_ARBITRATOR_FIRST_NAME_3 />
			<AP_ERLR_ARBITRATOR_MIDDLE_NAME_3 />
			<AP_ERLR_ARBITRATOR_EMAIL_3 />
			<AP_ERLR_ARBITRATOR_PHONE_NUMBER_3 />
			<AP_ERLR_ARBITRATION_ORGANIZATION_AFFILIATION_3 />
			<AP_ERLR_ARBITRATION_MAILING_ADDR_3 />
			<AP_ERLR_PREHEARING_DT_2 />
			<AP_ERLR_HEARING_DT_2 />
			<AP_ERLR_POSTHEARING_BRIEF_DUE_2 />
			<AP_ERLR_FINAL_ARBITRATOR_DECISION_DT_2 />
			<AP_ERLR_EXCEPTION_FILED_2 />
			<AP_ERLR_EXCEPTION_FILE_DT_2 />
			<AP_ERLR_RESPONSE_TO_EXCEPTIONS_DUE_2 />
			<AP_ERLR_FINAL_FLRA_DECISION_DT_2 />
			<AP_ERLR_ARBITRATOR_LAST_NAME />
			<AP_ERLR_ARBITRATOR_FIRST_NAME />
			<AP_ERLR_ARBITRATOR_MIDDLE_NAME />
			<AP_ERLR_ARBITRATOR_EMAIL />
			<AP_ERLR_ARBITRATOR_PHONE_NUMBER />
			<AP_ERLR_ARBITRATOR_ORGANIZATION_AFFILIATION />
			<AP_ERLR_ARBITRATOR_MAILING_ADDR />
			<AP_ERLR_PREHEARING_DT />
			<AP_ERLR_HEARING_DT />
			<AP_ERLR_POSTHEARING_BRIEF_DUE />
			<AP_ERLR_FINAL_ARBITRATOR_DECISION_DT />
			<AP_ERLR_EXCEPTION_FILE_DT />
			<AP_ERLR_EXCEPTION_FILED />
			<AP_ERLR_RESPONSE_TO_EXCEPTIONS_DUE />
			<AP_ERLR_FINAL_FLRA_DECISION_DT />
			<AP_ERLR_ARBITRATOR_LAST_NAME_2 />
			<AP_ERLR_ARBITRATOR_FIRST_NAME_2 />
			<AP_ERLR_ARBITRATOR_MIDDLE_NAME_2 />
			<AP_ERLR_ARBITRATOR_EMAIL_2 />
			<AP_ERLR_ARBITRATOR_PHONE_NUMBER_2 />
			<AP_ERLR_ARBITRATOR_ORGANIZATION_AFFILIATION_2 />
			<AP_ERLR_ARBITRATOR_MAILING_ADDR_2 />
			<AP_ERLR_PREHEARING_DT_SC />
			<AP_ERLR_HEARING_DT_SC />
			<AP_ERLR_ARBITRATOR_LAST_NAME_4 />
			<AP_ERLR_ARBITRATOR_FIRST_NAME_4 />
			<AP_ERLR_ARBITRATOR_MIDDLE_NAME_4 />
			<AP_ERLR_ARBITRATOR_EMAIL_4 />
			<AP_ERLR_ARBITRATOR_PHONE_NUMBER_4 />
			<AP_ERLR_ARBITRATOR_ORGANIZATION_AFFILIATION_4 />
			<AP_ERLR_ARBITRATOR_MAILING_ADDR_4 />
			<AP_ERLR_DT_SETTLEMENT_DISCUSSION />
			<AP_ERLR_DT_PREHEARING_DISCLOSURE />
			<AP_ERLR_WAS_DISCOVERY_INITIATED />
			<AP_ERLR_DT_DISCOVERY_DUE />
			<AP_ERLR_HEARING_DT_FLRA />
			<AP_ERLR_DECISION_DT_FLRA />
			<AP_ERLR_WAS_DECISION_APPEALED_FLRA />
			<AP_ERLR_APPEAL_FILE_DT_FLRA />
			<AP_ERLR_FINAL_DECISION_FLRA_DT />
			<CC_FINAL_ACTION />
			<CC_CASE_COMPLETE_DT />
			<CI_ACTION_TYPE />
			<CI_ADMIN_INVESTIGATORY_LEAVE />
			<CI_ADMIN_NOTICE_LEAVE />
			<CI_LEAVE_START_DT />
			<CI_LEAVE_END_DT />
			<CI_APPROVAL_NAME_SRCH />
			<CI_LEAVE_START_DT_2 />
			<CI_LEAVE_END_DT_2 />
			<CI_APPROVAL_NAME_2_SRCH />
			<CI_PROP_ACTION_ISSUED_DT />
			<CI_ORAL_PREZ_REQUESTED />
			<CI_ORAL_PREZ_DT />
			<CI_ORAL_RESPONSE_SUBMITTED />
			<CI_RESPONSE_DUE_DT />
			<CI_WRITTEN_RESPONSE_SUBMITTED_DT />
			<CI_PROPOSED_POS_TITLE />
			<CI_PROPOSED_PPLAN />
			<CI_PROPOSED_SERIES />
			<CI_PROPOSED_INFO_GRADE />
			<CI_PROPOSED_INFO_STEP />
			<CI_FINAL_POS_TITLE />
			<CI_FINAL_PPLAN />
			<CI_FINAL_SERIES />
			<CI_FINAL_INFO_GRADE />
			<CI_FINAL_INFO_STEP />
			<CI_DEMO_FINAL_AGENCY_DECISION />
			<CI_DECIDING_OFFCL_SRCH />
			<CI_COUNSEL_TYPE />
			<CI_COUNSEL_ISSUED_DT />
			<CI_SICK_LEAVE_ISSUED_DT />
			<CI_RESTRICTION_ISSED_DT />
			<CI_SICK_LEAVE_REVIEWED_DT_LIST />
			<_CI_SICK_LEAVE_REVIEWED_DT />
			<_CI_SICK_LEAVE_REVIEWED_EXTENDED />
			<_CI_SICK_LEAVE_REVIEWED_EXTENDED_DT />
			<_CI_SICK_LEAVE_REVIEWED_REMOVED_DT />
			<CI_SL_WARNING_DISCUSSION_DT_LIST />
			<_CI_SL_WARNING_DISCUSSION_DT />
			<CI_SL_WARN_ISSUE />
			<CI_NOTICE_ISSUED_DT />
			<CI_EFFECTIVE_DT />
			<CI_FINAL_ADMIN_CODE_SRCH />
			<CI_REMOVAL_PROP_ACTION_DT />
			<CI_EMP_NOTICE_LEAVE_PLACED />
			<CI_REMOVAL_NOTICE_START_DT />
			<CI_REMOVAL_NOTICE_END_DT />
			<CI_REMOVAL_ORAL_PREZ_REQUESTED />
			<CI_REMOVAL_ORAL_PREZ_DT />
			<CI_REMOVAL_WRITTEN_RESPONSE />
			<CI_WRITTEN_RESPONSE_DUE_DT />
			<CI_WRITTEN_SUBMITTED_DT />
			<CI_RMVL_FINAL_AGENCY_DECISION />
			<CI_DECIDING_OFFCL_NAME_SRCH />
			<CI_SUSPENTION_TYPE />
			<CI_SUSP_PROP_ACTION_DT />
			<CI_SUSP_ORAL_PREZ_REQUESTED />
			<CI_SUSP_ORAL_PREZ_DT />
			<CI_SUSP_WRITTEN_RESP />
			<CI_SUSP_WRITTEN_RESP_DUE_DT />
			<CI_SUSP_WRITTEN_RESP_DT />
			<CI_SUSP_FINAL_AGENCY_DECISION />
			<CI_SUSP_DECIDING_OFFCL_NAME_SRCH />
			<CI_REPRIMAND_ISSUE_DT />
			<CI_EMP_APPEAL_DECISION />
			<GEN_PRIMARY_SPECIALIST />
			<GEN_SECONDARY_SPECIALIST />
			<GEN_CUSTOMER_SEARCH />
			<GEN_CUSTOMER />
			<GEN_CUSTOMER_PHONE />
			<GEN_EMPLOYEE_SEARCH />
			<GEN_EMPLOYEE />
			<GEN_EMPLOYEE_PHONE />
			<GEN_CASE_DESC />
			<GEN_CASE_STATUS />
			<GEN_CUST_INIT_CONTACT_DT />
			<GEN_RELATED_CASE_SEARCH />
			<GEN_RELATED_TO_CASE />
			<GEN_PRIMARY_REP />
			<GEN_CMS_PRIMARY_REP_SEARCH />
			<GEN_CMS_PRIMARY_REP_PHONE />
			<GEN_NON_CMS_PRIMARY_LNAME />
			<GEN_NON_CMS_PRIMARY_FNAME />
			<GEN_NON_CMS_PRIMARY_MNAME />
			<GEN_NON_CMS_PRIMARY_EMAIL />
			<GEN_NON_CMS_PRIMARY_PHONE />
			<GEN_NON_CMS_PRIMARY_ORG />
			<GEN_NON_CMS_PRIMARY_ADDR />
			<GEN_CASE_TYPE />
			<GEN_CASE_CATEGORY_SEL />
			<GEN_INVESTIGATION />
			<GEN_INVESTIGATE_START_DT />
			<GEN_INVESTIGATE_END_DT />
			<GEN_STD_CONDUCT />
			<GEN_STD_CONDUCT_TYPE />
			<GI_TYPE />
			<GI_NEGOTIATED_GRIEVANCE_TYPE />
			<GI_TIMELY_FILING_2 />
			<GI_IND_MANAGER_SRCH />
			<GI_FILING_DT_2 />
			<GI_TIMELY_FILING />
			<GI_FILING_DT />
			<GI_IND_MEETING_DT />
			<GI_IND_STEP_1_DECISION_DT />
			<GI_IND_DECISION_ISSUE_DT />
			<GI_IND_STEP_1_EXT_DUE_DT_LIST />
			<_GI_IND_STEP_1_EXT_DUE_DT />
			<_GI_IND_STEP_1_EXT_DUE_REASON />
			<GI_STEP_2_REQUEST />
			<GI_IND_STEP_2_MTG_DT />
			<GI_IND_STEP_2_DECISION_DUE_DT />
			<GI_IND_STEP_2_DECISION_ISSUE_DT />
			<GI_IND_STEP_2_DEADLINE />
			<GI_IND_STEP_2_EXT_DUE_DT_LIST />
			<_GI_IND_STEP_2_EXT_DUE_DT />
			<_GI_IND_STEP_2_EXT_DUE_REASON />
			<GI_IND_THIRD_PARTY_APPEAL_DT />
			<GI_IND_THIRD_APPEAL_REQUEST />
			<GI_UM_GRIEVABILITY_SEL />
			<GI_MEETING_DT />
			<GI_GRIEVANCE_STATUS />
			<GI_ARBITRATION_DEADLINE_DT />
			<GI_ARBITRATION_REQUEST />
			<GI_ADMIN_OFFCL_1_SRCH />
			<GI_ADMIN_STG_1_DECISION_DT />
			<GI_ADMIN_STG_1_ISSUE_DT />
			<GI_ADMIN_STG_2_RESP />
			<GI_ADMIN_OFFCL_2_SRCH />
			<GI_ADMIN_STG_2_DECISION_DT />
			<GI_ADMIN_STG_2_ISSUE_DT />
			<IR_REQUESTER />
			<IR_CMS_REQUESTER_NAME_SEARCH />
			<IR_CMS_REQUESTER_NAME />
			<IR_CMS_REQUESTER_PHONE />
			<IR_NON_CMS_REQUESTER_LAST_NAME />
			<IR_NON_CMS_REQUESTER_FIRST_NAME />
			<IR_NON_CMS_REQUESTER_MIDDLE_NAME />
			<IR_NON_CMS_REQUESTER_PHONE />
			<IR_NON_CMS_REQUESTER_EMAIL />
			<IR_NON_CMS_REQUESTER_ORGANIZATION_AFFILIATION />
			<IR_SUBMIT_DT />
			<IR_MEET_PARTICULARIZED_NEED_STANDARD />
			<IR_REASONABLY_AVAILABLE_AND_NECESSARY />
			<IR_PROTECTED_FROM_DISCLOSURE_BY_LAW />
			<IR_MAINTAINED_BY_AGENCY />
			<IR_COLLECTIVE_BARGAINING_UNIT />
			<IR_APPROVE />
			<IR_PROVIDE_DT_LIST />
			<_IR_PROVIDE_DT />
			<IR_DENIAL_NOTICE_DT_LIST />
			<_IR_DENIAL_NOTICE_DT />
			<_IR_DENIAL_NOTICE_SELECT_REASON />
			<_IR_DENIAL_NOTICE_REASON />
			<IR_APPEAL_DENIAL />
			<INVESTIGATION_TYPE />
			<I_MISCONDUCT_FOUND />
			<LN_NEGOTIATION_TYPE />
			<LN_INITIATOR />
			<LN_DEMAND2BARGAIN_DT />
			<LN_BRIEFING_REQUEST />
			<LN_PROPOSAL_SUBMISSION_DT />
			<LN_PROPOSAL_SUBMISSION />
			<LN_PROPOSAL_NEGOTIABLE />
			<LN_NON_NEGOTIABLE_LETTER />
			<LN_FILE_ULP />
			<LN_PROPOSAL_INFO_GROUND_RULES />
			<LN_PROPOSAL_INFO_NEG_COMMENCED_DT />
			<LN_LETTER_PROVIDED />
			<LN_LETTER_PROVIDED_DT />
			<LN_NEGOTIABLE_PROPOSAL />
			<LN_BARGAINING_BEGAN_DT />
			<LN_IMPASSE_DT />
			<LN_FSIP_DECISION_DT />
			<LN_BARGAINING_END_DT />
			<LN_AGREEMENT_DT />
			<LN_SUMMARY_OF_ISSUE />
			<LN_SECON_LETTER_REQUEST />
			<LN_2ND_LETTER_PROVIDED />
			<LN_NEGOTIABL_ISSUE_SUMMARY />
			<LN_MNGMNT_ARTICLE4_NTC_DT />
			<LN_MNGMNT_NOTICE_RESPONSE />
			<LN_MNGMNT_BRIEFING_REQUEST />
			<LN_MNGMNT_BARGAIN_SUBMISSION_DT />
			<LN_MNGMNT_PROPOSAL_SUBMISSION />
			<MD_REQUEST_REASON />
			<MD_MED_DOC_SBMT_DEADLINE_DT />
			<MD_FMLA_DOC_SBMT_DT />
			<MD_FMLA_BEGIN_DT />
			<MD_FMLA_APROVED />
			<MD_FMLA_DISAPRV_REASON_SEL />
			<MD_FMLA_GRIEVANCE />
			<MD_MEDEXAM_EXTENDED />
			<MD_MEDEXAM_ACCEPTED />
			<MD_MEDEXAM_RECEIVED_DT />
			<MD_DOC_SUBMITTED />
			<MD_DOC_SBMT_DT />
			<MD_DOC_SBMT_FOH />
			<MD_DOC_REVIEW_OUTCOME />
			<MD_DOC_ADMTV_ACCEPTABLE />
			<MD_DOC_ADMTV_REJECT_REASON />
			<_PI_PIP_EXT_END_DT />
			<_PI_PIP_EXT_END_REASON1 />
			<_PI_PIP_EXT_END_REASON2 />
			<_PI_PIP_EXT_END_REASON />
			<_PI_PIP_EXT_END_NOTIFY_DT />
			<PI_PIP_ACTUAL_DT />
			<PI_PIP_END_PRIOR_TO_PLAN />
			<PI_PIP_END_PRIOR_TO_PLAN_RSN />
			<PI_PIP_END_PRIOR_TO_PLAN_OTHR_RSN />
			<PI_PIP_SUCCESS_CMPLT />
			<PI_PIP_PMAP_RTNG_SIGN_DT />
			<PI_PIP_PMAP_RVW_SIGN_DT />
			<PI_PIP_PRPS_ACTN />
			<PI_PIP_PRPS_ISSUE_DT />
			<PI_PIP_ORAL_PRSNT_REQ />
			<PI_PIP_ORAL_PRSNT_DT />
			<PI_PIP_WRTN_RESP_SBMT />
			<PI_PIP_WRTN_RESP_DUE_DT />
			<PI_PIP_WRTN_SBMT_DT />
			<PI_PIP_FIN_AGCY_DECISION />
			<PI_PIP_DECIDING_OFFICAL_SRCH />
			<PI_PIP_FIN_AGCY_DECISION_DT />
			<PI_PIP_DECISION_ISSUE_DT />
			<PI_PIP_EFF_ACTN_DT />
			<PI_PIP_EMPL_GRIEVANCE />
			<PI_PIP_APPEAL_DECISION />
			<PI_REASGN_NOTICE_DT />
			<PI_REASGN_EFF_DT />
			<PI_REASGN_FIN_ADMIN_CD_SEARCH />
			<PI_RMV_PRPS_ACTN_ISSUE_DT />
			<PI_RMV_EMPL_NOTC_LEV />
			<PI_RMV_NOTC_LEV_START_DT />
			<PI_RMV_NOTC_LEV_END_DT />
			<PI_RMV_ORAL_PRSNT_REQ />
			<PI_RMV_ORAL_PRSNT_DT />
			<PI_RMV_WRTN_RESP_DUE_DT />
			<PI_RMV_WRTN_RESP_SBMT_DT />
			<PI_RMV_FIN_AGCY_DECISION />
			<PI_RMV_FIN_DECIDING_OFC_SRCH />
			<PI_RMV_DECISION_ISSUE_DT />
			<PI_RMV_EFF_DT />
			<PI_RMV_NUM_DAYS />
			<PI_RMV_APPEAL_DECISION />
			<PI_WRTN_NRTV_RVW_TYPE />
			<PI_WNR_SPCLST_RVW_CMPLT_DT />
			<PI_WNR_MGR_RVW_RTNG_DT />
			<PI_WNR_CRITICAL_ELM />
			<PI_WNR_FIN_RATING />
			<PI_WNR_RVW_OFC_CONCUR_DT />
			<PI_WNR_WGI_WTHLD />
			<PI_WNR_WGI_RVW_DT />
			<GI_IND_STEP_1_DEADLINE />
			<CC_FINAL_ACTION_OTHER />
			<CI_DECISION_ISSUED_DT />
			<CI_DEMO_FINAL_AGENCY_EFF_DT />
			<CI_NUMB_DAYS />
			<CI_REMOVAL_DATE_DECISION_ISSUED />
			<CI_REMOVAL_EFFECTIVE_DT />
			<CI_RMVL_NUMB_DAYS />
			<CI_SUSP_DECISION_ISSUED_DT />
			<CI_SUSP_EFFECTIVE_DECISION_DT />
			<CI_SUS_NUMB_DAYS />
			<PI_RMV_WRTN_RESP_SBMT />
			<LN_2ND_PROVIDED_DT />
			<LN_BRIEFING_REQUESTED2_DT />
			<LN_BRIEFING_DT />
			<GEN_EMPLOYEE_ID />
			<GEN_CUSTOMER_ID />
			<AP_ERLR_WAS_PETITION_4REVIEW_MSPB />
			<AP_ERLR_PETITION_4REVIEW_DT />
			<AP_ERLR_FINAL_DECISION_MSPB_DT />
			<AP_ERLR_HEARING_DT_MSPB />
			<AP_ERLR_initial_decision_MSPB_DT />
			<AP_ERLR_DT_SETTLEMENT_DISCUSSION_FLRA />
			<AP_ERLR_DT_PREHEARING_DISCLOSURE_FLRA />
			<AP_ERLR_DT_AGENCY_FILE_RESPONSE_DUE_FLRA />
			<AP_ERLR_PREHEARING_DT_FLRA />
		</formData>
	</Data>
</eForm>
