<?xml version="1.0" encoding="UTF-8"?>
<index desc="hsguser/mvc/BizFlow/message_pool_pool" name="hsguser/mvc/BizFlow/message_pool_pool" xmlns="http://www.hyfinity.com/xstore">
	<entry desc="" docname="to_BizFlowEntry_page.xml" id="to_DummyStart_page" timestamp="" />
	<entry desc="" docname="calling_information_request_action.xml" id="calling_information_request_action" timestamp="" />
	<entry desc="" docname="to_info_request_page.xml" id="to_info_request_page" timestamp="" />
	<entry desc="" docname="calling_investigation_action.xml" id="calling_investigation_action" timestamp="" />
	<entry desc="" docname="to_investigation_page.xml" id="to_investigation_page" timestamp="" />
	<entry desc="" docname="calling_labor_negotiation_action.xml" id="calling_labor_negotiation_action" timestamp="" />
	<entry desc="" docname="to_labor_negotiation_page.xml" id="to_labor_negotiation_page" timestamp="" />
	<entry desc="" docname="calling_meddoc_action.xml" id="calling_meddoc_action" timestamp="" />
	<entry desc="" docname="to_MedicalDoc_page.xml" id="to_MedicalDoc_page" timestamp="" />
</index>
