<?xml version="1.0" encoding="UTF-8"?>
<index desc="user 1 collection index file" id="collection_index" name="user1 collection index" xmlns="http://www.hyfinity.com/xstore">
	<entry desc="" docname="CMS/mvc/classification_apr/xsd_pool" id="CMS/mvc/classification_apr/xsd_pool" timestamp="" />
	<entry desc="" docname="CMS/mvc/classification_apr/logicsheet_pool" id="CMS/mvc/classification_apr/logicsheet_pool" timestamp="" />
	<entry desc="" docname="CMS/mvc/classification_apr/message_pool" id="CMS/mvc/classification_apr/message_pool" timestamp="" />
	<entry desc="" docname="CMS/mvc/classification_apr/other_resources_pool" id="CMS/mvc/classification_apr/other_resources_pool" timestamp="" />
	<entry desc="" docname="CMS/mvc/classification_apr/application" id="CMS/mvc/classification_apr/application" timestamp="" />
	<entry desc="" docname="CMS/mvc/classification_apr/formStructure" id="CMS/mvc/classification_apr/formStructure" timestamp="" />
	<entry desc="" docname="CMS/mvc/classification_apr/hyfinityBindings" id="CMS/mvc/classification_apr/hyfinityBindings" timestamp="" />
	<entry desc="" docname="CMS/mvc/classification_apr/xsl_pool" id="CMS/mvc/classification_apr/xsl_pool" timestamp="" />
	<entry desc="" docname="CMS/mvc/classification_apr/genDefaults" id="CMS/mvc/classification_apr/genDefaults" timestamp="" />
	<entry desc="" docname="CMS/mvc/classification_apr/L1_pattern_pool" id="CMS/mvc/classification_apr/L1_pattern_pool" timestamp="" />
	<entry desc="" docname="CMS/mvc/classification_apr/L1_pattern_instance_pool" id="CMS/mvc/classification_apr/L1_pattern_instance_pool" timestamp="" />
	<entry desc="" docname="CMS/mvc/classification_apr/L2_pattern_pool" id="CMS/mvc/classification_apr/L2_pattern_pool" timestamp="" />
	<entry desc="" docname="CMS/mvc/classification_apr/L2_pattern_instance_pool" id="CMS/mvc/classification_apr/L2_pattern_instance_pool" timestamp="" />
	<entry desc="" docname="CMS/mvc/classification_apr/L3_pattern_pool" id="CMS/mvc/classification_apr/L3_pattern_pool" timestamp="" />
	<entry desc="" docname="CMS/mvc/classification_apr/L3_pattern_instance_pool" id="CMS/mvc/classification_apr/L3_pattern_instance_pool" timestamp="" />
</index>
