<?xml version="1.0" encoding="UTF-8"?>
<inputControl exportedWithPermissions="false">
    <folder>/organizations/organization_1/Input_Controls/CMS</folder>
    <name>CASE_CTGRY</name>
    <version>10</version>
    <label>ERLR Case Categories</label>
    <description>Case Category filter for ER/LR reports</description>
    <creationDate>2019-03-03T08:08:03.000-05:00</creationDate>
    <updateDate>2019-03-15T20:49:21.000-04:00</updateDate>
    <type>7</type>
    <mandatory>false</mandatory>
    <readOnly>false</readOnly>
    <visible>true</visible>
    <query>
        <localResource
            xmlns:xsi="http://www.w3.org/2001/XMLSchema-instance"
            exportedWithPermissions="false" xsi:type="query">
            <folder>/organizations/organization_1/Input_Controls/CMS/CASE_CTGRY_files</folder>
            <name>CASE_CTGRY</name>
            <version>3</version>
            <label>CASE_CTGRY</label>
            <creationDate>2019-03-15T19:27:47.000-04:00</creationDate>
            <updateDate>2019-03-15T19:27:47.000-04:00</updateDate>
            <language>sql</language>
            <queryString>SELECT DISTINCT TBL_LABEL AS CASE_CTGRY
FROM HHS_CMS_HR.TBL_LOOKUP
WHERE TBL_LTYPE = 'ERLRCaseCategory' AND TBL_ACTIVE = 1
ORDER BY CASE_CTGRY</queryString>
        </localResource>
    </query>
    <queryVisibleColumn>CASE_CTGRY</queryVisibleColumn>
    <queryValueColumn>CASE_CTGRY</queryValueColumn>
</inputControl>
