<?xml version="1.0" encoding="UTF-8"?>
<xforms xmlns:fm="http://www.hyfinity.com/formmaker" xmlns:mvc="http://www.hyfinity.com/mvc" xmlns:xfact="http://www.hyfinity.com/xfactory" xmlns:xs="http://www.w3.org/2001/XMLSchema" xmlns="http://www.hyfinity.com/formmaker">
	<instance_configuration />
	<page />
	<group name="background" />
	<group name="container" />
	<group name="logoSection" />
	<group name="title" />
	<group name="bodySection" />
	<group name="tab_container_group" />
	<group name="tab1" />
	<group name="partial_tab1" />
	<group name="tab9" />
	<group name="partial_tab9" />
	<group name="system" />
	<group name="main_buttons_layout_group" />
	<group name="action_buttons" />
	<group name="layoutForResponse" />
	<group name="layoutForResponse2" />
	<group name="WIH_information" />
	<group name="layout_group_4" />
	<group name="commonHeader" />
	<group name="commmonInfo" />
	<group name="layout_TabPreviousNext" />
	<group name="layout_group" />
	<element name="cmslogo4">
		<fm:transform_xpath>/mvc:eForm/mvc:Data/mvc:formData/mvc:cmslogo4</fm:transform_xpath>
		<fm:action name="actionWorkitem">
			<fm:xform_xpath>/mvc:eForm/mvc:Data/mvc:formData/mvc:cmslogo4</fm:xform_xpath>
		</fm:action>
		<fm:action name="getRequestNumber">
			<fm:xform_xpath>/mvc:eForm/mvc:Data/mvc:formData/mvc:cmslogo4</fm:xform_xpath>
		</fm:action>
	</element>
	<element name="formTitle">
		<fm:transform_xpath>/mvc:eForm/mvc:Data/mvc:formData/mvc:formTitle</fm:transform_xpath>
		<description />
		<fm:action name="actionWorkitem">
			<fm:xform_xpath>/mvc:eForm/mvc:Data/mvc:formData/mvc:formTitle</fm:xform_xpath>
		</fm:action>
		<fm:action name="getRequestNumber">
			<fm:xform_xpath>/mvc:eForm/mvc:Data/mvc:formData/mvc:formTitle</fm:xform_xpath>
		</fm:action>
	</element>
	<element name="output_requestNumber">
		<description />
		<fm:transform_xpath>/mvc:eForm/mvc:Data/mvc:formData/mvc:output_requestNumber</fm:transform_xpath>
		<fm:action name="actionWorkitem">
			<fm:xform_xpath>/mvc:eForm/mvc:Data/mvc:formData/mvc:output_requestNumber</fm:xform_xpath>
		</fm:action>
		<fm:action name="getRequestNumber">
			<fm:xform_xpath>/mvc:eForm/mvc:Data/mvc:formData/mvc:output_requestNumber</fm:xform_xpath>
		</fm:action>
	</element>
	<element name="output_requestDate">
		<fm:transform_xpath>/mvc:eForm/mvc:Data/mvc:formData/mvc:output_requestDate</fm:transform_xpath>
		<fm:action name="actionWorkitem" />
		<fm:action name="getRequestNumber">
			<fm:xform_xpath>/mvc:eForm/mvc:Data/mvc:formData/mvc:output_requestDate</fm:xform_xpath>
		</fm:action>
		<description />
	</element>
	<element name="output_initiatorName">
		<description />
		<transform_xpath>/mvc:eForm/mvc:Data/WorkitemContext/Process/InitiatorName</transform_xpath>
		<fm:action name="actionWorkitem">
			<fm:xform_xpath>/mvc:eForm/mvc:Data/mvc:formData/mvc:output_initiatorName</fm:xform_xpath>
		</fm:action>
		<fm:action name="getRequestNumber">
			<fm:xform_xpath>/mvc:eForm/mvc:Data/mvc:formData/mvc:output_initiatorName</fm:xform_xpath>
		</fm:action>
	</element>
	<element name="output_requestStatus">
		<fm:action name="actionWorkitem" />
		<fm:action name="getRequestNumber">
			<fm:xform_xpath>/mvc:eForm/mvc:Data/mvc:formData/mvc:output_requestStatus</fm:xform_xpath>
		</fm:action>
		<transform_xpath>/mvc:eForm/mvc:Data/mvc:formData/mvc:output_requestStatus</transform_xpath>
		<description />
	</element>
	<element name="tab_control">
		<fm:action name="actionWorkitem">
			<fm:xform_xpath>/mvc:eForm/mvc:Data/mvc:formData/mvc:tab_control</fm:xform_xpath>
		</fm:action>
		<transform_xpath>/mvc:eForm/mvc:Data/mvc:formData/mvc:tab_control</transform_xpath>
		<description />
		<fm:action name="getRequestNumber">
			<fm:xform_xpath>/mvc:eForm/mvc:Data/mvc:formData/mvc:tab_control</fm:xform_xpath>
		</fm:action>
	</element>
	<element name="button_Previous">
		<fm:action name="getRequestNumber">
			<fm:xform_xpath>/mvc:eForm/mvc:Data/mvc:formData/mvc:button_Previous</fm:xform_xpath>
		</fm:action>
		<description />
	</element>
	<element name="button_Next">
		<fm:action name="getRequestNumber">
			<fm:xform_xpath>/mvc:eForm/mvc:Data/mvc:formData/mvc:button_Next</fm:xform_xpath>
		</fm:action>
		<description />
	</element>
	<element name="button_ExitWIH">
		<fm:transform_xpath>/mvc:eForm/mvc:Data/mvc:formData/mvc:button_ExitWIH</fm:transform_xpath>
		<fm:action name="actionWorkitem">
			<fm:xform_xpath>/mvc:eForm/mvc:Data/mvc:formData/mvc:button_ExitWIH</fm:xform_xpath>
		</fm:action>
		<fm:action name="getRequestNumber">
			<fm:xform_xpath>/mvc:eForm/mvc:Data/mvc:formData/mvc:button_ExitWIH</fm:xform_xpath>
		</fm:action>
		<description />
	</element>
	<element name="button_SaveWorkitem">
		<fm:transform_xpath>/mvc:eForm/mvc:Data/mvc:formData/mvc:button_SaveWorkitem</fm:transform_xpath>
		<description />
		<fm:action name="actionWorkitem">
			<fm:xform_xpath>/mvc:eForm/mvc:Data/mvc:formData/mvc:button_SaveWorkitem</fm:xform_xpath>
		</fm:action>
		<fm:action name="getRequestNumber">
			<fm:xform_xpath>/mvc:eForm/mvc:Data/mvc:formData/mvc:button_SaveWorkitem</fm:xform_xpath>
		</fm:action>
	</element>
	<element name="button_SubmitWorkitem">
		<fm:transform_xpath>/mvc:eForm/mvc:Data/mvc:formData/mvc:button_SubmitWorkitem</fm:transform_xpath>
		<fm:action name="actionWorkitem">
			<fm:xform_xpath>/mvc:eForm/mvc:Data/mvc:formData/mvc:button_SubmitWorkitem</fm:xform_xpath>
		</fm:action>
		<fm:action name="getRequestNumber">
			<fm:xform_xpath>/mvc:eForm/mvc:Data/mvc:formData/mvc:button_SubmitWorkitem</fm:xform_xpath>
		</fm:action>
	</element>
	<element name="button_PDF">
		<fm:transform_xpath>/mvc:eForm/mvc:Data/mvc:formData/mvc:button_PDF</fm:transform_xpath>
		<fm:action name="actionWorkitem">
			<fm:xform_xpath>/mvc:eForm/mvc:Data/mvc:formData/mvc:button_PDF</fm:xform_xpath>
		</fm:action>
		<fm:action name="getRequestNumber">
			<fm:xform_xpath>/mvc:eForm/mvc:Data/mvc:formData/mvc:button_PDF</fm:xform_xpath>
		</fm:action>
	</element>
	<element name="h_procid">
		<fm:action name="actionWorkitem">
			<fm:xform_xpath>/mvc:eForm/mvc:Data/mvc:formData/mvc:h_procid</fm:xform_xpath>
		</fm:action>
		<fm:action name="getRequestNumber">
			<fm:xform_xpath>/mvc:eForm/mvc:Data/mvc:formData/mvc:h_procid</fm:xform_xpath>
		</fm:action>
		<transform_xpath>/mvc:eForm/mvc:Data/WorkitemContext/Process/ID</transform_xpath>
		<description />
	</element>
	<element name="WIH_exit_requested">
		<transform_xpath>/mvc:eForm/mvc:Data/mvc:formData/mvc:WIH_exit_requested</transform_xpath>
		<description />
		<fm:action name="actionWorkitem">
			<fm:xform_xpath>/mvc:eForm/mvc:Data/mvc:formData/mvc:WIH_exit_requested</fm:xform_xpath>
		</fm:action>
		<fm:action name="getRequestNumber">
			<fm:xform_xpath>/mvc:eForm/mvc:Data/mvc:formData/mvc:WIH_exit_requested</fm:xform_xpath>
		</fm:action>
	</element>
	<element name="WIH_save_requested">
		<fm:transform_xpath>/mvc:eForm/mvc:Data/mvc:formData/mvc:WIH_save_requested</fm:transform_xpath>
		<fm:action name="actionWorkitem">
			<fm:xform_xpath>/mvc:eForm/mvc:Data/mvc:formData/mvc:WIH_save_requested</fm:xform_xpath>
		</fm:action>
		<fm:action name="getRequestNumber">
			<fm:xform_xpath>/mvc:eForm/mvc:Data/mvc:formData/mvc:WIH_save_requested</fm:xform_xpath>
		</fm:action>
	</element>
	<element name="WIH_complete_requested">
		<fm:transform_xpath>/mvc:eForm/mvc:Data/mvc:formData/mvc:WIH_complete_requested</fm:transform_xpath>
		<fm:action name="actionWorkitem">
			<fm:xform_xpath>/mvc:eForm/mvc:Data/mvc:formData/mvc:WIH_complete_requested</fm:xform_xpath>
		</fm:action>
		<fm:action name="getRequestNumber">
			<fm:xform_xpath>/mvc:eForm/mvc:Data/mvc:formData/mvc:WIH_complete_requested</fm:xform_xpath>
		</fm:action>
	</element>
	<element name="h_formData">
		<fm:action name="actionWorkitem">
			<fm:xform_xpath>/mvc:eForm/mvc:Data/mvc:formData/mvc:h_formData</fm:xform_xpath>
		</fm:action>
		<fm:action name="getRequestNumber">
			<fm:xform_xpath>/mvc:eForm/mvc:Data/mvc:formData/mvc:h_formData</fm:xform_xpath>
		</fm:action>
		<transform_xpath>/mvc:eForm/mvc:Data/FORM_DATA/FIELD_DATA_CLOB</transform_xpath>
		<description />
	</element>
	<element name="h_activityName">
		<fm:action name="actionWorkitem">
			<fm:xform_xpath>/mvc:eForm/mvc:Data/mvc:formData/mvc:h_activityName</fm:xform_xpath>
		</fm:action>
		<fm:action name="getRequestNumber">
			<fm:xform_xpath>/mvc:eForm/mvc:Data/mvc:formData/mvc:h_activityName</fm:xform_xpath>
		</fm:action>
		<transform_xpath>/mvc:eForm/mvc:Data/WorkitemContext/Activity/Name</transform_xpath>
		<description />
	</element>
	<element name="h_witemParticipantID">
		<fm:action name="actionWorkitem">
			<fm:xform_xpath>/mvc:eForm/mvc:Data/mvc:formData/mvc:h_witemParticipantID</fm:xform_xpath>
		</fm:action>
		<fm:action name="getRequestNumber">
			<fm:xform_xpath>/mvc:eForm/mvc:Data/mvc:formData/mvc:h_witemParticipantID</fm:xform_xpath>
		</fm:action>
		<transform_xpath>/mvc:eForm/mvc:Data/WorkitemContext/Workitem/Participant</transform_xpath>
		<description />
	</element>
	<element name="h_witemParticipantName">
		<transform_xpath>/mvc:eForm/mvc:Data/WorkitemContext/Workitem/ParticipantName</transform_xpath>
		<description />
		<fm:action name="actionWorkitem">
			<fm:xform_xpath>/mvc:eForm/mvc:Data/mvc:formData/mvc:h_witemParticipantName</fm:xform_xpath>
		</fm:action>
		<fm:action name="getRequestNumber">
			<fm:xform_xpath>/mvc:eForm/mvc:Data/mvc:formData/mvc:h_witemParticipantName</fm:xform_xpath>
		</fm:action>
	</element>
	<element name="h_userGroups">
		<fm:action name="actionWorkitem">
			<fm:xform_xpath>/mvc:eForm/mvc:Data/mvc:formData/mvc:h_userGroups</fm:xform_xpath>
		</fm:action>
		<fm:action name="getRequestNumber">
			<fm:xform_xpath>/mvc:eForm/mvc:Data/mvc:formData/mvc:h_userGroups</fm:xform_xpath>
		</fm:action>
		<transform_xpath>/mvc:eForm/mvc:Data/userGroups</transform_xpath>
		<description />
	</element>
	<element name="h_currentUserMemberID">
		<transform_xpath>/mvc:eForm/mvc:Data/WorkitemContext/User/MemberID</transform_xpath>
		<description />
		<fm:action name="actionWorkitem">
			<fm:xform_xpath>/mvc:eForm/mvc:Data/mvc:formData/mvc:h_currentUserMemberID</fm:xform_xpath>
		</fm:action>
		<fm:action name="getRequestNumber">
			<fm:xform_xpath>/mvc:eForm/mvc:Data/mvc:formData/mvc:h_currentUserMemberID</fm:xform_xpath>
		</fm:action>
	</element>
	<element name="h_currentUserName">
		<transform_xpath>/mvc:eForm/mvc:Data/WorkitemContext/User/Name</transform_xpath>
		<description />
		<fm:action name="actionWorkitem">
			<fm:xform_xpath>/mvc:eForm/mvc:Data/mvc:formData/mvc:h_currentUserName</fm:xform_xpath>
		</fm:action>
		<fm:action name="getRequestNumber">
			<fm:xform_xpath>/mvc:eForm/mvc:Data/mvc:formData/mvc:h_currentUserName</fm:xform_xpath>
		</fm:action>
	</element>
	<element name="h_creationdate">
		<fm:action name="actionWorkitem">
			<fm:xform_xpath>/mvc:eForm/mvc:Data/mvc:formData/mvc:h_creationdate</fm:xform_xpath>
		</fm:action>
		<fm:action name="getRequestNumber">
			<fm:xform_xpath>/mvc:eForm/mvc:Data/mvc:formData/mvc:h_creationdate</fm:xform_xpath>
		</fm:action>
		<transform_xpath>/mvc:eForm/mvc:Data/WorkitemContext/Process/CreationDateTime</transform_xpath>
		<description />
	</element>
	<element name="h_lookupXMLString">
		<fm:action name="actionWorkitem">
			<fm:xform_xpath>/mvc:eForm/mvc:Data/mvc:formData/mvc:h_lookupXMLString</fm:xform_xpath>
		</fm:action>
		<fm:action name="getRequestNumber">
			<fm:xform_xpath>/mvc:eForm/mvc:Data/mvc:formData/mvc:h_lookupXMLString</fm:xform_xpath>
		</fm:action>
		<transform_xpath>/mvc:eForm/mvc:Data/lookupString</transform_xpath>
		<description />
	</element>
	<element name="h_sessioninfo">
		<transform_xpath>/mvc:eForm/mvc:Data/WorkitemContext/SessionInfoXML</transform_xpath>
		<description />
		<fm:action name="actionWorkitem">
			<fm:xform_xpath>/mvc:eForm/mvc:Data/mvc:formData/mvc:h_sessioninfo</fm:xform_xpath>
		</fm:action>
		<fm:action name="getRequestNumber">
			<fm:xform_xpath>/mvc:eForm/mvc:Data/mvc:formData/mvc:h_sessioninfo</fm:xform_xpath>
		</fm:action>
	</element>
	<element name="h_definitionName">
		<fm:action name="actionWorkitem">
			<fm:xform_xpath>/mvc:eForm/mvc:Data/mvc:formData/mvc:h_definitionName</fm:xform_xpath>
		</fm:action>
		<fm:action name="getRequestNumber">
			<fm:xform_xpath>/mvc:eForm/mvc:Data/mvc:formData/mvc:h_definitionName</fm:xform_xpath>
		</fm:action>
		<transform_xpath>/mvc:eForm/mvc:Data/WorkitemContext/Process/ProcessDefinitionName</transform_xpath>
		<description />
	</element>
	<element name="h_readOnly">
		<fm:action name="actionWorkitem">
			<fm:xform_xpath>/mvc:eForm/mvc:Data/mvc:formData/mvc:h_readOnly</fm:xform_xpath>
		</fm:action>
		<fm:action name="getRequestNumber">
			<xform_xpath>/mvc:eForm/mvc:Data/mvc:formData/mvc:h_readOnly</xform_xpath>
		</fm:action>
		<transform_xpath>/mvc:eForm/mvc:Control/mvc:readOnly
</transform_xpath>
		<description />
	</element>
	<element name="h_currentTabID">
		<fm:action name="actionWorkitem">
			<fm:xform_xpath>/mvc:eForm/mvc:Data/mvc:formData/mvc:h_currentTabID</fm:xform_xpath>
		</fm:action>
		<transform_xpath>/mvc:eForm/mvc:Control/mvc:currentTabID</transform_xpath>
		<description />
		<fm:action name="getRequestNumber">
			<fm:xform_xpath>/mvc:eForm/mvc:Data/mvc:formData/mvc:h_currentTabID</fm:xform_xpath>
		</fm:action>
	</element>
	<element name="h_now">
		<fm:action name="actionWorkitem">
			<fm:xform_xpath>/mvc:eForm/mvc:Data/mvc:formData/mvc:h_now</fm:xform_xpath>
		</fm:action>
		<transform_xpath>/mvc:eForm/mvc:Data/mvc:formData/mvc:h_now</transform_xpath>
		<description />
		<fm:action name="getRequestNumber">
			<fm:xform_xpath>/mvc:eForm/mvc:Data/mvc:formData/mvc:h_now</fm:xform_xpath>
		</fm:action>
	</element>
	<element name="output_incentiveType">
		<fm:action name="actionWorkitem">
			<fm:xform_xpath>/mvc:eForm/mvc:Data/mvc:formData/mvc:output_incentiveType</fm:xform_xpath>
		</fm:action>
		<fm:action name="getRequestNumber">
			<fm:xform_xpath>/mvc:eForm/mvc:Data/mvc:formData/mvc:output_incentiveType</fm:xform_xpath>
		</fm:action>
		<transform_xpath>enter_xpath_here</transform_xpath>
		<description />
	</element>
	<group name="tab2" />
	<group name="partial_tab2" />
	<element name="button_CancelWorkitem">
		<description />
		<fm:transform_xpath>/mvc:eForm/mvc:Data/mvc:formData/mvc:button_CancelWorkitem</fm:transform_xpath>
		<fm:action name="actionWorkitem">
			<fm:xform_xpath>/mvc:eForm/mvc:Data/mvc:formData/mvc:button_CancelWorkitem</fm:xform_xpath>
		</fm:action>
		<fm:action name="getRequestNumber">
			<fm:xform_xpath>/mvc:eForm/mvc:Data/mvc:formData/mvc:button_CancelWorkitem</fm:xform_xpath>
		</fm:action>
	</element>
	<group name="partial_tab3" />
	<group name="tab3" />
	<group name="layout_group_2" />
	<element name="h_userGroupMappingString">
		<fm:action name="actionWorkitem">
			<fm:xform_xpath>/mvc:eForm/mvc:Data/mvc:formData/mvc:h_userGroupMappingString</fm:xform_xpath>
		</fm:action>
		<fm:action name="getRequestNumber">
			<fm:xform_xpath>/mvc:eForm/mvc:Data/mvc:formData/mvc:h_userGroupMappingString</fm:xform_xpath>
		</fm:action>
		<transform_xpath>/mvc:eForm/mvc:Data/userGroupMappingString</transform_xpath>
		<description />
	</element>
	<group name="tab4" />
	<group name="tab5" />
	<group name="partial_tab4" />
	<group name="partial_tab5" />
	<element name="button_ReturnForModification">
		<fm:transform_xpath>/mvc:eForm/mvc:Data/mvc:formData/mvc:button_ReturnForModification</fm:transform_xpath>
		<fm:action name="actionWorkitem">
			<fm:xform_xpath>/mvc:eForm/mvc:Data/mvc:formData/mvc:button_ReturnForModification</fm:xform_xpath>
		</fm:action>
		<fm:action name="getRequestNumber">
			<fm:xform_xpath>/mvc:eForm/mvc:Data/mvc:formData/mvc:button_ReturnForModification</fm:xform_xpath>
		</fm:action>
	</element>
	<element name="pv_returnFrom">
		<fm:action name="actionWorkitem">
			<fm:xform_xpath>/mvc:eForm/mvc:Data/mvc:formData/mvc:pv_returnFrom</fm:xform_xpath>
		</fm:action>
		<fm:action name="getRequestNumber">
			<fm:xform_xpath>/mvc:eForm/mvc:Data/mvc:formData/mvc:pv_returnFrom</fm:xform_xpath>
		</fm:action>
		<transform_xpath>/mvc:eForm/mvc:Data/FORM_DATA/PV_RETURN_FROM</transform_xpath>
		<description />
	</element>
	<element name="h_witemSeq">
		<fm:action name="actionWorkitem">
			<fm:xform_xpath>/mvc:eForm/mvc:Data/mvc:formData/mvc:h_witemSeq</fm:xform_xpath>
		</fm:action>
		<fm:action name="getRequestNumber">
			<fm:xform_xpath>/mvc:eForm/mvc:Data/mvc:formData/mvc:h_witemSeq</fm:xform_xpath>
		</fm:action>
		<transform_xpath>/mvc:eForm/mvc:Data/WorkitemContext/Workitem/Sequence</transform_xpath>
		<description />
	</element>
	<element name="h_activitySeq">
		<fm:action name="actionWorkitem">
			<fm:xform_xpath>/mvc:eForm/mvc:Data/mvc:formData/mvc:h_activitySeq</fm:xform_xpath>
		</fm:action>
		<fm:action name="getRequestNumber">
			<fm:xform_xpath>/mvc:eForm/mvc:Data/mvc:formData/mvc:h_activitySeq</fm:xform_xpath>
		</fm:action>
		<transform_xpath>/mvc:eForm/mvc:Data/WorkitemContext/Activity/Sequence</transform_xpath>
		<description />
	</element>
</xforms>
