<?xml version="1.0" encoding="UTF-8"?>
<eForm xmlns="http://www.hyfinity.com/mvc" xmlns:mvc="http://www.hyfinity.com/mvc">
	<Control>
		<action>meddoc</action>
		<Page />
		<Controller />
	</Control>
	<Data>
		<formData>
			<sessioninfo />
			<procid />
			<actseq />
			<workseq />
			<appseq />
			<isarchive />
			<readOnly />
			<MD_REQUEST_REASON />
			<MD_MED_DOC_SBMT_DEADLINE_DT />
			<MD_DOC_SBMT_DT />
			<MD_FMLA_BEGIN_DT />
			<MD_FMLA_APROVED />
			<MD_FMLA_GRIEVANCE />
			<MD_FMLA_DISAPRV_REASON_SEL />
		</formData>
	</Data>
</eForm>
