<?xml version="1.0" encoding="UTF-8"?>
<xforms xmlns="http://www.hyfinity.com/formmaker" xmlns:mvc="http://www.hyfinity.com/mvc">
	<instance_configuration />
	<page />
	<group name="code_group" />
	<group name="clsf_std_group" />
	<group name="dwc_group" />
	<element name="CS_FIN_STMT_REQ_ID">
		<fm:action name="Action_3" xmlns:fm="http://www.hyfinity.com/formmaker">
			<fm:xform_xpath>/mvc:eForm/mvc:Data/mvc:formData/mvc:FINANCIAL_STMT_REQ_ID</fm:xform_xpath>
		</fm:action>
		<fm:action name="bizflowEntry" xmlns:fm="http://www.hyfinity.com/formmaker">
			<fm:xform_xpath>/mvc:eForm/mvc:Data/mvc:formData/mvc:FINANCIAL_STMT_REQ_ID</fm:xform_xpath>
		</fm:action>
		<fm:action name="code" xmlns:fm="http://www.hyfinity.com/formmaker">
			<xform_xpath>/mvc:eForm/mvc:Data/FORM_DATA/DOCUMENT/CLASSIFICATION_CODE/CS_FIN_STMT_REQ_ID</xform_xpath>
		</fm:action>
		<transform_xpath>/mvc:eForm/mvc:Data/FORM_DATA/DOCUMENT/CLASSIFICATION_CODE/CS_FIN_STMT_REQ_ID</transform_xpath>
		<repeat_xpath>/mvc:eForm/mvc:Data/lookup/record[LTYPE='FinancialStatementRequired']</repeat_xpath>
		<value_xpath>ID</value_xpath>
		<text_xpath>LABEL</text_xpath>
		<description />
	</element>
	<element name="PD_ACQ_CODE">
		<fm:action name="Action_3" xmlns:fm="http://www.hyfinity.com/formmaker">
			<fm:xform_xpath>/mvc:eForm/mvc:Data/mvc:formData/mvc:ACQ_CODE_ID</fm:xform_xpath>
		</fm:action>
		<fm:action name="bizflowEntry" xmlns:fm="http://www.hyfinity.com/formmaker">
			<fm:xform_xpath>/mvc:eForm/mvc:Data/mvc:formData/mvc:ACQ_CODE_ID</fm:xform_xpath>
		</fm:action>
		<fm:action name="code" xmlns:fm="http://www.hyfinity.com/formmaker">
			<xform_xpath>/mvc:eForm/mvc:Data/FORM_DATA/DOCUMENT/CLASSIFICATION_CODE/PD_ACQ_CODE</xform_xpath>
		</fm:action>
		<transform_xpath>/mvc:eForm/mvc:Data/FORM_DATA/DOCUMENT/CLASSIFICATION_CODE/PD_ACQ_CODE</transform_xpath>
		<repeat_xpath>/mvc:eForm/mvc:Data/lookup/record[LTYPE='AcquisitionCode']</repeat_xpath>
		<value_xpath>ID</value_xpath>
		<text_xpath>NAME</text_xpath>
		<description />
	</element>
	<element name="PD_CYB_SEC_CD_SEL">
		<fm:action name="Action_3" xmlns:fm="http://www.hyfinity.com/formmaker">
			<fm:xform_xpath>/mvc:eForm/mvc:Data/mvc:formData/mvc:CY_SEC_CODE_ID</fm:xform_xpath>
		</fm:action>
		<fm:action name="bizflowEntry" xmlns:fm="http://www.hyfinity.com/formmaker">
			<fm:xform_xpath>/mvc:eForm/mvc:Data/mvc:formData/mvc:CY_SEC_CODE_ID</fm:xform_xpath>
		</fm:action>
		<fm:action name="code" xmlns:fm="http://www.hyfinity.com/formmaker">
			<xform_xpath>/mvc:eForm/mvc:Data/mvc:formData/mvc:PD_CYB_SEC_CD_SEL</xform_xpath>
		</fm:action>
		<transform_xpath>/mvc:eForm/mvc:Data/mvc:formData/mvc:PD_CYB_SEC_CD_SEL</transform_xpath>
		<repeat_xpath>/mvc:eForm/mvc:Data/lookup/record[LTYPE='CyberSecurityCode']</repeat_xpath>
		<value_xpath>ID</value_xpath>
		<text_xpath>LABEL</text_xpath>
		<description />
	</element>
	<element name="CS_SEC_ID">
		<fm:action name="Action_3" xmlns:fm="http://www.hyfinity.com/formmaker">
			<fm:xform_xpath>/mvc:eForm/mvc:Data/mvc:formData/mvc:POS_SEC_ID</fm:xform_xpath>
		</fm:action>
		<fm:action name="bizflowEntry" xmlns:fm="http://www.hyfinity.com/formmaker">
			<fm:xform_xpath>/mvc:eForm/mvc:Data/mvc:formData/mvc:POS_SEC_ID</fm:xform_xpath>
		</fm:action>
		<fm:action name="code" xmlns:fm="http://www.hyfinity.com/formmaker">
			<xform_xpath>/mvc:eForm/mvc:Data/FORM_DATA/DOCUMENT/CLASSIFICATION_CODE/CS_SEC_ID</xform_xpath>
		</fm:action>
		<transform_xpath>/mvc:eForm/mvc:Data/FORM_DATA/DOCUMENT/CLASSIFICATION_CODE/CS_SEC_ID</transform_xpath>
		<repeat_xpath>/mvc:eForm/mvc:Data/lookup/record[LTYPE='PositionSensitivity']</repeat_xpath>
		<value_xpath>ID</value_xpath>
		<text_xpath>LABEL</text_xpath>
		<description />
	</element>
	<element name="PD_COMPET_LVL_CD">
		<fm:action name="Action_3" xmlns:fm="http://www.hyfinity.com/formmaker">
			<fm:xform_xpath>/mvc:eForm/mvc:Data/mvc:formData/mvc:COMP_LEVEL_CODE</fm:xform_xpath>
		</fm:action>
		<fm:action name="bizflowEntry" xmlns:fm="http://www.hyfinity.com/formmaker">
			<fm:xform_xpath>/mvc:eForm/mvc:Data/mvc:formData/mvc:COMP_LEVEL_CODE</fm:xform_xpath>
		</fm:action>
		<fm:action name="code" xmlns:fm="http://www.hyfinity.com/formmaker">
			<xform_xpath>/mvc:eForm/mvc:Data/FORM_DATA/DOCUMENT/CLASSIFICATION_CODE/PD_COMPET_LVL_CD</xform_xpath>
		</fm:action>
		<transform_xpath>/mvc:eForm/mvc:Data/FORM_DATA/DOCUMENT/CLASSIFICATION_CODE/PD_COMPET_LVL_CD</transform_xpath>
		<description />
	</element>
	<element name="PD_BUS_CD">
		<fm:action name="Action_3" xmlns:fm="http://www.hyfinity.com/formmaker">
			<fm:xform_xpath>/mvc:eForm/mvc:Data/mvc:formData/mvc:BUS_CODE_ID</fm:xform_xpath>
		</fm:action>
		<fm:action name="bizflowEntry" xmlns:fm="http://www.hyfinity.com/formmaker">
			<fm:xform_xpath>/mvc:eForm/mvc:Data/mvc:formData/mvc:BUS_CODE_ID</fm:xform_xpath>
		</fm:action>
		<fm:action name="code" xmlns:fm="http://www.hyfinity.com/formmaker">
			<xform_xpath>/mvc:eForm/mvc:Data/FORM_DATA/DOCUMENT/CLASSIFICATION_CODE/PD_BUS_CD</xform_xpath>
		</fm:action>
		<transform_xpath>/mvc:eForm/mvc:Data/FORM_DATA/DOCUMENT/CLASSIFICATION_CODE/PD_BUS_CD</transform_xpath>
		<repeat_xpath>/mvc:eForm/mvc:Data/lookup/record[LTYPE='BUSCode']</repeat_xpath>
		<value_xpath>ID</value_xpath>
		<text_xpath>LABEL</text_xpath>
		<description />
	</element>
	<group name="hidden_code_group" />
	<element name="PD_CLS_STANDARDS_SEL">
		<fm:action name="code" xmlns:fm="http://www.hyfinity.com/formmaker">
			<xform_xpath>/mvc:eForm/mvc:Data/mvc:formData/mvc:PD_CLS_STANDARDS_SEL</xform_xpath>
		</fm:action>
		<transform_xpath>/mvc:eForm/mvc:Data/mvc:formData/mvc:PD_CLS_STANDARDS_SEL</transform_xpath>
		<repeat_xpath>/mvc:eForm/mvc:Data/lookup/record[LTYPE='PositionClassificationStandard']</repeat_xpath>
		<value_xpath>ID</value_xpath>
		<text_xpath>LABEL</text_xpath>
		<description />
	</element>
	<element binding_format="structure" name="PD_CLS_STANDARDS">
		<fm:action name="code" xmlns:fm="http://www.hyfinity.com/formmaker">
			<xform_xpath>/mvc:eForm/mvc:Data/FORM_DATA/DOCUMENT/CLASSIFICATION_CODE/PD_CLS_STANDARDS</xform_xpath>
			<value_xpath>.</value_xpath>
		</fm:action>
		<transform_xpath>/mvc:eForm/mvc:Data/FORM_DATA/DOCUMENT/CLASSIFICATION_CODE/PD_CLS_STANDARDS</transform_xpath>
		<repeat_xpath>/mvc:eForm/mvc:Data/lookup/record[LTYPE='PositionClassificationStandard']</repeat_xpath>
		<value_xpath>ID</value_xpath>
		<text_xpath>LABEL</text_xpath>
		<description />
	</element>
	<group name="clsf_std_selected_group" />
	<group name="code_grid_group" />
	<group name="code_grid_group_row1" />
	<group name="code_grid_group_row3" />
	<element name="BYPASS_DWC_FL">
		<fm:action name="code" xmlns:fm="http://www.hyfinity.com/formmaker">
			<xform_xpath>/mvc:eForm/mvc:Data/FORM_DATA/DOCUMENT/CLASSIFICATION_CODE/BYPASS_DWC_FL</xform_xpath>
		</fm:action>
		<transform_xpath>/mvc:eForm/mvc:Data/FORM_DATA/DOCUMENT/CLASSIFICATION_CODE/BYPASS_DWC_FL</transform_xpath>
		<description />
	</element>
	<group name="dwc_confirm_group" />
	<group name="cybersec_group" />
	<group name="code_grid_group_row2" />
	<group name="cybersec_selected_group" />
	<element binding_format="structure" name="PD_CYB_SEC_CD">
		<fm:action name="code" xmlns:fm="http://www.hyfinity.com/formmaker">
			<xform_xpath>/mvc:eForm/mvc:Data/FORM_DATA/DOCUMENT/CLASSIFICATION_CODE/PD_CYB_SEC_CD</xform_xpath>
			<value_xpath>.</value_xpath>
		</fm:action>
		<transform_xpath>/mvc:eForm/mvc:Data/FORM_DATA/DOCUMENT/CLASSIFICATION_CODE/PD_CYB_SEC_CD</transform_xpath>
		<repeat_xpath>/mvc:eForm/mvc:Data/lookup/record[LTYPE='CyberSecurityCode']</repeat_xpath>
		<value_xpath>ID</value_xpath>
		<text_xpath>LABEL</text_xpath>
		<description />
	</element>
</xforms>
