<?xml version="1.0" encoding="UTF-8"?>
<eForm xmlns="http://www.hyfinity.com/mvc" xmlns:mvc="http://www.hyfinity.com/mvc">
	<Control>
		<action>loadPCAApproval</action>
		<Page />
		<Controller />
	</Control>
	<Data>
		<formData>
			<sessioninfo />
			<procid />
			<actseq />
			<workseq />
			<appseq />
			<isarchive />
			<readOnly />
			<pcaApproveTABG />
			<pcaApproveADMCheck />
			<pcaApproveADM />
			<pcaApproveTABGCheck />
			<pcaApproveTABGDate_temp />
			<pcaApproveADMDate_temp />
		</formData>
	</Data>
</eForm>
