<?xml version="1.0" encoding="UTF-8"?>
<eForm xmlns="http://www.hyfinity.com/mvc" xmlns:mvc="http://www.hyfinity.com/mvc">
	<Control>
		<action>saveNewForm</action>
		<Page />
		<Controller />
		<currentTabID />
		<procid />
		<sessioninfo />
		<actseq />
		<appseq />
		<workseq />
		<svrid />
	</Control>
	<Data>
		<ERROR_MESSAGE />
		<FORM_DATA xmlns="">
			<ID />
			<DOCUMENT>
				<MAIN>
					<resetSOSignature />
					<meetingOriginalDate />
					<VERSION>1.1</VERSION>
					<PROCESSID />
				</MAIN>
				<GENERAL>
					<SG_AC_ID />
					<SG_ADMIN_CD />
					<SG_RT_ID />
					<SG_CT_ID />
					<SG_SO_ID />
					<SG_SO_TITLE />
					<SG_SO_ORG />
					<SG_XO_ID />
					<SG_XO_TITLE />
					<SG_XO_ORG />
					<SG_POS_ID />
					<SG_HRL_ID />
					<SG_HRL_TITLE />
					<SG_HRL_ORG />
					<SG_SS_ID />
					<SG_CS_ID />
					<SG_SO_AGREE />
					<SG_OTHER_CERT />
					<SG_AT_ID />
					<SG_VT_ID />
					<SG_SAT_ID />
				</GENERAL>
				<POSITION>
					<POS_ID />
					<POS_CNDT_LAST_NM />
					<POS_CNDT_FIRST_NM />
					<POS_CNDT_MIDDLE_NM />
					<POS_BGT_APR_OFM />
					<POS_SPNSR_ORG_NM />
					<POS_SPNSR_ORG_FUND_PC />
					<POS_JOB_REQ_NUMBER />
					<POS_JOB_REQ_CREATE_DT />
					<POS_TITLE />
					<POS_PAY_PLAN_ID />
					<POS_SERIES />
					<POS_STD_PD_TYPE />
					<POS_DESC_NUMBER_1 />
					<POS_CLASSIFICATION_DT_1 />
					<POS_GRADE_1 />
					<POS_DESC_NUMBER_2 />
					<POS_CLASSIFICATION_DT_2 />
					<POS_GRADE_2 />
					<POS_DESC_NUMBER_3 />
					<POS_CLASSIFICATION_DT_3 />
					<POS_GRADE_3 />
					<POS_DESC_NUMBER_4 />
					<POS_CLASSIFICATION_DT_4 />
					<POS_GRADE_4 />
					<POS_DESC_NUMBER_5 />
					<POS_CLASSIFICATION_DT_5 />
					<POS_GRADE_5 />
					<POS_MED_OFFICERS_ID />
					<POS_PERFORMANCE_LEVEL />
					<POS_SUPERVISORY />
					<POS_SKILL />
					<POS_GRADES_ADVERTISED />
					<POS_LOCATION />
					<POS_LOCATION_DSCR />
					<POS_VACANCIES />
					<POS_REPORT_SUPERVISOR />
					<POS_CAN />
					<POS_VICE />
					<POS_VICE_NAME />
					<POS_DAYS_ADVERTISED />
					<POS_AT_ID />
					<POS_NTE />
					<POS_WORK_SCHED_ID />
					<POS_HOURS_PER_WEEK />
					<POS_SEC_ID />
					<POS_CE_FINANCIAL_DISC />
					<POS_CE_FINANCIAL_TYPE_ID />
					<POS_CE_PE_PHYSICAL />
					<POS_CE_DRUG_TEST />
					<POS_CE_IMMUN />
					<POS_CE_TRAVEL />
					<POS_CE_TRAVEL_PER />
					<POS_CE_LIC />
					<POS_CE_LIC_INFO />
					<POS_REMARKS />
					<POS_PROC_REQ_TYPE />
					<POS_RECRUIT_OFFICE_ID />
					<POS_REQ_ID />
					<POS_REQ_CREATE_NOTIFY_DT />
					<POS_SO_ID />
					<POS_ASSOC_DESCR_NUMBERS />
					<POS_PROMOTE_POTENTIAL />
					<POS_VICE_EMPL_ID />
					<POS_SR_ID />
					<POS_GR_ID />
					<POS_PROC_ID />
					<POS_AC_ID />
					<POS_STATUS_ID />
					<POS_SC_REQUESTED />
					<SG_ID />
					<PD_ID />
					<GRADE_ADVERTISED>
						<POS_GA_1 />
						<POS_GA_2 />
						<POS_GA_3 />
						<POS_GA_4 />
						<POS_GA_5 />
						<POS_GA_6 />
						<POS_GA_7 />
						<POS_GA_8 />
						<POS_GA_9 />
						<POS_GA_10 />
						<POS_GA_11 />
						<POS_GA_12 />
						<POS_GA_13 />
						<POS_GA_14 />
						<POS_GA_15 />
					</GRADE_ADVERTISED>
					<POS_DUAL_EMPLMT />
				</POSITION>
				<MEETING>
					<IS_RESCHEDULE />
					<SSH_ID />
					<SSH_MEETING_SCHED_DT />
					<SSH_RESCHED_FROM_DT />
					<SSH_RESCHED_REASON_ID />
					<SSH_RESCHED_REASON_TEXT />
					<SSH_RESCHED_COMMENTS />
					<SSH_RESCHED_BY_ID />
					<SSH_RESCHED_BY_NAME />
					<MEETING_HISTORY>
						<record>
							<SSH_ID />
							<SSH_MEETING_SCHED_DT />
							<SSH_RESCHED_FROM_DT />
							<SSH_RESCHED_REASON_ID />
							<SSH_RESCHED_REASON_TEXT />
							<SSH_RESCHED_COMMENTS />
							<SSH_RESCHED_BY_ID />
							<SSH_RESCHED_BY_NAME />
							<SSH_RESCHED_ON />
						</record>
						<record>
							<SSH_ID />
							<SSH_MEETING_SCHED_DT />
							<SSH_RESCHED_FROM_DT />
							<SSH_RESCHED_REASON_ID />
							<SSH_RESCHED_REASON_TEXT />
							<SSH_RESCHED_COMMENTS />
							<SSH_RESCHED_BY_ID />
							<SSH_RESCHED_BY_NAME />
							<SSH_RESCHED_ON />
						</record>
					</MEETING_HISTORY>
				</MEETING>
				<AREA_OF_CONSIDERATION>
					<AOC_30PCT_DISABLED_VETS />
					<AOC_EXPERT_CONS />
					<AOC_IPA />
					<AOC_OPER_WARFIGHTER />
					<AOC_DISABILITIES />
					<AOC_STUDENT_VOL />
					<AOC_VETS_RECRUIT_APPT />
					<AOC_VOC_REHAB_EMPL />
					<AOC_WORKFORCE_RECRUIT />
					<AOC_NON_COMP_APPL />
					<AOC_MIL_SPOUSES />
					<AOC_DIRECT_HIRE />
					<AOC_RE_EMPLOYMENT />
					<AOC_PATHWAYS />
					<AOC_PEACE_CORPS_VOL />
					<AOC_REINSTATEMENT />
					<AOC_SHARED_CERT />
					<AOC_DELEGATE_EXAM />
					<AOC_DH_US_CITIZENS />
					<AOC_MP_GOV_WIDE />
					<AOC_MP_HHS_ONLY />
					<AOC_MP_CMS_ONLY />
					<AOC_MP_COMP_CONS_ONLY />
					<AOC_MP_I_CTAP_VEGA />
					<AOC_NON_BARGAIN_DOC_RATIONALE />
				</AREA_OF_CONSIDERATION>
				<SUBJECT_MATTER_EXPERT>
					<SME_FOR_JOB_ANALYSIS />
					<SME_NAME_JA />
					<SME_EMAIL_JA />
					<SME_ID_JA />
					<SME_FOR_QUALIFICATION />
					<SME_NAME_QUAL_1 />
					<SME_EMAIL_QUAL_1 />
					<SME_NAME_QUAL_2 />
					<SME_EMAIL_QUAL_2 />
				</SUBJECT_MATTER_EXPERT>
				<JOB_ANALYSIS>
					<JA_REVIEWED_PD />
					<JA_MAJ_COMP />
					<JA_TASK_ITEMS />
					<JA_SEL_FACTOR_REQ />
					<JA_SEL_FACTOR_JUST />
					<JA_QUAL_RANK_REQ />
					<JA_QUAL_RANK_JUST />
					<JA_RESPONSES_REQ />
					<JA_TYPE_YES_NO />
					<JA_TYPE_REQ_DEFAULT />
					<JA_TYPE_KNOWL_SCALE />
				</JOB_ANALYSIS>
				<RECRUITMENT_INCENTIVE>
					<RI_OA_APRV_ITEM />
					<RI_MOVING_EXP_AUTH />
				</RECRUITMENT_INCENTIVE>
				<TARGET_RECRUITMENT>
					<TR_PAID_AD />
					<TR_PAID_AD_SPEC />
					<TR_PAID_AD_SPEC_OTHR />
					<TR_SCHL_PSTG />
					<TR_SCHL_PSTG_SPEC />
					<TR_SCHL_PSTG_SPEC_OTHR />
					<TR_SOCIAL_MEDIA />
					<TR_SOCIAL_MEDIA_SPEC />
					<TR_SOCIAL_MEDIA_SPEC_OTHR />
					<TR_OTHER />
					<TR_OTHER_SPEC />
				</TARGET_RECRUITMENT>
				<APPROVAL>
					<SCA_SO_SIG />
					<SCA_SO_SIG_DT />
					<SCA_CLASS_SPEC_SIG />
					<SCA_CLASS_SPEC_SIG_DT />
					<SCA_STAFF_SIG />
					<SCA_STAFF_SIG_DT />
				</APPROVAL>
				<PROCESS_VARIABLE>
					<adminCode />
					<cancelReason />
					<classSpecialist />
					<classificationType />
					<completedByERA />
					<execOfficer />
					<hrLiaison />
					<meetingAckResponse />
					<meetingApvResponse />
					<meetingDate />
					<meetingEmailRecipients />
					<meetingRecorders />
					<meetingResched />
					<posGrade />
					<posIs />
					<posLocation />
					<posNumber />
					<posPayPlan />
					<posSensitivity />
					<posSeries />
					<posSupervisor />
					<posTitle />
					<posWorkSchedule />
					<requestNum />
					<requestStatus />
					<requestStatusDate />
					<requestType />
					<selectOfficial />
					<selectOfficialReviewReq />
					<staffSpecialist />
					<returnToSOFromClassSpec />
					<returnToSOFromStaffSpec />
					<worksheetFeedbackClassSpec />
					<worksheetFeedbackSelectOfficial />
					<worksheetFeedbackStaffSpec />
					<alertMessage />
					<meetingRequired />
					<specialProgram />
					<meetingReschedReason />
				</PROCESS_VARIABLE>
			</DOCUMENT>
		</FORM_DATA>
		<WorkitemContext xmlns="">
			<SessionInfoXML />
			<Process>
				<ID />
				<Name />
				<Description />
				<State />
				<ProcessDefinitionID />
				<ProcessDefinitionName />
				<Deadline />
				<Initiator />
				<InitiatorName />
				<CreationDateTime />
				<CompleteDateTime />
				<ProcessVariables xmlns:xs="http://www.w3.org/2001/XMLSchema">
					<adminCode />
					<cancelReason />
					<classSpecialist />
					<classificationType />
					<completedByERA />
					<execOfficer />
					<hrLiaison />
					<meetingAckResponse />
					<meetingApvResponse />
					<meetingDate />
					<meetingEmailRecipients />
					<meetingRecorders />
					<meetingResched />
					<meetingReschedReason />
					<posGrade />
					<posIs />
					<posLocation />
					<posNumber />
					<posPayPlan />
					<posSensitivity />
					<posSeries />
					<posSupervisor />
					<posTitle />
					<posWorkSchedule />
					<requestNum />
					<requestStatus />
					<requestStatusDate />
					<requestType />
					<selectOfficial />
					<selectOfficialReviewReq />
					<staffSpecialist />
					<alertMessage />
					<meetingRequired />
					<specialProgram />
					<returnToSOFromClassSpec />
					<returnToSOFromStaffSpec />
				</ProcessVariables>
				<CustomAttributes>
					<CustomAttribute>
						<Name />
						<CustomAttributeValueType />
						<Value />
						<Description />
					</CustomAttribute>
					<CustomAttribute>
						<Name />
						<CustomAttributeValueType />
						<Value />
						<Description />
					</CustomAttribute>
					<CustomAttribute>
						<Name />
						<CustomAttributeValueType />
						<Value />
						<Description />
					</CustomAttribute>
				</CustomAttributes>
			</Process>
			<Activity>
				<Sequence />
				<Name />
				<Description />
				<State />
				<CreationDateTime />
				<CompleteDateTime />
				<Responses>
					<Response>
						<Name />
						<IsDefault />
						<Rule />
					</Response>
					<Response>
						<Name />
						<IsDefault />
						<Rule />
					</Response>
					<Response>
						<Name />
						<IsDefault />
						<Rule />
					</Response>
				</Responses>
				<CustomAttributes>
					<CustomAttribute>
						<Name />
						<CustomAttributeValueType />
						<Value />
						<Description />
					</CustomAttribute>
					<CustomAttribute>
						<Name />
						<CustomAttributeValueType />
						<Value />
						<Description />
					</CustomAttribute>
					<CustomAttribute>
						<Name />
						<CustomAttributeValueType />
						<Value />
						<Description />
					</CustomAttribute>
				</CustomAttributes>
			</Activity>
			<Workitem>
				<Sequence />
				<Participant />
				<ParticipantName />
				<ParticipantType />
				<State />
				<CreationDateTime />
				<StartDateTime />
				<CompleteDateTime />
				<CheckedOutUser />
				<CheckedOutUserName />
				<Deadline />
			</Workitem>
			<User>
				<LoginID />
				<MemberID />
				<Name />
				<ShortName />
				<DepartmentName />
				<EmployeeCode />
				<Email />
				<JobTitle1 />
				<JobTitle2 />
				<JobTitle3 />
				<CustomAttribute1 />
				<CustomAttribute2 />
				<CustomAttribute3 />
				<CustomAttribute4 />
				<CustomAttribute5 />
				<UserGroups>
					<UserGroup>
						<ID />
						<Name />
						<Path />
					</UserGroup>
					<UserGroup>
						<ID />
						<Name />
						<Path />
					</UserGroup>
					<UserGroup>
						<ID />
						<Name />
						<Path />
					</UserGroup>
				</UserGroups>
			</User>
			<Application>
				<Name />
				<ApplicationState />
				<CheckOutState />
				<CheckedOutUser />
				<Updatable />
				<ViewType />
			</Application>
		</WorkitemContext>
		<formData>
			<WIH_exit_requested />
			<WIH_save_requested />
			<WIH_complete_requested />
			<h_activityName />
			<h_witemParticipantID />
			<h_witemParticipantName />
			<h_userGroups />
			<h_currentUserMemberID />
			<h_currentUserName />
			<ID />
			<cmscommon_procid />
			<cmscommon_sessioninfo />
			<readOnly />
			<readOnly2 />
			<pv_requestStatus />
			<pv_selectOfficialReviewReq />
			<pv_meetingResched />
			<pv_meetingAckResponse />
			<pv_meetingApvResponse />
			<h_creationdate />
			<h_lookupXMLString />
			<h_lookupXMLString />
			<h_requestNumber />
			<pv_returnToSOFromClassSpec />
			<pv_returnToSOFromStaffSpec />
			<pv_worksheetFeedbackClassSpec />
			<pv_worksheetFeedbackSelectOfficial />
			<pv_worksheetFeedbackStaffSpec />
			<pv_requestStatusDate />
			<h_now />
			<h_ProcessDefinitionName />
			<h_definitionName />
			<pv_CancelReason />
			<pv_alertMessage />
			<h_readOnly />
			<h_resetSOSignature />
			<currentTabID />
			<pv_meetingRequired />
			<pv_specialProgram />
			<h_cms_ug_specialprogram />
			<h_cms_usergroupString />
			<h_meetingOriginalDate />
			<pv_version />
			<h_error_message />
			<h_form_procid />
			<procid />
			<sessioninfo />
			<actseq />
			<svrid />
			<workseq />
			<appseq />
			<h_error_message_save />
			<h_error_message_req />
			<pv_meetingReschedReason />
		</formData>
	</Data>
</eForm>
