<?xml version="1.0" encoding="UTF-8"?>
<eForm xmlns="http://www.hyfinity.com/mvc" xmlns:mvc="http://www.hyfinity.com/mvc">
	<Control>
		<action>appeal</action>
		<Page />
		<Controller />
	</Control>
	<Data>
		<formData>
			<sessioninfo />
			<procid />
			<actseq />
			<workseq />
			<appseq />
			<isarchive />
			<readOnly />
			<length_of_suspension_proposed />
			<suspension_days />
			<desc_of_final_action />
			<completed_dt />
			<AP_ERLR_APPEAL_HEARING_REQUESTED />
			<AP_ERLR_ARBITRATOR_LAST_NAME />
			<AP_ERLR_ARBITRATOR_FIRST_NAME />
			<AP_ERLR_ARBITRATOR_EMAIL />
			<AP_ERLR_ARBITRATOR_MIDDLE_NAME />
			<AP_ERLR_ARBITRATOR_PHONE_NUMBER />
			<AP_ERLR_ARBITRATOR_ORGANIZATION_AFFILIATION />
			<AP_ERLR_ARBITRATOR_MAILING_ADDR />
			<AP_ERLR_PREHEARING_DT />
			<AP_ERLR_HEARING_DT />
			<AP_ERLR_RESPONSE_TO_EXCEPTIONS_DUE />
			<AP_ERLR_FINAL_FLRA_DECISION_DT />
			<AP_ERLR_EXCEPTION_FILED />
			<AP_ERLR_EXCEPTION_FILE_DT />
			<AP_ERLR_FINAL_ARBITRATOR_DECISION_DT />
			<AP_ERLR_PREHEARING_DT_SC />
			<AP_ERLR_HEARING_DT_SC />
			<AP_ERLR_POSTHEARING_BRIEF_DUE />
			<AP_ERLR_ARBITRATOR_LAST_NAME_2 />
			<AP_ERLR_ARBITRATOR_FIRST_NAME_2 />
			<AP_ERLR_ARBITRATOR_MIDDLE_NAME_2 />
			<AP_ERLR_ARBITRATOR_EMAIL_2 />
			<AP_ERLR_ARBITRATOR_PHONE_NUMBER_2 />
			<AP_ERLR_ARBITRATOR_ORGANIZATION_AFFILIATION_2 />
			<AP_ERLR_ARBITRATOR_MAILING_ADDR_2 />
			<AP_ERLR_ARBITRATOR_LAST_NAME_4 />
			<AP_ERLR_ARBITRATOR_FIRST_NAME_4 />
			<AP_ERLR_ARBITRATOR_MIDDLE_NAME_4 />
			<AP_ERLR_ARBITRATOR_EMAIL_4 />
			<AP_ERLR_ARBITRATOR_PHONE_NUMBER_4 />
			<AP_ERLR_ARBITRATOR_ORGANIZATION_AFFILIATION_4 />
			<AP_ERLR_ARBITRATOR_MAILING_ADDR_4 />
			<AP_ERLR_ARBITRATION_INVOKED />
			<AP_ERLR_STEP_DECISION_DT />
			<AP_ERLR_ARBITRATOR_LAST_NAME_3 />
			<AP_ERLR_ARBITRATOR_FIRST_NAME_3 />
			<AP_ERLR_ARBITRATOR_MIDDLE_NAME_3 />
			<AP_ERLR_ARBITRATOR_EMAIL_3 />
			<AP_ERLR_ARBITRATOR_PHONE_NUMBER_3 />
			<AP_ERLR_ARBITRATION_ORGANIZATION_AFFILIATION_3 />
			<AP_ERLR_ARBITRATION_MAILING_ADDR_3 />
			<AP_ERLR_PREHEARING_DT_2 />
			<AP_ERLR_HEARING_DT_2 />
			<AP_ERLR_POSTHEARING_BRIEF_DUE_2 />
			<AP_ERLR_FINAL_ARBITRATOR_DECISION_DT_2 />
			<AP_ERLR_EXCEPTION_FILED_2 />
			<AP_ERLR_EXCEPTION_FILE_DT_2 />
			<AP_ERLR_RESPONSE_TO_EXCEPTIONS_DUE_2 />
			<AP_ERLR_FINAL_FLRA_DECISION_DT_2 />
			<AP_ERLR_DT_SETTLEMENT_DISCUSSION />
			<AP_ERLR_DT_PREHEARING_DISCLOSURE />
			<AP_ERLR_DT_AGENCY_FILE_RESPONSE_DUE />
			<AP_ERLR_PREHEARING_DT_MSPB />
			<AP_ERLR_WAS_DISCOVERY_INITIATED />
			<AP_ERLR_DT_DISCOVERY_DUE />
			<AP_ERLR_HEARING_DT_MSPB />
			<AP_ERLR_INITIAL_DECISION_DT_MSPB />
			<AP_ERLR_WAS_PETITION_FILED_MSPB />
			<AP_ERLR_PETITION_FILE_DT_MSPB />
			<AP_ERLR_FINAL_BOARD_DECISION_DT_MSPB />
		</formData>
	</Data>
</eForm>
