<?xml version="1.0" encoding="UTF-8"?>
<application scale="0.6666666865348816" transx="63.29114018232503" transy="-36.16979140632778" xmlns="http://www.hyfinity.com/formmaker">
	<display_type>mvc</display_type>
	<defaults>
		<source_type>wsdl</source_type>
		<target_type />
		<skin>demo_skin.xsl</skin>
		<defaults_file>defaults.xml</defaults_file>
		<accessibility_level>Double-A</accessibility_level>
		<css_files>
			<css_file path="theme/bizflow_default/css/theme.css" />
			<css_file path="theme/bizflow_default/css/theme_ie8.css">
				<condition type="browser">IE,LE,8</condition>
			</css_file>
			<css_file path="theme/bizflow_default/css/print_completed.css">
				<condition type="media">print</condition>
			</css_file>
			<css_file path="theme/bizflow_default/css/theme_mobile.css">
				<condition type="media">only screen and (max-width: 1024px)</condition>
			</css_file>
		</css_files>
		<preview>
			<location>${user-data-location}/CMS/mvc/cms_incentives_service/webapp</location>
			<URL>${user-preview-url}/CMS/mvc/cms_incentives_service/webapp</URL>
		</preview>
		<default_nodes>
			<view_painter_node>mvc-cms_incentives_service-view-Page_Painter</view_painter_node>
		</default_nodes>
		<java_code>
			<location>C:\jprogramfiles\hyfinity\java\BizFlow</location>
			<package>com.example.jcontrollers</package>
		</java_code>
	</defaults>
	<pages>
		<page id="BizFlowEntry" type="normal" x="-54" y="-44">
			<target_type>hyfinity_sxforms</target_type>
			<start_page>true</start_page>
			<css_override>false</css_override>
			<form_ref>BizFlowEntry</form_ref>
		</page>
	</pages>
	<handlers>
		<handler id="SearchIncentives" implementation="xml" type="normal" x="-27" y="50">
			<node>mvc-cms_incentives_service-SearchIncentives-Controller</node>
		</handler>
		<handler id="SearchParticipants" implementation="xml" type="normal" x="36" y="-72">
			<node>mvc-cms_incentives_service-SearchParticipants-Controller</node>
		</handler>
		<handler id="SearchRequestNumbers" implementation="xml" type="normal" x="37" y="-44">
			<node>mvc-cms_incentives_service-SearchRequestNumbers-Controller</node>
		</handler>
		<handler id="CheckParticipant" implementation="xml" type="normal" x="35" y="-14">
			<node>mvc-cms_incentives_service-CheckParticipant-Controller</node>
		</handler>
		<handler id="SearchDutyStations" implementation="xml" type="normal" x="21" y="15">
			<node>mvc-cms_incentives_service-SearchDutyStations-Controller</node>
		</handler>
		<handler id="SearchStates" implementation="xml" type="normal" x="0" y="35">
			<node>mvc-cms_incentives_service-SearchStates-Controller</node>
		</handler>
		<handler id="SearchIncentivesJustHistory" implementation="xml" type="normal" x="-62" y="60">
			<node>mvc-cms_incentives_service-SearchIncentivesJustHistory-Controller</node>
		</handler>
		<handler id="SearchIncentivesLEJustHistory" implementation="xml" type="normal" x="-99" y="36">
			<node>mvc-cms_incentives_service-SearchIncentivesLEJustHistory-Controller</node>
		</handler>
	</handlers>
	<forms>
		<form id="BizFlowEntry">
			<data_to_form collection="CMS/mvc/cms_incentives_service/message_pool" xstore="blueprints">to_BizFlowEntry_page.xml</data_to_form>
			<structure_generated>true</structure_generated>
		</form>
	</forms>
	<links>
		<link id="BizFlowEntry__Controller_1__link_1">
			<source type="Page">BizFlowEntry</source>
			<target type="Handler">SearchParticipants</target>
			<action>searchParticipants</action>
			<submission_method>form</submission_method>
			<data_from_form collection="CMS/mvc/cms_incentives_service/message_pool" xstore="blueprints">calling_searchParticipants_action.xml</data_from_form>
			<instance_type>static</instance_type>
		</link>
		<link id="BizFlowEntry__Controller_1__link_2">
			<source type="Page">BizFlowEntry</source>
			<target type="Handler">SearchRequestNumbers</target>
			<action>searchRequestNumbers</action>
			<submission_method>form</submission_method>
			<data_from_form collection="CMS/mvc/cms_incentives_service/message_pool" xstore="blueprints">calling_searchRequestNumbers_action.xml</data_from_form>
			<instance_type>static</instance_type>
		</link>
		<link id="BizFlowEntry__Check_Participant__link_1">
			<source type="Page">BizFlowEntry</source>
			<target type="Handler">CheckParticipant</target>
			<action>checkParticipant</action>
			<submission_method>form</submission_method>
			<data_from_form collection="CMS/mvc/cms_incentives_service/message_pool" xstore="blueprints">calling_checkParticipant_action.xml</data_from_form>
			<instance_type>static</instance_type>
		</link>
		<link id="BizFlowEntry__DutyStationSearch__link_1">
			<source type="Page">BizFlowEntry</source>
			<target type="Handler">SearchDutyStations</target>
			<action>searchDutyStations</action>
			<submission_method>form</submission_method>
			<data_from_form collection="CMS/mvc/cms_incentives_service/message_pool" xstore="blueprints">calling_searchDutyStations_action.xml</data_from_form>
			<instance_type>static</instance_type>
		</link>
		<link id="BizFlowEntry__Controller_1__link_3">
			<source type="Page">BizFlowEntry</source>
			<target type="Handler">SearchStates</target>
			<action>searchStates</action>
			<submission_method>form</submission_method>
			<data_from_form collection="CMS/mvc/cms_incentives_service/message_pool" xstore="blueprints">calling_searchStates_action.xml</data_from_form>
			<instance_type>static</instance_type>
		</link>
		<link id="BizFlowEntry__SearchIncentives__link_1">
			<source type="Page">BizFlowEntry</source>
			<target type="Handler">SearchIncentives</target>
			<action>searchIncentives</action>
			<submission_method>form</submission_method>
			<data_from_form collection="CMS/mvc/cms_incentives_service/message_pool" xstore="blueprints">calling_searchIncentives_action.xml</data_from_form>
			<instance_type>static</instance_type>
		</link>
		<link id="BizFlowEntry__Controller_1__link_4">
			<source type="Page">BizFlowEntry</source>
			<target type="Handler">SearchIncentivesJustHistory</target>
			<action>searchIncentivesJustHistory</action>
			<submission_method>form</submission_method>
			<data_from_form collection="CMS/mvc/cms_incentives_service/message_pool" xstore="blueprints">calling_searchIncentivesJustHistory_action.xml</data_from_form>
			<instance_type>static</instance_type>
		</link>
		<link id="BizFlowEntry__Controller_1__link_5">
			<source type="Page">BizFlowEntry</source>
			<target type="Handler">SearchIncentivesLEJustHistory</target>
			<action>searchIncentivesLEJustHistory</action>
			<submission_method>form</submission_method>
			<data_from_form collection="CMS/mvc/cms_incentives_service/message_pool" xstore="blueprints">calling_searchIncentivesLEJustHistory_action.xml</data_from_form>
			<instance_type>static</instance_type>
		</link>
	</links>
</application>
