<?xml version="1.0" encoding="UTF-8"?>
<eForm xmlns="http://www.hyfinity.com/mvc" xmlns:mvc="http://www.hyfinity.com/mvc">
	<Control>
		<action />
		<Page />
		<Controller />
        <procid />
        <sessioninfo />
        <actseq />
        <appseq />
        <workseq />
        <svrid />
	</Control>
	<Data>
        <ERROR_MESSAGE />
		<FORM_DATA xmlns="">
			<ID />
			<DOCUMENT>
				<GENERAL>
					<SO_ID />
					<SO_TITLE />
					<SO_ORG />
					<XO_ID />
					<XO_TITLE />
					<XO_ORG />
					<HRL_ID />
					<HRL_TITLE />
					<HRL_ORG />
					<SS_ID />
					<SP_ID />
					<CS_ID />
					<PD_EMPLOYING_OFFICE />
					<CS_TITLE />
					<PD_ORG_POS_TITLE />
					<CS_PAY_PLAN_ID />
					<CS_SR_ID />
					<CS_PD_NUMBER_JOBCD_1 />
					<CS_CLASSIFICATION_DT_1 />
					<CS_GR_ID_1 />
					<CS_FLSA_DETERM_ID_1 />
					<CS_PD_NUMBER_JOBCD_2 />
					<CS_CLASSIFICATION_DT_2 />
					<CS_GR_ID_2 />
					<CS_FLSA_DETERM_ID_2 />
					<CS_PD_NUMBER_JOBCD_3 />
					<CS_CLASSIFICATION_DT_3 />
					<CS_GR_ID_3 />
					<CS_FLSA_DETERM_ID_3 />
					<CS_PD_NUMBER_JOBCD_4 />
					<CS_CLASSIFICATION_DT_4 />
					<CS_GR_ID_4 />
					<CS_FLSA_DETERM_ID_4 />
					<CS_PD_NUMBER_JOBCD_5 />
					<CS_CLASSIFICATION_DT_5 />
					<CS_GR_ID_5 />
					<CS_FLSA_DETERM_ID_5 />
					<CS_PERFORMANCE_LEVEL />
					<PD_SUBJECT_IA />
					<CS_AC_ID />
					<CS_ADMIN_CD />
					<PD_ORGANIZATION />
					<PD_SUB_ORG_1 />
					<PD_SUB_ORG_2 />
					<PD_SUB_ORG_3 />
					<PD_SUB_ORG_4 />
					<PD_SUB_ORG_5 />
					<CS_SUPERVISORY />
					<PD_SCOPE />
					<POS_INFORMATION>
						<PD_PCA />
						<PD_PDP />
						<PD_FTT />
						<PD_OUTSTATION />
						<PD_INCUMBENCY />
					</POS_INFORMATION>
					<PD_REMARKS />
				</GENERAL>
			</DOCUMENT>
		</FORM_DATA>
		<formData>
			<PD_ORGANIZATION_DSP />
			<PD_SUB_ORG_1_DSP />
			<GRADE_SOURCE />
			<PD_ORGANIZATION />
			<PD_SUB_ORG_1 />
			<ORGANIZATION_SOURCE />
			<CS_GR_ID_1 />
			<CS_PD_NUMBER_JOBCD_1 />
			<CS_FLSA_DETERM_ID_1 />
			<CS_CLASSIFICATION_DT_1 />
			<CS_SR_ID />
			<PD_INCUMBENCY />
			<CS_ADMIN_CD />
			<soSearch />
			<xoSearch />
			<hrSearch />
			<ssSearch />
			<csSearch />
			<group_user_info />
		</formData>
	</Data>
</eForm>
