<?xml version="1.0" encoding="UTF-8"?>
<fm:structure xmlns:fm="http://www.hyfinity.com/formmaker">
	<form_details xmlns="http://www.hyfinity.com/formmaker">
		<error_highlight_method alert="false" as_you_type="true" validation_mode="all">bubble</error_highlight_method>
		<hint_display_method>tooltip</hint_display_method>
		<top_level_message class="topLevelMessage" required="false" style="" />
		<mark_mandatory class="mandatory" location="after_label" required="true" style=""> * </mark_mandatory>
		<description>Enter a description.</description>
		<page_background_style class="" style="" />
		<page_content_style class="" style="" />
	</form_details>
	<fm:group border_styling="false" compatability="false" fieldset="false" gen_method="layout" hide="false" label_position="left" name="reviewSOCheck_group" submit_if_hidden="true">
		<label class="label" options="static" position="outside_group" position_override="top" required="false" style="" type="static" value="Layout Group" xmlns="http://www.hyfinity.com/formmaker">
			<container class="groupLabelBackground" options="static" style="">
				<content_alignment distribution="vertical" />
			</container>
		</label>
		<style class="row-group" options="static" style="" xmlns="http://www.hyfinity.com/formmaker" />
		<fm:content_alignment distribution="vertical" halign="left" valign="top" />
		<fm:sizing height="fit_to_content" width="custom" />
		<fm:palette_ref control="Layout Group" />
		<fm:element disable="false" disable_method="disabled" generate="true" hide="false" name="reviewSOCheck">
			<field xmlns="http://www.hyfinity.com/formmaker">
				<input caption="true" options="static" unchecked_value="false">checkbox</input>
				<style class="defaultBackground checkboxControl" options="static" style="" />
				<element_style class="checkbox" options="static" style="" />
				<date_picker class="" content="" required="false" type="normal" />
				<label class="label" options="static" position_override="right" required="true" style="" type="static" value="I, as the Selecting Official (or designee), have reviewed and concur with the attached Physicians' Comparability Allowance request">
					<container class="labelBackground labelControl container checkbox-label" options="static">
						<content_alignment halign="left" valign="middle" />
						<sizing width="fully_expand" />
					</container>
				</label>
				<container>
					<sizing width="fit_to_content" />
				</container>
			</field>
			<constraints validate="true" xmlns="http://www.hyfinity.com/formmaker">
				<type>string</type>
				<required>true</required>
				<fm:enumeration use_for_output="false" />
			</constraints>
			<error xmlns="http://www.hyfinity.com/formmaker">
				<hint class="hintIcon" style="" use="false">Enter a hint here.</hint>
				<server class="errorIcon" retain="false" style="" use="false" />
			</error>
			<fm:palette_ref control="Checkbox" />
		</fm:element>
		<fm:group border_styling="false" compatability="false" fieldset="false" gen_method="layout" hide="false" label_position="left" name="reviewSO_group" submit_if_hidden="true">
			<label class="label" options="static" position="outside_group" position_override="top" required="false" style="" type="static" value="Layout Group" xmlns="http://www.hyfinity.com/formmaker">
				<container class="groupLabelBackground" options="static" style="">
					<content_alignment distribution="vertical" />
				</container>
			</label>
			<style class="checkbox-sub-group" options="static" style="" xmlns="http://www.hyfinity.com/formmaker" />
			<fm:content_alignment distribution="horizontal" halign="left" valign="top" />
			<fm:sizing height="fit_to_content" width="fully_expand" />
			<fm:palette_ref control="Layout Group" />
			<fm:element disable="false" disable_method="read_only" generate="true" hide="false" name="reviewSO">
				<field xmlns="http://www.hyfinity.com/formmaker">
					<input options="dynamic">text</input>
					<style class="defaultBackground textboxControl" options="static" style="width : 250px;" />
					<element_style class="textbox" options="static" style="width : 250px;" />
					<date_picker class="datePickerIcon" content="" required="false" type="normal" />
					<label class="label" options="static" position_override="top" required="true" style="" type="static" value="Selecting Official">
						<container class="labelBackground labelControl" options="static" style="width : 250px;">
							<sizing width="custom" />
						</container>
					</label>
					<container>
						<sizing width="custom" />
					</container>
				</field>
				<constraints validate="true" xmlns="http://www.hyfinity.com/formmaker">
					<type>string</type>
					<required>false</required>
					<fm:enumeration use_for_output="false" />
				</constraints>
				<error xmlns="http://www.hyfinity.com/formmaker">
					<hint class="hintIcon" style="" use="false">Enter a hint here.</hint>
					<server class="errorIcon" retain="false" style="" use="false" />
				</error>
				<fm:palette_ref control="Text Box" />
				<fm:disable method="read_only" required="true">
					<fm:check id="field_value_condition">
						<fm:param name="FieldToCheck" option="PageField" value="reviewSO" />
						<fm:param name="Comparison" option="==" />
						<fm:param name="CheckValue" option="PageField" value="reviewSO" />
					</fm:check>
				</fm:disable>
			</fm:element>
			<fm:element disable="false" disable_method="read_only" generate="true" hide="false" name="reviewSODate">
				<field xmlns="http://www.hyfinity.com/formmaker">
					<input options="dynamic" size="10">text</input>
					<style class="defaultBackground dateControl" options="static" style="" />
					<element_style class="textbox" options="static" style="" />
					<date_picker class="datePickerIcon" content="" required="true" type="normal" />
					<label class="label" options="static" position_override="top" required="true" style="" type="static" value="Review Date">
						<container class="labelBackground labelControl" options="static" />
					</label>
					<container />
				</field>
				<constraints validate="true" xmlns="http://www.hyfinity.com/formmaker">
					<type>date</type>
					<required>false</required>
					<fm:enumeration use_for_output="false" />
				</constraints>
				<error xmlns="http://www.hyfinity.com/formmaker">
					<hint class="hintIcon" style="" use="false">Enter a hint here.</hint>
					<server class="errorIcon" retain="false" style="" use="false" />
				</error>
				<data_formats xmlns="http://www.hyfinity.com/formmaker">
					<date data="yyyy-MM-dd" display="MM/dd/yyyy" />
				</data_formats>
				<fm:palette_ref control="Date" />
			</fm:element>
		</fm:group>
	</fm:group>
	<fm:group border_styling="false" compatability="false" fieldset="false" gen_method="layout" hide="false" label_position="left" name="reviewDGOCheck_group" submit_if_hidden="true">
		<label class="label" options="static" position="outside_group" position_override="top" required="false" style="" type="static" value="Layout Group" xmlns="http://www.hyfinity.com/formmaker">
			<container class="groupLabelBackground" options="static" style="">
				<content_alignment distribution="vertical" />
			</container>
		</label>
		<style class="row-group" options="static" style="" xmlns="http://www.hyfinity.com/formmaker" />
		<fm:content_alignment distribution="vertical" halign="left" valign="top" />
		<fm:sizing height="fit_to_content" width="custom" />
		<fm:palette_ref control="Layout Group" />
		<fm:element disable="false" disable_method="disabled" generate="true" hide="false" name="reviewDGOCheck">
			<field xmlns="http://www.hyfinity.com/formmaker">
				<input caption="true" options="static" unchecked_value="false">checkbox</input>
				<style class="defaultBackground checkboxControl" options="static" style="" />
				<element_style class="checkbox" options="static" style="" />
				<date_picker class="" content="" required="false" type="normal" />
				<label class="label" options="static" position_override="right" required="true" style="" type="static" value="I, as the DGHO Director/Deputy Director (or designee), have reviewed and concur with the attached Physicians' Comparability Allowance request">
					<container class="labelBackground labelControl container checkbox-label" options="static">
						<content_alignment halign="left" valign="middle" />
						<sizing width="fully_expand" />
					</container>
				</label>
				<container>
					<sizing width="fit_to_content" />
				</container>
			</field>
			<constraints validate="true" xmlns="http://www.hyfinity.com/formmaker">
				<type>string</type>
				<required>true</required>
				<fm:enumeration use_for_output="false" />
			</constraints>
			<error xmlns="http://www.hyfinity.com/formmaker">
				<hint class="hintIcon" style="" use="false">Enter a hint here.</hint>
				<server class="errorIcon" retain="false" style="" use="false" />
			</error>
			<fm:palette_ref control="Checkbox" />
		</fm:element>
		<fm:group border_styling="false" compatability="false" fieldset="false" gen_method="layout" hide="false" label_position="left" name="reviewDGO_group" submit_if_hidden="true">
			<label class="label" options="static" position="outside_group" position_override="top" required="false" style="" type="static" value="Layout Group" xmlns="http://www.hyfinity.com/formmaker">
				<container class="groupLabelBackground" options="static" style="">
					<content_alignment distribution="vertical" />
				</container>
			</label>
			<style class="checkbox-sub-group" options="static" style="" xmlns="http://www.hyfinity.com/formmaker" />
			<fm:content_alignment distribution="horizontal" halign="left" valign="top" />
			<fm:sizing height="fit_to_content" width="fully_expand" />
			<fm:palette_ref control="Layout Group" />
			<fm:element disable="false" disable_method="read_only" generate="true" hide="false" name="reviewDGO">
				<field xmlns="http://www.hyfinity.com/formmaker">
					<input options="dynamic">text</input>
					<style class="defaultBackground textboxControl" options="static" style="width : 250px;" />
					<element_style class="textbox" options="static" style="width : 250px;" />
					<date_picker class="datePickerIcon" content="" required="false" type="normal" />
					<label class="label" options="static" position_override="top" required="true" style="" type="static" value="DGHO Director/Deputy Director">
						<container class="labelBackground labelControl" options="static" style="width : 250px;">
							<sizing width="custom" />
						</container>
					</label>
					<container>
						<sizing width="custom" />
					</container>
				</field>
				<constraints validate="true" xmlns="http://www.hyfinity.com/formmaker">
					<type>string</type>
					<required>false</required>
					<fm:enumeration use_for_output="false" />
				</constraints>
				<error xmlns="http://www.hyfinity.com/formmaker">
					<hint class="hintIcon" style="" use="false">Enter a hint here.</hint>
					<server class="errorIcon" retain="false" style="" use="false" />
				</error>
				<fm:palette_ref control="Text Box" />
				<fm:disable method="read_only" required="true">
					<fm:check id="field_value_condition">
						<fm:param name="FieldToCheck" option="PageField" value="reviewDGO" />
						<fm:param name="Comparison" option="==" />
						<fm:param name="CheckValue" option="PageField" value="reviewDGO" />
					</fm:check>
				</fm:disable>
			</fm:element>
			<fm:element disable="false" disable_method="read_only" generate="true" hide="false" name="reviewDGODate">
				<field xmlns="http://www.hyfinity.com/formmaker">
					<input options="dynamic" size="10">text</input>
					<style class="defaultBackground dateControl" options="static" style="" />
					<element_style class="textbox" options="static" style="" />
					<date_picker class="datePickerIcon" content="" required="true" type="normal" />
					<label class="label" options="static" position_override="top" required="true" style="" type="static" value="Review Date">
						<container class="labelBackground labelControl" options="static" />
					</label>
					<container />
				</field>
				<constraints validate="true" xmlns="http://www.hyfinity.com/formmaker">
					<type>date</type>
					<required>false</required>
					<fm:enumeration use_for_output="false" />
				</constraints>
				<error xmlns="http://www.hyfinity.com/formmaker">
					<hint class="hintIcon" style="" use="false">Enter a hint here.</hint>
					<server class="errorIcon" retain="false" style="" use="false" />
				</error>
				<data_formats xmlns="http://www.hyfinity.com/formmaker">
					<date data="yyyy-MM-dd" display="MM/dd/yyyy" />
				</data_formats>
				<fm:palette_ref control="Date" />
			</fm:element>
		</fm:group>
	</fm:group>
	<fm:group border_styling="false" compatability="false" fieldset="false" gen_method="layout" hide="false" label_position="left" name="reviewCPCheck_group" submit_if_hidden="true">
		<label class="label" options="static" position="outside_group" position_override="top" required="false" style="" type="static" value="Layout Group" xmlns="http://www.hyfinity.com/formmaker">
			<container class="groupLabelBackground" options="static" style="">
				<content_alignment distribution="vertical" />
			</container>
		</label>
		<style class="row-group" options="static" style="" xmlns="http://www.hyfinity.com/formmaker" />
		<fm:content_alignment distribution="vertical" halign="left" valign="top" />
		<fm:sizing height="fit_to_content" width="fully_expand" />
		<fm:palette_ref control="Layout Group" />
		<fm:element disable="false" disable_method="disabled" generate="true" hide="false" name="reviewCPCheck">
			<field xmlns="http://www.hyfinity.com/formmaker">
				<input caption="true" options="static" unchecked_value="false">checkbox</input>
				<style class="defaultBackground checkboxControl" options="static" style="" />
				<element_style class="checkbox" options="static" style="" />
				<date_picker class="" content="" required="false" type="normal" />
				<label class="label" options="static" position_override="right" required="true" style="" type="static" value="I, as the Chief Physician (or designee), have reviewed and concur with the attached Physicians' Comparability Allowance request">
					<container class="labelBackground labelControl container checkbox-label" options="static">
						<content_alignment halign="left" valign="middle" />
						<sizing width="fully_expand" />
					</container>
				</label>
				<container>
					<sizing width="fit_to_content" />
				</container>
			</field>
			<constraints validate="true" xmlns="http://www.hyfinity.com/formmaker">
				<type>string</type>
				<required>true</required>
				<fm:enumeration use_for_output="false" />
			</constraints>
			<error xmlns="http://www.hyfinity.com/formmaker">
				<hint class="hintIcon" style="" use="false">Enter a hint here.</hint>
				<server class="errorIcon" retain="false" style="" use="false" />
			</error>
			<fm:palette_ref control="Checkbox" />
		</fm:element>
		<fm:group border_styling="false" compatability="false" fieldset="false" gen_method="layout" hide="false" label_position="left" name="reviewCP_group" submit_if_hidden="true">
			<label class="label" options="static" position="outside_group" position_override="top" required="false" style="" type="static" value="Layout Group" xmlns="http://www.hyfinity.com/formmaker">
				<container class="groupLabelBackground" options="static" style="">
					<content_alignment distribution="vertical" />
				</container>
			</label>
			<style class="checkbox-sub-group" options="static" style="" xmlns="http://www.hyfinity.com/formmaker" />
			<fm:content_alignment distribution="horizontal" halign="left" valign="top" />
			<fm:sizing height="fit_to_content" width="fully_expand" />
			<fm:palette_ref control="Layout Group" />
			<fm:element disable="false" disable_method="read_only" generate="true" hide="false" name="reviewCP">
				<field xmlns="http://www.hyfinity.com/formmaker">
					<input options="dynamic">text</input>
					<style class="defaultBackground textboxControl" options="static" style="width : 250px;" />
					<element_style class="textbox" options="static" style="width : 250px;" />
					<date_picker class="datePickerIcon" content="" required="false" type="normal" />
					<label class="label" options="static" position_override="top" required="true" style="" type="static" value="Chief Physician">
						<container class="labelBackground labelControl" options="static" style="width : 250px;">
							<sizing width="custom" />
						</container>
					</label>
					<container>
						<sizing width="custom" />
					</container>
				</field>
				<constraints validate="true" xmlns="http://www.hyfinity.com/formmaker">
					<type>string</type>
					<required>false</required>
					<fm:enumeration use_for_output="false" />
				</constraints>
				<error xmlns="http://www.hyfinity.com/formmaker">
					<hint class="hintIcon" style="" use="false">Enter a hint here.</hint>
					<server class="errorIcon" retain="false" style="" use="false" />
				</error>
				<fm:palette_ref control="Text Box" />
				<fm:disable method="read_only" required="true">
					<fm:check id="field_value_condition">
						<fm:param name="FieldToCheck" option="PageField" value="reviewCP" />
						<fm:param name="Comparison" option="==" />
						<fm:param name="CheckValue" option="PageField" value="reviewCP" />
					</fm:check>
				</fm:disable>
			</fm:element>
			<fm:element disable="false" disable_method="read_only" generate="true" hide="false" name="reviewCPDate">
				<field xmlns="http://www.hyfinity.com/formmaker">
					<input options="dynamic" size="10">text</input>
					<style class="defaultBackground dateControl" options="static" style="" />
					<element_style class="textbox" options="static" style="" />
					<date_picker class="datePickerIcon" content="" required="true" type="normal" />
					<label class="label" options="static" position_override="top" required="true" style="" type="static" value="Review Date">
						<container class="labelBackground labelControl" options="static" />
					</label>
					<container />
				</field>
				<constraints validate="true" xmlns="http://www.hyfinity.com/formmaker">
					<type>date</type>
					<required>false</required>
					<fm:enumeration use_for_output="false" />
				</constraints>
				<error xmlns="http://www.hyfinity.com/formmaker">
					<hint class="hintIcon" style="" use="false">Enter a hint here.</hint>
					<server class="errorIcon" retain="false" style="" use="false" />
				</error>
				<data_formats xmlns="http://www.hyfinity.com/formmaker">
					<date data="yyyy-MM-dd" display="MM/dd/yyyy" />
				</data_formats>
				<fm:palette_ref control="Date" />
			</fm:element>
		</fm:group>
	</fm:group>
	<fm:group border_styling="false" compatability="false" fieldset="false" gen_method="layout" hide="false" label_position="left" name="reviewOFMCheck_group" submit_if_hidden="true">
		<label class="label" options="static" position="outside_group" position_override="top" required="false" style="" type="static" value="Layout Group" xmlns="http://www.hyfinity.com/formmaker">
			<container class="groupLabelBackground" options="static" style="">
				<content_alignment distribution="vertical" />
			</container>
		</label>
		<style class="row-group" options="static" style="" xmlns="http://www.hyfinity.com/formmaker" />
		<fm:content_alignment distribution="vertical" halign="left" valign="top" />
		<fm:sizing height="fit_to_content" width="fully_expand" />
		<fm:palette_ref control="Layout Group" />
		<fm:element disable="false" disable_method="disabled" generate="true" hide="false" name="reviewOFMCheck">
			<field xmlns="http://www.hyfinity.com/formmaker">
				<input caption="true" options="static" unchecked_value="false">checkbox</input>
				<style class="defaultBackground checkboxControl" options="static" style="" />
				<element_style class="checkbox" options="static" style="" />
				<date_picker class="" content="" required="false" type="normal" />
				<label class="label" options="static" position_override="right" required="true" style="" type="static" value="I, as the OFM Director/Deputy Director (or designee), have reviewed and concur with the attached Physicians' Comparability Allowance request">
					<container class="labelBackground labelControl container checkbox-label" options="static">
						<sizing width="fully_expand" />
					</container>
				</label>
				<container>
					<sizing width="fit_to_content" />
				</container>
			</field>
			<constraints validate="true" xmlns="http://www.hyfinity.com/formmaker">
				<type>string</type>
				<required>true</required>
				<fm:enumeration use_for_output="false" />
			</constraints>
			<error xmlns="http://www.hyfinity.com/formmaker">
				<hint class="hintIcon" style="" use="false">Enter a hint here.</hint>
				<server class="errorIcon" retain="false" style="" use="false" />
			</error>
			<fm:palette_ref control="Checkbox" />
		</fm:element>
		<fm:group border_styling="false" compatability="false" fieldset="false" gen_method="layout" hide="false" label_position="left" name="reviewOFM_group" submit_if_hidden="true">
			<label class="label" options="static" position="outside_group" position_override="top" required="false" style="" type="static" value="Layout Group" xmlns="http://www.hyfinity.com/formmaker">
				<container class="groupLabelBackground" options="static" style="">
					<content_alignment distribution="vertical" />
				</container>
			</label>
			<style class="checkbox-sub-group" options="static" style="" xmlns="http://www.hyfinity.com/formmaker" />
			<fm:content_alignment distribution="horizontal" halign="left" valign="top" />
			<fm:sizing height="fit_to_content" width="fully_expand" />
			<fm:palette_ref control="Layout Group" />
			<fm:element disable="false" disable_method="read_only" generate="true" hide="false" name="reviewOFM">
				<field xmlns="http://www.hyfinity.com/formmaker">
					<input options="dynamic">text</input>
					<style class="defaultBackground textboxControl" options="static" style="width : 250px;" />
					<element_style class="textbox" options="static" style="width : 250px;" />
					<date_picker class="datePickerIcon" content="" required="false" type="normal" />
					<label class="label" options="static" position_override="top" required="true" style="" type="static" value="OFM Director/Deputy Director">
						<container class="labelBackground labelControl" options="static" style="width : 250px;">
							<sizing width="custom" />
						</container>
					</label>
					<container>
						<sizing width="custom" />
					</container>
				</field>
				<constraints validate="true" xmlns="http://www.hyfinity.com/formmaker">
					<type>string</type>
					<required>false</required>
					<fm:enumeration use_for_output="false" />
				</constraints>
				<error xmlns="http://www.hyfinity.com/formmaker">
					<hint class="hintIcon" style="" use="false">Enter a hint here.</hint>
					<server class="errorIcon" retain="false" style="" use="false" />
				</error>
				<fm:palette_ref control="Text Box" />
				<fm:disable method="read_only" required="true">
					<fm:check id="field_value_condition">
						<fm:param name="FieldToCheck" option="PageField" value="reviewOFM" />
						<fm:param name="Comparison" option="==" />
						<fm:param name="CheckValue" option="PageField" value="reviewOFM" />
					</fm:check>
				</fm:disable>
			</fm:element>
			<fm:element disable="false" disable_method="read_only" generate="true" hide="false" name="reviewOFMDate">
				<field xmlns="http://www.hyfinity.com/formmaker">
					<input options="dynamic" size="10">text</input>
					<style class="defaultBackground dateControl" options="static" style="" />
					<element_style class="textbox" options="static" style="" />
					<date_picker class="datePickerIcon" content="" required="true" type="normal" />
					<label class="label" options="static" position_override="top" required="true" style="" type="static" value="Review Date">
						<container class="labelBackground labelControl" options="static" />
					</label>
					<container />
				</field>
				<constraints validate="true" xmlns="http://www.hyfinity.com/formmaker">
					<type>date</type>
					<required>false</required>
					<fm:enumeration use_for_output="false" />
				</constraints>
				<error xmlns="http://www.hyfinity.com/formmaker">
					<hint class="hintIcon" style="" use="false">Enter a hint here.</hint>
					<server class="errorIcon" retain="false" style="" use="false" />
				</error>
				<data_formats xmlns="http://www.hyfinity.com/formmaker">
					<date data="yyyy-MM-dd" display="MM/dd/yyyy" />
				</data_formats>
				<fm:palette_ref control="Date" />
			</fm:element>
		</fm:group>
	</fm:group>
	<fm:group border_styling="false" compatability="false" fieldset="false" gen_method="layout" hide="false" label_position="left" name="reviewTABGCheck_group" submit_if_hidden="true">
		<label class="label" options="static" position="outside_group" position_override="top" required="false" style="" type="static" value="Layout Group" xmlns="http://www.hyfinity.com/formmaker">
			<container class="groupLabelBackground" options="static" style="">
				<content_alignment distribution="vertical" />
			</container>
		</label>
		<style class="row-group" options="static" style="" xmlns="http://www.hyfinity.com/formmaker" />
		<fm:content_alignment distribution="vertical" halign="left" valign="top" />
		<fm:sizing height="fit_to_content" width="fully_expand" />
		<fm:palette_ref control="Layout Group" />
		<fm:element disable="false" disable_method="disabled" generate="true" hide="false" name="reviewTABGCheck">
			<field xmlns="http://www.hyfinity.com/formmaker">
				<input caption="true" options="static" unchecked_value="false">checkbox</input>
				<style class="defaultBackground checkboxControl" options="static" style="" />
				<element_style class="checkbox" options="static" style="" />
				<date_picker class="" content="" required="false" type="normal" />
				<label class="label" options="static" position_override="right" required="true" style="" type="static" value="I, as the TABG Director/Deputy Director (or designee), have reviewed and concur with the attached Physicians' Comparability Allowance request">
					<container class="labelBackground labelControl container checkbox-label" options="static">
						<content_alignment halign="left" valign="middle" />
						<sizing width="fully_expand" />
					</container>
				</label>
				<container>
					<sizing width="fit_to_content" />
				</container>
			</field>
			<constraints validate="true" xmlns="http://www.hyfinity.com/formmaker">
				<type>string</type>
				<required>true</required>
				<fm:enumeration use_for_output="false" />
			</constraints>
			<error xmlns="http://www.hyfinity.com/formmaker">
				<hint class="hintIcon" style="" use="false">Enter a hint here.</hint>
				<server class="errorIcon" retain="false" style="" use="false" />
			</error>
			<fm:palette_ref control="Checkbox" />
		</fm:element>
		<fm:group border_styling="false" compatability="false" fieldset="false" gen_method="layout" hide="false" label_position="left" name="reviewTABG_group" submit_if_hidden="true">
			<label class="label" options="static" position="outside_group" position_override="top" required="false" style="" type="static" value="Layout Group" xmlns="http://www.hyfinity.com/formmaker">
				<container class="groupLabelBackground" options="static" style="">
					<content_alignment distribution="vertical" />
				</container>
			</label>
			<style class="checkbox-sub-group" options="static" style="" xmlns="http://www.hyfinity.com/formmaker" />
			<fm:content_alignment distribution="horizontal" halign="left" valign="top" />
			<fm:sizing height="fit_to_content" width="fully_expand" />
			<fm:palette_ref control="Layout Group" />
			<fm:element disable="false" disable_method="read_only" generate="true" hide="false" name="reviewTABG">
				<field xmlns="http://www.hyfinity.com/formmaker">
					<input options="dynamic">text</input>
					<style class="defaultBackground textboxControl" options="static" style="width : 250px;" />
					<element_style class="textbox" options="static" style="width : 250px;" />
					<date_picker class="datePickerIcon" content="" required="false" type="normal" />
					<label class="label" options="static" position_override="top" required="true" style="" type="static" value="TABG Director/Deputy Director">
						<container class="labelBackground labelControl" options="static" style="width : 250px;">
							<sizing width="custom" />
						</container>
					</label>
					<container>
						<sizing width="custom" />
					</container>
				</field>
				<constraints validate="true" xmlns="http://www.hyfinity.com/formmaker">
					<type>string</type>
					<required>false</required>
					<fm:enumeration use_for_output="false" />
				</constraints>
				<error xmlns="http://www.hyfinity.com/formmaker">
					<hint class="hintIcon" style="" use="false">Enter a hint here.</hint>
					<server class="errorIcon" retain="false" style="" use="false" />
				</error>
				<fm:palette_ref control="Text Box" />
				<fm:disable method="read_only" required="true">
					<fm:check id="field_value_condition">
						<fm:param name="FieldToCheck" option="PageField" value="reviewTABG" />
						<fm:param name="Comparison" option="==" />
						<fm:param name="CheckValue" option="PageField" value="reviewTABG" />
					</fm:check>
				</fm:disable>
			</fm:element>
			<fm:element disable="false" disable_method="read_only" generate="true" hide="false" name="reviewTABGDate">
				<field xmlns="http://www.hyfinity.com/formmaker">
					<input options="dynamic" size="10">text</input>
					<style class="defaultBackground dateControl" options="static" style="" />
					<element_style class="textbox" options="static" style="" />
					<date_picker class="datePickerIcon" content="" required="true" type="normal" />
					<label class="label" options="static" position_override="top" required="true" style="" type="static" value="Review Date">
						<container class="labelBackground labelControl" options="static" />
					</label>
					<container />
				</field>
				<constraints validate="true" xmlns="http://www.hyfinity.com/formmaker">
					<type>date</type>
					<required>false</required>
					<fm:enumeration use_for_output="false" />
				</constraints>
				<error xmlns="http://www.hyfinity.com/formmaker">
					<hint class="hintIcon" style="" use="false">Enter a hint here.</hint>
					<server class="errorIcon" retain="false" style="" use="false" />
				</error>
				<data_formats xmlns="http://www.hyfinity.com/formmaker">
					<date data="yyyy-MM-dd" display="MM/dd/yyyy" />
				</data_formats>
				<fm:palette_ref control="Date" />
			</fm:element>
		</fm:group>
	</fm:group>
	<fm:group border_styling="false" compatability="false" fieldset="false" gen_method="layout" hide="false" label_position="left" name="reviewOHCCheck_group" submit_if_hidden="true">
		<label class="label" options="static" position="outside_group" position_override="top" required="false" style="" type="static" value="Layout Group" xmlns="http://www.hyfinity.com/formmaker">
			<container class="groupLabelBackground" options="static" style="">
				<content_alignment distribution="vertical" />
			</container>
		</label>
		<style class="row-group" options="static" style="" xmlns="http://www.hyfinity.com/formmaker" />
		<fm:content_alignment distribution="vertical" halign="left" valign="top" />
		<fm:sizing height="fit_to_content" width="fully_expand" />
		<fm:palette_ref control="Layout Group" />
		<fm:element disable="false" disable_method="disabled" generate="true" hide="false" name="reviewOHCCheck">
			<field xmlns="http://www.hyfinity.com/formmaker">
				<input caption="true" options="static" unchecked_value="false">checkbox</input>
				<style class="defaultBackground checkboxControl" options="static" style="" />
				<element_style class="checkbox" options="static" style="" />
				<date_picker class="" content="" required="false" type="normal" />
				<label class="label" options="static" position_override="right" required="true" style="" type="static" value="I, as the OHC Director/Deputy Director (or designee), have reviewed and concur with the attached Physicians' Comparability Allowance request">
					<container class="labelBackground labelControl container checkbox-label" options="static">
						<content_alignment halign="left" valign="middle" />
						<sizing width="fully_expand" />
					</container>
				</label>
				<container>
					<sizing width="fit_to_content" />
				</container>
			</field>
			<constraints validate="true" xmlns="http://www.hyfinity.com/formmaker">
				<type>string</type>
				<required>true</required>
				<fm:enumeration use_for_output="false" />
			</constraints>
			<error xmlns="http://www.hyfinity.com/formmaker">
				<hint class="hintIcon" style="" use="false">Enter a hint here.</hint>
				<server class="errorIcon" retain="false" style="" use="false" />
			</error>
			<fm:palette_ref control="Checkbox" />
		</fm:element>
		<fm:group border_styling="false" compatability="false" fieldset="false" gen_method="layout" hide="false" label_position="left" name="reviewOHC_group" submit_if_hidden="true">
			<label class="label" options="static" position="outside_group" position_override="top" required="false" style="" type="static" value="Layout Group" xmlns="http://www.hyfinity.com/formmaker">
				<container class="groupLabelBackground" options="static" style="">
					<content_alignment distribution="vertical" />
				</container>
			</label>
			<style class="checkbox-sub-group" options="static" style="" xmlns="http://www.hyfinity.com/formmaker" />
			<fm:content_alignment distribution="horizontal" halign="left" valign="top" />
			<fm:sizing height="fit_to_content" width="fully_expand" />
			<fm:palette_ref control="Layout Group" />
			<fm:element disable="false" disable_method="read_only" generate="true" hide="false" name="reviewOHC">
				<field xmlns="http://www.hyfinity.com/formmaker">
					<input options="dynamic">text</input>
					<style class="defaultBackground textboxControl" options="static" style="width : 250px;" />
					<element_style class="textbox" options="static" style="width : 250px;" />
					<date_picker class="datePickerIcon" content="" required="false" type="normal" />
					<label class="label" options="static" position_override="top" required="true" style="" type="static" value="OHC Director/Deputy Director">
						<container class="labelBackground labelControl" options="static" style="width : 250px;">
							<sizing width="custom" />
						</container>
					</label>
					<container>
						<sizing width="custom" />
					</container>
				</field>
				<constraints validate="true" xmlns="http://www.hyfinity.com/formmaker">
					<type>string</type>
					<required>false</required>
					<fm:enumeration use_for_output="false" />
				</constraints>
				<error xmlns="http://www.hyfinity.com/formmaker">
					<hint class="hintIcon" style="" use="false">Enter a hint here.</hint>
					<server class="errorIcon" retain="false" style="" use="false" />
				</error>
				<fm:palette_ref control="Text Box" />
				<fm:disable method="read_only" required="true">
					<fm:check id="field_value_condition">
						<fm:param name="FieldToCheck" option="PageField" value="reviewOHC" />
						<fm:param name="Comparison" option="==" />
						<fm:param name="CheckValue" option="PageField" value="reviewOHC" />
					</fm:check>
				</fm:disable>
			</fm:element>
			<fm:element disable="false" disable_method="read_only" generate="true" hide="false" name="reviewOHCDate">
				<field xmlns="http://www.hyfinity.com/formmaker">
					<input options="dynamic" size="10">text</input>
					<style class="defaultBackground dateControl" options="static" style="" />
					<element_style class="textbox" options="static" style="" />
					<date_picker class="datePickerIcon" content="" required="true" type="normal" />
					<label class="label" options="static" position_override="top" required="true" style="" type="static" value="Review Date">
						<container class="labelBackground labelControl" options="static" />
					</label>
					<container />
				</field>
				<constraints validate="true" xmlns="http://www.hyfinity.com/formmaker">
					<type>date</type>
					<required>false</required>
					<fm:enumeration use_for_output="false" />
				</constraints>
				<error xmlns="http://www.hyfinity.com/formmaker">
					<hint class="hintIcon" style="" use="false">Enter a hint here.</hint>
					<server class="errorIcon" retain="false" style="" use="false" />
				</error>
				<data_formats xmlns="http://www.hyfinity.com/formmaker">
					<date data="yyyy-MM-dd" display="MM/dd/yyyy" />
				</data_formats>
				<fm:palette_ref control="Date" />
			</fm:element>
		</fm:group>
	</fm:group>
</fm:structure>
