<?xml version="1.0" encoding="UTF-8"?>
<xforms xmlns="http://www.hyfinity.com/formmaker" xmlns:mvc="http://www.hyfinity.com/mvc">
	<instance_configuration />
	<page />
	<group name="ULP_main_body" />
	<group name="ulp_layout_group" />
	<group name="ulp_layout_group2" />
	<group name="ulp_layout_group3" />
	<group name="ulp_flra_document_layout" />
	<group name="ulp_layout_group4" />
	<group name="ulp_layout_group5" />
	<group name="ulp_layout_group6" />
	<group name="ulp_hearing_info_layout_frame" />
	<group name="ulp_hearing_info_layout" />
	<group name="ulp_hearing_layout_group1" />
	<group name="ulp_hearing_layout_group2" />
	<group name="ulp_hearing_layout_group3" />
	<group name="ulp_hearing_layout_group4" />
	<group name="ulp_hearing_layout_group5" />
	<group name="ulp_exception_layout" />
	<group name="ulp_exception_date_layout" />
	<element name="ULP_RECEIPT_CHARGE_DT">
		<fm:action name="unfair_labor_practice" xmlns:fm="http://www.hyfinity.com/formmaker">
			<fm:xform_xpath>/mvc:eForm/mvc:Data/mvc:formData/mvc:ULP_RECEIPT_CHARGE_DT</fm:xform_xpath>
		</fm:action>
		<fm:transform_xpath xmlns:fm="http://www.hyfinity.com/formmaker">/mvc:eForm/mvc:Data/mvc:formData/mvc:ULP_RECEIPT_CHARGE_DT</fm:transform_xpath>
		<action name="thirdPartyHearing">
			<xform_xpath>enter_xpath_here</xform_xpath>
		</action>
		<action name="appeal">
			<xform_xpath>enter_xpath_here</xform_xpath>
		</action>
		<action name="case_complete">
			<xform_xpath>enter_xpath_here</xform_xpath>
		</action>
		<action name="conduct_issue">
			<xform_xpath>enter_xpath_here</xform_xpath>
		</action>
		<action name="initial_response">
			<xform_xpath>enter_xpath_here</xform_xpath>
		</action>
		<action name="grievance">
			<xform_xpath>enter_xpath_here</xform_xpath>
		</action>
		<action name="information_request">
			<xform_xpath>enter_xpath_here</xform_xpath>
		</action>
		<action name="investigation">
			<xform_xpath>enter_xpath_here</xform_xpath>
		</action>
		<action name="labor_negotiation">
			<xform_xpath>enter_xpath_here</xform_xpath>
		</action>
		<action name="meddoc">
			<xform_xpath>enter_xpath_here</xform_xpath>
		</action>
		<action name="performance_issue">
			<xform_xpath>enter_xpath_here</xform_xpath>
		</action>
		<action name="probation_period">
			<xform_xpath>enter_xpath_here</xform_xpath>
		</action>
		<fm:action name="wgiDenial" xmlns:fm="http://www.hyfinity.com/formmaker">
			<fm:xform_xpath>/mvc:eForm/mvc:Data/mvc:formData/mvc:ULP_RECEIPT_CHARGE_DT</fm:xform_xpath>
		</fm:action>
	</element>
	<element name="ULP_CHARGE_FILED_TIMELY">
		<fm:action name="unfair_labor_practice" xmlns:fm="http://www.hyfinity.com/formmaker">
			<fm:xform_xpath>/mvc:eForm/mvc:Data/mvc:formData/mvc:ULP_CHARGE_FILED_TIMELY</fm:xform_xpath>
		</fm:action>
		<fm:transform_xpath xmlns:fm="http://www.hyfinity.com/formmaker">/mvc:eForm/mvc:Data/mvc:formData/mvc:ULP_CHARGE_FILED_TIMELY</fm:transform_xpath>
		<action name="thirdPartyHearing">
			<xform_xpath>enter_xpath_here</xform_xpath>
		</action>
		<action name="appeal">
			<xform_xpath>enter_xpath_here</xform_xpath>
		</action>
		<action name="case_complete">
			<xform_xpath>enter_xpath_here</xform_xpath>
		</action>
		<action name="conduct_issue">
			<xform_xpath>enter_xpath_here</xform_xpath>
		</action>
		<action name="initial_response">
			<xform_xpath>enter_xpath_here</xform_xpath>
		</action>
		<action name="grievance">
			<xform_xpath>enter_xpath_here</xform_xpath>
		</action>
		<action name="information_request">
			<xform_xpath>enter_xpath_here</xform_xpath>
		</action>
		<action name="investigation">
			<xform_xpath>enter_xpath_here</xform_xpath>
		</action>
		<action name="labor_negotiation">
			<xform_xpath>enter_xpath_here</xform_xpath>
		</action>
		<action name="meddoc">
			<xform_xpath>enter_xpath_here</xform_xpath>
		</action>
		<action name="performance_issue">
			<xform_xpath>enter_xpath_here</xform_xpath>
		</action>
		<action name="probation_period">
			<xform_xpath>enter_xpath_here</xform_xpath>
		</action>
		<fm:action name="wgiDenial" xmlns:fm="http://www.hyfinity.com/formmaker">
			<fm:xform_xpath>/mvc:eForm/mvc:Data/mvc:formData/mvc:ULP_CHARGE_FILED_TIMELY</fm:xform_xpath>
		</fm:action>
	</element>
	<element name="ULP_AGENCY_RESPONSE_DT">
		<fm:action name="unfair_labor_practice" xmlns:fm="http://www.hyfinity.com/formmaker">
			<fm:xform_xpath>/mvc:eForm/mvc:Data/mvc:formData/mvc:ULP_AGENCY_RESPONSE_DT</fm:xform_xpath>
		</fm:action>
		<fm:transform_xpath xmlns:fm="http://www.hyfinity.com/formmaker">/mvc:eForm/mvc:Data/mvc:formData/mvc:ULP_AGENCY_RESPONSE_DT</fm:transform_xpath>
		<action name="thirdPartyHearing">
			<xform_xpath>enter_xpath_here</xform_xpath>
		</action>
		<action name="appeal">
			<xform_xpath>enter_xpath_here</xform_xpath>
		</action>
		<action name="case_complete">
			<xform_xpath>enter_xpath_here</xform_xpath>
		</action>
		<action name="conduct_issue">
			<xform_xpath>enter_xpath_here</xform_xpath>
		</action>
		<action name="initial_response">
			<xform_xpath>enter_xpath_here</xform_xpath>
		</action>
		<action name="grievance">
			<xform_xpath>enter_xpath_here</xform_xpath>
		</action>
		<action name="information_request">
			<xform_xpath>enter_xpath_here</xform_xpath>
		</action>
		<action name="investigation">
			<xform_xpath>enter_xpath_here</xform_xpath>
		</action>
		<action name="labor_negotiation">
			<xform_xpath>enter_xpath_here</xform_xpath>
		</action>
		<action name="meddoc">
			<xform_xpath>enter_xpath_here</xform_xpath>
		</action>
		<action name="performance_issue">
			<xform_xpath>enter_xpath_here</xform_xpath>
		</action>
		<action name="probation_period">
			<xform_xpath>enter_xpath_here</xform_xpath>
		</action>
		<fm:action name="wgiDenial" xmlns:fm="http://www.hyfinity.com/formmaker">
			<fm:xform_xpath>/mvc:eForm/mvc:Data/mvc:formData/mvc:ULP_AGENCY_RESPONSE_DT</fm:xform_xpath>
		</fm:action>
	</element>
	<element name="ULP_FLRA_DOCUMENT_REUQESTED">
		<fm:action name="unfair_labor_practice" xmlns:fm="http://www.hyfinity.com/formmaker">
			<fm:xform_xpath>/mvc:eForm/mvc:Data/mvc:formData/mvc:ULP_FLRA_DOCUMENT_REUQESTED</fm:xform_xpath>
		</fm:action>
		<fm:transform_xpath xmlns:fm="http://www.hyfinity.com/formmaker">/mvc:eForm/mvc:Data/mvc:formData/mvc:ULP_FLRA_DOCUMENT_REUQESTED</fm:transform_xpath>
		<action name="thirdPartyHearing">
			<xform_xpath>enter_xpath_here</xform_xpath>
		</action>
		<action name="appeal">
			<xform_xpath>enter_xpath_here</xform_xpath>
		</action>
		<action name="case_complete">
			<xform_xpath>enter_xpath_here</xform_xpath>
		</action>
		<action name="conduct_issue">
			<xform_xpath>enter_xpath_here</xform_xpath>
		</action>
		<action name="initial_response">
			<xform_xpath>enter_xpath_here</xform_xpath>
		</action>
		<action name="grievance">
			<xform_xpath>enter_xpath_here</xform_xpath>
		</action>
		<action name="information_request">
			<xform_xpath>enter_xpath_here</xform_xpath>
		</action>
		<action name="investigation">
			<xform_xpath>enter_xpath_here</xform_xpath>
		</action>
		<action name="labor_negotiation">
			<xform_xpath>enter_xpath_here</xform_xpath>
		</action>
		<action name="meddoc">
			<xform_xpath>enter_xpath_here</xform_xpath>
		</action>
		<action name="performance_issue">
			<xform_xpath>enter_xpath_here</xform_xpath>
		</action>
		<action name="probation_period">
			<xform_xpath>enter_xpath_here</xform_xpath>
		</action>
		<fm:action name="wgiDenial" xmlns:fm="http://www.hyfinity.com/formmaker">
			<fm:xform_xpath>/mvc:eForm/mvc:Data/mvc:formData/mvc:ULP_FLRA_DOCUMENT_REUQESTED</fm:xform_xpath>
		</fm:action>
	</element>
	<element name="ULP_DOCUMENT_SUBMISSION_FLRA_DT">
		<fm:action name="unfair_labor_practice" xmlns:fm="http://www.hyfinity.com/formmaker">
			<fm:xform_xpath>/mvc:eForm/mvc:Data/mvc:formData/mvc:ULP_DOCUMENT_SUBMISSION_FLRA_DT</fm:xform_xpath>
		</fm:action>
		<fm:transform_xpath xmlns:fm="http://www.hyfinity.com/formmaker">/mvc:eForm/mvc:Data/mvc:formData/mvc:ULP_DOCUMENT_SUBMISSION_FLRA_DT</fm:transform_xpath>
		<action name="thirdPartyHearing">
			<xform_xpath>enter_xpath_here</xform_xpath>
		</action>
		<action name="appeal">
			<xform_xpath>enter_xpath_here</xform_xpath>
		</action>
		<action name="case_complete">
			<xform_xpath>enter_xpath_here</xform_xpath>
		</action>
		<action name="conduct_issue">
			<xform_xpath>enter_xpath_here</xform_xpath>
		</action>
		<action name="initial_response">
			<xform_xpath>enter_xpath_here</xform_xpath>
		</action>
		<action name="grievance">
			<xform_xpath>enter_xpath_here</xform_xpath>
		</action>
		<action name="information_request">
			<xform_xpath>enter_xpath_here</xform_xpath>
		</action>
		<action name="investigation">
			<xform_xpath>enter_xpath_here</xform_xpath>
		</action>
		<action name="labor_negotiation">
			<xform_xpath>enter_xpath_here</xform_xpath>
		</action>
		<action name="meddoc">
			<xform_xpath>enter_xpath_here</xform_xpath>
		</action>
		<action name="performance_issue">
			<xform_xpath>enter_xpath_here</xform_xpath>
		</action>
		<action name="probation_period">
			<xform_xpath>enter_xpath_here</xform_xpath>
		</action>
		<fm:action name="wgiDenial" xmlns:fm="http://www.hyfinity.com/formmaker">
			<fm:xform_xpath>/mvc:eForm/mvc:Data/mvc:formData/mvc:ULP_DOCUMENT_SUBMISSION_FLRA_DT</fm:xform_xpath>
		</fm:action>
	</element>
	<element name="ULP_DOCUMENT_DESCRIPTION">
		<fm:action name="unfair_labor_practice" xmlns:fm="http://www.hyfinity.com/formmaker">
			<fm:xform_xpath>/mvc:eForm/mvc:Data/mvc:formData/mvc:ULP_DOCUMENT_DESCRIPTION</fm:xform_xpath>
		</fm:action>
		<fm:transform_xpath xmlns:fm="http://www.hyfinity.com/formmaker">/mvc:eForm/mvc:Data/mvc:formData/mvc:ULP_DOCUMENT_DESCRIPTION</fm:transform_xpath>
		<action name="thirdPartyHearing">
			<xform_xpath>enter_xpath_here</xform_xpath>
		</action>
		<action name="appeal">
			<xform_xpath>enter_xpath_here</xform_xpath>
		</action>
		<action name="case_complete">
			<xform_xpath>enter_xpath_here</xform_xpath>
		</action>
		<action name="conduct_issue">
			<xform_xpath>enter_xpath_here</xform_xpath>
		</action>
		<action name="initial_response">
			<xform_xpath>enter_xpath_here</xform_xpath>
		</action>
		<action name="grievance">
			<xform_xpath>enter_xpath_here</xform_xpath>
		</action>
		<action name="information_request">
			<xform_xpath>enter_xpath_here</xform_xpath>
		</action>
		<action name="investigation">
			<xform_xpath>enter_xpath_here</xform_xpath>
		</action>
		<action name="labor_negotiation">
			<xform_xpath>enter_xpath_here</xform_xpath>
		</action>
		<action name="meddoc">
			<xform_xpath>enter_xpath_here</xform_xpath>
		</action>
		<action name="performance_issue">
			<xform_xpath>enter_xpath_here</xform_xpath>
		</action>
		<action name="probation_period">
			<xform_xpath>enter_xpath_here</xform_xpath>
		</action>
		<fm:action name="wgiDenial" xmlns:fm="http://www.hyfinity.com/formmaker">
			<fm:xform_xpath>/mvc:eForm/mvc:Data/mvc:formData/mvc:ULP_DOCUMENT_DESCRIPTION</fm:xform_xpath>
		</fm:action>
	</element>
	<element name="ULP_DISPOSITION_DT">
		<fm:action name="unfair_labor_practice" xmlns:fm="http://www.hyfinity.com/formmaker">
			<fm:xform_xpath>/mvc:eForm/mvc:Data/mvc:formData/mvc:ULP_DISPOSITION_DT</fm:xform_xpath>
		</fm:action>
		<fm:transform_xpath xmlns:fm="http://www.hyfinity.com/formmaker">/mvc:eForm/mvc:Data/mvc:formData/mvc:ULP_DISPOSITION_DT</fm:transform_xpath>
		<action name="thirdPartyHearing">
			<xform_xpath>enter_xpath_here</xform_xpath>
		</action>
		<action name="appeal">
			<xform_xpath>enter_xpath_here</xform_xpath>
		</action>
		<action name="case_complete">
			<xform_xpath>enter_xpath_here</xform_xpath>
		</action>
		<action name="conduct_issue">
			<xform_xpath>enter_xpath_here</xform_xpath>
		</action>
		<action name="initial_response">
			<xform_xpath>enter_xpath_here</xform_xpath>
		</action>
		<action name="grievance">
			<xform_xpath>enter_xpath_here</xform_xpath>
		</action>
		<action name="information_request">
			<xform_xpath>enter_xpath_here</xform_xpath>
		</action>
		<action name="investigation">
			<xform_xpath>enter_xpath_here</xform_xpath>
		</action>
		<action name="labor_negotiation">
			<xform_xpath>enter_xpath_here</xform_xpath>
		</action>
		<action name="meddoc">
			<xform_xpath>enter_xpath_here</xform_xpath>
		</action>
		<action name="performance_issue">
			<xform_xpath>enter_xpath_here</xform_xpath>
		</action>
		<action name="probation_period">
			<xform_xpath>enter_xpath_here</xform_xpath>
		</action>
		<fm:action name="wgiDenial" xmlns:fm="http://www.hyfinity.com/formmaker">
			<fm:xform_xpath>/mvc:eForm/mvc:Data/mvc:formData/mvc:ULP_DISPOSITION_DT</fm:xform_xpath>
		</fm:action>
	</element>
	<element name="ULP_DISPOSITION_TYPE">
		<fm:action name="unfair_labor_practice" xmlns:fm="http://www.hyfinity.com/formmaker">
			<fm:xform_xpath>/mvc:eForm/mvc:Data/mvc:formData/mvc:ULP_DISPOSITION_TYPE</fm:xform_xpath>
		</fm:action>
		<fm:transform_xpath xmlns:fm="http://www.hyfinity.com/formmaker">/mvc:eForm/mvc:Data/mvc:formData/mvc:ULP_DISPOSITION_TYPE</fm:transform_xpath>
		<repeat_xpath>/mvc:eForm/mvc:Data/lookup/record[LTYPE='ERLRULPDispositionType']</repeat_xpath>
		<value_xpath>NAME</value_xpath>
		<text_xpath>LABEL</text_xpath>
		<description />
		<action name="thirdPartyHearing">
			<xform_xpath>enter_xpath_here</xform_xpath>
		</action>
		<action name="appeal">
			<xform_xpath>enter_xpath_here</xform_xpath>
		</action>
		<action name="case_complete">
			<xform_xpath>enter_xpath_here</xform_xpath>
		</action>
		<action name="conduct_issue">
			<xform_xpath>enter_xpath_here</xform_xpath>
		</action>
		<action name="initial_response">
			<xform_xpath>enter_xpath_here</xform_xpath>
		</action>
		<action name="grievance">
			<xform_xpath>enter_xpath_here</xform_xpath>
		</action>
		<action name="information_request">
			<xform_xpath>enter_xpath_here</xform_xpath>
		</action>
		<action name="investigation">
			<xform_xpath>enter_xpath_here</xform_xpath>
		</action>
		<action name="labor_negotiation">
			<xform_xpath>enter_xpath_here</xform_xpath>
		</action>
		<action name="meddoc">
			<xform_xpath>enter_xpath_here</xform_xpath>
		</action>
		<action name="performance_issue">
			<xform_xpath>enter_xpath_here</xform_xpath>
		</action>
		<action name="probation_period">
			<xform_xpath>enter_xpath_here</xform_xpath>
		</action>
		<fm:action name="wgiDenial" xmlns:fm="http://www.hyfinity.com/formmaker">
			<fm:xform_xpath>/mvc:eForm/mvc:Data/mvc:formData/mvc:ULP_DISPOSITION_TYPE</fm:xform_xpath>
		</fm:action>
	</element>
	<element name="ULP_COMPLAINT_DT">
		<fm:action name="unfair_labor_practice" xmlns:fm="http://www.hyfinity.com/formmaker">
			<fm:xform_xpath>/mvc:eForm/mvc:Data/mvc:formData/mvc:ULP_COMPLAINT_DT</fm:xform_xpath>
		</fm:action>
		<fm:transform_xpath xmlns:fm="http://www.hyfinity.com/formmaker">/mvc:eForm/mvc:Data/mvc:formData/mvc:ULP_COMPLAINT_DT</fm:transform_xpath>
		<action name="thirdPartyHearing">
			<xform_xpath>enter_xpath_here</xform_xpath>
		</action>
		<action name="appeal">
			<xform_xpath>enter_xpath_here</xform_xpath>
		</action>
		<action name="case_complete">
			<xform_xpath>enter_xpath_here</xform_xpath>
		</action>
		<action name="conduct_issue">
			<xform_xpath>enter_xpath_here</xform_xpath>
		</action>
		<action name="initial_response">
			<xform_xpath>enter_xpath_here</xform_xpath>
		</action>
		<action name="grievance">
			<xform_xpath>enter_xpath_here</xform_xpath>
		</action>
		<action name="information_request">
			<xform_xpath>enter_xpath_here</xform_xpath>
		</action>
		<action name="investigation">
			<xform_xpath>enter_xpath_here</xform_xpath>
		</action>
		<action name="labor_negotiation">
			<xform_xpath>enter_xpath_here</xform_xpath>
		</action>
		<action name="meddoc">
			<xform_xpath>enter_xpath_here</xform_xpath>
		</action>
		<action name="performance_issue">
			<xform_xpath>enter_xpath_here</xform_xpath>
		</action>
		<action name="probation_period">
			<xform_xpath>enter_xpath_here</xform_xpath>
		</action>
		<fm:action name="wgiDenial" xmlns:fm="http://www.hyfinity.com/formmaker">
			<fm:xform_xpath>/mvc:eForm/mvc:Data/mvc:formData/mvc:ULP_COMPLAINT_DT</fm:xform_xpath>
		</fm:action>
	</element>
	<element name="ULP_AGENCY_ANSWER_DT">
		<fm:action name="unfair_labor_practice" xmlns:fm="http://www.hyfinity.com/formmaker">
			<fm:xform_xpath>/mvc:eForm/mvc:Data/mvc:formData/mvc:ULP_AGENCY_ANSWER_DT</fm:xform_xpath>
		</fm:action>
		<fm:transform_xpath xmlns:fm="http://www.hyfinity.com/formmaker">/mvc:eForm/mvc:Data/mvc:formData/mvc:ULP_AGENCY_ANSWER_DT</fm:transform_xpath>
		<action name="thirdPartyHearing">
			<xform_xpath>enter_xpath_here</xform_xpath>
		</action>
		<action name="appeal">
			<xform_xpath>enter_xpath_here</xform_xpath>
		</action>
		<action name="case_complete">
			<xform_xpath>enter_xpath_here</xform_xpath>
		</action>
		<action name="conduct_issue">
			<xform_xpath>enter_xpath_here</xform_xpath>
		</action>
		<action name="initial_response">
			<xform_xpath>enter_xpath_here</xform_xpath>
		</action>
		<action name="grievance">
			<xform_xpath>enter_xpath_here</xform_xpath>
		</action>
		<action name="information_request">
			<xform_xpath>enter_xpath_here</xform_xpath>
		</action>
		<action name="investigation">
			<xform_xpath>enter_xpath_here</xform_xpath>
		</action>
		<action name="labor_negotiation">
			<xform_xpath>enter_xpath_here</xform_xpath>
		</action>
		<action name="meddoc">
			<xform_xpath>enter_xpath_here</xform_xpath>
		</action>
		<action name="performance_issue">
			<xform_xpath>enter_xpath_here</xform_xpath>
		</action>
		<action name="probation_period">
			<xform_xpath>enter_xpath_here</xform_xpath>
		</action>
		<fm:action name="wgiDenial" xmlns:fm="http://www.hyfinity.com/formmaker">
			<fm:xform_xpath>/mvc:eForm/mvc:Data/mvc:formData/mvc:ULP_AGENCY_ANSWER_DT</fm:xform_xpath>
		</fm:action>
	</element>
	<element name="ULP_AGENCY_ANSWER_FILED_DT">
		<fm:action name="unfair_labor_practice" xmlns:fm="http://www.hyfinity.com/formmaker">
			<fm:xform_xpath>/mvc:eForm/mvc:Data/mvc:formData/mvc:ULP_AGENCY_ANSWER_FILED_DT</fm:xform_xpath>
		</fm:action>
		<fm:transform_xpath xmlns:fm="http://www.hyfinity.com/formmaker">/mvc:eForm/mvc:Data/mvc:formData/mvc:ULP_AGENCY_ANSWER_FILED_DT</fm:transform_xpath>
		<action name="thirdPartyHearing">
			<xform_xpath>enter_xpath_here</xform_xpath>
		</action>
		<action name="appeal">
			<xform_xpath>enter_xpath_here</xform_xpath>
		</action>
		<action name="case_complete">
			<xform_xpath>enter_xpath_here</xform_xpath>
		</action>
		<action name="conduct_issue">
			<xform_xpath>enter_xpath_here</xform_xpath>
		</action>
		<action name="initial_response">
			<xform_xpath>enter_xpath_here</xform_xpath>
		</action>
		<action name="grievance">
			<xform_xpath>enter_xpath_here</xform_xpath>
		</action>
		<action name="information_request">
			<xform_xpath>enter_xpath_here</xform_xpath>
		</action>
		<action name="investigation">
			<xform_xpath>enter_xpath_here</xform_xpath>
		</action>
		<action name="labor_negotiation">
			<xform_xpath>enter_xpath_here</xform_xpath>
		</action>
		<action name="meddoc">
			<xform_xpath>enter_xpath_here</xform_xpath>
		</action>
		<action name="performance_issue">
			<xform_xpath>enter_xpath_here</xform_xpath>
		</action>
		<action name="probation_period">
			<xform_xpath>enter_xpath_here</xform_xpath>
		</action>
		<fm:action name="wgiDenial" xmlns:fm="http://www.hyfinity.com/formmaker">
			<fm:xform_xpath>/mvc:eForm/mvc:Data/mvc:formData/mvc:ULP_AGENCY_ANSWER_FILED_DT</fm:xform_xpath>
		</fm:action>
	</element>
	<element name="ULP_SETTLEMENT_DISCUSSION_DT">
		<fm:action name="unfair_labor_practice" xmlns:fm="http://www.hyfinity.com/formmaker">
			<fm:xform_xpath>/mvc:eForm/mvc:Data/mvc:formData/mvc:ULP_SETTLEMENT_DISCUSSION_DT</fm:xform_xpath>
		</fm:action>
		<fm:transform_xpath xmlns:fm="http://www.hyfinity.com/formmaker">/mvc:eForm/mvc:Data/mvc:formData/mvc:ULP_SETTLEMENT_DISCUSSION_DT</fm:transform_xpath>
		<action name="thirdPartyHearing">
			<xform_xpath>enter_xpath_here</xform_xpath>
		</action>
		<action name="appeal">
			<xform_xpath>enter_xpath_here</xform_xpath>
		</action>
		<action name="case_complete">
			<xform_xpath>enter_xpath_here</xform_xpath>
		</action>
		<action name="conduct_issue">
			<xform_xpath>enter_xpath_here</xform_xpath>
		</action>
		<action name="initial_response">
			<xform_xpath>enter_xpath_here</xform_xpath>
		</action>
		<action name="grievance">
			<xform_xpath>enter_xpath_here</xform_xpath>
		</action>
		<action name="information_request">
			<xform_xpath>enter_xpath_here</xform_xpath>
		</action>
		<action name="investigation">
			<xform_xpath>enter_xpath_here</xform_xpath>
		</action>
		<action name="labor_negotiation">
			<xform_xpath>enter_xpath_here</xform_xpath>
		</action>
		<action name="meddoc">
			<xform_xpath>enter_xpath_here</xform_xpath>
		</action>
		<action name="performance_issue">
			<xform_xpath>enter_xpath_here</xform_xpath>
		</action>
		<action name="probation_period">
			<xform_xpath>enter_xpath_here</xform_xpath>
		</action>
		<fm:action name="wgiDenial" xmlns:fm="http://www.hyfinity.com/formmaker">
			<fm:xform_xpath>/mvc:eForm/mvc:Data/mvc:formData/mvc:ULP_SETTLEMENT_DISCUSSION_DT</fm:xform_xpath>
		</fm:action>
	</element>
	<element name="ULP_PREHEARING_DISCLOSURE_DUE">
		<fm:action name="unfair_labor_practice" xmlns:fm="http://www.hyfinity.com/formmaker">
			<fm:xform_xpath>/mvc:eForm/mvc:Data/mvc:formData/mvc:ULP_PREHEARING_DISCLOSURE_DUE</fm:xform_xpath>
		</fm:action>
		<fm:transform_xpath xmlns:fm="http://www.hyfinity.com/formmaker">/mvc:eForm/mvc:Data/mvc:formData/mvc:ULP_PREHEARING_DISCLOSURE_DUE</fm:transform_xpath>
		<action name="thirdPartyHearing">
			<xform_xpath>enter_xpath_here</xform_xpath>
		</action>
		<action name="appeal">
			<xform_xpath>enter_xpath_here</xform_xpath>
		</action>
		<action name="case_complete">
			<xform_xpath>enter_xpath_here</xform_xpath>
		</action>
		<action name="conduct_issue">
			<xform_xpath>enter_xpath_here</xform_xpath>
		</action>
		<action name="initial_response">
			<xform_xpath>enter_xpath_here</xform_xpath>
		</action>
		<action name="grievance">
			<xform_xpath>enter_xpath_here</xform_xpath>
		</action>
		<action name="information_request">
			<xform_xpath>enter_xpath_here</xform_xpath>
		</action>
		<action name="investigation">
			<xform_xpath>enter_xpath_here</xform_xpath>
		</action>
		<action name="labor_negotiation">
			<xform_xpath>enter_xpath_here</xform_xpath>
		</action>
		<action name="meddoc">
			<xform_xpath>enter_xpath_here</xform_xpath>
		</action>
		<action name="performance_issue">
			<xform_xpath>enter_xpath_here</xform_xpath>
		</action>
		<action name="probation_period">
			<xform_xpath>enter_xpath_here</xform_xpath>
		</action>
		<fm:action name="wgiDenial" xmlns:fm="http://www.hyfinity.com/formmaker">
			<fm:xform_xpath>/mvc:eForm/mvc:Data/mvc:formData/mvc:ULP_PREHEARING_DISCLOSURE_DUE</fm:xform_xpath>
		</fm:action>
	</element>
	<element name="ULP_PREHEARING_DISCLOSUE_DT">
		<fm:action name="unfair_labor_practice" xmlns:fm="http://www.hyfinity.com/formmaker">
			<fm:xform_xpath>/mvc:eForm/mvc:Data/mvc:formData/mvc:ULP_PREHEARING_DISCLOSUE_DT</fm:xform_xpath>
		</fm:action>
		<fm:transform_xpath xmlns:fm="http://www.hyfinity.com/formmaker">/mvc:eForm/mvc:Data/mvc:formData/mvc:ULP_PREHEARING_DISCLOSUE_DT</fm:transform_xpath>
		<action name="thirdPartyHearing">
			<xform_xpath>enter_xpath_here</xform_xpath>
		</action>
		<action name="appeal">
			<xform_xpath>enter_xpath_here</xform_xpath>
		</action>
		<action name="case_complete">
			<xform_xpath>enter_xpath_here</xform_xpath>
		</action>
		<action name="conduct_issue">
			<xform_xpath>enter_xpath_here</xform_xpath>
		</action>
		<action name="initial_response">
			<xform_xpath>enter_xpath_here</xform_xpath>
		</action>
		<action name="grievance">
			<xform_xpath>enter_xpath_here</xform_xpath>
		</action>
		<action name="information_request">
			<xform_xpath>enter_xpath_here</xform_xpath>
		</action>
		<action name="investigation">
			<xform_xpath>enter_xpath_here</xform_xpath>
		</action>
		<action name="labor_negotiation">
			<xform_xpath>enter_xpath_here</xform_xpath>
		</action>
		<action name="meddoc">
			<xform_xpath>enter_xpath_here</xform_xpath>
		</action>
		<action name="performance_issue">
			<xform_xpath>enter_xpath_here</xform_xpath>
		</action>
		<action name="probation_period">
			<xform_xpath>enter_xpath_here</xform_xpath>
		</action>
		<fm:action name="wgiDenial" xmlns:fm="http://www.hyfinity.com/formmaker">
			<fm:xform_xpath>/mvc:eForm/mvc:Data/mvc:formData/mvc:ULP_PREHEARING_DISCLOSUE_DT</fm:xform_xpath>
		</fm:action>
	</element>
	<element name="ULP_PREHEARING_CONFERENCE_DT">
		<fm:action name="unfair_labor_practice" xmlns:fm="http://www.hyfinity.com/formmaker">
			<fm:xform_xpath>/mvc:eForm/mvc:Data/mvc:formData/mvc:ULP_PREHEARING_CONFERENCE_DT</fm:xform_xpath>
		</fm:action>
		<fm:transform_xpath xmlns:fm="http://www.hyfinity.com/formmaker">/mvc:eForm/mvc:Data/mvc:formData/mvc:ULP_PREHEARING_CONFERENCE_DT</fm:transform_xpath>
		<action name="thirdPartyHearing">
			<xform_xpath>enter_xpath_here</xform_xpath>
		</action>
		<action name="appeal">
			<xform_xpath>enter_xpath_here</xform_xpath>
		</action>
		<action name="case_complete">
			<xform_xpath>enter_xpath_here</xform_xpath>
		</action>
		<action name="conduct_issue">
			<xform_xpath>enter_xpath_here</xform_xpath>
		</action>
		<action name="initial_response">
			<xform_xpath>enter_xpath_here</xform_xpath>
		</action>
		<action name="grievance">
			<xform_xpath>enter_xpath_here</xform_xpath>
		</action>
		<action name="information_request">
			<xform_xpath>enter_xpath_here</xform_xpath>
		</action>
		<action name="investigation">
			<xform_xpath>enter_xpath_here</xform_xpath>
		</action>
		<action name="labor_negotiation">
			<xform_xpath>enter_xpath_here</xform_xpath>
		</action>
		<action name="meddoc">
			<xform_xpath>enter_xpath_here</xform_xpath>
		</action>
		<action name="performance_issue">
			<xform_xpath>enter_xpath_here</xform_xpath>
		</action>
		<action name="probation_period">
			<xform_xpath>enter_xpath_here</xform_xpath>
		</action>
		<fm:action name="wgiDenial" xmlns:fm="http://www.hyfinity.com/formmaker">
			<fm:xform_xpath>/mvc:eForm/mvc:Data/mvc:formData/mvc:ULP_PREHEARING_CONFERENCE_DT</fm:xform_xpath>
		</fm:action>
	</element>
	<element name="ULP_HEARING_DT">
		<fm:action name="unfair_labor_practice" xmlns:fm="http://www.hyfinity.com/formmaker">
			<fm:xform_xpath>/mvc:eForm/mvc:Data/mvc:formData/mvc:ULP_HEARING_DT</fm:xform_xpath>
		</fm:action>
		<fm:transform_xpath xmlns:fm="http://www.hyfinity.com/formmaker">/mvc:eForm/mvc:Data/mvc:formData/mvc:ULP_HEARING_DT</fm:transform_xpath>
		<action name="thirdPartyHearing">
			<xform_xpath>enter_xpath_here</xform_xpath>
		</action>
		<action name="appeal">
			<xform_xpath>enter_xpath_here</xform_xpath>
		</action>
		<action name="case_complete">
			<xform_xpath>enter_xpath_here</xform_xpath>
		</action>
		<action name="conduct_issue">
			<xform_xpath>enter_xpath_here</xform_xpath>
		</action>
		<action name="initial_response">
			<xform_xpath>enter_xpath_here</xform_xpath>
		</action>
		<action name="grievance">
			<xform_xpath>enter_xpath_here</xform_xpath>
		</action>
		<action name="information_request">
			<xform_xpath>enter_xpath_here</xform_xpath>
		</action>
		<action name="investigation">
			<xform_xpath>enter_xpath_here</xform_xpath>
		</action>
		<action name="labor_negotiation">
			<xform_xpath>enter_xpath_here</xform_xpath>
		</action>
		<action name="meddoc">
			<xform_xpath>enter_xpath_here</xform_xpath>
		</action>
		<action name="performance_issue">
			<xform_xpath>enter_xpath_here</xform_xpath>
		</action>
		<action name="probation_period">
			<xform_xpath>enter_xpath_here</xform_xpath>
		</action>
		<fm:action name="wgiDenial" xmlns:fm="http://www.hyfinity.com/formmaker">
			<fm:xform_xpath>/mvc:eForm/mvc:Data/mvc:formData/mvc:ULP_HEARING_DT</fm:xform_xpath>
		</fm:action>
	</element>
	<element name="ULP_DECISION_DT">
		<fm:action name="unfair_labor_practice" xmlns:fm="http://www.hyfinity.com/formmaker">
			<fm:xform_xpath>/mvc:eForm/mvc:Data/mvc:formData/mvc:ULP_DECISION_DT</fm:xform_xpath>
		</fm:action>
		<fm:transform_xpath xmlns:fm="http://www.hyfinity.com/formmaker">/mvc:eForm/mvc:Data/mvc:formData/mvc:ULP_DECISION_DT</fm:transform_xpath>
		<action name="thirdPartyHearing">
			<xform_xpath>enter_xpath_here</xform_xpath>
		</action>
		<action name="appeal">
			<xform_xpath>enter_xpath_here</xform_xpath>
		</action>
		<action name="case_complete">
			<xform_xpath>enter_xpath_here</xform_xpath>
		</action>
		<action name="conduct_issue">
			<xform_xpath>enter_xpath_here</xform_xpath>
		</action>
		<action name="initial_response">
			<xform_xpath>enter_xpath_here</xform_xpath>
		</action>
		<action name="grievance">
			<xform_xpath>enter_xpath_here</xform_xpath>
		</action>
		<action name="information_request">
			<xform_xpath>enter_xpath_here</xform_xpath>
		</action>
		<action name="investigation">
			<xform_xpath>enter_xpath_here</xform_xpath>
		</action>
		<action name="labor_negotiation">
			<xform_xpath>enter_xpath_here</xform_xpath>
		</action>
		<action name="meddoc">
			<xform_xpath>enter_xpath_here</xform_xpath>
		</action>
		<action name="performance_issue">
			<xform_xpath>enter_xpath_here</xform_xpath>
		</action>
		<action name="probation_period">
			<xform_xpath>enter_xpath_here</xform_xpath>
		</action>
		<fm:action name="wgiDenial" xmlns:fm="http://www.hyfinity.com/formmaker">
			<fm:xform_xpath>/mvc:eForm/mvc:Data/mvc:formData/mvc:ULP_DECISION_DT</fm:xform_xpath>
		</fm:action>
	</element>
	<element name="ULP_EXCEPTION_FILED">
		<fm:action name="unfair_labor_practice" xmlns:fm="http://www.hyfinity.com/formmaker">
			<fm:xform_xpath>/mvc:eForm/mvc:Data/mvc:formData/mvc:ULP_EXCEPTION_FILED</fm:xform_xpath>
		</fm:action>
		<fm:transform_xpath xmlns:fm="http://www.hyfinity.com/formmaker">/mvc:eForm/mvc:Data/mvc:formData/mvc:ULP_EXCEPTION_FILED</fm:transform_xpath>
		<action name="thirdPartyHearing">
			<xform_xpath>enter_xpath_here</xform_xpath>
		</action>
		<action name="appeal">
			<xform_xpath>enter_xpath_here</xform_xpath>
		</action>
		<action name="case_complete">
			<xform_xpath>enter_xpath_here</xform_xpath>
		</action>
		<action name="conduct_issue">
			<xform_xpath>enter_xpath_here</xform_xpath>
		</action>
		<action name="initial_response">
			<xform_xpath>enter_xpath_here</xform_xpath>
		</action>
		<action name="grievance">
			<xform_xpath>enter_xpath_here</xform_xpath>
		</action>
		<action name="information_request">
			<xform_xpath>enter_xpath_here</xform_xpath>
		</action>
		<action name="investigation">
			<xform_xpath>enter_xpath_here</xform_xpath>
		</action>
		<action name="labor_negotiation">
			<xform_xpath>enter_xpath_here</xform_xpath>
		</action>
		<action name="meddoc">
			<xform_xpath>enter_xpath_here</xform_xpath>
		</action>
		<action name="performance_issue">
			<xform_xpath>enter_xpath_here</xform_xpath>
		</action>
		<action name="probation_period">
			<xform_xpath>enter_xpath_here</xform_xpath>
		</action>
		<fm:action name="wgiDenial" xmlns:fm="http://www.hyfinity.com/formmaker">
			<fm:xform_xpath>/mvc:eForm/mvc:Data/mvc:formData/mvc:ULP_EXCEPTION_FILED</fm:xform_xpath>
		</fm:action>
	</element>
	<element name="ULP_EXCEPTION_FILED_DT">
		<fm:action name="unfair_labor_practice" xmlns:fm="http://www.hyfinity.com/formmaker">
			<fm:xform_xpath>/mvc:eForm/mvc:Data/mvc:formData/mvc:ULP_EXCEPTION_FILED_DT</fm:xform_xpath>
		</fm:action>
		<fm:transform_xpath xmlns:fm="http://www.hyfinity.com/formmaker">/mvc:eForm/mvc:Data/mvc:formData/mvc:ULP_EXCEPTION_FILED_DT</fm:transform_xpath>
		<action name="thirdPartyHearing">
			<xform_xpath>enter_xpath_here</xform_xpath>
		</action>
		<action name="appeal">
			<xform_xpath>enter_xpath_here</xform_xpath>
		</action>
		<action name="case_complete">
			<xform_xpath>enter_xpath_here</xform_xpath>
		</action>
		<action name="conduct_issue">
			<xform_xpath>enter_xpath_here</xform_xpath>
		</action>
		<action name="initial_response">
			<xform_xpath>enter_xpath_here</xform_xpath>
		</action>
		<action name="grievance">
			<xform_xpath>enter_xpath_here</xform_xpath>
		</action>
		<action name="information_request">
			<xform_xpath>enter_xpath_here</xform_xpath>
		</action>
		<action name="investigation">
			<xform_xpath>enter_xpath_here</xform_xpath>
		</action>
		<action name="labor_negotiation">
			<xform_xpath>enter_xpath_here</xform_xpath>
		</action>
		<action name="meddoc">
			<xform_xpath>enter_xpath_here</xform_xpath>
		</action>
		<action name="performance_issue">
			<xform_xpath>enter_xpath_here</xform_xpath>
		</action>
		<action name="probation_period">
			<xform_xpath>enter_xpath_here</xform_xpath>
		</action>
		<fm:action name="wgiDenial" xmlns:fm="http://www.hyfinity.com/formmaker">
			<fm:xform_xpath>/mvc:eForm/mvc:Data/mvc:formData/mvc:ULP_EXCEPTION_FILED_DT</fm:xform_xpath>
		</fm:action>
	</element>
</xforms>
