<?xml version="1.0" encoding="UTF-8"?>
<hy:rulebase cache="false" context="/" disable="true" forward_chain="false" return="/" xmlns:hy="http://www.hyfinity.com/xengine" xmlns:mvc="http://www.hyfinity.com/mvc" xmlns:xg="http://www.hyfinity.com/xgate" xmlns:xs="http://www.w3.org/2001/XMLSchema">
	<hy:rule base="custom" desc="" disable="true" id="form_data_element" priority="115">
		<hy:head>
			<hy:result disable="false" id="insert_form_data_root_element">
				<hy:operator>Parse</hy:operator>
				<hy:target action="add" name="factbase" update="append">
					<hy:params>
						<hy:param name="fragment" type="org.w3c.dom.Node">
							<FORM_DATA xmlns="" />
						</hy:param>
						<hy:param name="to_location" type="com.hyfinity.xpath.XPath">/mvc:eForm/mvc:Data</hy:param>
					</hy:params>
				</hy:target>
			</hy:result>
			<hy:result disable="true" id="insert_test_data">
				<hy:operator>Parse</hy:operator>
				<hy:target action="add" name="factbase" update="append">
					<hy:params>
						<hy:param name="fragment" type="org.w3c.dom.Node">
							<DOCUMENT xmlns="">
								<NAME>John Doe</NAME>
								<GENDER>M</GENDER>
								<DOB>12/27/2012</DOB>
								<WANT_EMAIL>true</WANT_EMAIL>
								<Address>
									<Street>111 McIntosh Place</Street>
									<City>Rolling Stone</City>
									<State>VA</State>
									<Zip>11223</Zip>
								</Address>
							</DOCUMENT>
						</hy:param>
						<hy:param name="to_location" type="com.hyfinity.xpath.XPath">/mvc:eForm/mvc:Data/FORM_DATA</hy:param>
					</hy:params>
				</hy:target>
			</hy:result>
		</hy:head>
		<hy:body>
			<hy:clause id="check_data_element_exist" multiple="false">
				<hy:operator>Read</hy:operator>
				<hy:target action="eval" name="factbase">
					<hy:params>
						<hy:param name="xpath_expression" type="com.hyfinity.xpath.XPath">not(/mvc:eForm/mvc:Data/FORM_DATA)</hy:param>
					</hy:params>
				</hy:target>
			</hy:clause>
		</hy:body>
	</hy:rule>
	<hy:rule base="pattern" desc="Writes the page xsl information to be used for screen display" disable="false" id="write_targetPage_classification_general_rule" priority="130">
		<hy:head>
			<hy:result disable="false" id="write_data">
				<hy:operator>Write</hy:operator>
				<hy:target action="write" name="factbase" update="append">
					<hy:params>
						<hy:param name="value" type="java.lang.String">classification_general.xsl</hy:param>
						<hy:param name="to_location" type="com.hyfinity.xpath.XPath">/mvc:eForm/mvc:Control/mvc:Page</hy:param>
					</hy:params>
				</hy:target>
			</hy:result>
		</hy:head>
		<hy:body>
			<hy:clause id="check_data" multiple="false">
				<hy:operator>Read</hy:operator>
				<hy:target action="eval" name="factbase">
					<hy:params>
						<hy:param name="xpath_expression" type="com.hyfinity.xpath.XPath">/</hy:param>
					</hy:params>
				</hy:target>
			</hy:clause>
		</hy:body>
	</hy:rule>
	<hy:rule base="custom" desc="" disable="true" id="retrieve_lookup" priority="50">
		<hy:head>
			<hy:result disable="false" id="get_lookup">
				<hy:operator>SQL</hy:operator>
				<hy:target action="Query" name="mvc-classification_gen-workflowDB-Database" update="append">
					<hy:params>
						<hy:param name="sql_statement" type="java.lang.String">SELECT TBL_ID, TBL_LTYPE, TBL_NAME, TBL_LABEL, TBL_ACTIVE, TBL_DISP_ORDER 
FROM HHS_CMS_HR.TBL_LOOKUP 
WHERE TBL_LTYPE IN (
	'PayPlan',
	'OccupationalSeries', 
	'Grade',
	'FairLaborStandardsAct',
	'EmployingOffice',
	'PositionIs',
	'PDScope'
)
ORDER BY TBL_LTYPE, TBL_DISP_ORDER, TBL_LABEL, TBL_NAME</hy:param>
						<hy:param name="to_location" type="com.hyfinity.xpath.XPath">/mvc:eForm/mvc:Data</hy:param>
					</hy:params>
				</hy:target>
			</hy:result>
			<hy:result disable="false" id="rename_lookup">
				<hy:operator>Rename</hy:operator>
				<hy:target action="rename" name="factbase" update="">
					<hy:params>
						<hy:param name="location" type="com.hyfinity.xpath.XPath">/mvc:eForm/mvc:Data/sql_result[last()]/statement</hy:param>
						<hy:param name="new_name" type="java.lang.String">LOOKUP</hy:param>
						<hy:param name="new_namespace" type="java.lang.String" />
					</hy:params>
				</hy:target>
			</hy:result>
			<hy:result disable="false" id="move_lookup">
				<hy:operator>Move</hy:operator>
				<hy:target action="add" name="factbase" update="correct_replace">
					<hy:params>
						<hy:param name="from_location" type="com.hyfinity.xpath.XPath">/mvc:eForm/mvc:Data/sql_result[last()]/LOOKUP</hy:param>
						<hy:param name="to_location" type="com.hyfinity.xpath.XPath">/mvc:eForm/mvc:Data/sql_result[last()]</hy:param>
					</hy:params>
				</hy:target>
			</hy:result>
		</hy:head>
		<hy:body />
	</hy:rule>
	<hy:rule base="custom" desc="" disable="false" id="GRList" priority="110">
		<hy:head>
			<hy:result disable="false" id="getGR">
				<hy:operator>SQL</hy:operator>
				<hy:target action="Query" name="mvc-classification_gen-workflowDB-Database" update="append">
					<hy:params>
						<hy:param name="sql_statement" type="java.lang.String">SELECT GD_PAYPLAN_CD, (GD_GRADE || ',' || GD_MIN || ',' || GD_MAX || ',' || GD_RESTRICT || ',' || GD_FPL) GRADE_DETAILS
FROM HHS_CMS_HR.GRADE_DETAIL;</hy:param>
						<hy:param name="to_location" type="com.hyfinity.xpath.XPath">/mvc:eForm/mvc:Data</hy:param>
					</hy:params>
				</hy:target>
			</hy:result>
			<hy:result disable="false" id="renameGR">
				<hy:operator>Rename</hy:operator>
				<hy:target action="rename" name="factbase" update="">
					<hy:params>
						<hy:param name="location" type="com.hyfinity.xpath.XPath">/mvc:eForm/mvc:Data/sql_result[last()]/statement</hy:param>
						<hy:param name="new_name" type="java.lang.String">gr_list</hy:param>
						<hy:param name="new_namespace" type="java.lang.String" />
					</hy:params>
				</hy:target>
			</hy:result>
			<hy:result disable="false" id="moveGR">
				<hy:operator>Move</hy:operator>
				<hy:target action="add" name="factbase" update="correct_replace">
					<hy:params>
						<hy:param name="from_location" type="com.hyfinity.xpath.XPath">/mvc:eForm/mvc:Data/sql_result[last()]/gr_list</hy:param>
						<hy:param name="to_location" type="com.hyfinity.xpath.XPath">/mvc:eForm/mvc:Data/sql_result[last()]</hy:param>
					</hy:params>
				</hy:target>
			</hy:result>
		</hy:head>
		<hy:body />
	</hy:rule>
	<hy:rule base="custom" desc="" disable="false" id="admin_lookup" priority="100">
		<hy:head>
			<hy:result disable="false" id="get_admin_lookup">
				<hy:operator>SQL</hy:operator>
				<hy:target action="Query" name="mvc-classification_gen-workflowDB-Database" update="append">
					<hy:params>
						<hy:param name="sql_statement" type="java.lang.String">SELECT AC_ADMIN_CD,AC_ADMIN_CD_DESCR, LENGTH(AC_ADMIN_CD) LVL, AC_PARENT_CD
FROM HHS_CMS_HR.ADMIN_CODES
ORDER BY AC_ADMIN_CD_DESCR, AC_ADMIN_CD;</hy:param>
						<hy:param name="to_location" type="com.hyfinity.xpath.XPath">/mvc:eForm/mvc:Data</hy:param>
					</hy:params>
				</hy:target>
			</hy:result>
			<hy:result disable="false" id="rename_admin_lookup">
				<hy:operator>Rename</hy:operator>
				<hy:target action="rename" name="factbase" update="">
					<hy:params>
						<hy:param name="location" type="com.hyfinity.xpath.XPath">/mvc:eForm/mvc:Data/sql_result[last()]/statement</hy:param>
						<hy:param name="new_name" type="java.lang.String">admin_lookup</hy:param>
						<hy:param name="new_namespace" type="java.lang.String" />
					</hy:params>
				</hy:target>
			</hy:result>
			<hy:result disable="false" id="move_admin_lookup">
				<hy:operator>Move</hy:operator>
				<hy:target action="add" name="factbase" update="correct_replace">
					<hy:params>
						<hy:param name="from_location" type="com.hyfinity.xpath.XPath">/mvc:eForm/mvc:Data/sql_result[last()]/admin_lookup</hy:param>
						<hy:param name="to_location" type="com.hyfinity.xpath.XPath">/mvc:eForm/mvc:Data/sql_result[last()]</hy:param>
					</hy:params>
				</hy:target>
			</hy:result>
		</hy:head>
		<hy:body />
	</hy:rule>
	<hy:rule base="custom" desc="" disable="true" id="retrieve_form_data" priority="120">
		<hy:head>
			<hy:result disable="false" id="clear_formdata">
				<hy:operator>Delete</hy:operator>
				<hy:target action="remove" name="factbase" update="">
					<hy:params>
						<hy:param name="from_location" type="com.hyfinity.xpath.XPath">/mvc:eForm/mvc:Data/FORM_DATA</hy:param>
					</hy:params>
				</hy:target>
			</hy:result>
			<hy:result disable="false" id="insert_formdata_stub">
				<hy:operator>Parse</hy:operator>
				<hy:target action="add" name="factbase" update="append">
					<hy:params>
						<hy:param name="fragment" type="org.w3c.dom.Node">
							<FORM_DATA xmlns="" />
						</hy:param>
						<hy:param name="to_location" type="com.hyfinity.xpath.XPath">/mvc:eForm/mvc:Data</hy:param>
					</hy:params>
				</hy:target>
			</hy:result>
			<hy:result disable="false" id="get_form_data_from_db">
				<hy:operator>SQL</hy:operator>
				<hy:target action="Query" name="mvc-classification_gen-workflowDB-Database" update="append">
					<hy:params>
						<hy:param name="sql_statement" type="java.lang.String">SELECT ID
	, XMLQUERY('/DOCUMENT' PASSING FIELD_DATA RETURNING CONTENT).GETCLOBVAL() AS FIELD_DATA
FROM HHS_CMS_HR.TBL_FORM_DTL 
WHERE PROCID = $procid</hy:param>
						<hy:param name="to_location" type="com.hyfinity.xpath.XPath">/mvc:eForm/mvc:Data</hy:param>
						<hy:param name="$procid" type="int">/mvc:eForm/mvc:Data/WorkitemContext/Process/ID</hy:param>
					</hy:params>
				</hy:target>
			</hy:result>
			<hy:result disable="false" id="rename_record">
				<hy:operator>Rename</hy:operator>
				<hy:target action="rename" name="factbase" update="">
					<hy:params>
						<hy:param name="location" type="com.hyfinity.xpath.XPath">/mvc:eForm/mvc:Data/sql_result[last()]/statement/record</hy:param>
						<hy:param name="new_name" type="java.lang.String">FORM_DATA</hy:param>
						<hy:param name="new_namespace" type="java.lang.String" />
					</hy:params>
				</hy:target>
			</hy:result>
			<hy:result disable="false" id="move_formdata">
				<hy:operator>Move</hy:operator>
				<hy:target action="add" name="factbase" update="correct_replace">
					<hy:params>
						<hy:param name="from_location" type="com.hyfinity.xpath.XPath">/mvc:eForm/mvc:Data/sql_result[last()]/statement/FORM_DATA</hy:param>
						<hy:param name="to_location" type="com.hyfinity.xpath.XPath">/mvc:eForm/mvc:Data/FORM_DATA</hy:param>
					</hy:params>
				</hy:target>
			</hy:result>
			<hy:result disable="false" id="convert_formdata_string">
				<hy:operator>XMLStringConverter</hy:operator>
				<hy:target action="update" name="factbase" update="">
					<hy:params>
						<hy:param name="location" type="com.hyfinity.xpath.XPath">/mvc:eForm/mvc:Data/FORM_DATA/FIELD_DATA</hy:param>
						<hy:param name="mode" type="java.lang.String">string_to_xml</hy:param>
					</hy:params>
				</hy:target>
			</hy:result>
			<hy:result disable="false" id="move_doc_xml">
				<hy:operator>Move</hy:operator>
				<hy:target action="add" name="factbase" update="correct_replace">
					<hy:params>
						<hy:param name="from_location" type="com.hyfinity.xpath.XPath">/mvc:eForm/mvc:Data/FORM_DATA/FIELD_DATA/DOCUMENT</hy:param>
						<hy:param name="to_location" type="com.hyfinity.xpath.XPath">/mvc:eForm/mvc:Data/FORM_DATA/FIELD_DATA</hy:param>
					</hy:params>
				</hy:target>
			</hy:result>
			<hy:result disable="false" id="cleanup_sqlresult">
				<hy:operator>Delete</hy:operator>
				<hy:target action="remove" name="factbase" update="">
					<hy:params>
						<hy:param name="from_location" type="com.hyfinity.xpath.XPath">/mvc:eForm/mvc:Data/sql_result[last()]</hy:param>
					</hy:params>
				</hy:target>
			</hy:result>
		</hy:head>
		<hy:body />
	</hy:rule>
	<hy:rule base="custom" desc="" disable="true" id="retrieve_init_form_data" priority="123">
		<hy:head>
			<hy:result disable="false" id="get_form_data_from_db">
				<hy:operator>SQL</hy:operator>
				<hy:target action="Query" name="mvc-classification_gen-workflowDB-Database" update="append">
					<hy:params>
						<hy:param name="sql_statement" type="java.lang.String">SELECT HHS_CMS_HR.FN_INIT_CLASSIFICATION($procid).GETCLOBVAL() AS FIELD_DATA
FROM DUAL
</hy:param>
						<hy:param name="to_location" type="com.hyfinity.xpath.XPath">/mvc:eForm/mvc:Data</hy:param>
						<hy:param name="$procid" type="int">/mvc:eForm/mvc:Data/WorkitemContext/Process/ID</hy:param>
					</hy:params>
				</hy:target>
			</hy:result>
			<hy:result disable="false" id="rename_record">
				<hy:operator>Rename</hy:operator>
				<hy:target action="rename" name="factbase" update="">
					<hy:params>
						<hy:param name="location" type="com.hyfinity.xpath.XPath">/mvc:eForm/mvc:Data/sql_result[last()]/statement/record</hy:param>
						<hy:param name="new_name" type="java.lang.String">FORM_DATA</hy:param>
						<hy:param name="new_namespace" type="java.lang.String" />
					</hy:params>
				</hy:target>
			</hy:result>
			<hy:result disable="false" id="move_formdata">
				<hy:operator>Move</hy:operator>
				<hy:target action="add" name="factbase" update="correct_replace">
					<hy:params>
						<hy:param name="from_location" type="com.hyfinity.xpath.XPath">/mvc:eForm/mvc:Data/sql_result[last()]/statement/FORM_DATA</hy:param>
						<hy:param name="to_location" type="com.hyfinity.xpath.XPath">/mvc:eForm/mvc:Data/FORM_DATA</hy:param>
					</hy:params>
				</hy:target>
			</hy:result>
			<hy:result disable="false" id="convert_formdata_string">
				<hy:operator>XMLStringConverter</hy:operator>
				<hy:target action="update" name="factbase" update="">
					<hy:params>
						<hy:param name="location" type="com.hyfinity.xpath.XPath">/mvc:eForm/mvc:Data/FORM_DATA/FIELD_DATA</hy:param>
						<hy:param name="mode" type="java.lang.String">string_to_xml</hy:param>
					</hy:params>
				</hy:target>
			</hy:result>
			<hy:result disable="false" id="move_doc_xml">
				<hy:operator>Move</hy:operator>
				<hy:target action="add" name="factbase" update="correct_replace">
					<hy:params>
						<hy:param name="from_location" type="com.hyfinity.xpath.XPath">/mvc:eForm/mvc:Data/FORM_DATA/FIELD_DATA/DOCUMENT</hy:param>
						<hy:param name="to_location" type="com.hyfinity.xpath.XPath">/mvc:eForm/mvc:Data/FORM_DATA/FIELD_DATA</hy:param>
					</hy:params>
				</hy:target>
			</hy:result>
			<hy:result disable="false" id="cleanup_sqlresult">
				<hy:operator>Delete</hy:operator>
				<hy:target action="remove" name="factbase" update="">
					<hy:params>
						<hy:param name="from_location" type="com.hyfinity.xpath.XPath">/mvc:eForm/mvc:Data/sql_result[last()]</hy:param>
					</hy:params>
				</hy:target>
			</hy:result>
		</hy:head>
		<hy:body>
			<hy:clause id="check_form_data_not_retrieved" multiple="false">
				<hy:operator>Read</hy:operator>
				<hy:target action="eval" name="factbase">
					<hy:params>
						<hy:param name="xpath_expression" type="com.hyfinity.xpath.XPath">not(/mvc:eForm/mvc:Data/FORM_DATA/DOCUMENT)</hy:param>
					</hy:params>
				</hy:target>
			</hy:clause>
		</hy:body>
	</hy:rule>
	<hy:rule base="custom" desc="" disable="true" id="ACData" priority="113">
		<hy:head>
			<hy:result disable="false" id="getACData">
				<hy:operator>SQL</hy:operator>
				<hy:target action="Query" name="mvc-classification_gen-workflowDB-Database" update="append">
					<hy:params>
						<hy:param name="sql_statement" type="java.lang.String">SELECT AC_ID,AC_ADMIN_CD,AC_ADMIN_CD_DESCR
FROM HHS_CMS_HR.ADMIN_CODES
WHERE AC_ID =  $ac_id;</hy:param>
						<hy:param name="to_location" type="com.hyfinity.xpath.XPath">/mvc:eForm/mvc:Data</hy:param>
						<hy:param name="$ac_id" type="int">/mvc:eForm/mvc:Data/FORM_DATA/DOCUMENT/GENERAL/CS_AC_ID</hy:param>
					</hy:params>
				</hy:target>
			</hy:result>
			<hy:result disable="false" id="renameAC">
				<hy:operator>Rename</hy:operator>
				<hy:target action="rename" name="factbase" update="">
					<hy:params>
						<hy:param name="location" type="com.hyfinity.xpath.XPath">/mvc:eForm/mvc:Data/sql_result[last()]/statement</hy:param>
						<hy:param name="new_name" type="java.lang.String">ac_data</hy:param>
						<hy:param name="new_namespace" type="java.lang.String" />
					</hy:params>
				</hy:target>
			</hy:result>
			<hy:result disable="false" id="moveAc">
				<hy:operator>Move</hy:operator>
				<hy:target action="add" name="factbase" update="correct_replace">
					<hy:params>
						<hy:param name="from_location" type="com.hyfinity.xpath.XPath">/mvc:eForm/mvc:Data/sql_result[last()]/ac_data</hy:param>
						<hy:param name="to_location" type="com.hyfinity.xpath.XPath">/mvc:eForm/mvc:Data/sql_result[last()]</hy:param>
					</hy:params>
				</hy:target>
			</hy:result>
		</hy:head>
		<hy:body />
	</hy:rule>
	<hy:rule base="custom" desc="" disable="false" id="read_form_data_from_cache" priority="125">
		<hy:head>
			<hy:result disable="false" id="Read_form_data_cache">
				<hy:operator>Retrieve</hy:operator>
				<hy:target action="retireve" name="retireve" update="append">
					<hy:params>
						<hy:param name="cache_id" type="java.lang.String">cms_form_data</hy:param>
						<hy:param name="scope" type="java.lang.String">session</hy:param>
						<hy:param name="location" type="com.hyfinity.xpath.XPath">/mvc:eForm/mvc:Data</hy:param>
					</hy:params>
				</hy:target>
			</hy:result>
		</hy:head>
		<hy:body>
			<hy:clause id="not_exist_form_data" multiple="false">
				<hy:operator>Read</hy:operator>
				<hy:target action="eval" name="factbase">
					<hy:params>
						<hy:param name="xpath_expression" type="com.hyfinity.xpath.XPath">not(/mvc:eForm/mvc:Data/FORM_DATA)</hy:param>
					</hy:params>
				</hy:target>
			</hy:clause>
		</hy:body>
	</hy:rule>
	<hy:rule base="custom" desc="" disable="false" id="read_lookupAll_from_cache" priority="60">
		<hy:head>
			<hy:result disable="false" id="Read_LookupAll_cache">
				<hy:operator>Retrieve</hy:operator>
				<hy:target action="retireve" name="retireve" update="append">
					<hy:params>
						<hy:param name="cache_id" type="java.lang.String">cms_lookupAllCache</hy:param>
						<hy:param name="scope" type="java.lang.String">application</hy:param>
						<hy:param name="location" type="com.hyfinity.xpath.XPath">/mvc:eForm/mvc:Data</hy:param>
					</hy:params>
				</hy:target>
			</hy:result>
		</hy:head>
		<hy:body>
			<hy:clause id="check_lookup_all" multiple="false">
				<hy:operator>Read</hy:operator>
				<hy:target action="eval" name="factbase">
					<hy:params>
						<hy:param name="xpath_expression" type="com.hyfinity.xpath.XPath">not(/mvc:eForm/mvc:Data/lookupAll)</hy:param>
					</hy:params>
				</hy:target>
			</hy:clause>
		</hy:body>
	</hy:rule>
	<hy:rule base="custom" desc="" disable="false" id="read_lookupActive_from_cache" priority="70">
		<hy:head>
			<hy:result disable="false" id="Read_LookupActive_cache">
				<hy:operator>Retrieve</hy:operator>
				<hy:target action="retireve" name="retireve" update="append">
					<hy:params>
						<hy:param name="cache_id" type="java.lang.String">cms_lookupActiveCache</hy:param>
						<hy:param name="scope" type="java.lang.String">application</hy:param>
						<hy:param name="location" type="com.hyfinity.xpath.XPath">/mvc:eForm/mvc:Data</hy:param>
					</hy:params>
				</hy:target>
			</hy:result>
		</hy:head>
		<hy:body>
			<hy:clause id="check_no_lookupActive" multiple="false">
				<hy:operator>Read</hy:operator>
				<hy:target action="eval" name="factbase">
					<hy:params>
						<hy:param name="xpath_expression" type="com.hyfinity.xpath.XPath">not(/mvc:eForm/mvc:Data/lookupActive)</hy:param>
					</hy:params>
				</hy:target>
			</hy:clause>
		</hy:body>
	</hy:rule>
	<hy:rule base="custom" desc="" disable="false" id="refresh_lookup_data_for_editable" priority="80">
		<hy:head>
			<hy:result disable="false" id="clear_lookup">
				<hy:operator>Delete</hy:operator>
				<hy:target action="remove" name="factbase" update="">
					<hy:params>
						<hy:param name="from_location" type="com.hyfinity.xpath.XPath">/mvc:eForm/mvc:Data/lookup</hy:param>
					</hy:params>
				</hy:target>
			</hy:result>
			<hy:result disable="false" id="insert_lookup">
				<hy:operator>Parse</hy:operator>
				<hy:target action="add" name="factbase" update="append">
					<hy:params>
						<hy:param name="fragment" type="org.w3c.dom.Node">
							<lookup xmlns="" />
						</hy:param>
						<hy:param name="to_location" type="com.hyfinity.xpath.XPath">/mvc:eForm/mvc:Data</hy:param>
					</hy:params>
				</hy:target>
			</hy:result>
			<hy:result disable="false" id="copy_lookup_active">
				<hy:operator>Copy</hy:operator>
				<hy:target action="add" name="factbase" update="append">
					<hy:params>
						<hy:param name="from_location" type="com.hyfinity.xpath.XPath">/mvc:eForm/mvc:Data/lookupActive</hy:param>
						<hy:param name="to_location" type="com.hyfinity.xpath.XPath">/mvc:eForm/mvc:Data/lookup</hy:param>
					</hy:params>
				</hy:target>
			</hy:result>
			<hy:result disable="false" id="rename_lookup_child">
				<hy:operator>Rename</hy:operator>
				<hy:target action="rename" name="factbase" update="">
					<hy:params>
						<hy:param name="location" type="com.hyfinity.xpath.XPath">/mvc:eForm/mvc:Data/lookup/lookupActive</hy:param>
						<hy:param name="new_name" type="java.lang.String">lookup</hy:param>
						<hy:param name="new_namespace" type="java.lang.String" />
					</hy:params>
				</hy:target>
			</hy:result>
			<hy:result disable="false" id="move_lookup_child_up">
				<hy:operator>Move</hy:operator>
				<hy:target action="add" name="factbase" update="correct_replace">
					<hy:params>
						<hy:param name="from_location" type="com.hyfinity.xpath.XPath">/mvc:eForm/mvc:Data/lookup/lookup</hy:param>
						<hy:param name="to_location" type="com.hyfinity.xpath.XPath">/mvc:eForm/mvc:Data/lookup</hy:param>
					</hy:params>
				</hy:target>
			</hy:result>
		</hy:head>
		<hy:body>
			<hy:clause id="check_not_readonly" multiple="false">
				<hy:operator>Read</hy:operator>
				<hy:target action="eval" name="factbase">
					<hy:params>
						<hy:param name="xpath_expression" type="com.hyfinity.xpath.XPath">not(/mvc:eForm/mvc:Control/mvc:readOnly[.='y'])</hy:param>
					</hy:params>
				</hy:target>
			</hy:clause>
		</hy:body>
	</hy:rule>
	<hy:rule base="custom" desc="" disable="false" id="refresh_lookup_data_for_readonly" priority="75">
		<hy:head>
			<hy:result disable="false" id="clear_lookup">
				<hy:operator>Delete</hy:operator>
				<hy:target action="remove" name="factbase" update="">
					<hy:params>
						<hy:param name="from_location" type="com.hyfinity.xpath.XPath">/mvc:eForm/mvc:Data/lookup</hy:param>
					</hy:params>
				</hy:target>
			</hy:result>
			<hy:result disable="false" id="insert_lookup">
				<hy:operator>Parse</hy:operator>
				<hy:target action="add" name="factbase" update="append">
					<hy:params>
						<hy:param name="fragment" type="org.w3c.dom.Node">
							<lookup xmlns="" />
						</hy:param>
						<hy:param name="to_location" type="com.hyfinity.xpath.XPath">/mvc:eForm/mvc:Data</hy:param>
					</hy:params>
				</hy:target>
			</hy:result>
			<hy:result disable="false" id="copy_lookup_all">
				<hy:operator>Copy</hy:operator>
				<hy:target action="add" name="factbase" update="append">
					<hy:params>
						<hy:param name="from_location" type="com.hyfinity.xpath.XPath">/mvc:eForm/mvc:Data/lookupAll</hy:param>
						<hy:param name="to_location" type="com.hyfinity.xpath.XPath">/mvc:eForm/mvc:Data/lookup</hy:param>
					</hy:params>
				</hy:target>
			</hy:result>
			<hy:result disable="false" id="rename_lookup_child">
				<hy:operator>Rename</hy:operator>
				<hy:target action="rename" name="factbase" update="">
					<hy:params>
						<hy:param name="location" type="com.hyfinity.xpath.XPath">/mvc:eForm/mvc:Data/lookup/lookupAll</hy:param>
						<hy:param name="new_name" type="java.lang.String">lookup</hy:param>
						<hy:param name="new_namespace" type="java.lang.String" />
					</hy:params>
				</hy:target>
			</hy:result>
			<hy:result disable="false" id="move_lookup_child_up">
				<hy:operator>Move</hy:operator>
				<hy:target action="add" name="factbase" update="correct_replace">
					<hy:params>
						<hy:param name="from_location" type="com.hyfinity.xpath.XPath">/mvc:eForm/mvc:Data/lookup/lookup</hy:param>
						<hy:param name="to_location" type="com.hyfinity.xpath.XPath">/mvc:eForm/mvc:Data/lookup</hy:param>
					</hy:params>
				</hy:target>
			</hy:result>
		</hy:head>
		<hy:body>
			<hy:clause id="check_not_readonly" multiple="false">
				<hy:operator>Read</hy:operator>
				<hy:target action="eval" name="factbase">
					<hy:params>
						<hy:param name="xpath_expression" type="com.hyfinity.xpath.XPath">/mvc:eForm/mvc:Control/mvc:readOnly[.='y']</hy:param>
					</hy:params>
				</hy:target>
			</hy:clause>
		</hy:body>
	</hy:rule>
	<hy:rule base="custom" desc="" disable="false" id="ParticipantList" priority="110">
		<hy:head>
			<hy:result disable="false" id="getParticipants">
				<hy:operator>SQL</hy:operator>
				<hy:target action="Query" name="mvc-classification_gen-workflowDB-Database" update="append">
					<hy:params>
						<hy:param name="sql_statement" type="java.lang.String">SELECT distinct M.MEMBERID MID,M.NAME DSPNAME, M.EMAIL, M.DEPTNAME, M.JOBTITLENAME, (M.DEPTNAME || '~/_' || M.JOBTITLENAME) ORGTITLE
FROM BIZFLOW.USRGRPPRTCP UGP
  JOIN BIZFLOW.MEMBER M ON UGP.PRTCP = M.MEMBERID
  JOIN BIZFLOW.MEMBER G ON UGP.USRGRPID = G.MEMBERID
WHERE ugp.usrgrphid = (SELECT MEMBERID FROM BIZFLOW.MEMBER WHERE TYPE = 'H' AND NAME = 'CMS')
      AND G.NAME in ('Executive Officers', 'Selecting Officials', 'HR Liaison', 'HR Classification Specialists', 'HR Staffing Specialists', 'HR Special Programs')
</hy:param>
						<hy:param name="to_location" type="com.hyfinity.xpath.XPath">/mvc:eForm/mvc:Data</hy:param>
					</hy:params>
				</hy:target>
			</hy:result>
			<hy:result disable="false" id="renameParticipants">
				<hy:operator>Rename</hy:operator>
				<hy:target action="rename" name="factbase" update="">
					<hy:params>
						<hy:param name="location" type="com.hyfinity.xpath.XPath">/mvc:eForm/mvc:Data/sql_result[last()]/statement</hy:param>
						<hy:param name="new_name" type="java.lang.String">participants</hy:param>
						<hy:param name="new_namespace" type="java.lang.String" />
					</hy:params>
				</hy:target>
			</hy:result>
			<hy:result disable="false" id="moveParticipants">
				<hy:operator>Move</hy:operator>
				<hy:target action="add" name="factbase" update="correct_replace">
					<hy:params>
						<hy:param name="from_location" type="com.hyfinity.xpath.XPath">/mvc:eForm/mvc:Data/sql_result[last()]/participants</hy:param>
						<hy:param name="to_location" type="com.hyfinity.xpath.XPath">/mvc:eForm/mvc:Data/sql_result[last()]</hy:param>
					</hy:params>
				</hy:target>
			</hy:result>
		</hy:head>
		<hy:body />
	</hy:rule>
</hy:rulebase>
