<?xml version="1.0" encoding="UTF-8"?>
<fm:structure xmlns:fm="http://www.hyfinity.com/formmaker">
	<form_details xmlns="http://www.hyfinity.com/formmaker">
		<error_highlight_method alert="false" as_you_type="true" validation_mode="all">bubble</error_highlight_method>
		<hint_display_method>tooltip</hint_display_method>
		<top_level_message class="topLevelMessage" required="false" style="" />
		<mark_mandatory class="mandatory" location="after_label" required="true" style=""> * </mark_mandatory>
		<description>Enter a description.</description>
		<page_background_style class="" style="" />
		<page_content_style class="" style="" />
		<page_events />
		<external_events />
	</form_details>
	<fm:group border_styling="false" compatability="false" fieldset="false" gen_method="layout" hide="false" label_position="left" name="erlr_initial_response_group" submit_if_hidden="true">
		<label class="label" options="static" position="outside_group" position_override="top" required="false" style="" type="static" value="Layout Group" xmlns="http://www.hyfinity.com/formmaker">
			<container class="groupLabelBackground" options="static" style="">
				<content_alignment distribution="vertical" />
			</container>
		</label>
		<style class="" options="static" style="" xmlns="http://www.hyfinity.com/formmaker" />
		<fm:content_alignment distribution="vertical" halign="left" valign="top" />
		<fm:sizing height="fit_to_content" width="fully_expand" />
		<palette_ref control="Layout Group" xmlns="http://www.hyfinity.com/formmaker" />
		<fm:group border_styling="false" compatability="false" fieldset="false" gen_method="layout" hide="false" label_position="left" name="common_fields_group" submit_if_hidden="true">
			<label class="label" options="static" position="outside_group" position_override="top" required="false" style="" type="static" value="Layout Group" xmlns="http://www.hyfinity.com/formmaker">
				<container class="groupLabelBackground" options="static" style="">
					<content_alignment distribution="vertical" />
				</container>
			</label>
			<style class="" options="static" style="" xmlns="http://www.hyfinity.com/formmaker" />
			<fm:content_alignment distribution="vertical" halign="left" valign="top" />
			<fm:sizing height="fit_to_content" width="fully_expand" />
			<palette_ref control="Layout Group" xmlns="http://www.hyfinity.com/formmaker" />
			<fm:group border_styling="false" compatability="false" fieldset="false" gen_method="layout" hide="false" label_position="left" name="specialist_group" submit_if_hidden="true">
				<label class="label" options="static" position="outside_group" position_override="top" required="false" style="" type="static" value="Layout Group" xmlns="http://www.hyfinity.com/formmaker">
					<container class="groupLabelBackground" options="static" style="">
						<content_alignment distribution="vertical" />
					</container>
				</label>
				<style class="" options="static" style="height : 71px;" xmlns="http://www.hyfinity.com/formmaker" />
				<fm:content_alignment distribution="horizontal" halign="left" valign="top" />
				<fm:sizing height="custom" width="fully_expand" />
				<palette_ref control="Layout Group" xmlns="http://www.hyfinity.com/formmaker" />
				<fm:element disable="false" disable_method="disabled" generate="true" hide="false" name="GEN_PRIMARY_SPECIALIST">
					<field xmlns="http://www.hyfinity.com/formmaker">
						<input caption="12345" dropdown_default="Select One" options="dynamic">select</input>
						<style class="defaultBackground selectControl" options="static" style="" />
						<element_style class="select" options="static" style="" />
						<date_picker class="" content="" required="false" type="normal" />
						<label class="label" options="static" position_override="top" required="true" style="" type="static" value="Primary Specialist:">
							<container class="labelBackground labelControl" options="static" />
						</label>
						<container />
					</field>
					<constraints validate="true" xmlns="http://www.hyfinity.com/formmaker">
						<type>string</type>
						<required>false</required>
						<enumeration use_for_output="false" />
					</constraints>
					<error xmlns="http://www.hyfinity.com/formmaker">
						<hint class="hintIcon" style="" use="false">Enter a hint here.</hint>
						<server class="errorIcon" retain="false" style="" use="false" />
					</error>
					<palette_ref control="Select Box" xmlns="http://www.hyfinity.com/formmaker" />
					<events xmlns="http://www.hyfinity.com/formmaker" />
				</fm:element>
				<fm:custom name="spacer" type="spacer">
					<fm:code>
						<div style="height: 21px; width: 150px;" xmlns="http://www.hyfinity.com/xfactory"></div>
					</fm:code>
					<fm:description>Enter a description.</fm:description>
					<palette_ref control="Spacer" xmlns="http://www.hyfinity.com/formmaker" />
				</fm:custom>
				<fm:element disable="false" disable_method="disabled" generate="true" hide="false" name="GEN_SECONDARY_SPECIALIST">
					<field xmlns="http://www.hyfinity.com/formmaker">
						<input dropdown_default="Select One" options="dynamic">select</input>
						<style class="defaultBackground selectControl" options="static" style="" />
						<element_style class="select" options="static" style="" />
						<date_picker class="" content="" required="false" type="normal" />
						<label class="label" options="static" position_override="top" required="true" style="" type="static" value="Secondary Specialist: ">
							<container class="labelBackground labelControl" options="static" />
						</label>
						<container />
					</field>
					<constraints validate="true" xmlns="http://www.hyfinity.com/formmaker">
						<type>string</type>
						<required>false</required>
						<enumeration use_for_output="false">
							<include value="default">Select One</include>
							<include value="anderson">Anderson, Maxine (manderson@bizflow.com)</include>
							<include value="donkuro">Donkuro, Dari (ddonkuro@bizflow.com)</include>
							<include value="mikyung">Lee, Mikyung (mlee@bizflow.com)</include>
							<include value="peter">Lee, Peter (plee@bizflow.com)</include>
							<include value="ginnah">Lee, Ginnah (glee@bizflow.com)</include>
							<include value="bhatt">Bhatt, BJ (bjbhatt@attain.com)</include>
							<include value="Nielsen">Nielsen, Leslie</include>
							<include value="kang">Kang, JB (jkang@bizflow.com)</include>
							<include value="yang">Yang, Steven (syang@bizflow.com)</include>
							<include value="french ">French, Ralph T (rtfrench@attain.com)</include>
							<include value="kwak">Kwak, Daehwa</include>
							<include value="oh">Oh, Youngjin (yjoh@bizflow.com)</include>
							<include value="esther">Esther, Kim (ekim@bizflow.com)</include>
							<include value="zappa">Zappa, Frank</include>
						</enumeration>
					</constraints>
					<error xmlns="http://www.hyfinity.com/formmaker">
						<hint class="hintIcon" style="" use="false">Enter a hint here.</hint>
						<server class="errorIcon" retain="false" style="" use="false" />
					</error>
					<palette_ref control="Select Box" xmlns="http://www.hyfinity.com/formmaker" />
				</fm:element>
			</fm:group>
			<fm:group border_styling="false" compatability="false" fieldset="false" gen_method="layout" hide="false" label_position="left" name="customer_info_group" submit_if_hidden="true">
				<label class="label" options="static" position="outside_group" position_override="top" required="false" style="" type="static" value="Layout Group" xmlns="http://www.hyfinity.com/formmaker">
					<container class="groupLabelBackground" options="static" style="">
						<content_alignment distribution="vertical" />
					</container>
				</label>
				<style class="" options="static" style="" xmlns="http://www.hyfinity.com/formmaker" />
				<palette_ref control="Layout Group" xmlns="http://www.hyfinity.com/formmaker" />
				<fm:content_alignment distribution="vertical" halign="left" valign="top" xmlns="http://www.hyfinity.com/formmaker" />
				<fm:sizing height="fit_to_content" width="fully_expand" xmlns="http://www.hyfinity.com/formmaker" />
				<fm:group border_styling="false" compatability="false" fieldset="false" gen_method="layout" hide="false" label_position="left" name="customer_search_group" submit_if_hidden="true">
					<label class="label" options="static" position="outside_group" position_override="top" required="false" style="" type="static" value="Layout Group" xmlns="http://www.hyfinity.com/formmaker">
						<container class="groupLabelBackground" options="static" style="">
							<content_alignment distribution="vertical" />
						</container>
					</label>
					<style class="" options="static" style="" xmlns="http://www.hyfinity.com/formmaker" />
					<fm:content_alignment distribution="horizontal" halign="left" valign="top" />
					<fm:sizing height="fit_to_content" width="fully_expand" />
					<palette_ref control="Layout Group" xmlns="http://www.hyfinity.com/formmaker" />
					<fm:element disable="false" disable_method="read_only" generate="true" hide="false" name="GEN_CUSTOMER_SEARCH">
						<field xmlns="http://www.hyfinity.com/formmaker">
							<input options="dynamic">text</input>
							<style class="defaultBackground textboxControl" options="static" style="" />
							<element_style class="textbox" options="static" style="width : 225px;" />
							<date_picker class="datePickerIcon" content="" required="false" type="normal" />
							<label class="label" options="static" position_override="top" required="true" style="width:248px !important;" type="static" value="Customer Contact Information:">
								<container class="labelBackground labelControl" options="static">
									<sizing width="custom" />
								</container>
							</label>
							<container>
								<sizing width="custom" />
							</container>
						</field>
						<constraints validate="true" xmlns="http://www.hyfinity.com/formmaker">
							<type>string</type>
							<required>true</required>
							<enumeration use_for_output="false">
								<include value="cusInfo">Customer Info</include>
							</enumeration>
						</constraints>
						<error xmlns="http://www.hyfinity.com/formmaker">
							<hint class="hintIcon" style="" use="false">Enter a hint here.</hint>
							<server class="errorIcon" retain="false" style="" use="false" />
						</error>
						<palette_ref control="Text Box" xmlns="http://www.hyfinity.com/formmaker" />
					</fm:element>
					<fm:element disable="false" disable_method="disabled" generate="true" hide="false" name="btnDeleteCustomer">
						<field xmlns="http://www.hyfinity.com/formmaker">
							<input caption="Clear" options="static">htmlButton</input>
							<style class="defaultBackground buttonControl" options="static" style="" />
							<element_style class="button" options="static" style="margin-top:25px; !important;" />
							<date_picker class="" content="" required="false" type="normal" />
							<label class="label" options="static" required="false" style="" type="static" value="Button Label">
								<container class="labelBackground labelControl" options="static" style="" />
							</label>
							<container />
						</field>
						<constraints validate="false" xmlns="http://www.hyfinity.com/formmaker">
							<type>string</type>
							<required>false</required>
							<enumeration use_for_output="false" />
						</constraints>
						<error xmlns="http://www.hyfinity.com/formmaker">
							<hint class="hintIcon" style="" use="false">Enter a hint here.</hint>
							<server class="errorIcon" retain="false" style="" use="false" />
						</error>
						<palette_ref control="Button (Standard)" xmlns="http://www.hyfinity.com/formmaker" />
						<events xmlns="http://www.hyfinity.com/formmaker" />
					</fm:element>
				</fm:group>
				<fm:group border_styling="false" compatability="false" fieldset="false" gen_method="layout" hide="false" label_position="left" name="customer_detail_group" submit_if_hidden="true">
					<label class="label" options="static" position="outside_group" position_override="top" required="false" style="" type="static" value="Layout Group" xmlns="http://www.hyfinity.com/formmaker">
						<container class="groupLabelBackground" options="static" style="">
							<content_alignment distribution="vertical" />
						</container>
					</label>
					<style class="" options="static" style="" xmlns="http://www.hyfinity.com/formmaker" />
					<fm:content_alignment distribution="horizontal" halign="left" valign="top" />
					<fm:sizing height="fit_to_content" width="fully_expand" />
					<palette_ref control="Layout Group" xmlns="http://www.hyfinity.com/formmaker" />
					<fm:element disable="false" disable_method="read_only" generate="true" hide="false" name="GEN_CUSTOMER_NAME">
						<field xmlns="http://www.hyfinity.com/formmaker">
							<input options="static">output</input>
							<style class="defaultBackground outputControl" options="static" style="width : 297px;" />
							<element_style class="output" options="static" style="" />
							<date_picker class="datePickerIcon" content="" required="false" type="normal" />
							<label class="label" options="static" position_override="top" required="true" style="" type="static" value="Contact Name">
								<container class="labelBackground labelControl" options="static" style="width : 215px">
									<sizing width="custom" />
								</container>
							</label>
							<container>
								<sizing width="custom" />
							</container>
						</field>
						<constraints validate="false" xmlns="http://www.hyfinity.com/formmaker">
							<type>string</type>
							<required>false</required>
							<enumeration use_for_output="false" />
						</constraints>
						<error xmlns="http://www.hyfinity.com/formmaker">
							<hint class="hintIcon" style="" use="false">Enter a hint here.</hint>
							<server class="errorIcon" retain="false" style="" use="false" />
						</error>
						<palette_ref control="Output" xmlns="http://www.hyfinity.com/formmaker" />
					</fm:element>
					<fm:element disable="false" disable_method="read_only" generate="true" hide="false" name="GEN_CUSTOMER">
						<field xmlns="http://www.hyfinity.com/formmaker">
							<input options="dynamic">hidden</input>
							<style class="hide" options="static" style="" />
							<element_style class="hide" options="static" style="" />
							<date_picker class="" content="" required="false" type="normal" />
							<label class="hide" options="static" required="false" style="" type="static" value="Hidden Label">
								<container class="hide" options="static" style="" />
							</label>
							<container />
						</field>
						<constraints validate="false" xmlns="http://www.hyfinity.com/formmaker">
							<type>string</type>
							<required>false</required>
							<enumeration use_for_output="false" />
						</constraints>
						<error xmlns="http://www.hyfinity.com/formmaker">
							<hint class="hintIcon" style="" use="false">Enter a hint here.</hint>
							<server class="errorIcon" retain="false" style="" use="false" />
						</error>
						<palette_ref control="Hidden" xmlns="http://www.hyfinity.com/formmaker" />
					</fm:element>
					<fm:element disable="false" disable_method="read_only" generate="true" hide="false" name="GEN_CUSTOMER_PHONE">
						<field xmlns="http://www.hyfinity.com/formmaker">
							<input options="dynamic">text</input>
							<style class="defaultBackground textboxControl" options="static" style="" />
							<element_style class="textbox" options="static" style="width : 200px;" />
							<date_picker class="datePickerIcon" content="" required="false" type="normal" />
							<label class="label" options="static" position_override="top" required="true" style="width : 325px !important;" type="static" value="Phone Number">
								<container class="labelBackground labelControl" options="static">
									<content_alignment halign="left" valign="middle" />
									<sizing width="custom" />
								</container>
							</label>
							<container>
								<sizing width="custom" />
							</container>
						</field>
						<constraints validate="true" xmlns="http://www.hyfinity.com/formmaker">
							<type>string</type>
							<required>false</required>
							<enumeration use_for_output="false" />
						</constraints>
						<error xmlns="http://www.hyfinity.com/formmaker">
							<hint class="hintIcon" style="" use="false">Enter a hint here.</hint>
							<server class="errorIcon" retain="false" style="" use="false" />
						</error>
						<palette_ref control="Text Box" xmlns="http://www.hyfinity.com/formmaker" />
					</fm:element>
					<fm:element disable="false" disable_method="read_only" generate="true" hide="false" name="GEN_CUSTOMER_ADMIN_CD">
						<field xmlns="http://www.hyfinity.com/formmaker">
							<input options="static">output</input>
							<style class="defaultBackground outputControl" options="static" style="width : 301px;" />
							<element_style class="output" options="static" style="" />
							<date_picker class="datePickerIcon" content="" required="false" type="normal" />
							<label class="label" options="static" position_override="top" required="true" style="width : 290px !important;" type="static" value="Admin Code">
								<container class="labelBackground labelControl" options="static">
									<sizing width="custom" />
								</container>
							</label>
							<container>
								<sizing width="custom" />
							</container>
						</field>
						<constraints validate="false" xmlns="http://www.hyfinity.com/formmaker">
							<type>string</type>
							<required>false</required>
							<enumeration use_for_output="false" />
						</constraints>
						<error xmlns="http://www.hyfinity.com/formmaker">
							<hint class="hintIcon" style="" use="false">Enter a hint here.</hint>
							<server class="errorIcon" retain="false" style="" use="false" />
						</error>
						<palette_ref control="Output" xmlns="http://www.hyfinity.com/formmaker" />
					</fm:element>
					<fm:element disable="false" disable_method="read_only" generate="true" hide="false" name="GEN_CUSTOMER_ADMIN_CD_DESC">
						<field xmlns="http://www.hyfinity.com/formmaker">
							<input options="dynamic">output</input>
							<style class="defaultBackground outputControl" options="static" style="" />
							<element_style class="output" options="static" style="" />
							<date_picker class="datePickerIcon" content="" required="false" type="normal" />
							<label class="label" options="static" position_override="top" required="true" style="" type="static" value="Organization">
								<container class="labelBackground labelControl" options="static" />
							</label>
							<container />
						</field>
						<constraints validate="false" xmlns="http://www.hyfinity.com/formmaker">
							<type>string</type>
							<required>false</required>
							<enumeration use_for_output="false" />
						</constraints>
						<error xmlns="http://www.hyfinity.com/formmaker">
							<hint class="hintIcon" style="" use="false">Enter a hint here.</hint>
							<server class="errorIcon" retain="false" style="" use="false" />
						</error>
						<palette_ref control="Output" xmlns="http://www.hyfinity.com/formmaker" />
					</fm:element>
					<fm:custom name="custom_control_4" type="custom">
						<fm:code>
							<div style="background-color:background-color:rgb(255, 165, 0);" xmlns="http://www.hyfinity.com/xfactory">
								<i class="fas fa-info-circle" />
							</div>
						</fm:code>
						<fm:description>Enter a description.</fm:description>
						<palette_ref control="Custom" xmlns="http://www.hyfinity.com/formmaker" />
					</fm:custom>
				</fm:group>
			</fm:group>
			<fm:group border_styling="false" compatability="false" fieldset="false" gen_method="layout" hide="false" label_position="left" name="empl_info_group" submit_if_hidden="true">
				<label class="label" options="static" position="outside_group" position_override="top" required="false" style="" type="static" value="Layout Group" xmlns="http://www.hyfinity.com/formmaker">
					<container class="groupLabelBackground" options="static" style="">
						<content_alignment distribution="vertical" />
					</container>
				</label>
				<style class="" options="static" style="" xmlns="http://www.hyfinity.com/formmaker" />
				<palette_ref control="Layout Group" xmlns="http://www.hyfinity.com/formmaker" />
				<fm:content_alignment distribution="vertical" halign="left" valign="top" xmlns="http://www.hyfinity.com/formmaker" />
				<fm:sizing height="fit_to_content" width="fully_expand" xmlns="http://www.hyfinity.com/formmaker" />
				<fm:group border_styling="false" compatability="false" fieldset="false" gen_method="layout" hide="false" label_position="left" name="empl_search_group" submit_if_hidden="true">
					<label class="label" options="static" position="outside_group" position_override="top" required="false" style="" type="static" value="Layout Group" xmlns="http://www.hyfinity.com/formmaker">
						<container class="groupLabelBackground" options="static" style="">
							<content_alignment distribution="vertical" />
						</container>
					</label>
					<style class="" options="static" style="" xmlns="http://www.hyfinity.com/formmaker" />
					<fm:content_alignment distribution="horizontal" halign="left" valign="top" />
					<fm:sizing height="fit_to_content" width="fully_expand" />
					<palette_ref control="Layout Group" xmlns="http://www.hyfinity.com/formmaker" />
					<fm:element disable="false" disable_method="read_only" generate="true" hide="false" name="GEN_EMPLOYEE_SEARCH">
						<field xmlns="http://www.hyfinity.com/formmaker">
							<input options="dynamic">text</input>
							<style class="defaultBackground textboxControl" options="static" style="" />
							<element_style class="textbox" options="static" style="width : 225px;" />
							<date_picker class="datePickerIcon" content="" required="false" type="normal" />
							<label class="label" options="static" position_override="top" required="true" style="" type="static" value="Employee Information:">
								<container class="labelBackground labelControl" options="static">
									<sizing width="custom" />
								</container>
							</label>
							<container />
						</field>
						<constraints validate="true" xmlns="http://www.hyfinity.com/formmaker">
							<type>string</type>
							<required>false</required>
							<enumeration use_for_output="false">
								<include value="empInfo">Employee Info</include>
							</enumeration>
						</constraints>
						<error xmlns="http://www.hyfinity.com/formmaker">
							<hint class="hintIcon" style="" use="false">Enter a hint here.</hint>
							<server class="errorIcon" retain="false" style="" use="false" />
						</error>
						<palette_ref control="Text Box" xmlns="http://www.hyfinity.com/formmaker" />
					</fm:element>
					<fm:element disable="false" disable_method="disabled" generate="true" hide="false" name="btnDeleteEmployee">
						<field xmlns="http://www.hyfinity.com/formmaker">
							<input caption="Clear" options="static">htmlButton</input>
							<style class="defaultBackground buttonControl" options="static" style="" />
							<element_style class="button" options="static" style="margin-top:25px;" />
							<date_picker class="" content="" required="false" type="normal" />
							<label class="label" options="static" required="false" style="" type="static" value="Button Label">
								<container class="labelBackground labelControl" options="static" style="" />
							</label>
							<container />
						</field>
						<constraints validate="false" xmlns="http://www.hyfinity.com/formmaker">
							<type>string</type>
							<required>false</required>
							<enumeration use_for_output="false" />
						</constraints>
						<error xmlns="http://www.hyfinity.com/formmaker">
							<hint class="hintIcon" style="" use="false">Enter a hint here.</hint>
							<server class="errorIcon" retain="false" style="" use="false" />
						</error>
						<palette_ref control="Button (Standard)" xmlns="http://www.hyfinity.com/formmaker" />
						<events xmlns="http://www.hyfinity.com/formmaker" />
					</fm:element>
				</fm:group>
				<fm:group border_styling="false" compatability="false" fieldset="false" gen_method="layout" hide="false" label_position="left" name="empl_detail_group" submit_if_hidden="true">
					<label class="label" options="static" position="outside_group" position_override="top" required="false" style="" type="static" value="Layout Group" xmlns="http://www.hyfinity.com/formmaker">
						<container class="groupLabelBackground" options="static" style="">
							<content_alignment distribution="vertical" />
						</container>
					</label>
					<style class="" options="static" style="" xmlns="http://www.hyfinity.com/formmaker" />
					<fm:content_alignment distribution="horizontal" halign="left" valign="top" />
					<fm:sizing height="fit_to_content" width="fully_expand" />
					<palette_ref control="Layout Group" xmlns="http://www.hyfinity.com/formmaker" />
					<fm:element disable="false" disable_method="read_only" generate="true" hide="false" name="GEN_EMPLOYEE_NAME">
						<field xmlns="http://www.hyfinity.com/formmaker">
							<input options="static">output</input>
							<style class="defaultBackground outputControl" options="static" style="width : 297px;" />
							<element_style class="output" options="static" style="" />
							<date_picker class="datePickerIcon" content="" required="false" type="normal" />
							<label class="label" options="static" position_override="top" required="true" style="" type="static" value="Employee Name">
								<container class="labelBackground labelControl" options="static" style="width : 215px">
									<sizing width="custom" />
								</container>
							</label>
							<container>
								<sizing width="custom" />
							</container>
						</field>
						<constraints validate="false" xmlns="http://www.hyfinity.com/formmaker">
							<type>string</type>
							<required>false</required>
							<enumeration use_for_output="false" />
						</constraints>
						<error xmlns="http://www.hyfinity.com/formmaker">
							<hint class="hintIcon" style="" use="false">Enter a hint here.</hint>
							<server class="errorIcon" retain="false" style="" use="false" />
						</error>
						<palette_ref control="Output" xmlns="http://www.hyfinity.com/formmaker" />
					</fm:element>
					<fm:element disable="false" disable_method="read_only" generate="true" hide="false" name="GEN_EMPLOYEE">
						<field xmlns="http://www.hyfinity.com/formmaker">
							<input options="dynamic">hidden</input>
							<style class="hide" options="static" style="" />
							<element_style class="hide" options="static" style="" />
							<date_picker class="" content="" required="false" type="normal" />
							<label class="hide" options="static" required="false" style="" type="static" value="Hidden Label">
								<container class="hide" options="static" style="" />
							</label>
							<container />
						</field>
						<constraints validate="false" xmlns="http://www.hyfinity.com/formmaker">
							<type>string</type>
							<required>false</required>
							<enumeration use_for_output="false" />
						</constraints>
						<error xmlns="http://www.hyfinity.com/formmaker">
							<hint class="hintIcon" style="" use="false">Enter a hint here.</hint>
							<server class="errorIcon" retain="false" style="" use="false" />
						</error>
						<palette_ref control="Hidden" xmlns="http://www.hyfinity.com/formmaker" />
					</fm:element>
					<fm:element disable="false" disable_method="read_only" generate="true" hide="false" name="GEN_EMPLOYEE_PHONE">
						<field xmlns="http://www.hyfinity.com/formmaker">
							<input options="dynamic">text</input>
							<style class="defaultBackground textboxControl" options="static" style="" />
							<element_style class="textbox" options="static" style="width : 200px;" />
							<date_picker class="datePickerIcon" content="" required="false" type="normal" />
							<label class="label" options="static" position_override="top" required="true" style="width : 325px !important;" type="static" value="Phone Number">
								<container class="labelBackground labelControl" options="static">
									<content_alignment halign="left" valign="middle" />
									<sizing height="custom" width="custom" />
								</container>
							</label>
							<container>
								<sizing width="custom" />
							</container>
						</field>
						<constraints validate="true" xmlns="http://www.hyfinity.com/formmaker">
							<type>string</type>
							<required>false</required>
							<enumeration use_for_output="false" />
						</constraints>
						<error xmlns="http://www.hyfinity.com/formmaker">
							<hint class="hintIcon" style="" use="false">Enter a hint here.</hint>
							<server class="errorIcon" retain="false" style="" use="false" />
						</error>
						<palette_ref control="Text Box" xmlns="http://www.hyfinity.com/formmaker" />
					</fm:element>
					<fm:element disable="false" disable_method="read_only" generate="true" hide="false" name="GEN_EMPLOYEE_ADMIN_CD">
						<field xmlns="http://www.hyfinity.com/formmaker">
							<input options="static">output</input>
							<style class="defaultBackground outputControl" options="static" style="width : 182px;" />
							<element_style class="output" options="static" style="" />
							<date_picker class="datePickerIcon" content="" required="false" type="normal" />
							<label class="label" options="static" position_override="top" required="true" style="width : 290px !important;" type="static" value="Admin Code">
								<container class="labelBackground labelControl" options="static">
									<sizing width="custom" />
								</container>
							</label>
							<container>
								<sizing width="custom" />
							</container>
						</field>
						<constraints validate="false" xmlns="http://www.hyfinity.com/formmaker">
							<type>string</type>
							<required>false</required>
							<enumeration use_for_output="false" />
						</constraints>
						<error xmlns="http://www.hyfinity.com/formmaker">
							<hint class="hintIcon" style="" use="false">Enter a hint here.</hint>
							<server class="errorIcon" retain="false" style="" use="false" />
						</error>
						<palette_ref control="Output" xmlns="http://www.hyfinity.com/formmaker" />
					</fm:element>
					<fm:element disable="false" disable_method="read_only" generate="true" hide="false" name="GEN_EMPLOYEE_ADMIN_CD_DESC">
						<field xmlns="http://www.hyfinity.com/formmaker">
							<input options="dynamic">output</input>
							<style class="defaultBackground outputControl" options="static" style="" />
							<element_style class="output" options="static" style="" />
							<date_picker class="datePickerIcon" content="" required="false" type="normal" />
							<label class="label" options="static" position_override="top" required="true" style="" type="static" value="Organization">
								<container class="labelBackground labelControl" options="static" />
							</label>
							<container />
						</field>
						<constraints validate="false" xmlns="http://www.hyfinity.com/formmaker">
							<type>string</type>
							<required>false</required>
							<enumeration use_for_output="false" />
						</constraints>
						<error xmlns="http://www.hyfinity.com/formmaker">
							<hint class="hintIcon" style="" use="false">Enter a hint here.</hint>
							<server class="errorIcon" retain="false" style="" use="false" />
						</error>
						<palette_ref control="Output" xmlns="http://www.hyfinity.com/formmaker" />
					</fm:element>
					<fm:custom name="custom_control_5" type="custom">
						<fm:code>
							<div style="background-color:rgb(255, 165, 0);" xmlns="http://www.hyfinity.com/xfactory">
								<i class="fas fa-info-circle" />
							</div>
						</fm:code>
						<fm:description>Enter a description.</fm:description>
						<palette_ref control="Custom" xmlns="http://www.hyfinity.com/formmaker" />
					</fm:custom>
				</fm:group>
			</fm:group>
			<fm:group border_styling="false" compatability="false" fieldset="false" gen_method="layout" hide="false" label_position="left" name="case_desc_group" submit_if_hidden="true">
				<label class="label" options="static" position="outside_group" position_override="top" required="false" style="" type="static" value="Layout Group" xmlns="http://www.hyfinity.com/formmaker">
					<container class="groupLabelBackground" options="static" style="">
						<content_alignment distribution="vertical" />
					</container>
				</label>
				<style class="" options="static" style="" xmlns="http://www.hyfinity.com/formmaker" />
				<fm:content_alignment distribution="vertical" halign="left" valign="top" />
				<fm:sizing height="fit_to_content" width="fully_expand" />
				<palette_ref control="Layout Group" xmlns="http://www.hyfinity.com/formmaker" />
				<fm:element disable="false" disable_method="read_only" generate="true" hide="false" name="GEN_CASE_DESC">
					<field xmlns="http://www.hyfinity.com/formmaker">
						<input expandable="true" max="10" min="2" options="dynamic" size="100">textarea</input>
						<style class="defaultBackground textareaControl" options="static" style="" />
						<element_style class="textbox" options="static" style="width : 855px;" />
						<date_picker class="datePickerIcon" content="" required="false" type="normal" />
						<label class="label" options="static" position_override="top" required="true" style="" type="static" value="Case Description">
							<container class="labelBackground labelControl" options="static" />
						</label>
						<container />
					</field>
					<constraints validate="true" xmlns="http://www.hyfinity.com/formmaker">
						<type>string</type>
						<required>true</required>
						<minLength>1</minLength>
						<maxLength>500</maxLength>
						<enumeration use_for_output="false" />
					</constraints>
					<error xmlns="http://www.hyfinity.com/formmaker">
						<hint class="hintIcon" style="" use="false">Enter a hint here.</hint>
						<server class="errorIcon" retain="false" style="" use="false" />
					</error>
					<palette_ref control="Text Area" xmlns="http://www.hyfinity.com/formmaker" />
					<custom_attributes xmlns="http://www.hyfinity.com/formmaker">
						<attribute name="maxLength" type="custom" value="500" />
					</custom_attributes>
				</fm:element>
			</fm:group>
			<fm:group border_styling="false" compatability="false" fieldset="false" gen_method="layout" hide="false" label_position="left" name="case_status_group" submit_if_hidden="true">
				<label class="label" options="static" position="outside_group" position_override="top" required="false" style="" type="static" value="Layout Group" xmlns="http://www.hyfinity.com/formmaker">
					<container class="groupLabelBackground" options="static" style="">
						<content_alignment distribution="vertical" />
					</container>
				</label>
				<style class="" options="static" style="" xmlns="http://www.hyfinity.com/formmaker" />
				<fm:content_alignment distribution="horizontal" halign="left" valign="top" />
				<fm:sizing height="fit_to_content" width="fully_expand" />
				<palette_ref control="Layout Group" xmlns="http://www.hyfinity.com/formmaker" />
				<fm:element disable="false" disable_method="disabled" generate="true" hide="false" name="GEN_CASE_STATUS">
					<field xmlns="http://www.hyfinity.com/formmaker">
						<input dropdown_default="Select One" options="dynamic">select</input>
						<style class="defaultBackground selectControl" options="static" style="width : 188px;" />
						<element_style class="select" options="static" style="" />
						<date_picker class="" content="" required="false" type="normal" />
						<label class="label" options="static" position_override="top" required="true" style="width : 242px !important;" type="static" value="Case Status">
							<container class="labelBackground labelControl" options="static">
								<sizing height="custom" width="custom" />
							</container>
						</label>
						<container>
							<sizing width="custom" />
						</container>
					</field>
					<constraints validate="true" xmlns="http://www.hyfinity.com/formmaker">
						<type>string</type>
						<required>false</required>
						<enumeration use_for_output="false">
							<include value="drafting_doc">Drafting Document</include>
							<include value="man_emp_out">Manager/Employee Out of Office</include>
							<include value="man_review">Manager Review/Drafting Document</include>
							<include value="pending_appeal">Pending Appeal</include>
							<include value="pending_decision">Pending Customer Decision</include>
							<include value="pending_grieve">Pending Grievance Decision</include>
							<include value="pending_IG">Pending IG Determination</include>
							<include value="pending_internal_review">Pending Internal View</include>
							<include value="pending_OGC">Pending OGC Opinion</include>
							<include value="pending_oral_present"> Pending Oral Presentation</include>
							<include value="pending_OSC">Pending OSC Investigation</include>
							<include value="pending_3rd_party">Pending Third Party Decision</include>
							<include value="pending_research">Researching</include>
							<include value="settle_discussion">Settlement Discussions</include>
							<include value="waiting">Waiting for Information</include>
						</enumeration>
					</constraints>
					<error xmlns="http://www.hyfinity.com/formmaker">
						<hint class="hintIcon" style="" use="false">Enter a hint here.</hint>
						<server class="errorIcon" retain="false" style="" use="false" />
					</error>
					<palette_ref control="Select Box" xmlns="http://www.hyfinity.com/formmaker" />
				</fm:element>
				<fm:custom name="spacer_2" type="spacer">
					<fm:code>
						<div style="height: 21px; width: 150px;" xmlns=""></div>
					</fm:code>
					<fm:description />
					<palette_ref control="Spacer" xmlns="http://www.hyfinity.com/formmaker" />
				</fm:custom>
				<fm:element disable="false" disable_method="read_only" generate="true" hide="false" name="GEN_CUST_INIT_CONTACT_DT">
					<field xmlns="http://www.hyfinity.com/formmaker">
						<input options="dynamic" size="10">text</input>
						<style class="defaultBackground dateControl" options="static" style="width : 309px;" />
						<element_style class="textbox" options="static" style="width : 221px;" />
						<date_picker class="datePickerIcon" content="" required="true" type="normal" />
						<label class="label" options="static" position_override="top" required="true" style="width : 318px;" type="static" value="Initial Contact Date">
							<container class="labelBackground labelControl" options="static">
								<sizing width="custom" />
							</container>
						</label>
						<container>
							<sizing width="custom" />
						</container>
					</field>
					<constraints validate="true" xmlns="http://www.hyfinity.com/formmaker">
						<type>date</type>
						<required>false</required>
						<enumeration use_for_output="false" />
					</constraints>
					<error xmlns="http://www.hyfinity.com/formmaker">
						<hint class="hintIcon" style="" use="false">Enter a hint here.</hint>
						<server class="errorIcon" retain="false" style="" use="false" />
					</error>
					<data_formats xmlns="http://www.hyfinity.com/formmaker">
						<date data="MM/dd/yyyy" display="MM/dd/yyyy" />
					</data_formats>
					<palette_ref control="Date" xmlns="http://www.hyfinity.com/formmaker" />
				</fm:element>
				<fm:group border_styling="false" compatability="false" fieldset="false" gen_method="layout" hide="false" label_position="left" name="additional_case_group" submit_if_hidden="true">
					<label class="label" options="static" position="outside_group" position_override="top" required="false" style="" type="static" value="Layout Group" xmlns="http://www.hyfinity.com/formmaker">
						<container class="groupLabelBackground" options="static" style="">
							<content_alignment distribution="vertical" />
						</container>
					</label>
					<style class="" options="static" style="" xmlns="http://www.hyfinity.com/formmaker" />
					<fm:content_alignment distribution="horizontal" halign="left" valign="top" />
					<fm:sizing height="fit_to_content" width="fully_expand" />
					<palette_ref control="Layout Group" xmlns="http://www.hyfinity.com/formmaker" />
					<fm:element disable="false" disable_method="read_only" generate="true" hide="false" name="GEN_RELATED_CASE_SEARCH">
						<field xmlns="http://www.hyfinity.com/formmaker">
							<input options="dynamic">text</input>
							<style class="defaultBackground textboxControl" options="static" style="width : 240px;" />
							<element_style class="textbox" options="static" style="width : 226px;" />
							<date_picker class="datePickerIcon" content="" required="false" type="normal" />
							<label class="label" options="static" position_override="top" required="true" style="" type="static" value="Add Additional Cases">
								<container class="labelBackground labelControl" options="static" style="width : 240px;">
									<sizing width="custom" />
								</container>
							</label>
							<container>
								<sizing width="custom" />
							</container>
						</field>
						<constraints validate="true" xmlns="http://www.hyfinity.com/formmaker">
							<type>string</type>
							<required>false</required>
							<maxLength>20</maxLength>
							<enumeration use_for_output="false" />
						</constraints>
						<error xmlns="http://www.hyfinity.com/formmaker">
							<hint class="hintIcon" style="" use="false">Enter a hint here.</hint>
							<server class="errorIcon" retain="false" style="" use="false" />
						</error>
						<palette_ref control="Text Box" xmlns="http://www.hyfinity.com/formmaker" />
					</fm:element>
					<fm:custom name="custom_control_3" type="custom">
						<fm:code>
							<div style="font-size:14px;font-family:arial,helvetica,sans-serif;font-weight:bold;" xmlns="">
								<span>Related Cases</span>
								<div id="RELATED_CASE_LIST"></div>
							</div>
						</fm:code>
						<fm:description>Enter a description.</fm:description>
						<palette_ref control="Custom" xmlns="http://www.hyfinity.com/formmaker" />
					</fm:custom>
					<fm:element disable="false" disable_method="read_only" generate="true" hide="false" name="GEN_RELATED_TO_CASE">
						<field xmlns="http://www.hyfinity.com/formmaker">
							<input options="dynamic">hidden</input>
							<style class="hide" options="static" style="" />
							<element_style class="hide" options="static" style="" />
							<date_picker class="" content="" required="false" type="normal" />
							<label class="hide" options="static" required="false" style="" type="static" value="Hidden Label">
								<container class="hide" options="static" style="" />
							</label>
							<container />
						</field>
						<constraints validate="false" xmlns="http://www.hyfinity.com/formmaker">
							<type>string</type>
							<required>false</required>
							<enumeration use_for_output="false" />
						</constraints>
						<error xmlns="http://www.hyfinity.com/formmaker">
							<hint class="hintIcon" style="" use="false">Enter a hint here.</hint>
							<server class="errorIcon" retain="false" style="" use="false" />
						</error>
						<palette_ref control="Hidden" xmlns="http://www.hyfinity.com/formmaker" />
					</fm:element>
				</fm:group>
			</fm:group>
			<fm:group border_styling="false" compatability="false" fieldset="false" gen_method="layout" hide="false" label_position="left" name="reps_group" submit_if_hidden="true">
				<label class="label" options="static" position="outside_group" position_override="top" required="false" style="" type="static" value="Layout Group" xmlns="http://www.hyfinity.com/formmaker">
					<container class="groupLabelBackground" options="static" style="">
						<content_alignment distribution="vertical" />
					</container>
				</label>
				<style class="" options="static" style="" xmlns="http://www.hyfinity.com/formmaker" />
				<fm:content_alignment distribution="horizontal" halign="left" valign="middle" />
				<fm:sizing height="fit_to_content" width="fully_expand" />
				<palette_ref control="Layout Group" xmlns="http://www.hyfinity.com/formmaker" />
				<fm:element disable="false" disable_method="disabled" generate="true" hide="false" name="GEN_PRIMARY_REP">
					<field xmlns="http://www.hyfinity.com/formmaker">
						<input dropdown_default="Select One" options="static">select</input>
						<style class="defaultBackground selectControl" options="static" style="width : 297px;" />
						<element_style class="select" options="static" style="width : 247px;" />
						<date_picker class="" content="" required="false" type="normal" />
						<label class="label" options="static" position_override="top" required="true" style="" type="static" value="Primary Representative">
							<container class="labelBackground labelControl" options="static" style="width : 298px;">
								<sizing width="custom" />
							</container>
						</label>
						<container>
							<sizing width="custom" />
						</container>
					</field>
					<constraints validate="true" xmlns="http://www.hyfinity.com/formmaker">
						<type>string</type>
						<required>false</required>
						<enumeration use_for_output="false">
							<include value="CMS">CMS</include>
							<include value="NON-CMS">NON-CMS</include>
						</enumeration>
					</constraints>
					<error xmlns="http://www.hyfinity.com/formmaker">
						<hint class="hintIcon" style="" use="false">Enter a hint here.</hint>
						<server class="errorIcon" retain="false" style="" use="false" />
					</error>
					<palette_ref control="Select Box" xmlns="http://www.hyfinity.com/formmaker" />
					<events xmlns="http://www.hyfinity.com/formmaker" />
				</fm:element>
				<fm:group border_styling="false" compatability="false" fieldset="false" gen_method="layout" hide="false" label_position="left" name="reps_detail_group" submit_if_hidden="true">
					<label class="label" options="static" position="outside_group" position_override="top" required="false" style="" type="static" value="Layout Group" xmlns="http://www.hyfinity.com/formmaker">
						<container class="groupLabelBackground" options="static" style="">
							<content_alignment distribution="vertical" />
						</container>
					</label>
					<style class="" options="static" style="" xmlns="http://www.hyfinity.com/formmaker" />
					<fm:content_alignment distribution="vertical" halign="left" valign="top" />
					<fm:sizing height="fit_to_content" width="fully_expand" />
					<palette_ref control="Layout Group" xmlns="http://www.hyfinity.com/formmaker" />
					<fm:group border_styling="false" compatability="false" fieldset="false" gen_method="layout" hide="false" label_position="left" name="cms_rep_name_group" submit_if_hidden="true">
						<label class="label" options="static" position="outside_group" position_override="top" required="false" style="" type="static" value="Layout Group" xmlns="http://www.hyfinity.com/formmaker">
							<container class="groupLabelBackground" options="static" style="">
								<content_alignment distribution="vertical" />
							</container>
						</label>
						<style class="" options="static" style="" xmlns="http://www.hyfinity.com/formmaker" />
						<fm:content_alignment distribution="horizontal" halign="left" valign="top" />
						<fm:sizing height="fit_to_content" width="fully_expand" />
						<palette_ref control="Layout Group" xmlns="http://www.hyfinity.com/formmaker" />
						<fm:element disable="false" disable_method="read_only" generate="true" hide="false" name="GEN_CMS_PRIMARY_REP_SEARCH">
							<field xmlns="http://www.hyfinity.com/formmaker">
								<input options="dynamic">text</input>
								<style class="defaultBackground textboxControl" options="static" style="height : 30px; width : 571px;" />
								<element_style class="textbox" options="static" style="width : 555px;" />
								<date_picker class="datePickerIcon" content="" required="false" type="normal" />
								<label class="label" options="static" position_override="top" required="true" style="" type="static" value="Primary Representative Name">
									<container class="labelBackground labelControl" options="static" style="width : 633px;">
										<sizing width="custom" />
									</container>
								</label>
								<container>
									<sizing height="custom" width="custom" />
								</container>
							</field>
							<constraints validate="true" xmlns="http://www.hyfinity.com/formmaker">
								<type>string</type>
								<required>false</required>
								<enumeration use_for_output="false" />
							</constraints>
							<error xmlns="http://www.hyfinity.com/formmaker">
								<hint class="hintIcon" style="" use="false">Enter a hint here.</hint>
								<server class="errorIcon" retain="false" style="" use="false" />
							</error>
							<palette_ref control="Text Box" xmlns="http://www.hyfinity.com/formmaker" />
						</fm:element>
						<fm:element disable="false" disable_method="read_only" generate="true" hide="false" name="GEN_CMS_PRIMARY_REP_PHONE">
							<field xmlns="http://www.hyfinity.com/formmaker">
								<input options="dynamic">text</input>
								<style class="defaultBackground textboxControl" options="static" style="" />
								<element_style class="textbox" options="static" style="" />
								<date_picker class="datePickerIcon" content="" required="false" type="normal" />
								<label class="label" options="static" position_override="top" required="true" style="" type="static" value="Phone">
									<container class="labelBackground labelControl" options="static" />
								</label>
								<container />
							</field>
							<constraints validate="true" xmlns="http://www.hyfinity.com/formmaker">
								<type>string</type>
								<required>false</required>
								<enumeration use_for_output="false" />
							</constraints>
							<error xmlns="http://www.hyfinity.com/formmaker">
								<hint class="hintIcon" style="" use="false">Enter a hint here.</hint>
								<server class="errorIcon" retain="false" style="" use="false" />
							</error>
							<palette_ref control="Text Box" xmlns="http://www.hyfinity.com/formmaker" />
						</fm:element>
					</fm:group>
					<fm:group border_styling="false" compatability="false" fieldset="false" gen_method="layout" hide="false" label_position="left" name="non_cms_primary_group" submit_if_hidden="true">
						<label class="label" options="static" position="outside_group" position_override="top" required="false" style="" type="static" value="Layout Group" xmlns="http://www.hyfinity.com/formmaker">
							<container class="groupLabelBackground" options="static" style="">
								<content_alignment distribution="vertical" />
							</container>
						</label>
						<style class="" options="static" style="" xmlns="http://www.hyfinity.com/formmaker" />
						<fm:content_alignment distribution="horizontal" halign="left" valign="top" />
						<fm:sizing height="fit_to_content" width="fully_expand" />
						<palette_ref control="Layout Group" xmlns="http://www.hyfinity.com/formmaker" />
						<fm:element disable="false" disable_method="read_only" generate="true" hide="false" name="GEN_NON_CMS_PRIMARY_LNAME">
							<field xmlns="http://www.hyfinity.com/formmaker">
								<input options="dynamic">text</input>
								<style class="defaultBackground textboxControl" options="static" style="width : 318px;" />
								<element_style class="textbox" options="static" style="width : 281px;" />
								<date_picker class="datePickerIcon" content="" required="false" type="normal" />
								<label class="label" options="static" position_override="top" required="true" style="width : 318px;" type="static" value="Last Name">
									<container class="labelBackground labelControl" options="static">
										<sizing width="custom" />
									</container>
								</label>
								<container>
									<sizing width="custom" />
								</container>
							</field>
							<constraints validate="true" xmlns="http://www.hyfinity.com/formmaker">
								<type>string</type>
								<required>false</required>
								<maxLength>50</maxLength>
								<enumeration use_for_output="false" />
							</constraints>
							<error xmlns="http://www.hyfinity.com/formmaker">
								<hint class="hintIcon" style="" use="false">Enter a hint here.</hint>
								<server class="errorIcon" retain="false" style="" use="false" />
							</error>
							<palette_ref control="Text Box" xmlns="http://www.hyfinity.com/formmaker" />
						</fm:element>
						<fm:element disable="false" disable_method="read_only" generate="true" hide="false" name="GEN_NON_CMS_PRIMARY_FNAME">
							<field xmlns="http://www.hyfinity.com/formmaker">
								<input options="dynamic">text</input>
								<style class="defaultBackground textboxControl" options="static" style="width : 271px;" />
								<element_style class="textbox" options="static" style="width : 223px;" />
								<date_picker class="datePickerIcon" content="" required="false" type="normal" />
								<label class="label" options="static" position_override="top" required="true" style="" type="static" value="First Name">
									<container class="labelBackground labelControl" options="static" style="width : 271px;">
										<sizing width="custom" />
									</container>
								</label>
								<container>
									<sizing width="custom" />
								</container>
							</field>
							<constraints validate="true" xmlns="http://www.hyfinity.com/formmaker">
								<type>string</type>
								<required>false</required>
								<enumeration use_for_output="false" />
							</constraints>
							<error xmlns="http://www.hyfinity.com/formmaker">
								<hint class="hintIcon" style="" use="false">Enter a hint here.</hint>
								<server class="errorIcon" retain="false" style="" use="false" />
							</error>
							<palette_ref control="Text Box" xmlns="http://www.hyfinity.com/formmaker" />
						</fm:element>
						<fm:element disable="false" disable_method="read_only" generate="true" hide="false" name="GEN_NON_CMS_PRIMARY_MNAME">
							<field xmlns="http://www.hyfinity.com/formmaker">
								<input options="dynamic">text</input>
								<style class="defaultBackground textboxControl" options="static" style="" />
								<element_style class="textbox" options="static" style="" />
								<date_picker class="datePickerIcon" content="" required="false" type="normal" />
								<label class="label" options="static" position_override="top" required="true" style="" type="static" value="Middle Name">
									<container class="labelBackground labelControl" options="static" />
								</label>
								<container />
							</field>
							<constraints validate="true" xmlns="http://www.hyfinity.com/formmaker">
								<type>string</type>
								<required>false</required>
								<maxLength>50</maxLength>
								<enumeration use_for_output="false" />
							</constraints>
							<error xmlns="http://www.hyfinity.com/formmaker">
								<hint class="hintIcon" style="" use="false">Enter a hint here.</hint>
								<server class="errorIcon" retain="false" style="" use="false" />
							</error>
							<palette_ref control="Text Box" xmlns="http://www.hyfinity.com/formmaker" />
						</fm:element>
					</fm:group>
				</fm:group>
			</fm:group>
			<fm:group border_styling="false" compatability="false" fieldset="false" gen_method="layout" hide="false" label_position="left" name="non_cms_primary_2_group" submit_if_hidden="true">
				<label class="label" options="static" position="outside_group" position_override="top" required="false" style="" type="static" value="Layout Group" xmlns="http://www.hyfinity.com/formmaker">
					<container class="groupLabelBackground" options="static" style="">
						<content_alignment distribution="vertical" />
					</container>
				</label>
				<style class="" options="static" style="" xmlns="http://www.hyfinity.com/formmaker" />
				<fm:content_alignment distribution="horizontal" halign="left" valign="top" />
				<fm:sizing height="fit_to_content" width="fully_expand" />
				<palette_ref control="Layout Group" xmlns="http://www.hyfinity.com/formmaker" />
				<fm:element disable="false" disable_method="read_only" generate="true" hide="false" name="GEN_NON_CMS_PRIMARY_EMAIL">
					<field xmlns="http://www.hyfinity.com/formmaker">
						<input options="dynamic">text</input>
						<style class="defaultBackground textboxControl" options="static" style="width : 295px;" />
						<element_style class="textbox" options="static" style="width : 258px;" />
						<date_picker class="datePickerIcon" content="" required="false" type="normal" />
						<label class="label" options="static" position_override="top" required="true" style="" type="static" value="Email Address">
							<container class="labelBackground labelControl" options="static" style="width : 298px;">
								<sizing width="custom" />
							</container>
						</label>
						<container>
							<sizing width="custom" />
						</container>
					</field>
					<constraints validate="true" xmlns="http://www.hyfinity.com/formmaker">
						<type>string</type>
						<required>false</required>
						<maxLength>100</maxLength>
						<enumeration use_for_output="false" />
					</constraints>
					<error xmlns="http://www.hyfinity.com/formmaker">
						<hint class="hintIcon" style="" use="false">Enter a hint here.</hint>
						<server class="errorIcon" retain="false" style="" use="false" />
					</error>
					<palette_ref control="Text Box" xmlns="http://www.hyfinity.com/formmaker" />
				</fm:element>
				<fm:element disable="false" disable_method="read_only" generate="true" hide="false" name="GEN_NON_CMS_PRIMARY_PHONE">
					<field xmlns="http://www.hyfinity.com/formmaker">
						<input options="dynamic">text</input>
						<style class="defaultBackground textboxControl" options="static" style="width : 341px;" />
						<element_style class="textbox" options="static" style="width : 280px;" />
						<date_picker class="datePickerIcon" content="" required="false" type="normal" />
						<label class="label" options="static" position_override="top" required="true" style="width : 300px;" type="static" value="Phone Number">
							<container class="labelBackground labelControl" options="static">
								<sizing height="custom" width="custom" />
							</container>
						</label>
						<container>
							<sizing width="custom" />
						</container>
					</field>
					<constraints validate="true" xmlns="http://www.hyfinity.com/formmaker">
						<type>string</type>
						<required>false</required>
						<maxLength>50</maxLength>
						<enumeration use_for_output="false" />
					</constraints>
					<error xmlns="http://www.hyfinity.com/formmaker">
						<hint class="hintIcon" style="" use="false">Enter a hint here.</hint>
						<server class="errorIcon" retain="false" style="" use="false" />
					</error>
					<palette_ref control="Text Box" xmlns="http://www.hyfinity.com/formmaker" />
				</fm:element>
				<fm:element disable="false" disable_method="read_only" generate="true" hide="false" name="GEN_NON_CMS_PRIMARY_ORG">
					<field xmlns="http://www.hyfinity.com/formmaker">
						<input options="dynamic">text</input>
						<style class="defaultBackground textboxControl" options="static" style="width : 270px;" />
						<element_style class="textbox" options="static" style="width : 224px;" />
						<date_picker class="datePickerIcon" content="" required="false" type="normal" />
						<label class="label" options="static" position_override="top" required="true" style="" type="static" value="Organization Affiliation">
							<container class="labelBackground labelControl" options="static" style="width : 271px;">
								<sizing width="custom" />
							</container>
						</label>
						<container>
							<sizing width="custom" />
						</container>
					</field>
					<constraints validate="true" xmlns="http://www.hyfinity.com/formmaker">
						<type>string</type>
						<required>false</required>
						<maxLength>100</maxLength>
						<enumeration use_for_output="false" />
					</constraints>
					<error xmlns="http://www.hyfinity.com/formmaker">
						<hint class="hintIcon" style="" use="false">Enter a hint here.</hint>
						<server class="errorIcon" retain="false" style="" use="false" />
					</error>
					<palette_ref control="Text Box" xmlns="http://www.hyfinity.com/formmaker" />
				</fm:element>
				<fm:element disable="false" disable_method="read_only" generate="true" hide="false" name="GEN_NON_CMS_PRIMARY_ADDR">
					<field xmlns="http://www.hyfinity.com/formmaker">
						<input options="dynamic">text</input>
						<style class="defaultBackground textboxControl" options="static" style="" />
						<element_style class="textbox" options="static" style="width : 217px;" />
						<date_picker class="datePickerIcon" content="" required="false" type="normal" />
						<label class="label" options="static" position_override="top" required="true" style="" type="static" value="Mailing Address">
							<container class="labelBackground labelControl" options="static" />
						</label>
						<container />
					</field>
					<constraints validate="true" xmlns="http://www.hyfinity.com/formmaker">
						<type>string</type>
						<required>false</required>
						<maxLength>250</maxLength>
						<enumeration use_for_output="false" />
					</constraints>
					<error xmlns="http://www.hyfinity.com/formmaker">
						<hint class="hintIcon" style="" use="false">Enter a hint here.</hint>
						<server class="errorIcon" retain="false" style="" use="false" />
					</error>
					<palette_ref control="Text Box" xmlns="http://www.hyfinity.com/formmaker" />
				</fm:element>
			</fm:group>
			<fm:group border_styling="false" compatability="false" fieldset="false" gen_method="layout" hide="false" label_position="left" name="case_info_group" submit_if_hidden="true">
				<label class="label" options="static" position="outside_group" position_override="top" required="false" style="" type="static" value="Layout Group" xmlns="http://www.hyfinity.com/formmaker">
					<container class="groupLabelBackground" options="static" style="">
						<content_alignment distribution="vertical" />
					</container>
				</label>
				<style class="" options="static" style="" xmlns="http://www.hyfinity.com/formmaker" />
				<fm:content_alignment distribution="horizontal" halign="left" valign="top" />
				<fm:sizing height="fit_to_content" width="fully_expand" />
				<palette_ref control="Layout Group" xmlns="http://www.hyfinity.com/formmaker" />
				<fm:element disable="false" disable_method="disabled" generate="true" hide="false" name="GEN_CASE_TYPE">
					<field xmlns="http://www.hyfinity.com/formmaker">
						<input dropdown_default="Select One" options="dynamic">select</input>
						<style class="defaultBackground selectControl" options="static" style="width : 297px;" />
						<element_style class="select CompleteCase_dynamic_require" options="static" style="width : 247px;" />
						<date_picker class="" content="" required="false" type="normal" />
						<label class="label" options="static" position_override="top" required="true" style="" type="static" value="Case Type">
							<container class="labelBackground labelControl" options="static" style="width : 298px;">
								<sizing width="custom" />
							</container>
						</label>
						<container>
							<sizing width="custom" />
						</container>
					</field>
					<constraints validate="true" xmlns="http://www.hyfinity.com/formmaker">
						<type>string</type>
						<required>false</required>
						<enumeration use_for_output="false">
							<include value="Administrative_Leave">Administrative Leave</include>
							<include value="Alternative_Dispute Resolution">Alternative Dispute Resolution</include>
							<include value="Career_Ladder _Promotion">Career Ladder Promotion</include>
							<include value="Conduct _Issue">Conduct Issue</include>
							<include value="Formal_Investigation">Formal Investigation</include>
							<include value="Grievance">Grievance</include>
							<include value="Information_Request">Information Request</include>
							<include value="Labor_Negotiation">Labor Negotiation</include>
							<include value="Medical_Documentation">Medical Documentation</include>
							<include value="Offer_of_Medical Exam">Offer of Medical Exam</include>
							<include value="Performance_Issue">Performance Issue</include>
							<include value="Probationary_Period">Probationary Period</include>
							<include value="Reasonable_Accommodation">Reasonable Accommodation</include>
							<include value="Third_Party_Hearing">Third Party Hearing</include>
							<include value="Unfair_Labor_Practices">Unfair Labor Practices</include>
							<include value="Union_Dues_Start_Stop">Union Dues Start/Stop</include>
							<include value="Union_Notification">Union Notification</include>
						</enumeration>
					</constraints>
					<error xmlns="http://www.hyfinity.com/formmaker">
						<hint class="hintIcon" style="" use="false">Enter a hint here.</hint>
						<server class="errorIcon" retain="false" style="" use="false" />
					</error>
					<palette_ref control="Select Box" xmlns="http://www.hyfinity.com/formmaker" />
					<custom_attributes xmlns="http://www.hyfinity.com/formmaker">
						<attribute name="completeCase_dynamic_require" type="custom" value="true" />
					</custom_attributes>
				</fm:element>
				<fm:element disable="false" disable_method="disabled" generate="true" hide="false" name="GEN_CASE_CATEGORY">
					<field xmlns="http://www.hyfinity.com/formmaker">
						<input dropdown_default="Select One" options="static">select</input>
						<style class="defaultBackground selectControl" options="static" style="width : 297px;" />
						<element_style class="select CompleteCase_dynamic_require" options="static" style="width : 287px;" />
						<date_picker class="" content="" required="false" type="normal" />
						<label class="label" options="static" position_override="top" required="true" style="" type="static" value="Case Category">
							<container class="labelBackground labelControl" options="static" style="width : 297px;">
								<sizing width="custom" />
							</container>
						</label>
						<container>
							<sizing width="custom" />
						</container>
					</field>
					<constraints validate="true" xmlns="http://www.hyfinity.com/formmaker">
						<type>string</type>
						<required>false</required>
						<enumeration use_for_output="false">
							<include value="cat_1">Category 1</include>
							<include value="cat_2">Category 2</include>
							<include value="cat_3">Category 3</include>
						</enumeration>
					</constraints>
					<error xmlns="http://www.hyfinity.com/formmaker">
						<hint class="hintIcon" style="" use="false">Enter a hint here.</hint>
						<server class="errorIcon" retain="false" style="" use="false" />
					</error>
					<palette_ref control="Select Box" xmlns="http://www.hyfinity.com/formmaker" />
					<events xmlns="http://www.hyfinity.com/formmaker" />
					<custom_attributes xmlns="http://www.hyfinity.com/formmaker">
						<attribute name="completeCase_dynamic_require" type="custom" value="true" />
					</custom_attributes>
				</fm:element>
				<fm:group border_styling="false" compatability="false" fieldset="false" gen_method="layout" hide="false" label_position="left" name="selected_case_categ_group" submit_if_hidden="true">
					<label class="label" options="static" position="outside_group" position_override="top" required="false" style="" type="static" value="Layout Group" xmlns="http://www.hyfinity.com/formmaker">
						<container class="groupLabelBackground" options="static" style="">
							<content_alignment distribution="vertical" />
						</container>
					</label>
					<style class="" options="static" style="" xmlns="http://www.hyfinity.com/formmaker" />
					<fm:content_alignment distribution="vertical" halign="left" valign="top" />
					<fm:sizing height="fit_to_content" width="fully_expand" />
					<palette_ref control="Layout Group" xmlns="http://www.hyfinity.com/formmaker" />
					<fm:custom name="custom_control" type="custom">
						<fm:code>
							<div class="customControl" id="case_cat_selection" xmlns="http://www.hyfinity.com/xfactory">
								<label>Selected Items</label>
							</div>
						</fm:code>
						<fm:description>Enter a description.</fm:description>
						<palette_ref control="Custom" xmlns="http://www.hyfinity.com/formmaker" />
					</fm:custom>
					<fm:element disable="false" disable_method="disabled" generate="true" hide="false" name="cat_1">
						<field xmlns="http://www.hyfinity.com/formmaker">
							<input caption="true" options="static" unchecked_value="false">checkbox</input>
							<style class="defaultBackground checkboxControl" options="static" style="" />
							<element_style class="checkbox" options="static" style="" />
							<date_picker class="" content="" required="false" type="normal" />
							<label class="label" options="static" position_override="right" required="true" style="" type="static" value="Category 1">
								<container class="labelBackground labelControl" options="static" />
							</label>
							<container />
						</field>
						<constraints validate="true" xmlns="http://www.hyfinity.com/formmaker">
							<type>string</type>
							<required>false</required>
							<enumeration use_for_output="false" />
						</constraints>
						<error xmlns="http://www.hyfinity.com/formmaker">
							<hint class="hintIcon" style="" use="false">Enter a hint here.</hint>
							<server class="errorIcon" retain="false" style="" use="false" />
						</error>
						<palette_ref control="Checkbox" xmlns="http://www.hyfinity.com/formmaker" />
					</fm:element>
					<fm:element disable="false" disable_method="disabled" generate="true" hide="false" name="cat_2">
						<field xmlns="http://www.hyfinity.com/formmaker">
							<input caption="true" options="static" unchecked_value="false">checkbox</input>
							<style class="defaultBackground checkboxControl" options="static" style="" />
							<element_style class="checkbox" options="static" style="" />
							<date_picker class="" content="" required="false" type="normal" />
							<fm:label class="label" options="static" position_override="right" required="true" style="" type="static" value="Category 2">
								<fm:container class="labelBackground labelControl" options="static" style="" />
							</fm:label>
							<container />
						</field>
						<constraints validate="true" xmlns="http://www.hyfinity.com/formmaker">
							<type>string</type>
							<required>false</required>
							<enumeration use_for_output="false" />
						</constraints>
						<error xmlns="http://www.hyfinity.com/formmaker">
							<hint class="hintIcon" style="" use="false">Enter a hint here.</hint>
							<server class="errorIcon" retain="false" style="" use="false" />
						</error>
						<palette_ref control="Checkbox" xmlns="http://www.hyfinity.com/formmaker" />
					</fm:element>
					<fm:element disable="false" disable_method="disabled" generate="true" hide="false" name="cat_3">
						<field xmlns="http://www.hyfinity.com/formmaker">
							<input caption="true" options="static" unchecked_value="false">checkbox</input>
							<style class="defaultBackground checkboxControl" options="static" style="" />
							<element_style class="checkbox" options="static" style="" />
							<date_picker class="" content="" required="false" type="normal" />
							<fm:label class="label" options="static" position_override="right" required="true" style="" type="static" value="Category 3">
								<fm:container class="labelBackground labelControl" options="static" style="" />
							</fm:label>
							<container />
						</field>
						<constraints validate="true" xmlns="http://www.hyfinity.com/formmaker">
							<type>string</type>
							<required>false</required>
							<enumeration use_for_output="false" />
						</constraints>
						<error xmlns="http://www.hyfinity.com/formmaker">
							<hint class="hintIcon" style="" use="false">Enter a hint here.</hint>
							<server class="errorIcon" retain="false" style="" use="false" />
						</error>
						<palette_ref control="Checkbox" xmlns="http://www.hyfinity.com/formmaker" />
					</fm:element>
					<fm:element disable="false" disable_method="read_only" generate="true" hide="false" name="selected_category">
						<field xmlns="http://www.hyfinity.com/formmaker">
							<input options="dynamic">hidden</input>
							<style class="hide" options="static" style="" />
							<element_style class="hide" options="static" style="" />
							<date_picker class="" content="" required="false" type="normal" />
							<label class="hide" options="static" required="false" style="" type="static" value="Hidden Label">
								<container class="hide" options="static" style="" />
							</label>
							<container />
						</field>
						<constraints validate="false" xmlns="http://www.hyfinity.com/formmaker">
							<type>string</type>
							<required>false</required>
							<enumeration use_for_output="false" />
						</constraints>
						<error xmlns="http://www.hyfinity.com/formmaker">
							<hint class="hintIcon" style="" use="false">Enter a hint here.</hint>
							<server class="errorIcon" retain="false" style="" use="false" />
						</error>
						<palette_ref control="Hidden" xmlns="http://www.hyfinity.com/formmaker" />
					</fm:element>
				</fm:group>
			</fm:group>
			<fm:group border_styling="false" compatability="false" fieldset="false" gen_method="layout" hide="false" label_position="left" name="case_type_perf_group" submit_if_hidden="true">
				<label class="label" options="static" position="outside_group" position_override="top" required="false" style="" type="static" value="Layout Group" xmlns="http://www.hyfinity.com/formmaker">
					<container class="groupLabelBackground" options="static" style="">
						<content_alignment distribution="vertical" />
					</container>
				</label>
				<style class="" options="static" style="" xmlns="http://www.hyfinity.com/formmaker" />
				<fm:content_alignment distribution="vertical" halign="left" valign="top" />
				<fm:sizing height="fit_to_content" width="fully_expand" />
				<palette_ref control="Layout Group" xmlns="http://www.hyfinity.com/formmaker" />
				<fm:group border_styling="false" compatability="false" fieldset="false" gen_method="layout" hide="false" label_position="left" name="investigation_group" submit_if_hidden="true">
					<label class="label" options="static" position="outside_group" position_override="top" required="false" style="" type="static" value="Layout Group" xmlns="http://www.hyfinity.com/formmaker">
						<container class="groupLabelBackground" options="static" style="">
							<content_alignment distribution="vertical" />
						</container>
					</label>
					<style class="" options="static" style="" xmlns="http://www.hyfinity.com/formmaker" />
					<fm:content_alignment distribution="horizontal" halign="left" valign="top" />
					<fm:sizing height="fit_to_content" width="fully_expand" />
					<palette_ref control="Layout Group" xmlns="http://www.hyfinity.com/formmaker" />
					<fm:element disable="false" disable_method="disabled" generate="true" hide="false" name="GEN_INVESTIGATION">
						<field xmlns="http://www.hyfinity.com/formmaker">
							<input dropdown_default="Select One" options="static">select</input>
							<style class="defaultBackground selectControl" options="static" style="width : 297px;" />
							<element_style class="select" options="static" style="width : 247px;" />
							<date_picker class="" content="" required="false" type="normal" />
							<label class="label" options="static" position_override="top" required="true" style="" type="static" value="Investigation Conducted?">
								<container class="labelBackground labelControl" options="static" style="width : 298px;">
									<sizing width="custom" />
								</container>
							</label>
							<container>
								<sizing width="custom" />
							</container>
						</field>
						<constraints validate="true" xmlns="http://www.hyfinity.com/formmaker">
							<type>string</type>
							<required>false</required>
							<enumeration use_for_output="false">
								<include value="Yes">Yes</include>
								<include value="No">No</include>
							</enumeration>
						</constraints>
						<error xmlns="http://www.hyfinity.com/formmaker">
							<hint class="hintIcon" style="" use="false">Enter a hint here.</hint>
							<server class="errorIcon" retain="false" style="" use="false" />
						</error>
						<palette_ref control="Select Box" xmlns="http://www.hyfinity.com/formmaker" />
						<events xmlns="http://www.hyfinity.com/formmaker" />
					</fm:element>
					<fm:group border_styling="false" compatability="false" fieldset="false" gen_method="layout" hide="false" label_position="left" name="primary_start_end_date_group" submit_if_hidden="true">
						<label class="label" options="static" position="outside_group" position_override="top" required="false" style="" type="static" value="Layout Group" xmlns="http://www.hyfinity.com/formmaker">
							<container class="groupLabelBackground" options="static" style="">
								<content_alignment distribution="vertical" />
							</container>
						</label>
						<style class="" options="static" style="" xmlns="http://www.hyfinity.com/formmaker" />
						<fm:content_alignment distribution="horizontal" halign="left" valign="top" />
						<fm:sizing height="fit_to_content" width="fully_expand" />
						<palette_ref control="Layout Group" xmlns="http://www.hyfinity.com/formmaker" />
						<fm:element disable="false" disable_method="read_only" generate="true" hide="false" name="GEN_INVESTIGATE_START_DT">
							<field xmlns="http://www.hyfinity.com/formmaker">
								<input options="dynamic" size="10">text</input>
								<style class="defaultBackground dateControl" options="static" style="width : 338px;" />
								<element_style class="textbox" options="static" style="width : 279px;" />
								<date_picker class="datePickerIcon" content="" required="true" type="normal" />
								<label class="label" options="static" position_override="top" required="true" style="width:180px" type="static" value="Start Date">
									<container class="labelBackground labelControl" options="static" style="width : 298px;">
										<sizing width="custom" />
									</container>
								</label>
								<container>
									<sizing width="custom" />
								</container>
							</field>
							<constraints validate="true" xmlns="http://www.hyfinity.com/formmaker">
								<type>date</type>
								<required>false</required>
								<enumeration use_for_output="false" />
							</constraints>
							<data_formats xmlns="http://www.hyfinity.com/formmaker">
								<date data="MM/dd/yyyy" display="MM/dd/yyyy" />
							</data_formats>
							<error xmlns="http://www.hyfinity.com/formmaker">
								<hint class="hintIcon" style="" use="false">Enter a hint here.</hint>
								<server class="errorIcon" retain="false" style="" use="false" />
							</error>
							<palette_ref control="Date" xmlns="http://www.hyfinity.com/formmaker" />
						</fm:element>
						<fm:element disable="false" disable_method="read_only" generate="true" hide="false" name="GEN_INVESTIGATE_END_DT">
							<field xmlns="http://www.hyfinity.com/formmaker">
								<input options="dynamic" size="10">text</input>
								<style class="defaultBackground dateControl" options="static" style="" />
								<element_style class="textbox" options="static" style="width : 184px;" />
								<date_picker class="datePickerIcon" content="" required="true" type="normal" />
								<label class="label" options="static" position_override="top" required="true" style="width:290px" type="static" value="End Date">
									<container class="labelBackground labelControl" options="static" />
								</label>
								<container />
							</field>
							<constraints validate="true" xmlns="http://www.hyfinity.com/formmaker">
								<type>date</type>
								<required>false</required>
								<enumeration use_for_output="false" />
							</constraints>
							<error xmlns="http://www.hyfinity.com/formmaker">
								<hint class="hintIcon" style="" use="false">Enter a hint here.</hint>
								<server class="errorIcon" retain="false" style="" use="false" />
							</error>
							<data_formats xmlns="http://www.hyfinity.com/formmaker">
								<date data="MM/dd/yyyy" display="MM/dd/yyyy" />
							</data_formats>
							<palette_ref control="Date" xmlns="http://www.hyfinity.com/formmaker" />
						</fm:element>
					</fm:group>
				</fm:group>
				<fm:group border_styling="false" compatability="false" fieldset="false" gen_method="layout" hide="false" label_position="left" name="standard_conduct_group" submit_if_hidden="true">
					<label class="label" options="static" position="outside_group" position_override="top" required="false" style="" type="static" value="Layout Group" xmlns="http://www.hyfinity.com/formmaker">
						<container class="groupLabelBackground" options="static" style="">
							<content_alignment distribution="vertical" />
						</container>
					</label>
					<style class="" options="static" style="" xmlns="http://www.hyfinity.com/formmaker" />
					<fm:content_alignment distribution="horizontal" halign="left" valign="top" />
					<fm:sizing height="fit_to_content" width="fully_expand" />
					<palette_ref control="Layout Group" xmlns="http://www.hyfinity.com/formmaker" />
					<fm:element disable="false" disable_method="disabled" generate="true" hide="false" name="GEN_STD_CONDUCT">
						<field xmlns="http://www.hyfinity.com/formmaker">
							<input dropdown_default="Select One" options="static">select</input>
							<style class="defaultBackground selectControl" options="static" style="width : 297px;" />
							<element_style class="select" options="static" style="width : 247px;" />
							<date_picker class="" content="" required="false" type="normal" />
							<label class="label" options="static" position_override="top" required="true" style="" type="static" value="Involves a Standards of Conduct?">
								<container class="labelBackground labelControl" options="static" style="width : 298px;">
									<sizing width="custom" />
								</container>
							</label>
							<container>
								<sizing width="custom" />
							</container>
						</field>
						<constraints validate="true" xmlns="http://www.hyfinity.com/formmaker">
							<type>string</type>
							<required>false</required>
							<enumeration use_for_output="false">
								<include value="Yes">Yes</include>
								<include value="No">No</include>
							</enumeration>
						</constraints>
						<error xmlns="http://www.hyfinity.com/formmaker">
							<hint class="hintIcon" style="" use="false">Enter a hint here.</hint>
							<server class="errorIcon" retain="false" style="" use="false" />
						</error>
						<palette_ref control="Select Box" xmlns="http://www.hyfinity.com/formmaker" />
						<events xmlns="http://www.hyfinity.com/formmaker" />
					</fm:element>
					<fm:group border_styling="false" compatability="false" fieldset="false" gen_method="layout" hide="false" label_position="left" name="conduct_type_group" submit_if_hidden="true">
						<label class="label" options="static" position="outside_group" position_override="top" required="false" style="" type="static" value="Layout Group" xmlns="http://www.hyfinity.com/formmaker">
							<container class="groupLabelBackground" options="static" style="">
								<content_alignment distribution="vertical" />
							</container>
						</label>
						<style class="" options="static" style="" xmlns="http://www.hyfinity.com/formmaker" />
						<fm:content_alignment distribution="vertical" halign="left" valign="top" />
						<fm:sizing height="fit_to_content" width="fully_expand" />
						<palette_ref control="Layout Group" xmlns="http://www.hyfinity.com/formmaker" />
						<fm:element disable="false" disable_method="disabled" generate="true" hide="false" name="GEN_STD_CONDUCT_TYPE">
							<field xmlns="http://www.hyfinity.com/formmaker">
								<input dropdown_default="Select One" options="static">select</input>
								<style class="defaultBackground selectControl" options="static" style="width : 308px;" />
								<element_style class="select" options="static" style="width : 290px;" />
								<date_picker class="" content="" required="false" type="normal" />
								<label class="label" options="static" position_override="top" required="true" style="" type="static" value="Standards of Conduct Type">
									<container class="labelBackground labelControl" options="static" style="width : 308px;">
										<sizing width="custom" />
									</container>
								</label>
								<container>
									<sizing width="custom" />
								</container>
							</field>
							<constraints validate="true" xmlns="http://www.hyfinity.com/formmaker">
								<type>string</type>
								<required>true</required>
								<enumeration use_for_output="false">
									<include value="alcohol">Alcohol/Drugs</include>
									<include value="conflict_of_interest">Conflict of Interest</include>
									<include value="disclosure">Disclosure of Confidential Information</include>
									<include value="no_public_info">Disclosure of Non-Public Information</include>
									<include value="impartiality">Failure to Maintain Impartiality</include>
									<include value="pay_debt">Failure to Timely Pay Debts</include>
									<include value="Gifts">Gifts</include>
									<include value="Hatch_Act_Violation">Hatch Act Violation</include>
									<include value="lack_of_courtesy">Lack of Courtesy/Disrespect</include>
									<include value="misuse">Misuse of Gov't Position</include>
									<include value="misuse_gov_propert">Misuse of Gov't Property</include>
									<include value="misuse_gov_time">Misuse of Gov't Time</include>
									<include value="Outside_Activity">Outside Activity</include>
								</enumeration>
							</constraints>
							<error xmlns="http://www.hyfinity.com/formmaker">
								<hint class="hintIcon" style="" use="false">Enter a hint here.</hint>
								<server class="errorIcon" retain="false" style="" use="false" />
							</error>
							<palette_ref control="Select Box" xmlns="http://www.hyfinity.com/formmaker" />
						</fm:element>
					</fm:group>
				</fm:group>
			</fm:group>
		</fm:group>
	</fm:group>
</fm:structure>
