<?xml version="1.0" encoding="UTF-8"?>
<eForm xmlns="http://www.hyfinity.com/mvc" xmlns:mvc="http://www.hyfinity.com/mvc">
	<Control>
		<action>loadPCAReview</action>
		<Page />
		<Controller />
	</Control>
	<Data>
		<formData>
			<sessioninfo />
			<procid />
			<actseq />
			<workseq />
			<appseq />
			<isarchive />
			<readOnly />
			<reviewCPDate />
			<reviewOFMCheck />
			<reviewOFM />
			<reviewOFMDate />
			<reviewTABGCheck />
			<reviewTABG />
			<reviewTABGDate />
			<reviewOHCCheck />
			<reviewOHC />
			<reviewOHCDate />
		</formData>
	</Data>
</eForm>
