<?xml version="1.0" encoding="UTF-8"?>
<eForm xmlns="http://www.hyfinity.com/mvc" xmlns:mvc="http://www.hyfinity.com/mvc">
	<Control>
		<action>loadSAMJustification</action>
		<Page />
		<Controller />
	</Control>
	<Data>
		<formData>
			<sessioninfo />
			<procid />
			<actseq />
			<workseq />
			<appseq />
			<isarchive />
			<readOnly />
			<justificationSuperQualificationDesc />
			<justificationQualificationComparedDesc />
			<justificationPayEquityDesc />
			<justificationExistingCompensationPkgDesc />
			<justificationExplainIncentiveConsideration />
		</formData>
	</Data>
</eForm>
