<?xml version="1.0" encoding="UTF-8"?>
<index desc="user 1 collection index file" id="collection_index" name="user1 collection index" xmlns="http://www.hyfinity.com/xstore">
	<entry desc="" docname="CMS/mvc/erlr_common/xsd_pool" id="CMS/mvc/erlr_common/xsd_pool" timestamp="" />
	<entry desc="" docname="CMS/mvc/erlr_common/logicsheet_pool" id="CMS/mvc/erlr_common/logicsheet_pool" timestamp="" />
	<entry desc="" docname="CMS/mvc/erlr_common/message_pool" id="CMS/mvc/erlr_common/message_pool" timestamp="" />
	<entry desc="" docname="CMS/mvc/erlr_common/other_resources_pool" id="CMS/mvc/erlr_common/other_resources_pool" timestamp="" />
	<entry desc="" docname="CMS/mvc/erlr_common/application" id="CMS/mvc/erlr_common/application" timestamp="" />
	<entry desc="" docname="CMS/mvc/erlr_common/formStructure" id="CMS/mvc/erlr_common/formStructure" timestamp="" />
	<entry desc="" docname="CMS/mvc/erlr_common/hyfinityBindings" id="CMS/mvc/erlr_common/hyfinityBindings" timestamp="" />
	<entry desc="" docname="CMS/mvc/erlr_common/xsl_pool" id="CMS/mvc/erlr_common/xsl_pool" timestamp="" />
	<entry desc="" docname="CMS/mvc/erlr_common/genDefaults" id="CMS/mvc/erlr_common/genDefaults" timestamp="" />
	<entry desc="" docname="CMS/mvc/erlr_common/L1_pattern_pool" id="CMS/mvc/erlr_common/L1_pattern_pool" timestamp="" />
	<entry desc="" docname="CMS/mvc/erlr_common/L1_pattern_instance_pool" id="CMS/mvc/erlr_common/L1_pattern_instance_pool" timestamp="" />
	<entry desc="" docname="CMS/mvc/erlr_common/L2_pattern_pool" id="CMS/mvc/erlr_common/L2_pattern_pool" timestamp="" />
	<entry desc="" docname="CMS/mvc/erlr_common/L2_pattern_instance_pool" id="CMS/mvc/erlr_common/L2_pattern_instance_pool" timestamp="" />
	<entry desc="" docname="CMS/mvc/erlr_common/L3_pattern_pool" id="CMS/mvc/erlr_common/L3_pattern_pool" timestamp="" />
	<entry desc="" docname="CMS/mvc/erlr_common/L3_pattern_instance_pool" id="CMS/mvc/erlr_common/L3_pattern_instance_pool" timestamp="" />
</index>
