<?xml version="1.0" encoding="UTF-8"?>
<xforms xmlns="http://www.hyfinity.com/formmaker" xmlns:mvc="http://www.hyfinity.com/mvc" xmlns:xfact="http://www.hyfinity.com/xfactory">
	<instance_configuration />
	<page />
	<group name="group_bordered_1" />
	<element name="selecteeSalaryPerAnnum">
		<fm:transform_xpath xmlns:fm="http://www.hyfinity.com/formmaker">/mvc:eForm/mvc:Data/mvc:formData/mvc:selecteeSalaryPerAnnum</fm:transform_xpath>
		<fm:action name="loadSAMDetails" xmlns:fm="http://www.hyfinity.com/formmaker">
			<fm:xform_xpath>/mvc:eForm/mvc:Data/mvc:formData/mvc:selecteeSalaryPerAnnum</fm:xform_xpath>
		</fm:action>
		<description />
	</element>
	<element name="selecteeSalaryType">
		<fm:transform_xpath xmlns:fm="http://www.hyfinity.com/formmaker">/mvc:eForm/mvc:Data/mvc:formData/mvc:selecteeSalaryType</fm:transform_xpath>
		<fm:action name="loadSAMDetails" xmlns:fm="http://www.hyfinity.com/formmaker">
			<fm:xform_xpath>/mvc:eForm/mvc:Data/mvc:formData/mvc:selecteeSalaryType</fm:xform_xpath>
		</fm:action>
	</element>
	<group name="layout_group" />
	<element name="selecteeBenefits">
		<fm:transform_xpath xmlns:fm="http://www.hyfinity.com/formmaker">/mvc:eForm/mvc:Data/mvc:formData/mvc:selecteeBenefits</fm:transform_xpath>
		<fm:action name="loadSAMDetails" xmlns:fm="http://www.hyfinity.com/formmaker">
			<fm:xform_xpath>/mvc:eForm/mvc:Data/mvc:formData/mvc:selecteeBenefits</fm:xform_xpath>
		</fm:action>
	</element>
	<element name="selecteeBonus">
		<transform_xpath>enter_xpath_here</transform_xpath>
		<fm:action name="loadSAMDetails" xmlns:fm="http://www.hyfinity.com/formmaker">
			<fm:xform_xpath>/mvc:eForm/mvc:Data/mvc:formData/mvc:selecteeBonus</fm:xform_xpath>
		</fm:action>
	</element>
	<group name="layout_group_2" />
	<element name="selecteeTotalCompensation">
		<fm:transform_xpath xmlns:fm="http://www.hyfinity.com/formmaker">/mvc:eForm/mvc:Data/mvc:formData/mvc:selecteeTotalCompensation</fm:transform_xpath>
		<fm:action name="loadSAMDetails" xmlns:fm="http://www.hyfinity.com/formmaker">
			<fm:xform_xpath>/mvc:eForm/mvc:Data/mvc:formData/mvc:selecteeTotalCompensation</fm:xform_xpath>
		</fm:action>
	</element>
	<group name="layout_group_3" />
	<element name="componentRcmdGrade">
		<fm:transform_xpath xmlns:fm="http://www.hyfinity.com/formmaker">/mvc:eForm/mvc:Data/mvc:formData/mvc:componentRcmdGrade</fm:transform_xpath>
		<fm:action name="loadSAMDetails" xmlns:fm="http://www.hyfinity.com/formmaker">
			<fm:xform_xpath>/mvc:eForm/mvc:Data/mvc:formData/mvc:componentRcmdGrade</fm:xform_xpath>
		</fm:action>
	</element>
	<element name="componentRcmdStep">
		<fm:transform_xpath xmlns:fm="http://www.hyfinity.com/formmaker">/mvc:eForm/mvc:Data/mvc:formData/mvc:componentRcmdStep</fm:transform_xpath>
		<fm:action name="loadSAMDetails" xmlns:fm="http://www.hyfinity.com/formmaker">
			<fm:xform_xpath>/mvc:eForm/mvc:Data/mvc:formData/mvc:componentRcmdStep</fm:xform_xpath>
		</fm:action>
	</element>
	<element name="componentRcmdSalaryPerAnnum">
		<fm:transform_xpath xmlns:fm="http://www.hyfinity.com/formmaker">/mvc:eForm/mvc:Data/mvc:formData/mvc:componentRcmdSalaryPerAnnum</fm:transform_xpath>
		<fm:action name="loadSAMDetails" xmlns:fm="http://www.hyfinity.com/formmaker">
			<fm:xform_xpath>/mvc:eForm/mvc:Data/mvc:formData/mvc:componentRcmdSalaryPerAnnum</fm:xform_xpath>
		</fm:action>
	</element>
	<group name="group_bordered_2" />
	<group name="componentRcmdFields_group" />
	<group name="selecteeECPackage_group" />
	<group name="componentRcmdGrade_group" />
	<group name="componentRcmdStep_group" />
	<group name="layout_group_5" />
	<element name="supportSAM">
		<fm:transform_xpath xmlns:fm="http://www.hyfinity.com/formmaker">/mvc:eForm/mvc:Data/mvc:formData/mvc:supportSAM</fm:transform_xpath>
		<fm:action name="loadSAMDetails" xmlns:fm="http://www.hyfinity.com/formmaker">
			<fm:xform_xpath>/mvc:eForm/mvc:Data/mvc:formData/mvc:supportSAM</fm:xform_xpath>
		</fm:action>
	</element>
	<group name="supportSAM_group" />
	<element name="dateSupDocRequested">
		<fm:transform_xpath xmlns:fm="http://www.hyfinity.com/formmaker">/mvc:eForm/mvc:Data/mvc:formData/mvc:dateSupDocRequested</fm:transform_xpath>
		<fm:action name="loadSAMDetails" xmlns:fm="http://www.hyfinity.com/formmaker">
			<fm:xform_xpath>/mvc:eForm/mvc:Data/mvc:formData/mvc:dateSupDocRequested</fm:xform_xpath>
		</fm:action>
	</element>
	<element name="dateSupDocReceived">
		<fm:transform_xpath xmlns:fm="http://www.hyfinity.com/formmaker">/mvc:eForm/mvc:Data/mvc:formData/mvc:dateSupDocReceived</fm:transform_xpath>
		<fm:action name="loadSAMDetails" xmlns:fm="http://www.hyfinity.com/formmaker">
			<fm:xform_xpath>/mvc:eForm/mvc:Data/mvc:formData/mvc:dateSupDocReceived</fm:xform_xpath>
		</fm:action>
	</element>
	<group name="layout_group_4" />
	<element name="hrInitialSalaryGrade">
		<fm:transform_xpath xmlns:fm="http://www.hyfinity.com/formmaker">/mvc:eForm/mvc:Data/mvc:formData/mvc:hrInitialSalaryGrade</fm:transform_xpath>
		<fm:action name="loadSAMDetails" xmlns:fm="http://www.hyfinity.com/formmaker">
			<fm:xform_xpath>/mvc:eForm/mvc:Data/mvc:formData/mvc:hrInitialSalaryGrade</fm:xform_xpath>
		</fm:action>
	</element>
	<element name="hrInitialSalarySalaryPerAnnum">
		<fm:transform_xpath xmlns:fm="http://www.hyfinity.com/formmaker">/mvc:eForm/mvc:Data/mvc:formData/mvc:hrInitialSalarySalaryPerAnnum</fm:transform_xpath>
		<fm:action name="loadSAMDetails" xmlns:fm="http://www.hyfinity.com/formmaker">
			<fm:xform_xpath>/mvc:eForm/mvc:Data/mvc:formData/mvc:hrInitialSalarySalaryPerAnnum</fm:xform_xpath>
		</fm:action>
	</element>
	<element name="hrInitialSalaryLocalityPayScale">
		<fm:transform_xpath xmlns:fm="http://www.hyfinity.com/formmaker">/mvc:eForm/mvc:Data/mvc:formData/mvc:hrInitialSalaryLocalityPayScale</fm:transform_xpath>
		<fm:action name="loadSAMDetails" xmlns:fm="http://www.hyfinity.com/formmaker">
			<fm:xform_xpath>/mvc:eForm/mvc:Data/mvc:formData/mvc:hrInitialSalaryLocalityPayScale</fm:xform_xpath>
		</fm:action>
	</element>
	<group name="hrInitialSalary_group" />
	<group name="group_bordered" />
	<element name="componentRcmdLocalityPayScale">
		<fm:transform_xpath xmlns:fm="http://www.hyfinity.com/formmaker">/mvc:eForm/mvc:Data/mvc:formData/mvc:componentRcmdLocalityPayScale</fm:transform_xpath>
		<fm:action name="loadSAMDetails" xmlns:fm="http://www.hyfinity.com/formmaker">
			<fm:xform_xpath>/mvc:eForm/mvc:Data/mvc:formData/mvc:componentRcmdLocalityPayScale</fm:xform_xpath>
		</fm:action>
	</element>
	<element name="hrInitialSalaryStep">
		<transform_xpath>enter_xpath_here</transform_xpath>
		<action name="loadSAMDetails">
			<xform_xpath>enter_xpath_here</xform_xpath>
		</action>
	</element>
	<group name="compontProposedSalary_group" />
	<group name="cocDirector_group_bordered" />
	<group name="cocDirector_group" />
	<element name="cocDirector_ac">
		<transform_xpath>enter_xpath_here</transform_xpath>
		<action name="loadSAMDetails">
			<xform_xpath>enter_xpath_here</xform_xpath>
		</action>
	</element>
	<group name="layout_group_6" />
</xforms>
