<?xml version="1.0" encoding="UTF-8"?>
<fileResource exportedWithPermissions="true" dataFile="adhoc_datatree_icons_sprite.png.data">
    <folder>/organizations/organization_1/themes/jasper_dark/images</folder>
    <name>adhoc_datatree_icons_sprite.png</name>
    <version>0</version>
    <label>adhoc_datatree_icons_sprite.png</label>
    <creationDate>2017-02-03T16:59:49.000-05:00</creationDate>
    <updateDate>2015-09-11T15:43:20.000-04:00</updateDate>
    <fileType>img</fileType>
</fileResource>
