<?xml version="1.0" encoding="UTF-8"?>
<application scale="0.6666666865348816" transx="89.73806062164557" transy="7.710339910794304" xmlns="http://www.hyfinity.com/formmaker">
	<display_type>mvc</display_type>
	<defaults>
		<source_type>wsdl</source_type>
		<target_type />
		<skin>demo_skin.xsl</skin>
		<defaults_file>defaults.xml</defaults_file>
		<accessibility_level>Double-A</accessibility_level>
		<css_files>
			<css_file path="theme/bizflow_default/css/theme.css" />
			<css_file path="theme/bizflow_default/css/theme_ie8.css">
				<condition type="browser">IE,LE,8</condition>
			</css_file>
			<css_file path="theme/bizflow_default/css/print_completed.css">
				<condition type="media">print</condition>
			</css_file>
			<css_file path="theme/bizflow_default/css/theme_mobile.css">
				<condition type="media">only screen and (max-width: 1024px)</condition>
			</css_file>
		</css_files>
		<preview>
			<location>${user-data-location}/CMS/mvc/cms_erlr_perf_issue/webapp</location>
			<URL>${user-preview-url}/CMS/mvc/cms_erlr_perf_issue/webapp</URL>
		</preview>
		<default_nodes>
			<view_painter_node>mvc-cms_erlr_perf_issue-view-Page_Painter</view_painter_node>
		</default_nodes>
		<java_code>
			<location>C:\jprogramfiles\hyfinity\java\BizFlow</location>
			<package>com.example.jcontrollers</package>
		</java_code>
	</defaults>
	<pages>
		<page id="BizFlowEntry" type="normal" x="-138" y="-63">
			<target_type>hyfinity_sxforms</target_type>
			<start_page>true</start_page>
			<css_override>false</css_override>
			<form_ref>BizFlowEntry</form_ref>
		</page>
		<page id="performanceIssue" type="subsection" x="-68" y="-63">
			<target_type>hyfinity_sxforms</target_type>
			<start_page>false</start_page>
			<css_override>false</css_override>
			<form_ref>performanceIssue</form_ref>
		</page>
	</pages>
	<handlers>
		<handler id="performanceIssue" implementation="xml" type="subsection" x="64" y="-68">
			<node>mvc-cms_erlr_perf_issue-performanceIssue-Controller</node>
		</handler>
	</handlers>
	<forms>
		<form id="BizFlowEntry">
			<data_to_form collection="CMS/mvc/cms_erlr_perf_issue/message_pool" xstore="blueprints">to_BizFlowEntry_page.xml</data_to_form>
			<structure_generated>true</structure_generated>
		</form>
		<form id="performanceIssue">
			<data_to_form collection="CMS/mvc/cms_erlr_perf_issue/message_pool" xstore="blueprints">to_performanceIssue_page.xml</data_to_form>
			<structure_generated>true</structure_generated>
		</form>
	</forms>
	<links>
		<link id="BizFlowEntry__CaseCompleted__link_1">
			<source type="Page">BizFlowEntry</source>
			<target type="Page">performanceIssue</target>
			<action>performance_issue</action>
			<submission_method>subsection</submission_method>
			<data_from_form collection="CMS/mvc/cms_erlr_perf_issue/message_pool" xstore="blueprints">calling_performance_issue_action.xml</data_from_form>
			<instance_type>static</instance_type>
		</link>
	</links>
</application>
