<?xml version="1.0" encoding="UTF-8"?>
<xforms xmlns:mvc="http://www.hyfinity.com/mvc" xmlns="http://www.hyfinity.com/formmaker">
	<instance_configuration />
	<page />
	<group name="section_ri_group" />
	<group name="incentive_sel_grid_group" />
	<element name="RI_OA_APRV_ITEM">
		<action name="bizflowEntry">
			<xform_xpath>enter_xpath_here</xform_xpath>
		</action>
		<fm:action name="showRi" xmlns:fm="http://www.hyfinity.com/formmaker">
			<xform_xpath>/mvc:eForm/mvc:Data/FORM_DATA/DOCUMENT/RECRUITMENT_INCENTIVE/RI_OA_APRV_ITEM</xform_xpath>
		</fm:action>
		<transform_xpath>/mvc:eForm/mvc:Data/FORM_DATA/DOCUMENT/RECRUITMENT_INCENTIVE/RI_OA_APRV_ITEM</transform_xpath>
		<description />
	</element>
	<element name="RI_MOVING_EXP_AUTH">
		<action name="bizflowEntry">
			<xform_xpath>enter_xpath_here</xform_xpath>
		</action>
		<action name="showRi">
			<xform_xpath>/mvc:eForm/mvc:Data/FORM_DATA/DOCUMENT/RECRUITMENT_INCENTIVE/RI_MOVING_EXP_AUTH</xform_xpath>
		</action>
		<transform_xpath>/mvc:eForm/mvc:Data/FORM_DATA/DOCUMENT/RECRUITMENT_INCENTIVE/RI_MOVING_EXP_AUTH</transform_xpath>
		<description />
	</element>
	<element name="h_procid">
		<fm:transform_xpath xmlns:fm="http://www.hyfinity.com/formmaker">/mvc:eForm/mvc:Data/WorkitemContext/Process/ID</fm:transform_xpath>
		<fm:action name="showRi" xmlns:fm="http://www.hyfinity.com/formmaker">
			<fm:xform_xpath>/mvc:eForm/mvc:Data/mvc:formData/mvc:h_procid</fm:xform_xpath>
		</fm:action>
	</element>
	<group name="hidden_smdja_group" />
</xforms>
