<?xml version="1.0" encoding="UTF-8"?>
<index desc="user 1 collection index file" id="collection_index" name="user1 collection index" xmlns="http://www.hyfinity.com/xstore">
	<entry desc="" docname="CMS/mvc/cms_erlr_info_request/xsd_pool" id="CMS/mvc/cms_erlr_info_request/xsd_pool" timestamp="" />
	<entry desc="" docname="CMS/mvc/cms_erlr_info_request/logicsheet_pool" id="CMS/mvc/cms_erlr_info_request/logicsheet_pool" timestamp="" />
	<entry desc="" docname="CMS/mvc/cms_erlr_info_request/message_pool" id="CMS/mvc/cms_erlr_info_request/message_pool" timestamp="" />
	<entry desc="" docname="CMS/mvc/cms_erlr_info_request/other_resources_pool" id="CMS/mvc/cms_erlr_info_request/other_resources_pool" timestamp="" />
	<entry desc="" docname="CMS/mvc/cms_erlr_info_request/application" id="CMS/mvc/cms_erlr_info_request/application" timestamp="" />
	<entry desc="" docname="CMS/mvc/cms_erlr_info_request/formStructure" id="CMS/mvc/cms_erlr_info_request/formStructure" timestamp="" />
	<entry desc="" docname="CMS/mvc/cms_erlr_info_request/hyfinityBindings" id="CMS/mvc/cms_erlr_info_request/hyfinityBindings" timestamp="" />
	<entry desc="" docname="CMS/mvc/cms_erlr_info_request/xsl_pool" id="CMS/mvc/cms_erlr_info_request/xsl_pool" timestamp="" />
	<entry desc="" docname="CMS/mvc/cms_erlr_info_request/genDefaults" id="CMS/mvc/cms_erlr_info_request/genDefaults" timestamp="" />
	<entry desc="" docname="CMS/mvc/cms_erlr_info_request/L1_pattern_pool" id="CMS/mvc/cms_erlr_info_request/L1_pattern_pool" timestamp="" />
	<entry desc="" docname="CMS/mvc/cms_erlr_info_request/L1_pattern_instance_pool" id="CMS/mvc/cms_erlr_info_request/L1_pattern_instance_pool" timestamp="" />
	<entry desc="" docname="CMS/mvc/cms_erlr_info_request/L2_pattern_pool" id="CMS/mvc/cms_erlr_info_request/L2_pattern_pool" timestamp="" />
	<entry desc="" docname="CMS/mvc/cms_erlr_info_request/L2_pattern_instance_pool" id="CMS/mvc/cms_erlr_info_request/L2_pattern_instance_pool" timestamp="" />
	<entry desc="" docname="CMS/mvc/cms_erlr_info_request/L3_pattern_pool" id="CMS/mvc/cms_erlr_info_request/L3_pattern_pool" timestamp="" />
	<entry desc="" docname="CMS/mvc/cms_erlr_info_request/L3_pattern_instance_pool" id="CMS/mvc/cms_erlr_info_request/L3_pattern_instance_pool" timestamp="" />
</index>
