<?xml version="1.0" encoding="UTF-8"?>
<eForm xmlns="http://www.hyfinity.com/mvc" xmlns:mvc="http://www.hyfinity.com/mvc">
	<Control>
		<action>General</action>
		<Page />
		<Controller />
	</Control>
	<Data>
		<formData>
			<selecting_official_titleorg />
			<executive_office_titleorg />
			<hr_liaison_titleorg />
			<hr_staffing_specialis_titleorg />
			<hr_classification_specialist_titleorg />
			<classification_type_data />
			<classification_type_parent />
			<SG_SO_TITLE />
			<SG_SO_ORG />
			<SG_ORG_NAME />
			<AC_ADMIN_CD />
			<AC_ADMIN_CD_DESCR />
			<OTHER_CERT_DATA />
			<SG_CT_ID />
			<SG_AT_ID />
			<SG_SAT_ID />
			<SG_VT_ID />
			<SG_ADMIN_CD_INPUT />
			<SG_ADMIN_CD />
		</formData>
		<FORM_DATA xmlns="">
			<ID />
			<DOCUMENT>
				<MAIN>
					<resetSOSignature />
					<VERSION>1.1</VERSION>
				</MAIN>
				<GENERAL>
					<SG_AC_ID />
					<SG_ADMIN_CD />
					<SG_RT_ID />
					<SG_CT_ID />
					<SG_SO_ID />
					<SG_SO_TITLE />
					<SG_SO_ORG />
					<SG_XO_ID />
					<SG_XO_TITLE />
					<SG_XO_ORG />
					<SG_POS_ID />
					<SG_HRL_ID />
					<SG_HRL_TITLE />
					<SG_HRL_ORG />
					<SG_SS_ID />
					<SG_CS_ID />
					<SG_SO_AGREE />
					<SG_OTHER_CERT />
					<SG_AT_ID />
					<SG_VT_ID />
					<SG_SAT_ID />
				</GENERAL>
				<POSITION>
					<POS_ID />
					<POS_JOB_REQ_NUMBER />
					<POS_JOB_REQ_CREATE_DT />
					<POS_DESC_NUMBER />
					<POS_CLASSIFICATION_DT />
					<POS_TITLE />
					<POS_PAY_PLAN_ID />
					<POS_SERIES />
					<POS_GRADE />
					<POS_MED_OFFICERS_ID />
					<POS_PERFORMANCE_LEVEL />
					<POS_SUPERVISORY />
					<POS_SKILL />
					<POS_GRADES_ADVERTISED />
					<POS_LOCATION />
					<POS_VACANCIES />
					<POS_REPORT_SUPERVISOR />
					<POS_CAN />
					<POS_VICE />
					<POS_VICE_NAME />
					<POS_DAYS_ADVERTISED />
					<POS_AT_ID />
					<POS_NTE />
					<POS_WORK_SCHED_ID />
					<POS_HOURS_PER_WEEK />
					<POS_SEC_ID />
					<POS_CE_FINANCIAL_DISC />
					<POS_CE_FINANCIAL_TYPE_ID />
					<POS_CE_PE_PHYSICAL />
					<POS_CE_DRUG_TEST />
					<POS_CE_IMMUN />
					<POS_CE_TRAVEL />
					<POS_CE_TRAVEL_PER />
					<POS_CE_LIC />
					<POS_CE_LIC_INFO />
					<POS_REMARKS />
					<POS_PROC_REQ_TYPE />
					<POS_RECRUIT_OFFICE_ID />
					<POS_REQ_ID />
					<POS_REQ_CREATE_NOTIFY_DT />
					<POS_SO_ID />
					<POS_ASSOC_DESCR_NUMBERS />
					<POS_PROMOTE_POTENTIAL />
					<POS_VICE_EMPL_ID />
					<POS_SR_ID />
					<POS_GR_ID />
					<POS_PROC_ID />
					<POS_AC_ID />
					<POS_STATUS_ID />
					<POS_SC_REQUESTED />
					<SG_ID />
					<PD_ID />
				</POSITION>
				<AREA_OF_CONSIDERATION>
					<AOC_30PCT_DISABLED_VETS />
					<AOC_EXPERT_CONS />
					<AOC_IPA />
					<AOC_OPER_WARFIGHTER />
					<AOC_DISABILITIES />
					<AOC_STUDENT_VOL />
					<AOC_VETS_RECRUIT_APPT />
					<AOC_VOC_REHAB_EMPL />
					<AOC_WORKFORCE_RECRUIT />
					<AOC_NON_COMP_APPL />
					<AOC_MIL_SPOUSES />
					<AOC_DIRECT_HIRE />
					<AOC_RE_EMPLOYMENT />
					<AOC_PATHWAYS />
					<AOC_PEACE_CORPS_VOL />
					<AOC_REINSTATEMENT />
					<AOC_SHARED_CERT />
					<AOC_DELEGATE_EXAM />
					<AOC_DH_US_CITIZENS />
					<AOC_MP_GOV_WIDE />
					<AOC_MP_HHS_ONLY />
					<AOC_MP_CMS_ONLY />
					<AOC_MP_COMP_CONS_ONLY />
					<AOC_MP_I_CTAP_VEGA />
					<AOC_NON_BARGAIN_DOC_RATIONALE />
				</AREA_OF_CONSIDERATION>
				<SUBJECT_MATTER_EXPERT>
					<SME_FOR_JOB_ANALYSIS />
					<SME_NAME_JA />
					<SME_EMAIL_JA />
                    <SME_ID_JA />
					<SME_FOR_QUALIFICATION />
					<SME_NAME_QUAL_1 />
					<SME_EMAIL_QUAL_1 />
					<SME_NAME_QUAL_2 />
					<SME_EMAIL_QUAL_2 />
				</SUBJECT_MATTER_EXPERT>
				<JOB_ANALYSIS>
					<JA_REVIEWED_PD />
					<JA_MAJ_COMP />
					<JA_TASK_ITEMS />
					<JA_SEL_FACTOR_REQ />
					<JA_SEL_FACTOR_JUST />
					<JA_QUAL_RANK_REQ />
					<JA_QUAL_RANK_JUST />
					<JA_RESPONSES_REQ />
					<JA_TYPE_YES_NO />
					<JA_TYPE_REQ_DEFAULT />
					<JA_TYPE_KNOWL_SCALE />
				</JOB_ANALYSIS>
				<RECRUITMENT_INCENTIVE>
					<RI_OA_APRV_ITEM />
					<RI_MOVING_EXP_AUTH />
				</RECRUITMENT_INCENTIVE>
				<TARGET_RECRUITMENT>
					<TR_PAID_AD />
					<TR_PAID_AD_SPEC />
					<TR_SCHOOL_POSTING />
					<TR_SCHOOL_POSTING_SPEC />
					<TR_SOCIAL_MEDIA />
					<TR_SOCIAL_MEDIA_SPEC />
					<TR_OTHER />
					<TR_OTHER_SPEC />
				</TARGET_RECRUITMENT>
				<PROCESS_VARIABLE>
					<adminCode />
					<classSpecialist />
					<classificationType />
					<completedByERA />
					<execOfficer />
					<hrLiaison />
					<meetingAckResponse />
					<meetingApvResponse />
					<meetingDate />
					<meetingEmailRecipients />
					<meetingRecorders />
					<meetingResched />
					<posGrade />
					<posIs />
					<posLocation />
					<posNumber />
					<posPayPlan />
					<posSensitivity />
					<posSeries />
					<posSupervisor />
					<posTitle />
					<posWorkSchedule />
					<requestNum />
					<requestStatus />
					<requestType />
					<selectOfficial />
					<selectOfficialReviewReq />
					<staffSpecialist />
				</PROCESS_VARIABLE>
			</DOCUMENT>
		</FORM_DATA>
	</Data>
</eForm>
