<?xml version="1.0" encoding="UTF-8"?>
<index desc="hsguser/mvc/BizFlow/message_pool_pool" name="hsguser/mvc/BizFlow/message_pool_pool" xmlns="http://www.hyfinity.com/xstore">
	<entry desc="" docname="to_BizFlowEntry_page.xml" id="to_DummyStart_page" timestamp="" />
	<entry desc="" docname="calling_saveNewForm_action.xml" id="calling_saveNewForm_action" timestamp="" />
	<entry desc="" docname="to_NewForm_page.xml" id="to_NewForm_page" timestamp="" />
	<entry desc="" docname="calling_bizflowEntry_action.xml" id="calling_bizflowEntry_action" timestamp="" />
	<entry desc="" docname="calling_saveTabContent_action.xml" id="calling_saveTabContent_action" timestamp="" />
	<entry desc="" docname="to_refreshPDCoversheetForm_page.xml" id="to_refreshPDCoversheet_page" timestamp="" />
	<entry desc="" docname="calling_refreshPDCoversheet_action.xml" id="calling_refreshPDCoversheet_action" timestamp="" />
	<entry desc="" docname="to_SaveTabContentsForm_page.xml" id="to_SaveTabContentsForm_page" timestamp="" />
</index>
