<?xml version="1.0" encoding="UTF-8"?>
<eForm xmlns="http://www.hyfinity.com/mvc" xmlns:mvc="http://www.hyfinity.com/mvc">
	<Control>
		<action />
		<Page />
		<Controller />
        <currentTabID />
	</Control>
	<Data>
		<formData>
			<output_requestStatus />
			<tab_control />
			<WIH_exit_requested />
			<WIH_save_requested />
			<WIH_complete_requested />
			<readOnly2 />
			<h_now />
			<pv_requestType />
			<h_definitionName />
			<pv_finalPackageApprovedSO />
			<pv_classSpecialist />
			<pv_selectOfficial />
			<pv_staffSpecialist />
			<pv_cancelReason />
			<pv_modifyCoversheetFeedback />
			<pv_modifyFinalPackageFeedback />
			<pv_returnToSO />
			<h_CS_AC_DISP />
			<h_PD_SUB_ORG_1_DSP />
			<h_PD_SUB_ORG_4_DSP />
			<h_PD_SUB_ORG_3_DSP />
			<h_PD_SUB_ORG_2_DSP />
			<h_PD_SUB_ORG_5_DSP />
			<SG_CT_ID />
			<h_classSpecialistName />
			<h_selectOfficialName />
			<h_readOnly />
			<pv_classificationType />
			<h_modifyRequested />
			<pv_alertMessage />
			<pv_modifyFinalPackageClass />
			<h_refreshPDCoversheetRequested />
			<currentTabID />
		</formData>
		<lookup xmlns="">
			<record>
				<ID />
				<PARENTID />
				<LTYPE />
				<NAME />
				<LABEL />
				<ACTIVE />
				<DISPORDER />
			</record>
			<record>
				<ID />
				<PARENTID />
				<LTYPE />
				<NAME />
				<LABEL />
				<ACTIVE />
				<DISPORDER />
			</record>
		</lookup>
		<FORM_DATA xmlns="">
			<ID />
			<DOCUMENT>
				<MAIN>
					<SG_CT_ID />
					<CLS_SPC_NAME />
					<SEL_OFC_NAME />
					<MODIFY_REQUESTED />
				</MAIN>
				<GENERAL>
					<PD_EMPLOYING_OFFICE />
					<CS_TITLE />
					<PD_ORG_POS_TITLE />
					<CS_PAY_PLAN_ID />
					<CS_SR_ID />
					<CS_PD_NUMBER_JOBCD_1 />
					<CS_CLASSIFICATION_DT_1 />
					<CS_GR_ID_1 />
					<CS_FLSA_DETERM_ID_1 />
					<CS_PD_NUMBER_JOBCD_2 />
					<CS_CLASSIFICATION_DT_2 />
					<CS_GR_ID_2 />
					<CS_FLSA_DETERM_ID_2 />
					<CS_PD_NUMBER_JOBCD_3 />
					<CS_CLASSIFICATION_DT_3 />
					<CS_GR_ID_3 />
					<CS_FLSA_DETERM_ID_3 />
					<CS_PD_NUMBER_JOBCD_4 />
					<CS_CLASSIFICATION_DT_4 />
					<CS_GR_ID_4 />
					<CS_FLSA_DETERM_ID_4 />
					<CS_PD_NUMBER_JOBCD_5 />
					<CS_CLASSIFICATION_DT_5 />
					<CS_GR_ID_5 />
					<CS_FLSA_DETERM_ID_5 />
					<CS_PERFORMANCE_LEVEL />
					<PD_SUBJECT_IA />
					<CS_AC_ID />
					<CS_ADMIN_CD />
					<PD_ORGANIZATION />
					<PD_SUB_ORG_1 />
					<PD_SUB_ORG_2 />
					<PD_SUB_ORG_3 />
					<PD_SUB_ORG_4 />
					<PD_SUB_ORG_5 />
					<CS_AC_ID_DISP />
					<PD_SUB_ORG_1_DSP />
					<PD_SUB_ORG_2_DSP />
					<PD_SUB_ORG_3_DSP />
					<PD_SUB_ORG_4_DSP />
					<PD_SUB_ORG_5_DSP />
					<CS_SUPERVISORY />
					<PD_SCOPE />
					<POS_INFORMATION>
						<PD_PCA />
						<PD_PDP />
						<PD_FTT />
						<PD_OUTSTATION />
						<PD_INCUMBENCY />
					</POS_INFORMATION>
					<PD_REMARKS />
				</GENERAL>
				<CLASSIFICATION_CODE>
					<PD_CLS_STANDARDS />
					<CS_FIN_STMT_REQ_ID />
					<PD_ACQ_CODE />
					<PD_CYB_SEC_CD />
					<CS_SEC_ID />
					<PD_COMPET_LVL_CD />
					<PD_BUS_CD />
				</CLASSIFICATION_CODE>
				<FLSA_EX>
					<FLSA_EX_EXEC />
					<FLSA_EX_ADMIN />
					<FLSA_EX_PROF_LEARNED />
					<FLSA_EX_PROF_CREATIVE />
					<FLSA_EX_PROF_COMPUTER />
					<FLSA_EX_LAW_ENFORC />
					<FLSA_EX_FOREIGN />
					<FLSA_REMARKS />
				</FLSA_EX>
				<FLSA_NONEX>
					<FLSA_NONEX_SALARY />
					<FLSA_NONEX_EQUIP_OPER />
					<FLSA_NONEX_TECHN />
					<FLSA_NONEX_FED_WAGE_SYS />
					<FLSA_REMARKS />
				</FLSA_NONEX>
				<APPROVAL>
					<PD_SUPV_CERT />
					<PD_SUPV_NAME />
					<PD_SUPV_TITLE />
					<PD_SUPV_SIG />
					<PD_SUPV_SIG_DT />
					<PD_CLS_SPEC_CERT />
					<PD_CLS_SPEC_NAME />
					<PD_CLS_SPEC_TITLE />
					<PD_CLS_SPEC_SIG />
					<PD_CLS_SPEC_DT />
				</APPROVAL>
				<PROCESS_VARIABLE>
					<cancelReason />
					<coversheetApprovedBySO />
					<finalPackageApprovedSO />
					<modifyCoversheetFeedback />
					<modifyFinalPackageFeedback />
					<requestStatus />
					<requestStatusDate />
					<returnToSO />
				</PROCESS_VARIABLE>
			</DOCUMENT>
		</FORM_DATA>
		<WorkitemContext xmlns="">
			<SessionInfoXML />
			<Process>
				<ID />
				<Name />
				<Description />
				<State />
				<ProcessDefinitionID />
				<ProcessDefinitionName />
				<Deadline />
				<Initiator />
				<InitiatorName />
				<CreationDateTime />
				<CompleteDateTime />
				<ProcessVariables>
					<adminCode />
					<alertMessage />
					<cancelReason />
					<classSpecialist />
					<classificationType />
					<coversheetApprovedSO />
					<modifyCoversheetFeedback />
					<modifyFinalPackageFeedback />
					<modifyFinalPackageClass />
					<execOfficer />
					<hrLiaison />
					<posGrade />
					<posIs />
					<posLocation />
					<posNumber />
					<posSensitivity />
					<posSeries />
					<posTitle />
					<requestInitiator />
					<requestNum />
					<requestStatus />
					<requestType />
					<returnToSO />
					<selectOfficial />
					<staffSpecialist />
					<wihmode />
				</ProcessVariables>
				<CustomAttributes>
					<CustomAttribute>
						<Name />
						<CustomAttributeValueType />
						<Value />
						<Description />
					</CustomAttribute>
					<CustomAttribute>
						<Name />
						<CustomAttributeValueType />
						<Value />
						<Description />
					</CustomAttribute>
					<CustomAttribute>
						<Name />
						<CustomAttributeValueType />
						<Value />
						<Description />
					</CustomAttribute>
				</CustomAttributes>
			</Process>
			<Activity>
				<Sequence />
				<Name />
				<Description />
				<State />
				<CreationDateTime />
				<CompleteDateTime />
				<Responses>
					<Response>
						<Name />
						<IsDefault />
						<Rule />
					</Response>
					<Response>
						<Name />
						<IsDefault />
						<Rule />
					</Response>
					<Response>
						<Name />
						<IsDefault />
						<Rule />
					</Response>
				</Responses>
				<CustomAttributes>
					<CustomAttribute>
						<Name />
						<CustomAttributeValueType />
						<Value />
						<Description />
					</CustomAttribute>
					<CustomAttribute>
						<Name />
						<CustomAttributeValueType />
						<Value />
						<Description />
					</CustomAttribute>
					<CustomAttribute>
						<Name />
						<CustomAttributeValueType />
						<Value />
						<Description />
					</CustomAttribute>
				</CustomAttributes>
			</Activity>
			<Workitem>
				<Sequence />
				<Participant />
				<ParticipantName />
				<ParticipantType />
				<State />
				<CreationDateTime />
				<StartDateTime />
				<CompleteDateTime />
				<CheckedOutUser />
				<CheckedOutUserName />
				<Deadline />
			</Workitem>
			<User>
				<LoginID />
				<MemberID />
				<Name />
				<ShortName />
				<DepartmentName />
				<EmployeeCode />
				<Email />
				<JobTitle1 />
				<JobTitle2 />
				<JobTitle3 />
				<CustomAttribute1 />
				<CustomAttribute2 />
				<CustomAttribute3 />
				<CustomAttribute4 />
				<CustomAttribute5 />
				<UserGroups>
					<UserGroup>
						<ID />
						<Name />
						<Path />
					</UserGroup>
					<UserGroup>
						<ID />
						<Name />
						<Path />
					</UserGroup>
					<UserGroup>
						<ID />
						<Name />
						<Path />
					</UserGroup>
				</UserGroups>
			</User>
			<Application>
				<Name />
				<ApplicationState />
				<CheckOutState />
				<CheckedOutUser />
				<Updatable />
				<ViewType />
			</Application>
		</WorkitemContext>
	</Data>
</eForm>
