<?xml version="1.0" encoding="UTF-8"?>
<xforms xmlns="http://www.hyfinity.com/formmaker" xmlns:mvc="http://www.hyfinity.com/mvc">
	<instance_configuration>
		<action maintain_form_data="false" name="saveNewForm" />
		<action base="saveNewForm" maintain_form_data="false" name="saveTabContent" />
		<action base="saveNewForm" maintain_form_data="false" name="refreshPDCoversheet" />
	</instance_configuration>
	<page />
	<group name="background" />
	<group name="container" />
	<group name="logoSection" />
	<group name="logo" />
	<group name="title" />
	<group name="actionButtonPerActivity" />
	<group name="commonHeader" />
	<group name="commmonInfo" />
	<group name="bodySection" />
	<group name="tab_container_group" />
	<group name="layout_group_4" />
	<group name="layout_group_5" />
	<group name="tab1" />
	<group name="partial_tab1" />
	<group name="tab2" />
	<group name="partial_tab2" />
	<group name="tab3" />
	<group name="partial_tab3" />
	<group name="tab4" />
	<group name="partial_tab4" />
	<group name="tab5" />
	<group name="partial_tab5" />
	<group name="layout_TabPreviousNext" />
	<group name="layout_group" />
	<group name="bottomSection" />
	<group name="actionButtonsBottom" />
	<group name="actionButtonPerActivityBottom" />
	<group name="actionButtonCommonBottom" />
	<group name="layoutForResponse" />
	<group name="system" />
	<group name="tab6" />
	<group name="partial_tab6" />
	<group name="def_workflow_action_group" />
	<element name="pv_">
		<fm:transform_xpath xmlns:fm="http://www.hyfinity.com/formmaker">/mvc:eForm/mvc:Data/mvc:formData/mvc:pv_</fm:transform_xpath>
		<fm:action name="saveNewForm" xmlns:fm="http://www.hyfinity.com/formmaker">
			<xform_xpath>/mvc:eForm/mvc:Data/mvc:formData/mvc:hidden</xform_xpath>
		</fm:action>
	</element>
	<group name="init_pdc_clsf_action_group" />
	<group name="confirm_pdc_clsf_action_group" />
	<group name="dwc_action_group" />
	<group name="review_dwc_action_group" />
	<group name="aprove_pdc_action_group" />
	<group name="aprove_final_action_group" />
	<group name="async_save_pp_group" />
	<element name="logoImage">
		<description />
		<fm:transform_xpath xmlns:fm="http://www.hyfinity.com/formmaker">/mvc:eForm/mvc:Data/mvc:formData/mvc:logoImage</fm:transform_xpath>
		<fm:action name="saveNewForm" xmlns:fm="http://www.hyfinity.com/formmaker">
			<fm:xform_xpath>/mvc:eForm/mvc:Data/mvc:formData/mvc:logoImage</fm:xform_xpath>
		</fm:action>
	</element>
	<element name="formTitle">
		<fm:action name="saveNewForm" xmlns:fm="http://www.hyfinity.com/formmaker">
			<fm:xform_xpath>/mvc:eForm/mvc:Data/mvc:formData/mvc:formTitle</fm:xform_xpath>
		</fm:action>
		<fm:transform_xpath xmlns:fm="http://www.hyfinity.com/formmaker">/mvc:eForm/mvc:Data/mvc:formData/mvc:formTitle</fm:transform_xpath>
		<description />
	</element>
	<element name="requestNumber">
		<fm:action name="saveNewForm" xmlns:fm="http://www.hyfinity.com/formmaker" />
		<fm:transform_xpath xmlns:fm="http://www.hyfinity.com/formmaker">/mvc:eForm/mvc:Data/mvc:formData/mvc:requestNumber</fm:transform_xpath>
		<description />
	</element>
	<element name="initiatedDate">
		<fm:action name="saveNewForm" xmlns:fm="http://www.hyfinity.com/formmaker">
			<fm:xform_xpath>/mvc:eForm/mvc:Data/mvc:formData/mvc:initiatedDate</fm:xform_xpath>
		</fm:action>
		<fm:transform_xpath xmlns:fm="http://www.hyfinity.com/formmaker">/mvc:eForm/mvc:Data/mvc:formData/mvc:initiatedDate</fm:transform_xpath>
		<description />
	</element>
	<element name="requestType">
		<fm:action name="saveNewForm" xmlns:fm="http://www.hyfinity.com/formmaker">
			<fm:xform_xpath>/mvc:eForm/mvc:Data/mvc:formData/mvc:requestType</fm:xform_xpath>
		</fm:action>
		<fm:transform_xpath xmlns:fm="http://www.hyfinity.com/formmaker">/mvc:eForm/mvc:Data/mvc:formData/mvc:requestType</fm:transform_xpath>
		<description />
	</element>
	<element name="initiatorName">
		<fm:action name="saveNewForm" xmlns:fm="http://www.hyfinity.com/formmaker">
			<fm:xform_xpath>/mvc:eForm/mvc:Data/mvc:formData/mvc:initiatorName</fm:xform_xpath>
		</fm:action>
		<transform_xpath>/mvc:eForm/mvc:Data/WorkitemContext/Process/InitiatorName</transform_xpath>
		<description />
	</element>
	<element name="output_requestStatus">
		<fm:action name="saveNewForm" xmlns:fm="http://www.hyfinity.com/formmaker">
			<fm:xform_xpath>/mvc:eForm/mvc:Data/mvc:formData/mvc:output_requestStatus</fm:xform_xpath>
		</fm:action>
		<transform_xpath>/mvc:eForm/mvc:Data/mvc:formData/mvc:output_requestStatus</transform_xpath>
		<description />
	</element>
	<element name="tab_control">
		<action name="saveNewForm">
			<xform_xpath>enter_xpath_here</xform_xpath>
		</action>
		<transform_xpath>/mvc:eForm/mvc:Data/mvc:formData/mvc:tab_control</transform_xpath>
		<description />
	</element>
	<element name="button_Previous">
		<fm:action name="saveNewForm" xmlns:fm="http://www.hyfinity.com/formmaker">
			<fm:xform_xpath>/mvc:eForm/mvc:Data/mvc:formData/mvc:button_Previous</fm:xform_xpath>
		</fm:action>
		<fm:transform_xpath xmlns:fm="http://www.hyfinity.com/formmaker">/mvc:eForm/mvc:Data/mvc:formData/mvc:button_Previous</fm:transform_xpath>
	</element>
	<element name="button_Next">
		<fm:action name="saveNewForm" xmlns:fm="http://www.hyfinity.com/formmaker">
			<fm:xform_xpath>/mvc:eForm/mvc:Data/mvc:formData/mvc:button_Next</fm:xform_xpath>
		</fm:action>
		<fm:transform_xpath xmlns:fm="http://www.hyfinity.com/formmaker">/mvc:eForm/mvc:Data/mvc:formData/mvc:button_Next</fm:transform_xpath>
	</element>
	<element name="btnSendToSelOfc">
		<fm:transform_xpath xmlns:fm="http://www.hyfinity.com/formmaker">/mvc:eForm/mvc:Data/mvc:formData/mvc:btnSendToSelOfc</fm:transform_xpath>
		<fm:action name="saveNewForm" xmlns:fm="http://www.hyfinity.com/formmaker">
			<fm:xform_xpath>/mvc:eForm/mvc:Data/mvc:formData/mvc:btnSendToSelOfc</fm:xform_xpath>
		</fm:action>
	</element>
	<element name="btnCancelReq_1">
		<fm:transform_xpath xmlns:fm="http://www.hyfinity.com/formmaker">/mvc:eForm/mvc:Data/mvc:formData/mvc:btnCancelReq_1</fm:transform_xpath>
		<fm:action name="saveNewForm" xmlns:fm="http://www.hyfinity.com/formmaker">
			<fm:xform_xpath>/mvc:eForm/mvc:Data/mvc:formData/mvc:btnCancelReq_1</fm:xform_xpath>
		</fm:action>
	</element>
	<element name="btnSendToDwc">
		<fm:transform_xpath xmlns:fm="http://www.hyfinity.com/formmaker">/mvc:eForm/mvc:Data/mvc:formData/mvc:btnSendToDwc</fm:transform_xpath>
		<fm:action name="saveNewForm" xmlns:fm="http://www.hyfinity.com/formmaker">
			<fm:xform_xpath>/mvc:eForm/mvc:Data/mvc:formData/mvc:btnSendToDwc</fm:xform_xpath>
		</fm:action>
	</element>
	<element name="btnReturnToModify_1">
		<fm:transform_xpath xmlns:fm="http://www.hyfinity.com/formmaker">/mvc:eForm/mvc:Data/mvc:formData/mvc:btnReturnToModify_1</fm:transform_xpath>
		<fm:action name="saveNewForm" xmlns:fm="http://www.hyfinity.com/formmaker">
			<fm:xform_xpath>/mvc:eForm/mvc:Data/mvc:formData/mvc:btnReturnToModify_1</fm:xform_xpath>
		</fm:action>
	</element>
	<element name="btnConfirmBus">
		<fm:transform_xpath xmlns:fm="http://www.hyfinity.com/formmaker">/mvc:eForm/mvc:Data/mvc:formData/mvc:btnConfirmBus</fm:transform_xpath>
		<fm:action name="saveNewForm" xmlns:fm="http://www.hyfinity.com/formmaker">
			<fm:xform_xpath>/mvc:eForm/mvc:Data/mvc:formData/mvc:btnConfirmBus</fm:xform_xpath>
		</fm:action>
	</element>
	<element name="btnSendToSelOfcAprove">
		<fm:transform_xpath xmlns:fm="http://www.hyfinity.com/formmaker">/mvc:eForm/mvc:Data/mvc:formData/mvc:btnSendToSelOfcAprove</fm:transform_xpath>
		<fm:action name="saveNewForm" xmlns:fm="http://www.hyfinity.com/formmaker">
			<fm:xform_xpath>/mvc:eForm/mvc:Data/mvc:formData/mvc:btnSendToSelOfcAprove</fm:xform_xpath>
		</fm:action>
	</element>
	<element name="btnCancelReq_2">
		<fm:transform_xpath xmlns:fm="http://www.hyfinity.com/formmaker">/mvc:eForm/mvc:Data/mvc:formData/mvc:btnCancelReq_2</fm:transform_xpath>
		<fm:action name="saveNewForm" xmlns:fm="http://www.hyfinity.com/formmaker">
			<fm:xform_xpath>/mvc:eForm/mvc:Data/mvc:formData/mvc:btnCancelReq_2</fm:xform_xpath>
		</fm:action>
	</element>
	<element name="btnApproveSelOfc">
		<fm:transform_xpath xmlns:fm="http://www.hyfinity.com/formmaker">/mvc:eForm/mvc:Data/mvc:formData/mvc:btnApproveSelOfc</fm:transform_xpath>
		<fm:action name="saveNewForm" xmlns:fm="http://www.hyfinity.com/formmaker">
			<fm:xform_xpath>/mvc:eForm/mvc:Data/mvc:formData/mvc:btnApproveSelOfc</fm:xform_xpath>
		</fm:action>
	</element>
	<element name="btnReturnToModify_2">
		<fm:transform_xpath xmlns:fm="http://www.hyfinity.com/formmaker">/mvc:eForm/mvc:Data/mvc:formData/mvc:btnReturnToModify_2</fm:transform_xpath>
		<fm:action name="saveNewForm" xmlns:fm="http://www.hyfinity.com/formmaker">
			<fm:xform_xpath>/mvc:eForm/mvc:Data/mvc:formData/mvc:btnReturnToModify_2</fm:xform_xpath>
		</fm:action>
	</element>
	<element name="btnModifyWorksheet">
		<fm:transform_xpath xmlns:fm="http://www.hyfinity.com/formmaker">/mvc:eForm/mvc:Data/mvc:formData/mvc:btnModifyWorksheet</fm:transform_xpath>
		<fm:action name="saveNewForm" xmlns:fm="http://www.hyfinity.com/formmaker">
			<fm:xform_xpath>/mvc:eForm/mvc:Data/mvc:formData/mvc:btnModifyWorksheet</fm:xform_xpath>
		</fm:action>
	</element>
	<element name="btnApproveClsSpc">
		<fm:transform_xpath xmlns:fm="http://www.hyfinity.com/formmaker">/mvc:eForm/mvc:Data/mvc:formData/mvc:btnApproveClsSpc</fm:transform_xpath>
		<fm:action name="saveNewForm" xmlns:fm="http://www.hyfinity.com/formmaker">
			<fm:xform_xpath>/mvc:eForm/mvc:Data/mvc:formData/mvc:btnApproveClsSpc</fm:xform_xpath>
		</fm:action>
	</element>
	<element name="btnSendToSelOfcReapprove">
		<fm:transform_xpath xmlns:fm="http://www.hyfinity.com/formmaker">/mvc:eForm/mvc:Data/mvc:formData/mvc:btnSendToSelOfcReapprove</fm:transform_xpath>
		<fm:action name="saveNewForm" xmlns:fm="http://www.hyfinity.com/formmaker">
			<fm:xform_xpath>/mvc:eForm/mvc:Data/mvc:formData/mvc:btnSendToSelOfcReapprove</fm:xform_xpath>
		</fm:action>
	</element>
	<element name="btnCancelReq_3">
		<fm:transform_xpath xmlns:fm="http://www.hyfinity.com/formmaker">/mvc:eForm/mvc:Data/mvc:formData/mvc:btnCancelReq_3</fm:transform_xpath>
		<fm:action name="saveNewForm" xmlns:fm="http://www.hyfinity.com/formmaker">
			<fm:xform_xpath>/mvc:eForm/mvc:Data/mvc:formData/mvc:btnCancelReq_3</fm:xform_xpath>
		</fm:action>
	</element>
	<element name="button_send">
		<fm:transform_xpath xmlns:fm="http://www.hyfinity.com/formmaker">/mvc:eForm/mvc:Data/mvc:formData/mvc:button_send</fm:transform_xpath>
		<fm:action name="saveNewForm" xmlns:fm="http://www.hyfinity.com/formmaker">
			<fm:xform_xpath>/mvc:eForm/mvc:Data/mvc:formData/mvc:button_send</fm:xform_xpath>
		</fm:action>
	</element>
	<element name="button_modify">
		<fm:transform_xpath xmlns:fm="http://www.hyfinity.com/formmaker">/mvc:eForm/mvc:Data/mvc:formData/mvc:button_modify</fm:transform_xpath>
		<fm:action name="saveNewForm" xmlns:fm="http://www.hyfinity.com/formmaker">
			<fm:xform_xpath>/mvc:eForm/mvc:Data/mvc:formData/mvc:button_modify</fm:xform_xpath>
		</fm:action>
		<description />
	</element>
	<element name="button_cancel">
		<fm:transform_xpath xmlns:fm="http://www.hyfinity.com/formmaker">/mvc:eForm/mvc:Data/mvc:formData/mvc:button_cancel</fm:transform_xpath>
		<fm:action name="saveNewForm" xmlns:fm="http://www.hyfinity.com/formmaker">
			<fm:xform_xpath>/mvc:eForm/mvc:Data/mvc:formData/mvc:button_cancel</fm:xform_xpath>
		</fm:action>
		<description />
	</element>
	<element name="btnSaveBottom">
		<description />
		<fm:transform_xpath xmlns:fm="http://www.hyfinity.com/formmaker">/mvc:eForm/mvc:Data/mvc:formData/mvc:btnSaveBottom</fm:transform_xpath>
		<fm:action name="saveNewForm" xmlns:fm="http://www.hyfinity.com/formmaker">
			<fm:xform_xpath>/mvc:eForm/mvc:Data/mvc:formData/mvc:btnSaveBottom</fm:xform_xpath>
		</fm:action>
	</element>
	<element name="btnExitBottom">
		<fm:transform_xpath xmlns:fm="http://www.hyfinity.com/formmaker">/mvc:eForm/mvc:Data/mvc:formData/mvc:btnExitBottom</fm:transform_xpath>
		<fm:action name="saveNewForm" xmlns:fm="http://www.hyfinity.com/formmaker">
			<fm:xform_xpath>/mvc:eForm/mvc:Data/mvc:formData/mvc:btnExitBottom</fm:xform_xpath>
		</fm:action>
		<description />
	</element>
	<element name="WIH_exit_requested">
		<fm:action name="saveNewForm" xmlns:fm="http://www.hyfinity.com/formmaker">
			<xform_xpath>/mvc:eForm/mvc:Data/mvc:formData/mvc:WIH_exit_requested</xform_xpath>
		</fm:action>
		<transform_xpath>/mvc:eForm/mvc:Data/mvc:formData/mvc:WIH_exit_requested</transform_xpath>
		<description />
	</element>
	<element name="WIH_save_requested">
		<fm:action name="saveNewForm" xmlns:fm="http://www.hyfinity.com/formmaker">
			<xform_xpath>/mvc:eForm/mvc:Data/mvc:formData/mvc:WIH_save_requested</xform_xpath>
		</fm:action>
		<transform_xpath>/mvc:eForm/mvc:Data/mvc:formData/mvc:WIH_save_requested</transform_xpath>
		<description />
	</element>
	<element name="WIH_complete_requested">
		<fm:action name="saveNewForm" xmlns:fm="http://www.hyfinity.com/formmaker">
			<xform_xpath>/mvc:eForm/mvc:Data/mvc:formData/mvc:WIH_complete_requested</xform_xpath>
		</fm:action>
		<transform_xpath>/mvc:eForm/mvc:Data/mvc:formData/mvc:WIH_complete_requested</transform_xpath>
		<description />
	</element>
	<element name="h_activityName">
		<fm:action name="saveNewForm" xmlns:fm="http://www.hyfinity.com/formmaker">
			<xform_xpath>/mvc:eForm/mvc:Data/mvc:formData/mvc:h_activityName</xform_xpath>
		</fm:action>
		<transform_xpath>/mvc:eForm/mvc:Data/WorkitemContext/Activity/Name</transform_xpath>
		<description />
	</element>
	<element name="h_witemParticipantID">
		<fm:action name="saveNewForm" xmlns:fm="http://www.hyfinity.com/formmaker">
			<xform_xpath>/mvc:eForm/mvc:Data/mvc:formData/mvc:h_witemParticipantID</xform_xpath>
		</fm:action>
		<transform_xpath>/mvc:eForm/mvc:Data/WorkitemContext/Workitem/Participant</transform_xpath>
		<description />
	</element>
	<element name="h_witemParticipantName">
		<fm:action name="saveNewForm" xmlns:fm="http://www.hyfinity.com/formmaker">
			<xform_xpath>/mvc:eForm/mvc:Data/mvc:formData/mvc:h_witemParticipantName</xform_xpath>
		</fm:action>
		<transform_xpath>/mvc:eForm/mvc:Data/WorkitemContext/Workitem/ParticipantName</transform_xpath>
		<description />
	</element>
	<element name="h_userGroups">
		<fm:action name="saveNewForm" xmlns:fm="http://www.hyfinity.com/formmaker">
			<xform_xpath>/mvc:eForm/mvc:Data/mvc:formData/mvc:h_userGroups</xform_xpath>
		</fm:action>
		<transform_xpath>/mvc:eForm/mvc:Data/userGroups</transform_xpath>
		<description />
	</element>
	<element name="h_currentUserMemberID">
		<fm:action name="saveNewForm" xmlns:fm="http://www.hyfinity.com/formmaker">
			<xform_xpath>/mvc:eForm/mvc:Data/FORM_DATA/DOCUMENT/PROCESS_VARIABLE/classSpecialist</xform_xpath>
		</fm:action>
		<transform_xpath>/mvc:eForm/mvc:Data/WorkitemContext/User/MemberID</transform_xpath>
		<description />
	</element>
	<element name="h_currentUserName">
		<fm:action name="saveNewForm" xmlns:fm="http://www.hyfinity.com/formmaker">
			<xform_xpath>/mvc:eForm/mvc:Data/mvc:formData/mvc:h_currentUserName</xform_xpath>
		</fm:action>
		<transform_xpath>/mvc:eForm/mvc:Data/WorkitemContext/User/Name</transform_xpath>
		<description />
	</element>
	<element name="h_creationdate">
		<fm:action name="saveNewForm" xmlns:fm="http://www.hyfinity.com/formmaker">
			<xform_xpath>/mvc:eForm/mvc:Data/mvc:formData/mvc:h_creationdate</xform_xpath>
		</fm:action>
		<transform_xpath>/mvc:eForm/mvc:Data/WorkitemContext/Process/CreationDateTime</transform_xpath>
		<description />
	</element>
	<element name="h_definitionName">
		<fm:action name="saveNewForm" xmlns:fm="http://www.hyfinity.com/formmaker">
			<fm:xform_xpath>/mvc:eForm/mvc:Data/mvc:formData/mvc:h_definitionName</fm:xform_xpath>
		</fm:action>
		<transform_xpath>/mvc:eForm/mvc:Data/WorkitemContext/Process/ProcessDefinitionName</transform_xpath>
		<description />
	</element>
	<element name="h_lookupXMLString">
		<fm:action name="saveNewForm" xmlns:fm="http://www.hyfinity.com/formmaker">
			<fm:xform_xpath>/mvc:eForm/mvc:Data/mvc:formData/mvc:h_lookupXMLString</fm:xform_xpath>
		</fm:action>
		<transform_xpath>/mvc:eForm/mvc:Data/lookupString</transform_xpath>
		<description />
	</element>
	<element name="h_requestNumber">
		<fm:action name="saveNewForm" xmlns:fm="http://www.hyfinity.com/formmaker">
			<xform_xpath>/mvc:eForm/mvc:Data/FORM_DATA/DOCUMENT/PROCESS_VARIABLE/requestNum</xform_xpath>
		</fm:action>
		<transform_xpath>/mvc:eForm/mvc:Data/WorkitemContext/Process/ProcessVariables/requestNum</transform_xpath>
		<description />
	</element>
	<element name="cmscommon_sessioninfo">
		<fm:action name="saveNewForm" xmlns:fm="http://www.hyfinity.com/formmaker">
			<xform_xpath>/mvc:eForm/mvc:Data/mvc:formData/mvc:cmscommon_sessioninfo</xform_xpath>
		</fm:action>
		<transform_xpath>/mvc:eForm/mvc:Control/mvc:sessioninfo
</transform_xpath>
		<description />
	</element>
	<element name="cmscommon_procid">
		<description />
		<transform_xpath>/mvc:eForm/mvc:Control/mvc:procid</transform_xpath>
		<fm:action name="saveNewForm" xmlns:fm="http://www.hyfinity.com/formmaker">
			<fm:xform_xpath>/mvc:eForm/mvc:Data/mvc:formData/mvc:cmscommon_procid</fm:xform_xpath>
		</fm:action>
	</element>
	<element name="readOnly">
		<fm:action name="saveNewForm" xmlns:fm="http://www.hyfinity.com/formmaker">
			<xform_xpath>/mvc:eForm/mvc:Data/mvc:formData/mvc:readOnly</xform_xpath>
		</fm:action>
		<transform_xpath>/mvc:eForm/mvc:Control/mvc:readOnly</transform_xpath>
		<description />
	</element>
	<element name="readOnly2">
		<fm:action name="saveNewForm" xmlns:fm="http://www.hyfinity.com/formmaker">
			<xform_xpath>/mvc:eForm/mvc:Data/mvc:formData/mvc:readOnly2</xform_xpath>
		</fm:action>
		<fm:transform_xpath xmlns:fm="http://www.hyfinity.com/formmaker">/mvc:eForm/mvc:Data/mvc:formData/mvc:readOnly2</fm:transform_xpath>
	</element>
	<element name="pv_requestStatus">
		<fm:action name="saveNewForm" xmlns:fm="http://www.hyfinity.com/formmaker">
			<xform_xpath>/mvc:eForm/mvc:Data/FORM_DATA/DOCUMENT/PROCESS_VARIABLE/requestStatus</xform_xpath>
		</fm:action>
		<transform_xpath>/mvc:eForm/mvc:Data/WorkitemContext/Process/ProcessVariables/requestStatus</transform_xpath>
		<description />
	</element>
	<element name="pv_requestType">
		<fm:action name="saveNewForm" xmlns:fm="http://www.hyfinity.com/formmaker">
			<xform_xpath>/mvc:eForm/mvc:Data/mvc:formData/mvc:pv_requestType</xform_xpath>
		</fm:action>
		<transform_xpath>/mvc:eForm/mvc:Data/WorkitemContext/Process/ProcessVariables/requestType</transform_xpath>
		<description />
	</element>
	<element name="pv_requestStatusDate">
		<fm:action name="saveNewForm" xmlns:fm="http://www.hyfinity.com/formmaker">
			<xform_xpath>/mvc:eForm/mvc:Data/FORM_DATA/DOCUMENT/PROCESS_VARIABLE/requestStatusDate</xform_xpath>
		</fm:action>
		<transform_xpath>/mvc:eForm/mvc:Data/WorkitemContext/Process/ProcessVariables/requestStatusDate</transform_xpath>
		<description />
	</element>
	<element name="pv_cancelReason">
		<fm:action name="saveNewForm" xmlns:fm="http://www.hyfinity.com/formmaker">
			<xform_xpath>/mvc:eForm/mvc:Data/FORM_DATA/DOCUMENT/PROCESS_VARIABLE/cancelReason</xform_xpath>
		</fm:action>
		<transform_xpath>/mvc:eForm/mvc:Data/WorkitemContext/Process/ProcessVariables/cancelReason</transform_xpath>
		<description />
	</element>
	<element name="pv_classSpecialist">
		<fm:action name="saveNewForm" xmlns:fm="http://www.hyfinity.com/formmaker">
			<xform_xpath>/mvc:eForm/mvc:Data/mvc:formData/mvc:pv_classSpecialist</xform_xpath>
		</fm:action>
		<transform_xpath>/mvc:eForm/mvc:Data/WorkitemContext/Process/ProcessVariables/classSpecialist</transform_xpath>
		<description />
	</element>
	<element name="h_classSpecialistName">
		<fm:action name="saveNewForm" xmlns:fm="http://www.hyfinity.com/formmaker">
			<xform_xpath>/mvc:eForm/mvc:Data/FORM_DATA/DOCUMENT/MAIN/CLS_SPC_NAME</xform_xpath>
		</fm:action>
		<transform_xpath>/mvc:eForm/mvc:Data/FORM_DATA/DOCUMENT/MAIN/CLS_SPC_NAME</transform_xpath>
		<description />
	</element>
	<element name="pv_selectOfficial">
		<fm:action name="saveNewForm" xmlns:fm="http://www.hyfinity.com/formmaker">
			<xform_xpath>/mvc:eForm/mvc:Data/FORM_DATA/DOCUMENT/PROCESS_VARIABLE/selectOfficial</xform_xpath>
		</fm:action>
		<transform_xpath>/mvc:eForm/mvc:Data/WorkitemContext/Process/ProcessVariables/selectOfficial</transform_xpath>
		<description />
	</element>
	<element name="h_selectOfficialName">
		<fm:action name="saveNewForm" xmlns:fm="http://www.hyfinity.com/formmaker">
			<xform_xpath>/mvc:eForm/mvc:Data/FORM_DATA/DOCUMENT/MAIN/SEL_OFC_NAME</xform_xpath>
		</fm:action>
		<transform_xpath>/mvc:eForm/mvc:Data/FORM_DATA/DOCUMENT/MAIN/SEL_OFC_NAME</transform_xpath>
		<description />
	</element>
	<element name="pv_staffSpecialist">
		<fm:action name="saveNewForm" xmlns:fm="http://www.hyfinity.com/formmaker">
			<xform_xpath>/mvc:eForm/mvc:Data/FORM_DATA/DOCUMENT/PROCESS_VARIABLE/staffSpecialist</xform_xpath>
		</fm:action>
		<transform_xpath>/mvc:eForm/mvc:Data/WorkitemContext/Process/ProcessVariables/staffSpecialist</transform_xpath>
		<description />
	</element>
	<element name="pv_coversheetApprovedBySO">
		<fm:action name="saveNewForm" xmlns:fm="http://www.hyfinity.com/formmaker">
			<xform_xpath>/mvc:eForm/mvc:Data/FORM_DATA/DOCUMENT/PROCESS_VARIABLE/coversheetApprovedBySO</xform_xpath>
		</fm:action>
		<transform_xpath>/mvc:eForm/mvc:Data/FORM_DATA/DOCUMENT/PROCESS_VARIABLE/coversheetApprovedBySO</transform_xpath>
		<description />
	</element>
	<element name="pv_modifyCoversheetFeedback">
		<fm:action name="saveNewForm" xmlns:fm="http://www.hyfinity.com/formmaker">
			<xform_xpath>/mvc:eForm/mvc:Data/FORM_DATA/DOCUMENT/PROCESS_VARIABLE/modifyCoversheetFeedback</xform_xpath>
		</fm:action>
		<transform_xpath>/mvc:eForm/mvc:Data/WorkitemContext/Process/ProcessVariables/modifyCoversheetFeedback</transform_xpath>
		<description />
	</element>
	<element name="pv_finalPackageApprovedSO">
		<fm:action name="saveNewForm" xmlns:fm="http://www.hyfinity.com/formmaker">
			<xform_xpath>/mvc:eForm/mvc:Data/FORM_DATA/DOCUMENT/PROCESS_VARIABLE/finalPackageApprovedSO</xform_xpath>
		</fm:action>
		<transform_xpath>/mvc:eForm/mvc:Data/FORM_DATA/DOCUMENT/PROCESS_VARIABLE/finalPackageApprovedSO</transform_xpath>
		<description />
	</element>
	<element name="pv_modifyFinalPackageFeedback">
		<fm:action name="saveNewForm" xmlns:fm="http://www.hyfinity.com/formmaker">
			<xform_xpath>/mvc:eForm/mvc:Data/FORM_DATA/DOCUMENT/PROCESS_VARIABLE/modifyFinalPackageFeedback</xform_xpath>
		</fm:action>
		<transform_xpath>/mvc:eForm/mvc:Data/WorkitemContext/Process/ProcessVariables/modifyFinalPackageFeedback</transform_xpath>
		<description />
	</element>
	<element name="pv_modifyFinalPackageClass">
		<fm:action name="saveNewForm" xmlns:fm="http://www.hyfinity.com/formmaker">
			<xform_xpath>/mvc:eForm/mvc:Data/WorkitemContext/Process/ProcessVariables/modifyFinalPackageClass</xform_xpath>
		</fm:action>
		<transform_xpath>/mvc:eForm/mvc:Data/WorkitemContext/Process/ProcessVariables/modifyFinalPackageClass</transform_xpath>
		<description />
	</element>
	<element name="pv_returnToSO">
		<fm:action name="saveNewForm" xmlns:fm="http://www.hyfinity.com/formmaker">
			<xform_xpath>/mvc:eForm/mvc:Data/FORM_DATA/DOCUMENT/PROCESS_VARIABLE/returnToSO</xform_xpath>
		</fm:action>
		<transform_xpath>/mvc:eForm/mvc:Data/mvc:formData/mvc:pv_returnToSO</transform_xpath>
		<description />
	</element>
	<element name="pv_classificationType">
		<fm:action name="saveNewForm" xmlns:fm="http://www.hyfinity.com/formmaker">
			<xform_xpath>/mvc:eForm/mvc:Data/mvc:formData/mvc:pv_classificationType</xform_xpath>
		</fm:action>
		<transform_xpath>/mvc:eForm/mvc:Data/WorkitemContext/Process/ProcessVariables/classificationType</transform_xpath>
		<description />
	</element>
	<element name="pv_alertMessage">
		<fm:action name="saveNewForm" xmlns:fm="http://www.hyfinity.com/formmaker">
			<xform_xpath>/mvc:eForm/mvc:Data/WorkitemContext/Process/ProcessVariables/alertMessage</xform_xpath>
		</fm:action>
		<transform_xpath>/mvc:eForm/mvc:Data/WorkitemContext/Process/ProcessVariables/alertMessage</transform_xpath>
		<description />
	</element>
	<element name="h_now">
		<fm:action name="saveNewForm" xmlns:fm="http://www.hyfinity.com/formmaker">
			<fm:xform_xpath>/mvc:eForm/mvc:Data/mvc:formData/mvc:h_now</fm:xform_xpath>
		</fm:action>
		<fm:transform_xpath xmlns:fm="http://www.hyfinity.com/formmaker">/mvc:eForm/mvc:Data/mvc:formData/mvc:h_now</fm:transform_xpath>
	</element>
	<element name="h_CS_AC_DISP">
		<fm:action name="saveNewForm" xmlns:fm="http://www.hyfinity.com/formmaker">
			<xform_xpath>/mvc:eForm/mvc:Data/FORM_DATA/DOCUMENT/GENERAL/CS_AC_ID_DISP</xform_xpath>
		</fm:action>
		<transform_xpath>/mvc:eForm/mvc:Data/FORM_DATA/DOCUMENT/GENERAL/CS_AC_ID_DISP</transform_xpath>
		<description />
	</element>
	<element name="h_PD_SUB_ORG_1_DSP">
		<fm:action name="saveNewForm" xmlns:fm="http://www.hyfinity.com/formmaker">
			<xform_xpath>/mvc:eForm/mvc:Data/FORM_DATA/DOCUMENT/GENERAL/PD_SUB_ORG_1_DSP</xform_xpath>
		</fm:action>
		<transform_xpath>/mvc:eForm/mvc:Data/FORM_DATA/DOCUMENT/GENERAL/PD_SUB_ORG_1_DSP</transform_xpath>
		<description />
	</element>
	<element name="h_PD_SUB_ORG_2_DSP">
		<fm:action name="saveNewForm" xmlns:fm="http://www.hyfinity.com/formmaker">
			<xform_xpath>/mvc:eForm/mvc:Data/FORM_DATA/DOCUMENT/GENERAL/PD_SUB_ORG_2_DSP</xform_xpath>
		</fm:action>
		<transform_xpath>/mvc:eForm/mvc:Data/FORM_DATA/DOCUMENT/GENERAL/PD_SUB_ORG_2_DSP</transform_xpath>
		<description />
	</element>
	<element name="h_PD_SUB_ORG_3_DSP">
		<fm:action name="saveNewForm" xmlns:fm="http://www.hyfinity.com/formmaker">
			<xform_xpath>/mvc:eForm/mvc:Data/FORM_DATA/DOCUMENT/GENERAL/PD_SUB_ORG_3_DSP</xform_xpath>
		</fm:action>
		<transform_xpath>/mvc:eForm/mvc:Data/FORM_DATA/DOCUMENT/GENERAL/PD_SUB_ORG_3_DSP</transform_xpath>
		<description />
	</element>
	<element name="h_PD_SUB_ORG_4_DSP">
		<fm:action name="saveNewForm" xmlns:fm="http://www.hyfinity.com/formmaker">
			<xform_xpath>/mvc:eForm/mvc:Data/FORM_DATA/DOCUMENT/GENERAL/PD_SUB_ORG_4_DSP</xform_xpath>
		</fm:action>
		<transform_xpath>/mvc:eForm/mvc:Data/FORM_DATA/DOCUMENT/GENERAL/PD_SUB_ORG_4_DSP</transform_xpath>
		<description />
	</element>
	<element name="h_PD_SUB_ORG_5_DSP">
		<fm:action name="saveNewForm" xmlns:fm="http://www.hyfinity.com/formmaker">
			<xform_xpath>/mvc:eForm/mvc:Data/FORM_DATA/DOCUMENT/GENERAL/PD_SUB_ORG_5_DSP</xform_xpath>
		</fm:action>
		<transform_xpath>/mvc:eForm/mvc:Data/FORM_DATA/DOCUMENT/GENERAL/PD_SUB_ORG_5_DSP</transform_xpath>
		<description />
	</element>
	<element name="h_modifyRequested">
		<fm:action name="saveNewForm" xmlns:fm="http://www.hyfinity.com/formmaker">
			<xform_xpath>/mvc:eForm/mvc:Data/FORM_DATA/DOCUMENT/MAIN/MODIFY_REQUESTED</xform_xpath>
		</fm:action>
		<transform_xpath>/mvc:eForm/mvc:Data/FORM_DATA/DOCUMENT/MAIN/MODIFY_REQUESTED</transform_xpath>
		<description />
	</element>
	<element name="h_readOnly">
		<fm:action name="saveNewForm" xmlns:fm="http://www.hyfinity.com/formmaker">
			<fm:xform_xpath>/mvc:eForm/mvc:Data/mvc:formData/mvc:h_readOnly</fm:xform_xpath>
		</fm:action>
		<transform_xpath>/mvc:eForm/mvc:Control/mvc:readOnly</transform_xpath>
		<description />
	</element>
	<element name="h_refreshPDCoversheetRequested">
		<fm:action name="saveNewForm" xmlns:fm="http://www.hyfinity.com/formmaker">
			<xform_xpath>/mvc:eForm/mvc:Data/mvc:formData/mvc:h_refreshPDCoversheetRequested</xform_xpath>
		</fm:action>
		<transform_xpath>/mvc:eForm/mvc:Data/mvc:formData/mvc:h_refreshPDCoversheetRequested</transform_xpath>
		<description />
	</element>
	<element name="SG_CT_ID">
		<action name="saveNewForm">
			<xform_xpath>/mvc:eForm/mvc:Data/FORM_DATA/DOCUMENT/MAIN/SG_CT_ID</xform_xpath>
		</action>
		<transform_xpath>/mvc:eForm/mvc:Data/FORM_DATA/DOCUMENT/MAIN/SG_CT_ID</transform_xpath>
		<repeat_xpath>/mvc:eForm/mvc:Data/lookup/record[LTYPE='ClassificationType']</repeat_xpath>
		<value_xpath>ID</value_xpath>
		<text_xpath>LABEL</text_xpath>
		<description>/mvc:eForm/mvc:Data/lookup[LTYPE='ClassificationType']</description>
	</element>
	<element name="currentTabID">
		<fm:action name="saveNewForm" xmlns:fm="http://www.hyfinity.com/formmaker">
			<xform_xpath>/mvc:eForm/mvc:Control/mvc:currentTabID</xform_xpath>
		</fm:action>
		<fm:action name="saveTabContent" xmlns:fm="http://www.hyfinity.com/formmaker" />
		<fm:action name="refreshPDCoversheet" xmlns:fm="http://www.hyfinity.com/formmaker" />
		<transform_xpath>/mvc:eForm/mvc:Control/mvc:currentTabID
</transform_xpath>
		<description />
	</element>
	<element name="h_version">
		<fm:action name="saveNewForm" xmlns:fm="http://www.hyfinity.com/formmaker">
			<xform_xpath>/mvc:eForm/mvc:Data/mvc:formData/mvc:h_version</xform_xpath>
		</fm:action>
		<fm:action name="saveTabContent" xmlns:fm="http://www.hyfinity.com/formmaker" />
		<fm:action name="refreshPDCoversheet" xmlns:fm="http://www.hyfinity.com/formmaker" />
		<transform_xpath>/mvc:eForm/mvc:Data/WorkitemContext/Process/ProcessVariables/version</transform_xpath>
		<description />
	</element>
	<element name="pv_bypassDwc">
		<fm:action name="saveNewForm" xmlns:fm="http://www.hyfinity.com/formmaker">
			<xform_xpath>/mvc:eForm/mvc:Data/WorkitemContext/Process/ProcessVariables/bypassDwc</xform_xpath>
		</fm:action>
		<fm:action name="saveTabContent" xmlns:fm="http://www.hyfinity.com/formmaker" />
		<fm:action name="refreshPDCoversheet" xmlns:fm="http://www.hyfinity.com/formmaker" />
		<transform_xpath>/mvc:eForm/mvc:Data/WorkitemContext/Process/ProcessVariables/bypassDwc</transform_xpath>
		<description />
	</element>
	<element name="pv_appointmentType">
		<fm:action name="saveNewForm" xmlns:fm="http://www.hyfinity.com/formmaker">
			<xform_xpath>/mvc:eForm/mvc:Data/mvc:formData/mvc:pv_appointmentType</xform_xpath>
		</fm:action>
		<fm:action name="saveTabContent" xmlns:fm="http://www.hyfinity.com/formmaker" />
		<fm:action name="refreshPDCoversheet" xmlns:fm="http://www.hyfinity.com/formmaker" />
		<transform_xpath>/mvc:eForm/mvc:Data/WorkitemContext/Process/ProcessVariables/appointmentType</transform_xpath>
		<description />
	</element>
	<element name="pv_appointmentType">
		<transform_xpath>enter_xpath_here</transform_xpath>
		<fm:action name="saveNewForm" xmlns:fm="http://www.hyfinity.com/formmaker">
			<xform_xpath>enter_xpath_here</xform_xpath>
		</fm:action>
		<fm:action name="saveTabContent" xmlns:fm="http://www.hyfinity.com/formmaker" />
		<fm:action name="refreshPDCoversheet" xmlns:fm="http://www.hyfinity.com/formmaker" />
	</element>
</xforms>
