<?xml version="1.0" encoding="UTF-8"?>
<hy:rulebase cache="false" context="/" disable="true" forward_chain="false" return="/" xmlns:hy="http://www.hyfinity.com/xengine" xmlns:mvc="http://www.hyfinity.com/mvc" xmlns:xg="http://www.hyfinity.com/xgate">
	<hy:rule base="custom" desc="" disable="true" id="SearchRequestNumbers" priority="10">
		<hy:head>
			<hy:result disable="false" id="Search Request Numbers">
				<hy:operator>SQL</hy:operator>
				<hy:target action="Query" name="mvc-cms_incentives_service-workflowdb-Database" update="append">
					<hy:params>
						<hy:param name="sql_statement" type="java.lang.String">SELECT REQ.*
							, MSO.MEMBERID SO_PRTCP, MSO.EMAIL SO_EMAIL, MSO.TYPE SO_TYPE
							, HRL.PRTCP HRL_PRTCP, MHRL.EMAIL HRL_EMAIL, MHRL.TYPE HRL_TYPE
							, XO1.PRTCP XO_PRTCP1, MXO1.EMAIL XO_EMAIL1, MXO1.TYPE XO_TYPE1
							, XO2.PRTCP XO_PRTCP2, MXO2.EMAIL XO_EMAIL2, MXO2.TYPE XO_TYPE2
							, XO3.PRTCP XO_PRTCP3, MXO3.EMAIL XO_EMAIL3, MXO3.TYPE XO_TYPE3
							FROM HHS_CMS_HR.VW_UNIFIED_REQUESTS REQ
							-- SO
							LEFT JOIN BIZFLOW.MEMBER MSO ON MSO.MEMBERID = REQ.SO_ID AND MSO.STATE NOT IN ('D', 'C', 'I')
							-- HRL
							LEFT JOIN (SELECT UGP.PRTCP FROM BIZFLOW.USRGRPPRTCP UGP
							JOIN BIZFLOW.MEMBER G ON UGP.USRGRPID = G.MEMBERID
							WHERE UGP.USRGRPHID = (SELECT MEMBERID FROM BIZFLOW.MEMBER WHERE TYPE = 'H' AND NAME = 'CMS')
							AND G.NAME = HHS_CMS_HR.FN_GET_USER_GROUP_NAME('HR Liaison')) HRL ON HRL.PRTCP = REQ.HRL_ID
							LEFT JOIN BIZFLOW.MEMBER MHRL ON MHRL.MEMBERID = REQ.HRL_ID AND MHRL.STATE NOT IN ('D', 'C', 'I')
							-- XO1
							LEFT JOIN (SELECT UGP.PRTCP FROM BIZFLOW.USRGRPPRTCP UGP
							JOIN BIZFLOW.MEMBER G ON UGP.USRGRPID = G.MEMBERID
							WHERE UGP.USRGRPHID = (SELECT MEMBERID FROM BIZFLOW.MEMBER WHERE TYPE = 'H' AND NAME = 'CMS')
							AND G.NAME = HHS_CMS_HR.FN_GET_USER_GROUP_NAME('Executive Officers')) XO1 ON XO1.PRTCP = REQ.XO_ID1
							LEFT JOIN BIZFLOW.MEMBER MXO1 ON MXO1.MEMBERID = REQ.XO_ID1 AND MXO1.STATE NOT IN ('D', 'C', 'I')
							-- XO2
							LEFT JOIN (SELECT UGP.PRTCP FROM BIZFLOW.USRGRPPRTCP UGP
							JOIN BIZFLOW.MEMBER G ON UGP.USRGRPID = G.MEMBERID
							WHERE UGP.USRGRPHID = (SELECT MEMBERID FROM BIZFLOW.MEMBER WHERE TYPE = 'H' AND NAME = 'CMS')
							AND G.NAME = HHS_CMS_HR.FN_GET_USER_GROUP_NAME('Executive Officers')) XO2 ON XO2.PRTCP = REQ.XO_ID2
							LEFT JOIN BIZFLOW.MEMBER MXO2 ON MXO2.MEMBERID = REQ.XO_ID2 AND MXO2.STATE NOT IN ('D', 'C', 'I')
							-- XO3
							LEFT JOIN (SELECT UGP.PRTCP FROM BIZFLOW.USRGRPPRTCP UGP
							JOIN BIZFLOW.MEMBER G ON UGP.USRGRPID = G.MEMBERID
							WHERE UGP.USRGRPHID = (SELECT MEMBERID FROM BIZFLOW.MEMBER WHERE TYPE = 'H' AND NAME = 'CMS')
							AND G.NAME = HHS_CMS_HR.FN_GET_USER_GROUP_NAME('Executive Officers')) XO3 ON XO3.PRTCP = REQ.XO_ID3
							LEFT JOIN BIZFLOW.MEMBER MXO3 ON MXO3.MEMBERID = REQ.XO_ID3 AND MXO3.STATE NOT IN ('D', 'C', 'I')

							WHERE REQ.REQ_CANCEL_DATE IS NULL
							AND REQ.REQUEST_TYPE in ('Appointment', 'Recruitment')
							AND REQ.PROC_STATE = 'C' -- IN ('A', 'C', 'T', 'M')
							AND REQ.REQUEST_NUMBER LIKE CONCAT($param1, '%')
							AND ROWNUM &lt;= $max
							ORDER BY REQ.REQUEST_NUMBER
						</hy:param>
						<hy:param name="to_location" type="com.hyfinity.xpath.XPath">/mvc:eForm/mvc:Data</hy:param>
						<hy:param name="$param1" type="string">/mvc:eForm/mvc:Control/mvc:q</hy:param>
						<hy:param name="$max" type="int">/mvc:eForm/mvc:Control/mvc:l</hy:param>
					</hy:params>
				</hy:target>
			</hy:result>
			<hy:result disable="false" id="Rename">
				<hy:operator>Rename</hy:operator>
				<hy:target action="rename" name="factbase" update="">
					<hy:params>
						<hy:param name="location" type="com.hyfinity.xpath.XPath">/mvc:eForm/mvc:Data/sql_result[last()]/statement</hy:param>
						<hy:param name="new_name" type="java.lang.String">requests</hy:param>
						<hy:param name="new_namespace" type="java.lang.String" />
					</hy:params>
				</hy:target>
			</hy:result>
		</hy:head>
		<hy:body>
			<hy:clause id="Check if query parameter exists" multiple="false">
				<hy:operator>Read</hy:operator>
				<hy:target action="eval" name="factbase">
					<hy:params>
						<hy:param name="xpath_expression" type="com.hyfinity.xpath.XPath">/mvc:eForm/mvc:Control/mvc:q</hy:param>
					</hy:params>
				</hy:target>
			</hy:clause>
		</hy:body>
	</hy:rule>
	<hy:rule base="custom" desc="" disable="false" id="Write XML" priority="20">
		<hy:head>
			<hy:result disable="false" id="Write XML">
				<hy:operator>Write</hy:operator>
				<hy:target action="write" name="factbase" update="">
					<hy:params>
						<hy:param name="xpath_to_value" type="com.hyfinity.xpath.XPath">/mvc:eForm/mvc:Data/reqnum</hy:param>
						<hy:param name="to_location" type="com.hyfinity.xpath.XPath">/mvc:eForm/mvc:Control/mvc:Page</hy:param>
						<hy:param name="autocreate" type="java.lang.String">true</hy:param>
					</hy:params>
				</hy:target>
			</hy:result>
		</hy:head>
		<hy:body />
	</hy:rule>
	<hy:rule base="custom" desc="" disable="false" id="gen_req_num" priority="5">
		<hy:head>
			<hy:result disable="false" id="call_req_num">
				<hy:operator>SQL</hy:operator>
				<hy:target action="Query" name="mvc-cms_incentives_service-workflowdb-Database" update="append">
					<hy:params>
						<hy:param name="sql_statement" type="java.lang.String">{ call HHS_CMS_HR.SP_GET_INCENTIVES_REQUEST_NUM ($out) }</hy:param>
						<hy:param name="to_location" type="com.hyfinity.xpath.XPath">/mvc:eForm/mvc:Data</hy:param>
						<hy:param name="$out" type="string">'STUB'</hy:param>
					</hy:params>
				</hy:target>
			</hy:result>
			<hy:result disable="false" id="select_req_num">
				<hy:operator>SQL</hy:operator>
				<hy:target action="Query" name="mvc-cms_incentives_service-workflowdb-Database" update="append">
					<hy:params>
						<hy:param name="sql_statement" type="java.lang.String">SELECT RC_REQUEST_NUM
							FROM HHS_CMS_HR.INCENTIVES_REQUEST_CONTROL
							WHERE ROWNUM = 1
							ORDER BY RC_DATE DESC
						</hy:param>
						<hy:param name="to_location" type="com.hyfinity.xpath.XPath">/mvc:eForm/mvc:Data</hy:param>
					</hy:params>
				</hy:target>
			</hy:result>
			<hy:result disable="false" id="rename_reqnum">
				<hy:operator>Rename</hy:operator>
				<hy:target action="rename" name="factbase" update="">
					<hy:params>
						<hy:param name="location" type="com.hyfinity.xpath.XPath">/mvc:eForm/mvc:Data/sql_result[last()]/statement</hy:param>
						<hy:param name="new_name" type="java.lang.String">reqnum</hy:param>
						<hy:param name="new_namespace" type="java.lang.String" />
					</hy:params>
				</hy:target>
			</hy:result>
			<hy:result disable="false" id="move_reqnum">
				<hy:operator>Move</hy:operator>
				<hy:target action="add" name="factbase" update="correct_replace">
					<hy:params>
						<hy:param name="from_location" type="com.hyfinity.xpath.XPath">/mvc:eForm/mvc:Data/sql_result[last()]/reqnum</hy:param>
						<hy:param name="to_location" type="com.hyfinity.xpath.XPath">/mvc:eForm/mvc:Data/sql_result[last()]</hy:param>
					</hy:params>
				</hy:target>
			</hy:result>
		</hy:head>
		<hy:body />
	</hy:rule>
</hy:rulebase>
