<?xml version="1.0" encoding="UTF-8"?>
<hy:rulebase cache="false" context="/" disable="true" forward_chain="false" return="/" xmlns:hy="http://www.hyfinity.com/xengine" xmlns:mvc="http://www.hyfinity.com/mvc" xmlns:xg="http://www.hyfinity.com/xgate">
	<hy:rule base="custom" desc="" disable="false" id="SearchParticipants" priority="10">
		<hy:head>
			<hy:result disable="false" id="Search Participants">
				<hy:operator>SQL</hy:operator>
				<hy:target action="Query" name="mvc-cms_incentives_service-workflowdb-Database" update="append">
					<hy:params>
						<hy:param name="sql_statement" type="java.lang.String">SELECT M.MEMBERID MID, M.TYPE MTYPE, M.NAME, M.EMAIL, M.DEPTNAME, M.JOBTITLENAME
  FROM BIZFLOW.USRGRPPRTCP UGP
  JOIN BIZFLOW.MEMBER M ON UGP.PRTCP = M.MEMBERID AND M.STATE NOT IN ('D', 'C', 'I')
  JOIN BIZFLOW.MEMBER G ON UGP.USRGRPID = G.MEMBERID
 WHERE ugp.usrgrphid = (SELECT MEMBERID FROM BIZFLOW.MEMBER WHERE TYPE = 'H' AND NAME = 'CMS')
   AND G.NAME = HHS_CMS_HR.FN_GET_USER_GROUP_NAME($gname)
   AND UPPER(M.NAME) LIKE CONCAT('%', CONCAT(UPPER($name), '%'))
   AND ROWNUM &lt;= $max
 ORDER BY M.NAME

 </hy:param>
						<hy:param name="to_location" type="com.hyfinity.xpath.XPath">/mvc:eForm/mvc:Data</hy:param>
						<hy:param name="$gname" type="string">/mvc:eForm/mvc:Control/mvc:g</hy:param>
						<hy:param name="$name" type="string">/mvc:eForm/mvc:Control/mvc:q</hy:param>
						<hy:param name="$max" type="int">/mvc:eForm/mvc:Control/mvc:l</hy:param>
					</hy:params>
				</hy:target>
			</hy:result>
			<hy:result disable="false" id="Rename">
				<hy:operator>Rename</hy:operator>
				<hy:target action="rename" name="factbase" update="">
					<hy:params>
						<hy:param name="location" type="com.hyfinity.xpath.XPath">/mvc:eForm/mvc:Data/sql_result[last()]/statement</hy:param>
						<hy:param name="new_name" type="java.lang.String">participants</hy:param>
						<hy:param name="new_namespace" type="java.lang.String" />
					</hy:params>
				</hy:target>
			</hy:result>
		</hy:head>
		<hy:body>
			<hy:and>
				<hy:clause id="Check if parameter 1 exists" multiple="false">
					<hy:operator>Read</hy:operator>
					<hy:target action="eval" name="factbase">
						<hy:params>
							<hy:param name="xpath_expression" type="com.hyfinity.xpath.XPath">/mvc:eForm/mvc:Control/mvc:g</hy:param>
						</hy:params>
					</hy:target>
				</hy:clause>
				<hy:clause id="Check if parameter 2 exists" multiple="false">
					<hy:operator>Read</hy:operator>
					<hy:target action="eval" name="factbase">
						<hy:params>
							<hy:param name="xpath_expression" type="com.hyfinity.xpath.XPath">/mvc:eForm/mvc:Control/mvc:q</hy:param>
						</hy:params>
					</hy:target>
				</hy:clause>
			</hy:and>
		</hy:body>
	</hy:rule>
	<hy:rule base="custom" desc="" disable="false" id="Write XML" priority="10">
		<hy:head>
			<hy:result disable="false" id="Write XML">
				<hy:operator>Write</hy:operator>
				<hy:target action="write" name="factbase" update="">
					<hy:params>
						<hy:param name="xpath_to_value" type="com.hyfinity.xpath.XPath">/mvc:eForm/mvc:Data/dutystation_list</hy:param>
						<hy:param name="to_location" type="com.hyfinity.xpath.XPath">/mvc:eForm/mvc:Control/mvc:Page</hy:param>
						<hy:param name="autocreate" type="java.lang.String">true</hy:param>
					</hy:params>
				</hy:target>
			</hy:result>
		</hy:head>
		<hy:body />
	</hy:rule>
	<hy:rule base="custom" desc="" disable="false" id="Create limit if not exist" priority="5">
		<hy:head>
			<hy:result disable="false" id="Create limit parameter">
				<hy:operator>Write</hy:operator>
				<hy:target action="write" name="factbase" update="">
					<hy:params>
						<hy:param name="value" type="java.lang.String">20</hy:param>
						<hy:param name="to_location" type="com.hyfinity.xpath.XPath">/mvc:eForm/mvc:Control/mvc:l</hy:param>
						<hy:param name="autocreate" type="java.lang.String">true</hy:param>
					</hy:params>
				</hy:target>
			</hy:result>
		</hy:head>
		<hy:body>
			<hy:clause id="limit parameter does not exist" multiple="false">
				<hy:operator>Read</hy:operator>
				<hy:target action="eval" name="factbase">
					<hy:params>
						<hy:param name="xpath_expression" type="com.hyfinity.xpath.XPath">not(/mvc:eForm/mvc:Control/mvc:l)</hy:param>
					</hy:params>
				</hy:target>
			</hy:clause>
		</hy:body>
	</hy:rule>
</hy:rulebase>
