<?xml version="1.0" encoding="UTF-8"?>
<fm:structure xmlns:fm="http://www.hyfinity.com/formmaker">
	<form_details xmlns="http://www.hyfinity.com/formmaker">
		<error_highlight_method alert="false" as_you_type="true" validation_mode="all">bubble</error_highlight_method>
		<hint_display_method>tooltip</hint_display_method>
		<top_level_message class="topLevelMessage" required="false" style="" />
		<mark_mandatory class="mandatory" location="after_label" required="true" style=""> * </mark_mandatory>
		<description>Enter a description.</description>
		<page_background_style class="" style="" />
		<page_content_style class="" style="" />
	</form_details>
	<fm:group border_styling="false" compatability="false" conditional_display="false" control_field="" control_field_value="" fieldset="false" gen_method="layout" hide="false" label_position="left" name="layout_group_7" submit_if_hidden="true">
		<fm:label class="label" options="static" position="outside_group" position_override="top" required="false" style="" type="static" value="Layout Group">
			<fm:container class="groupLabelBackground" options="static" style="" />
		</fm:label>
		<fm:style class="" options="static" style="" />
		<fm:content_alignment distribution="vertical" halign="left" valign="top" />
		<fm:sizing height="fit_to_content" width="fully_expand" />
		<fm:palette_ref control="Layout Group" />
		<fm:custom name="custom_control" type="custom">
			<fm:code>
				<div class="controlRow" xmlns="">
					<span class="labelBackground labelControl expandWidth">
						<label class="label require-field-note" tabindex="0">All fields marked with an asterisk are required</label>
					</span>
				</div>
			</fm:code>
			<fm:description />
			<fm:palette_ref control="Custom" />
		</fm:custom>
	</fm:group>
	<fm:group border_styling="false" compatability="false" fieldset="false" gen_method="layout" hide="false" label_position="left" name="layout_group_6" submit_if_hidden="true">
		<fm:label class="label" options="static" position="outside_group" position_override="top" required="false" style="" type="static" value="Layout Group">
			<fm:container class="groupLabelBackground" options="static" style="" />
		</fm:label>
		<style class="" options="static" style="" xmlns="http://www.hyfinity.com/formmaker" />
		<fm:content_alignment distribution="vertical" halign="left" valign="top" />
		<fm:sizing height="fit_to_content" width="fully_expand" />
		<fm:palette_ref control="Layout Group" />
		<fm:group border_styling="false" compatability="false" fieldset="false" gen_method="layout" hide="false" label_position="left" name="justificationSuperQualificationDesc_group" submit_if_hidden="true">
			<label class="label" options="static" position="outside_group" position_override="top" required="false" style="" type="static" value="Layout Group" xmlns="http://www.hyfinity.com/formmaker">
				<container class="groupLabelBackground" options="static" style="">
					<content_alignment distribution="vertical" />
				</container>
			</label>
			<style class="" options="static" style="" xmlns="http://www.hyfinity.com/formmaker" />
			<fm:content_alignment distribution="vertical" halign="left" valign="top" />
			<fm:sizing height="fit_to_content" width="fully_expand" />
			<fm:palette_ref control="Layout Group" />
			<fm:element disable="false" disable_method="read_only" generate="true" hide="false" name="justificationSuperQualificationDesc">
				<field xmlns="http://www.hyfinity.com/formmaker">
					<input expandable="true" max="20" min="5" options="dynamic" size="40">textarea</input>
					<style class="defaultBackground textareaControl fullTextArea" options="static" style="" />
					<element_style class="textbox" options="static" style="width : 98%;" />
					<date_picker class="datePickerIcon" content="" required="false" type="normal" />
					<label class="label" options="static" position_override="top" required="true" style="" type="static" value="Description of Applicant’s Superior Qualifications">
						<container class="labelBackground labelControl" options="static">
							<sizing width="fully_expand" />
						</container>
					</label>
					<container>
						<sizing width="fully_expand" />
					</container>
				</field>
				<constraints validate="true" xmlns="http://www.hyfinity.com/formmaker">
					<type>string</type>
					<required>false</required>
					<fm:enumeration use_for_output="false" />
				</constraints>
				<error xmlns="http://www.hyfinity.com/formmaker">
					<hint class="hintIcon" style="" use="false">Enter a hint here.</hint>
					<server class="errorIcon" retain="false" style="" use="false" />
				</error>
				<fm:palette_ref control="Text Area" />
				<custom_attributes xmlns="http://www.hyfinity.com/formmaker">
					<attribute name="maxlength" type="custom" value="4000" />
				</custom_attributes>
			</fm:element>
		</fm:group>
		<fm:group border_styling="false" compatability="false" fieldset="false" gen_method="layout" hide="false" label_position="left" name="justificationQualificationComparedDesc_group" submit_if_hidden="true">
			<label class="label" options="static" position="outside_group" position_override="top" required="false" style="" type="static" value="Layout Group" xmlns="http://www.hyfinity.com/formmaker">
				<container class="groupLabelBackground" options="static" style="">
					<content_alignment distribution="vertical" />
				</container>
			</label>
			<style class="" options="static" style="" xmlns="http://www.hyfinity.com/formmaker" />
			<fm:content_alignment distribution="vertical" halign="left" valign="top" />
			<fm:sizing height="fit_to_content" width="fully_expand" />
			<fm:palette_ref control="Layout Group" />
			<fm:element disable="false" disable_method="read_only" generate="true" hide="false" name="justificationQualificationComparedDesc">
				<field xmlns="http://www.hyfinity.com/formmaker">
					<input expandable="true" max="20" min="5" options="dynamic" size="40">textarea</input>
					<style class="defaultBackground textareaControl fullTextArea" options="static" style="" />
					<element_style class="textbox" options="static" style="width : 98%;" />
					<date_picker class="datePickerIcon" content="" required="false" type="normal" />
					<label class="label" options="static" position_override="top" required="true" style="" type="static" value="Description of Applicant’s Qualifications Compared to Other Candidates">
						<container class="labelBackground labelControl" options="static">
							<sizing width="fully_expand" />
						</container>
					</label>
					<container>
						<sizing width="fully_expand" />
					</container>
				</field>
				<constraints validate="true" xmlns="http://www.hyfinity.com/formmaker">
					<type>string</type>
					<required>false</required>
					<fm:enumeration use_for_output="false" />
				</constraints>
				<error xmlns="http://www.hyfinity.com/formmaker">
					<hint class="hintIcon" style="" use="false">Enter a hint here.</hint>
					<server class="errorIcon" retain="false" style="" use="false" />
				</error>
				<fm:palette_ref control="Text Area" />
				<custom_attributes xmlns="http://www.hyfinity.com/formmaker">
					<attribute name="maxlength" type="custom" value="4000" />
				</custom_attributes>
			</fm:element>
		</fm:group>
		<fm:group border_styling="false" compatability="false" fieldset="false" gen_method="layout" hide="false" label_position="left" name="justificationPayEquityDesc_group" submit_if_hidden="true">
			<label class="label" options="static" position="outside_group" position_override="top" required="false" style="" type="static" value="Layout Group" xmlns="http://www.hyfinity.com/formmaker">
				<container class="groupLabelBackground" options="static" style="">
					<content_alignment distribution="vertical" />
				</container>
			</label>
			<style class="" options="static" style="" xmlns="http://www.hyfinity.com/formmaker" />
			<fm:content_alignment distribution="vertical" halign="left" valign="top" />
			<fm:sizing height="fit_to_content" width="fully_expand" />
			<fm:palette_ref control="Layout Group" />
			<fm:element disable="false" disable_method="read_only" generate="true" hide="false" name="justificationPayEquityDesc">
				<field xmlns="http://www.hyfinity.com/formmaker">
					<input expandable="true" max="20" min="5" options="dynamic" size="40">textarea</input>
					<style class="defaultBackground textareaControl fullTextArea" options="static" style="" />
					<element_style class="textbox" options="static" style="width : 98%;" />
					<date_picker class="datePickerIcon" content="" required="false" type="normal" />
					<label class="label" options="static" position_override="top" required="true" style="" type="static" value="Description of Pay Equity Among Current Staff Members and Salary Rates Offered to Other New Hires">
						<container class="labelBackground labelControl" options="static">
							<sizing width="fully_expand" />
						</container>
					</label>
					<container>
						<sizing width="fully_expand" />
					</container>
				</field>
				<constraints validate="true" xmlns="http://www.hyfinity.com/formmaker">
					<type>string</type>
					<required>false</required>
					<fm:enumeration use_for_output="false" />
				</constraints>
				<error xmlns="http://www.hyfinity.com/formmaker">
					<hint class="hintIcon" style="" use="false">Enter a hint here.</hint>
					<server class="errorIcon" retain="false" style="" use="false" />
				</error>
				<fm:palette_ref control="Text Area" />
				<custom_attributes xmlns="http://www.hyfinity.com/formmaker">
					<attribute name="maxlength" type="custom" value="4000" />
				</custom_attributes>
			</fm:element>
			<fm:group border_styling="false" compatability="false" fieldset="false" gen_method="layout" hide="false" label_position="left" name="justificationModificationInfo_group" submit_if_hidden="true">
				<label class="label" options="static" position="outside_group" position_override="top" required="false" style="" type="static" value="Layout Group" xmlns="http://www.hyfinity.com/formmaker">
					<container class="groupLabelBackground" options="static" style="">
						<content_alignment distribution="vertical" />
					</container>
				</label>
				<style class="hide " options="static" style="" xmlns="http://www.hyfinity.com/formmaker" />
				<fm:content_alignment distribution="vertical" halign="left" valign="top" />
				<fm:sizing height="fit_to_content" width="fully_expand" />
				<fm:palette_ref control="Layout Group" />
				<fm:element disable="false" disable_method="read_only" generate="true" hide="false" name="justificationModifier">
					<field xmlns="http://www.hyfinity.com/formmaker">
						<input options="static">text</input>
						<style class="defaultBackground textboxControl" options="static" style="" />
						<element_style class="textbox" options="static" style="width : 300px;" />
						<date_picker class="datePickerIcon" content="" required="false" type="normal" />
						<label class="label" options="static" position_override="top" required="true" style="" type="static" value="Modified By">
							<container class="labelBackground labelControl" options="static" />
						</label>
						<container />
					</field>
					<constraints validate="true" xmlns="http://www.hyfinity.com/formmaker">
						<type>string</type>
						<required>false</required>
						<fm:enumeration use_for_output="false" />
					</constraints>
					<error xmlns="http://www.hyfinity.com/formmaker">
						<hint class="hintIcon" style="" use="false">Enter a hint here.</hint>
						<server class="errorIcon" retain="false" style="" use="false" />
					</error>
					<fm:palette_ref control="Text Box" />
					<fm:disable method="read_only" required="false">
						<fm:check id="field_value_condition">
							<fm:param name="FieldToCheck" option="PageField" value="approvalSO" />
							<fm:param name="Comparison" option="==" />
							<fm:param name="CheckValue" option="PageField" value="approvalSO" />
						</fm:check>
					</fm:disable>
				</fm:element>
				<fm:element disable="false" disable_method="read_only" generate="true" hide="false" name="justificationModified">
					<field xmlns="http://www.hyfinity.com/formmaker">
						<input options="static">text</input>
						<style class="defaultBackground textboxControl" options="static" style="" />
						<element_style class="textbox" options="static" style="width : 100px;" />
						<date_picker class="datePickerIcon" content="" required="false" type="normal" />
						<label class="label" options="static" position_override="top" required="true" style="" type="static" value="Date Modified">
							<container class="labelBackground labelControl" options="static" />
						</label>
						<container />
					</field>
					<constraints validate="true" xmlns="http://www.hyfinity.com/formmaker">
						<type>string</type>
						<required>false</required>
						<fm:enumeration use_for_output="false" />
					</constraints>
					<error xmlns="http://www.hyfinity.com/formmaker">
						<hint class="hintIcon" style="" use="false">Enter a hint here.</hint>
						<server class="errorIcon" retain="false" style="" use="false" />
					</error>
					<fm:palette_ref control="Text Box" />
					<fm:disable method="read_only" required="false">
						<fm:check id="field_value_condition">
							<fm:param name="FieldToCheck" option="PageField" value="approvalSOResponseDate" />
							<fm:param name="Comparison" option="==" />
							<fm:param name="CheckValue" option="PageField" value="approvalSOResponseDate" />
						</fm:check>
					</fm:disable>
				</fm:element>
				<fm:element disable="false" disable_method="read_only" generate="true" hide="false" name="justificationModificationReason">
					<field xmlns="http://www.hyfinity.com/formmaker">
						<input options="static">text</input>
						<style class="defaultBackground textboxControl" options="static" style="" />
						<element_style class="textbox" options="static" style="width : 100px;" />
						<date_picker class="datePickerIcon" content="" required="false" type="normal" />
						<label class="label" options="static" position_override="top" required="true" style="" type="static" value="Modification reason">
							<container class="labelBackground labelControl" options="static" />
						</label>
						<container />
					</field>
					<constraints validate="true" xmlns="http://www.hyfinity.com/formmaker">
						<type>string</type>
						<required>false</required>
						<fm:enumeration use_for_output="false" />
					</constraints>
					<error xmlns="http://www.hyfinity.com/formmaker">
						<hint class="hintIcon" style="" use="false">Enter a hint here.</hint>
						<server class="errorIcon" retain="false" style="" use="false" />
					</error>
					<fm:palette_ref control="Text Box" />
					<fm:disable method="read_only" required="false">
						<fm:check id="field_value_condition">
							<fm:param name="FieldToCheck" option="PageField" value="approvalSOResponseDate" />
							<fm:param name="Comparison" option="==" />
							<fm:param name="CheckValue" option="PageField" value="approvalSOResponseDate" />
						</fm:check>
					</fm:disable>
				</fm:element>
				<fm:element disable="false" disable_method="read_only" generate="true" hide="false" name="justificationModificationSummary">
					<field xmlns="http://www.hyfinity.com/formmaker">
						<input expandable="true" max="20" min="3" options="dynamic" size="40" size-y="3">textarea</input>
						<style class="defaultBackground textareaControl fullTextArea" options="static" style="" />
						<element_style class="textbox" options="static" style="width : 98%;" />
						<date_picker class="datePickerIcon" content="" required="false" type="normal" />
						<label class="label" options="static" position_override="top" required="true" style="" type="static" value="Summary of Modification(s)">
							<container class="labelBackground labelControl" options="static">
								<sizing width="fully_expand" />
							</container>
						</label>
						<container>
							<sizing width="fully_expand" />
						</container>
					</field>
					<constraints validate="true" xmlns="http://www.hyfinity.com/formmaker">
						<type>string</type>
						<required>false</required>
						<fm:enumeration use_for_output="false" />
					</constraints>
					<error xmlns="http://www.hyfinity.com/formmaker">
						<hint class="hintIcon" style="" use="false">Enter a hint here.</hint>
						<server class="errorIcon" retain="false" style="" use="false" />
					</error>
					<fm:palette_ref control="Text Area" />
					<custom_attributes xmlns="http://www.hyfinity.com/formmaker">
						<attribute name="maxlength" type="custom" value="500" />
					</custom_attributes>
				</fm:element>
			</fm:group>
		</fm:group>
		<fm:group border_styling="false" compatability="false" fieldset="false" gen_method="layout" hide="false" label_position="left" name="justificationButton_group" submit_if_hidden="true">
			<label class="label" options="static" position="outside_group" position_override="top" required="false" style="" type="static" value="Layout Group" xmlns="http://www.hyfinity.com/formmaker">
				<container class="groupLabelBackground" options="static" style="">
					<content_alignment distribution="vertical" />
				</container>
			</label>
			<style class="" options="static" style="" xmlns="http://www.hyfinity.com/formmaker" />
			<fm:content_alignment distribution="horizontal" halign="left" valign="top" />
			<fm:sizing height="fit_to_content" width="fully_expand" />
			<fm:palette_ref control="Layout Group" />
			<fm:element disable="false" disable_method="disabled" generate="true" hide="false" name="justification_modify_button">
				<field xmlns="http://www.hyfinity.com/formmaker">
					<input caption="Modify" options="static">htmlButton</input>
					<style class="defaultBackground buttonControl" options="static" style="" />
					<element_style class="button" options="static" style="" />
					<date_picker class="" content="" required="false" type="normal" />
					<label class="label" options="static" position_override="top" required="false" style="" type="static" value="Date of Denial Notice">
						<container class="labelBackground labelControl" options="static" />
					</label>
					<container>
						<content_alignment halign="left" valign="bottom" />
					</container>
				</field>
				<constraints validate="false" xmlns="http://www.hyfinity.com/formmaker">
					<type>string</type>
					<required>false</required>
					<enumeration use_for_output="false" />
				</constraints>
				<error xmlns="http://www.hyfinity.com/formmaker">
					<hint class="hintIcon" style="" use="false">Enter a hint here.</hint>
					<server class="errorIcon" retain="false" style="" use="false" />
				</error>
				<palette_ref control="Button (Standard)" xmlns="http://www.hyfinity.com/formmaker" />
				<accessibility xmlns="http://www.hyfinity.com/formmaker">
					<alt>Click to modify the justifications</alt>
				</accessibility>
			</fm:element>
			<fm:element disable="false" disable_method="disabled" generate="true" hide="false" name="justification_history_button">
				<field xmlns="http://www.hyfinity.com/formmaker">
					<input caption="History" options="static">htmlButton</input>
					<style class="defaultBackground buttonControl" options="static" style="" />
					<element_style class="button" options="static" style="" />
					<date_picker class="" content="" required="false" type="normal" />
					<label class="label" options="static" position_override="top" required="false" style="" type="static" value="Date of Denial Notice">
						<container class="labelBackground labelControl" options="static" />
					</label>
					<container>
						<content_alignment halign="left" valign="bottom" />
					</container>
				</field>
				<constraints validate="false" xmlns="http://www.hyfinity.com/formmaker">
					<type>string</type>
					<required>false</required>
					<enumeration use_for_output="false" />
				</constraints>
				<error xmlns="http://www.hyfinity.com/formmaker">
					<hint class="hintIcon" style="" use="false">Enter a hint here.</hint>
					<server class="errorIcon" retain="false" style="" use="false" />
				</error>
				<palette_ref control="Button (Standard)" xmlns="http://www.hyfinity.com/formmaker" />
				<accessibility xmlns="http://www.hyfinity.com/formmaker">
					<alt>Click to view the modification history for the justifications provided</alt>
				</accessibility>
			</fm:element>
		</fm:group>
		<fm:group border_styling="false" compatability="false" fieldset="false" gen_method="layout" hide="false" label_position="left" name="justificationExistingCompensationPkgDesc_group" submit_if_hidden="true">
			<label class="label" options="static" position="outside_group" position_override="top" required="false" style="" type="static" value="Layout Group" xmlns="http://www.hyfinity.com/formmaker">
				<container class="groupLabelBackground" options="static" style="">
					<content_alignment distribution="vertical" />
				</container>
			</label>
			<style class="" options="static" style="" xmlns="http://www.hyfinity.com/formmaker" />
			<fm:content_alignment distribution="vertical" halign="left" valign="top" />
			<fm:sizing height="fit_to_content" width="fully_expand" />
			<fm:palette_ref control="Layout Group" />
			<fm:element disable="false" disable_method="read_only" generate="true" hide="false" name="justificationExistingCompensationPkgDesc">
				<field xmlns="http://www.hyfinity.com/formmaker">
					<input expandable="true" max="20" min="5" options="dynamic" size="40">textarea</input>
					<style class="defaultBackground textareaControl fullTextArea" options="static" style="" />
					<element_style class="textbox" options="static" style="width : 98%;" />
					<date_picker class="datePickerIcon" content="" required="false" type="normal" />
					<label class="label" options="static" position_override="top" required="true" style="" type="static" value="Description of Applicant's Existing Compensation Package">
						<container class="labelBackground labelControl" options="static">
							<sizing width="fully_expand" />
						</container>
					</label>
					<container>
						<sizing width="fully_expand" />
					</container>
				</field>
				<constraints validate="true" xmlns="http://www.hyfinity.com/formmaker">
					<type>string</type>
					<required>false</required>
					<fm:enumeration use_for_output="false" />
				</constraints>
				<error xmlns="http://www.hyfinity.com/formmaker">
					<hint class="hintIcon" style="" use="false">Enter a hint here.</hint>
					<server class="errorIcon" retain="false" style="" use="false" />
				</error>
				<fm:palette_ref control="Text Area" />
				<custom_attributes xmlns="http://www.hyfinity.com/formmaker">
					<attribute name="maxlength" type="custom" value="4000" />
				</custom_attributes>
			</fm:element>
		</fm:group>
		<fm:group border_styling="false" compatability="false" fieldset="false" gen_method="layout" hide="false" label_position="left" name="justificationExplainIncentiveConsideration_group" submit_if_hidden="true">
			<label class="label" options="static" position="outside_group" position_override="top" required="false" style="" type="static" value="Layout Group" xmlns="http://www.hyfinity.com/formmaker">
				<container class="groupLabelBackground" options="static" style="">
					<content_alignment distribution="vertical" />
				</container>
			</label>
			<style class="" options="static" style="" xmlns="http://www.hyfinity.com/formmaker" />
			<fm:content_alignment distribution="vertical" halign="left" valign="top" />
			<fm:sizing height="fit_to_content" width="fully_expand" />
			<fm:palette_ref control="Layout Group" />
			<fm:element disable="false" disable_method="read_only" generate="true" hide="false" name="justificationExplainIncentiveConsideration">
				<field xmlns="http://www.hyfinity.com/formmaker">
					<input expandable="true" max="20" min="5" options="dynamic" size="40">textarea</input>
					<style class="defaultBackground textareaControl fullTextArea" options="static" style="" />
					<element_style class="textbox" options="static" style="width : 98%;" />
					<date_picker class="datePickerIcon" content="" required="false" type="normal" />
					<label class="label" options="static" position_override="top" required="true" style="" type="static" value="Explain Consideration of Recruitment Incentive">
						<container class="labelBackground labelControl" options="static">
							<sizing width="fully_expand" />
						</container>
					</label>
					<container>
						<sizing width="fully_expand" />
					</container>
				</field>
				<constraints validate="true" xmlns="http://www.hyfinity.com/formmaker">
					<type>string</type>
					<required>false</required>
					<fm:enumeration use_for_output="false" />
				</constraints>
				<error xmlns="http://www.hyfinity.com/formmaker">
					<hint class="hintIcon" style="" use="false">Enter a hint here.</hint>
					<server class="errorIcon" retain="false" style="" use="false" />
				</error>
				<fm:palette_ref control="Text Area" />
				<custom_attributes xmlns="http://www.hyfinity.com/formmaker">
					<attribute name="maxlength" type="custom" value="4000" />
				</custom_attributes>
			</fm:element>
		</fm:group>
		<fm:group border_styling="false" compatability="false" fieldset="false" gen_method="layout" hide="false" label_position="left" name="dialog_justificationModifyContent_group_parent" submit_if_hidden="true">
			<label class="label" options="static" position="outside_group" position_override="top" required="false" style="" type="static" value="Layout Group" xmlns="http://www.hyfinity.com/formmaker">
				<container class="groupLabelBackground" options="static" style="">
					<content_alignment distribution="vertical" />
				</container>
			</label>
			<style class="hide " options="static" style="" xmlns="http://www.hyfinity.com/formmaker" />
			<fm:content_alignment distribution="vertical" halign="left" valign="top" />
			<fm:sizing height="fit_to_content" width="fully_expand" />
			<fm:palette_ref control="Layout Group" />
			<fm:group border_styling="false" compatability="false" fieldset="false" gen_method="layout" hide="false" label_position="left" name="dialog_justificationModifyContent_group" submit_if_hidden="true">
				<label class="label" options="static" position="outside_group" position_override="top" required="false" style="" type="static" value="Layout Group" xmlns="http://www.hyfinity.com/formmaker">
					<container class="groupLabelBackground" options="static" style="">
						<content_alignment distribution="vertical" />
					</container>
				</label>
				<style class="" options="static" style="" xmlns="http://www.hyfinity.com/formmaker" />
				<fm:content_alignment distribution="vertical" halign="left" valign="top" />
				<fm:sizing height="fit_to_content" width="fully_expand" />
				<fm:palette_ref control="Layout Group" />
				<fm:element disable="false" disable_method="disabled" generate="true" hide="false" name="dialog_justificationModificationReason">
					<field xmlns="http://www.hyfinity.com/formmaker">
						<input dropdown_default="Select One" options="static">select</input>
						<style class="defaultBackground selectControl" options="static" style="width : 250px;" />
						<element_style class="select" options="static" style="width : 250px;" />
						<date_picker class="" content="" required="false" type="normal" />
						<label class="label" options="static" position_override="top" required="true" style="" type="static" value="Modification reason:">
							<container class="labelBackground labelControl" options="static" style="width : 250px;">
								<sizing width="custom" />
							</container>
						</label>
						<container>
							<sizing width="custom" />
						</container>
					</field>
					<constraints validate="true" xmlns="http://www.hyfinity.com/formmaker">
						<type>string</type>
						<required>false</required>
						<enumeration use_for_output="false">
							<include value="Grammatical Errors">Grammatical Errors</include>
							<include value="Selecting Official requested changes">Selecting Official requested changes</include>
							<include value="Other">Other</include>
						</enumeration>
					</constraints>
					<error xmlns="http://www.hyfinity.com/formmaker">
						<hint class="hintIcon" style="" use="false">Enter a hint here.</hint>
						<server class="errorIcon" retain="false" style="" use="false" />
						<message_override>Select an modification reason</message_override>
					</error>
					<palette_ref control="Select Box" xmlns="http://www.hyfinity.com/formmaker" />
					<accessibility xmlns="http://www.hyfinity.com/formmaker">
						<alt>Select an modification reason from the dropdown</alt>
					</accessibility>
				</fm:element>
				<fm:element disable="false" disable_method="read_only" generate="true" hide="false" name="dialog_justificationModificationSummary">
					<field xmlns="http://www.hyfinity.com/formmaker">
						<input expandable="true" max="20" min="3" options="dynamic" size="40" size-y="3">textarea</input>
						<style class="defaultBackground textareaControl fullTextArea" options="static" style="" />
						<element_style class="textbox" options="static" style="width : 98%;" />
						<date_picker class="datePickerIcon" content="" required="false" type="normal" />
						<label class="label" options="static" position_override="top" required="true" style="" type="static" value="Summary of Modification(s):">
							<container class="labelBackground labelControl" options="static">
								<sizing width="fully_expand" />
							</container>
						</label>
						<container>
							<sizing width="fully_expand" />
						</container>
					</field>
					<constraints validate="true" xmlns="http://www.hyfinity.com/formmaker">
						<type>string</type>
						<required>false</required>
						<fm:enumeration use_for_output="false" />
					</constraints>
					<error xmlns="http://www.hyfinity.com/formmaker">
						<hint class="hintIcon" style="" use="false">Enter a hint here.</hint>
						<server class="errorIcon" retain="false" style="" use="false" />
					</error>
					<fm:palette_ref control="Text Area" />
					<custom_attributes xmlns="http://www.hyfinity.com/formmaker">
						<attribute name="maxlength" type="custom" value="500" />
					</custom_attributes>
				</fm:element>
				<fm:element disable="false" disable_method="read_only" generate="true" hide="false" name="dialog_justificationSuperQualificationDesc_modify">
					<field xmlns="http://www.hyfinity.com/formmaker">
						<input expandable="true" max="20" min="5" options="dynamic" size="40" size-y="5">textarea</input>
						<style class="defaultBackground textareaControl fullTextArea" options="static" style="" />
						<element_style class="textbox" options="static" style="width : 98%;" />
						<date_picker class="datePickerIcon" content="" required="false" type="normal" />
						<label class="label" options="static" position_override="top" required="true" style="" type="static" value="Description of Applicant’s Superior Qualifications">
							<container class="labelBackground labelControl" options="static">
								<sizing width="fully_expand" />
							</container>
						</label>
						<container>
							<sizing width="fully_expand" />
						</container>
					</field>
					<constraints validate="true" xmlns="http://www.hyfinity.com/formmaker">
						<type>string</type>
						<required>true</required>
						<fm:enumeration use_for_output="false" />
					</constraints>
					<error xmlns="http://www.hyfinity.com/formmaker">
						<hint class="hintIcon" style="" use="false">Enter a hint here.</hint>
						<server class="errorIcon" retain="false" style="" use="false" />
					</error>
					<fm:palette_ref control="Text Area" />
					<custom_attributes xmlns="http://www.hyfinity.com/formmaker">
						<attribute name="maxlength" type="custom" value="4000" />
					</custom_attributes>
				</fm:element>
				<fm:element disable="false" disable_method="read_only" generate="true" hide="false" name="dialog_justificationQualificationComparedDesc_modify">
					<field xmlns="http://www.hyfinity.com/formmaker">
						<input expandable="true" max="20" min="5" options="dynamic" size="40" size-y="5">textarea</input>
						<style class="defaultBackground textareaControl fullTextArea" options="static" style="" />
						<element_style class="textbox" options="static" style="width : 98%;" />
						<date_picker class="datePickerIcon" content="" required="false" type="normal" />
						<label class="label" options="static" position_override="top" required="true" style="" type="static" value="Description of Applicant’s Qualifications Compared to Other Candidates">
							<container class="labelBackground labelControl" options="static">
								<sizing width="fully_expand" />
							</container>
						</label>
						<container>
							<sizing width="fully_expand" />
						</container>
					</field>
					<constraints validate="true" xmlns="http://www.hyfinity.com/formmaker">
						<type>string</type>
						<required>true</required>
						<fm:enumeration use_for_output="false" />
					</constraints>
					<error xmlns="http://www.hyfinity.com/formmaker">
						<hint class="hintIcon" style="" use="false">Enter a hint here.</hint>
						<server class="errorIcon" retain="false" style="" use="false" />
					</error>
					<fm:palette_ref control="Text Area" />
					<custom_attributes xmlns="http://www.hyfinity.com/formmaker">
						<attribute name="maxlength" type="custom" value="4000" />
					</custom_attributes>
				</fm:element>
				<fm:element disable="false" disable_method="read_only" generate="true" hide="false" name="dialog_justificationPayEquityDesc_modify">
					<field xmlns="http://www.hyfinity.com/formmaker">
						<input expandable="true" max="20" min="5" options="dynamic" size="40" size-y="5">textarea</input>
						<style class="defaultBackground textareaControl fullTextArea" options="static" style="" />
						<element_style class="textbox" options="static" style="width : 98%;" />
						<date_picker class="datePickerIcon" content="" required="false" type="normal" />
						<label class="label" options="static" position_override="top" required="true" style="" type="static" value="Description of Pay Equity Among Current Staff Members and Salary Rates Offered to Other New Hires">
							<container class="labelBackground labelControl" options="static">
								<sizing width="fully_expand" />
							</container>
						</label>
						<container>
							<sizing width="fully_expand" />
						</container>
					</field>
					<constraints validate="true" xmlns="http://www.hyfinity.com/formmaker">
						<type>string</type>
						<required>true</required>
						<fm:enumeration use_for_output="false" />
					</constraints>
					<error xmlns="http://www.hyfinity.com/formmaker">
						<hint class="hintIcon" style="" use="false">Enter a hint here.</hint>
						<server class="errorIcon" retain="false" style="" use="false" />
					</error>
					<fm:palette_ref control="Text Area" />
					<custom_attributes xmlns="http://www.hyfinity.com/formmaker">
						<attribute name="maxlength" type="custom" value="4000" />
					</custom_attributes>
				</fm:element>
				<conditional_display required="false" xmlns="http://www.hyfinity.com/formmaker">
					<check id="field_value_condition">
						<param name="FieldToCheck" option="PageField" value="justificationSuperQualificationDesc" />
						<param name="Comparison" option="==" />
						<param name="CheckValue" option="PageField" value="justificationSuperQualificationDesc" />
					</check>
				</conditional_display>
			</fm:group>
			<custom_attributes xmlns="http://www.hyfinity.com/formmaker">
				<attribute name="_title" type="custom" value="Modify Justification" />
			</custom_attributes>
		</fm:group>
	</fm:group>
	<fm:custom name="JUSTIFICATION_HISTORY_TMPL" type="custom">
		<fm:code>
			<div class="hide" id="sam-justification-history-template" xmlns="">
				<div class="layoutContainerContent  expandWidth justification-history-header">
					<div class="controlContainer labelAbove expandWidth">
						<div class="controlRow">
							<div class="groupLabelBackground groupLabelOutside">
								<h2 class="label justification-history-heading-label">Current Justification</h2>
							</div>
						</div>
						<div class="controlRow">
							<div class="groupContainer expandWidth fitHeight">
								<div class="layoutContainer alignVertical alignLeft alignTop expandWidth fitHeight groupLabelOutside" style="width: 851px; padding: 5px">
									<div class="layoutContainerContent">
										<div class="controlContainer labelLeft">
											<div class="controlRow">
												<span class="labelBackground labelControl">
													<label class="label justification-history-modifier-name-label">Modified by:</label>
												</span>
												<span class="defaultBackground outputControl">
													<span class="controlBody">
														<span _type="string" _use="output" class="output justification-history-modifier-name"></span>
													</span>
												</span>
											</div>
										</div>
									</div>
									<div class="layoutContainerSep"></div>
									<div class="layoutContainerContent">
										<div class="controlContainer labelLeft">
											<div class="controlRow">
												<span class="labelBackground labelControl">
													<label class="label justification-history-modified-date-label">Date Modified:</label>
												</span>
												<span class="defaultBackground outputControl ">
													<span class="controlBody">
														<span _type="string" _use="output" class="output justification-history-modified-date"></span>
													</span>
												</span>
											</div>
										</div>
									</div>
									<div class="layoutContainerSep"></div>
									<div class="layoutContainerContent">
										<div class="controlContainer labelLeft">
											<div class="controlRow">
												<span class="labelBackground labelControl ">
													<label class="label justification-history-modification-reason-label">Modification Reason(s):</label>
												</span>
												<span class="defaultBackground outputControl">
													<span class="controlBody">
														<span _type="string" _use="output" class="output justification-history-modification-reason"></span>
													</span>
												</span>
											</div>
										</div>
									</div>
									<div class="layoutContainerSep"></div>
									<div class="layoutContainerContent">
										<div class="controlContainer labelLeft">
											<div class="controlRow">
												<span class="labelBackground labelControl ">
													<label class="label justification-history-modification-summary-label">Summary of Modification(s):</label>
												</span>
												<span class="defaultBackground outputControl">
													<span class="controlBody">
														<span _type="string" _use="output" class="output justification-history-modification-summary"></span>
													</span>
												</span>
											</div>
										</div>
									</div>
									<div class="layoutContainerSep"></div>
									<div class="layoutContainerContent expandWidth">
										<div class="controlContainer labelAbove expandWidth">
											<div class="controlRow">
												<span class="labelBackground labelControl  expandWidth">
													<label class="label">Description of Applicant’s Superior Qualifications</label>
												</span>
											</div>
											<div class="wrapContent justification-history-modification-superQualificationDesc"></div>
										</div>
									</div>
									<div class="layoutContainerSep"></div>
									<div class="layoutContainerContent expandWidth">
										<div class="controlContainer labelAbove expandWidth">
											<div class="controlRow">
												<span class="labelBackground labelControl  expandWidth ">
													<label class="label">Description of Applicant’s Qualifications Compared to Other Candidates</label>
												</span>
											</div>
											<div class="wrapContent justification-history-modification-qualificationComparedDesc"></div>
										</div>
									</div>
									<div class="layoutContainerSep"></div>
									<div class="layoutContainerContent expandWidth">
										<div class="controlContainer labelAbove expandWidth">
											<div class="controlRow">
												<span class="labelBackground labelControl  expandWidth ">
													<label class="label">Description of Pay Equity Among Current Staff Members and Salary Rates Offered to Other New Hires</label>
												</span>
											</div>
											<div class="wrapContent justification-history-modification-payEquityDesc"></div>
										</div>
									</div>
								</div>
							</div>
						</div>
					</div>
				</div>
				<div class="layoutContainerSep"></div>
			</div>
		</fm:code>
		<fm:description>Enter a description.</fm:description>
		<palette_ref control="Custom" xmlns="http://www.hyfinity.com/formmaker" />
	</fm:custom>
</fm:structure>
