<?xml version="1.0" encoding="UTF-8"?>
<xforms xmlns:mvc="http://www.hyfinity.com/mvc" xmlns="http://www.hyfinity.com/formmaker">
	<instance_configuration />
	<page />
	<element name="PPA_ACTION_TYPE">
		<fm:action name="conduct_issue1" xmlns:fm="http://www.hyfinity.com/formmaker">
			<fm:xform_xpath>/mvc:eForm/mvc:Data/mvc:formData/mvc:action_type</fm:xform_xpath>
		</fm:action>
		<fm:action name="initial_response" xmlns:fm="http://www.hyfinity.com/formmaker">
			<fm:xform_xpath>/mvc:eForm/mvc:Data/mvc:formData/mvc:CI_ACTION_TYPE</fm:xform_xpath>
		</fm:action>
		<fm:action name="case_completedX" xmlns:fm="http://www.hyfinity.com/formmaker">
			<fm:xform_xpath>/mvc:eForm/mvc:Data/mvc:formData/mvc:CI_ACTION_TYPE</fm:xform_xpath>
		</fm:action>
		<fm:action name="probation_period" xmlns:fm="http://www.hyfinity.com/formmaker">
			<fm:xform_xpath>/mvc:eForm/mvc:Data/mvc:formData/mvc:PPA_ACTION_TYPE</fm:xform_xpath>
		</fm:action>
		<transform_xpath>/mvc:eForm/mvc:Data/mvc:formData/mvc:PPA_ACTION_TYPE</transform_xpath>
		<repeat_xpath>/mvc:eForm/mvc:Data/lookup/record[LTYPE='ERLRProbationActionType' and ACTIVE='1']</repeat_xpath>
		<value_xpath>NAME</value_xpath>
		<text_xpath>LABEL</text_xpath>
		<description />
	</element>
	<group name="layout_group" />
	<group name="PPA_issue_layout" />
	<group name="ppa_action_Reassignment_group" />
	<group name="ppa_action_Demotion_group" />
	<element name="PPA_PROP_ACTION_ISSUED_DT">
		<fm:action name="conduct_issue1" xmlns:fm="http://www.hyfinity.com/formmaker">
			<fm:xform_xpath>/mvc:eForm/mvc:Data/mvc:formData/mvc:date_propose_action_delivered</fm:xform_xpath>
		</fm:action>
		<fm:action name="initial_response" xmlns:fm="http://www.hyfinity.com/formmaker">
			<fm:xform_xpath>/mvc:eForm/mvc:Data/mvc:formData/mvc:CI_PROP_ACTION_ISSUED_DT</fm:xform_xpath>
		</fm:action>
		<fm:action name="case_completedX" xmlns:fm="http://www.hyfinity.com/formmaker">
			<fm:xform_xpath>/mvc:eForm/mvc:Data/mvc:formData/mvc:CI_PROP_ACTION_ISSUED_DT</fm:xform_xpath>
		</fm:action>
		<fm:action name="probation_period" xmlns:fm="http://www.hyfinity.com/formmaker">
			<fm:xform_xpath>/mvc:eForm/mvc:Data/mvc:formData/mvc:PPA_PROP_ACTION_ISSUED_DT</fm:xform_xpath>
		</fm:action>
		<transform_xpath>/mvc:eForm/mvc:Data/mvc:formData/mvc:PPA_PROP_ACTION_ISSUED_DT</transform_xpath>
		<description />
	</element>
	<element name="PPA_DECIDING_OFFCL_SRCH">
		<fm:action name="conduct_issue1" xmlns:fm="http://www.hyfinity.com/formmaker">
			<fm:xform_xpath>/mvc:eForm/mvc:Data/mvc:formData/mvc:deciding_official</fm:xform_xpath>
		</fm:action>
		<fm:action name="initial_response" xmlns:fm="http://www.hyfinity.com/formmaker">
			<fm:xform_xpath>/mvc:eForm/mvc:Data/mvc:formData/mvc:CI_DECIDING_OFFCL</fm:xform_xpath>
		</fm:action>
		<fm:action name="case_completedX" xmlns:fm="http://www.hyfinity.com/formmaker">
			<fm:xform_xpath>/mvc:eForm/mvc:Data/mvc:formData/mvc:CI_DECIDING_OFFCL</fm:xform_xpath>
		</fm:action>
		<fm:transform_xpath xmlns:fm="http://www.hyfinity.com/formmaker">/mvc:eForm/mvc:Data/mvc:formData/mvc:PPA_DECIDING_OFFCL_SRCH</fm:transform_xpath>
		<fm:action name="probation_period" xmlns:fm="http://www.hyfinity.com/formmaker">
			<fm:xform_xpath>/mvc:eForm/mvc:Data/mvc:formData/mvc:PPA_DECIDING_OFFCL_SRCH</fm:xform_xpath>
		</fm:action>
		<description />
	</element>
	<element name="PPA_DECISION_ISSUED_DT">
		<fm:action name="conduct_issue1" xmlns:fm="http://www.hyfinity.com/formmaker">
			<fm:xform_xpath>/mvc:eForm/mvc:Data/mvc:formData/mvc:date_decision_delivered</fm:xform_xpath>
		</fm:action>
		<fm:action name="initial_response" xmlns:fm="http://www.hyfinity.com/formmaker">
			<fm:xform_xpath>/mvc:eForm/mvc:Data/mvc:formData/mvc:CI__DECISION_ISSUED_DT</fm:xform_xpath>
		</fm:action>
		<fm:action name="case_completedX" xmlns:fm="http://www.hyfinity.com/formmaker">
			<fm:xform_xpath>/mvc:eForm/mvc:Data/mvc:formData/mvc:CI__DECISION_ISSUED_DT</fm:xform_xpath>
		</fm:action>
		<description />
		<transform_xpath>enter_xpath_here</transform_xpath>
		<fm:action name="probation_period" xmlns:fm="http://www.hyfinity.com/formmaker">
			<fm:xform_xpath>/mvc:eForm/mvc:Data/mvc:formData/mvc:PPA_DECISION_ISSUED_DT</fm:xform_xpath>
		</fm:action>
	</element>
	<group name="action_general" />
	<element name="PPA_POS_TITLE">
		<fm:action name="conduct_issue1" xmlns:fm="http://www.hyfinity.com/formmaker">
			<fm:xform_xpath>/mvc:eForm/mvc:Data/mvc:formData/mvc:pos_title</fm:xform_xpath>
		</fm:action>
		<fm:action name="initial_response" xmlns:fm="http://www.hyfinity.com/formmaker">
			<fm:xform_xpath>/mvc:eForm/mvc:Data/mvc:formData/mvc:CI_POS_TITLE</fm:xform_xpath>
		</fm:action>
		<fm:action name="case_completedX" xmlns:fm="http://www.hyfinity.com/formmaker">
			<fm:xform_xpath>/mvc:eForm/mvc:Data/mvc:formData/mvc:CI_POS_TITLE</fm:xform_xpath>
		</fm:action>
		<fm:action name="probation_period" xmlns:fm="http://www.hyfinity.com/formmaker">
			<fm:xform_xpath>/mvc:eForm/mvc:Data/mvc:formData/mvc:PPA_POS_TITLE</fm:xform_xpath>
		</fm:action>
		<transform_xpath>/mvc:eForm/mvc:Data/mvc:formData/mvc:PPA_POS_TITLE</transform_xpath>
		<description />
	</element>
	<element name="PPA_PPLAN">
		<fm:action name="conduct_issue1" xmlns:fm="http://www.hyfinity.com/formmaker">
			<fm:xform_xpath>/mvc:eForm/mvc:Data/mvc:formData/mvc:pplan</fm:xform_xpath>
		</fm:action>
		<fm:action name="initial_response" xmlns:fm="http://www.hyfinity.com/formmaker">
			<fm:xform_xpath>/mvc:eForm/mvc:Data/mvc:formData/mvc:CI_PPLAN</fm:xform_xpath>
		</fm:action>
		<fm:action name="case_completedX" xmlns:fm="http://www.hyfinity.com/formmaker">
			<fm:xform_xpath>/mvc:eForm/mvc:Data/mvc:formData/mvc:CI_PPLAN</fm:xform_xpath>
		</fm:action>
		<fm:action name="probation_period" xmlns:fm="http://www.hyfinity.com/formmaker">
			<fm:xform_xpath>/mvc:eForm/mvc:Data/mvc:formData/mvc:PPA_PPLAN</fm:xform_xpath>
		</fm:action>
		<transform_xpath>/mvc:eForm/mvc:Data/mvc:formData/mvc:PPA_PPLAN</transform_xpath>
		<description />
	</element>
	<element name="PPA_SERIES">
		<fm:action name="conduct_issue1" xmlns:fm="http://www.hyfinity.com/formmaker">
			<fm:xform_xpath>/mvc:eForm/mvc:Data/mvc:formData/mvc:series</fm:xform_xpath>
		</fm:action>
		<fm:action name="initial_response" xmlns:fm="http://www.hyfinity.com/formmaker">
			<fm:xform_xpath>/mvc:eForm/mvc:Data/mvc:formData/mvc:CI_SERIES</fm:xform_xpath>
		</fm:action>
		<fm:action name="case_completedX" xmlns:fm="http://www.hyfinity.com/formmaker">
			<fm:xform_xpath>/mvc:eForm/mvc:Data/mvc:formData/mvc:CI_SERIES</fm:xform_xpath>
		</fm:action>
		<fm:action name="probation_period" xmlns:fm="http://www.hyfinity.com/formmaker">
			<fm:xform_xpath>/mvc:eForm/mvc:Data/mvc:formData/mvc:PPA_SERIES</fm:xform_xpath>
		</fm:action>
		<transform_xpath>/mvc:eForm/mvc:Data/mvc:formData/mvc:PPA_SERIES</transform_xpath>
		<description />
	</element>
	<element name="PPA_CURRENT_INFO_GRADE">
		<fm:action name="conduct_issue1" xmlns:fm="http://www.hyfinity.com/formmaker">
			<fm:xform_xpath>/mvc:eForm/mvc:Data/mvc:formData/mvc:current_info_grade</fm:xform_xpath>
		</fm:action>
		<fm:action name="initial_response" xmlns:fm="http://www.hyfinity.com/formmaker">
			<fm:xform_xpath>/mvc:eForm/mvc:Data/mvc:formData/mvc:CI_CURRENT_INFO_GRADE</fm:xform_xpath>
		</fm:action>
		<fm:action name="case_completedX" xmlns:fm="http://www.hyfinity.com/formmaker">
			<fm:xform_xpath>/mvc:eForm/mvc:Data/mvc:formData/mvc:CI_CURRENT_INFO_GRADE</fm:xform_xpath>
		</fm:action>
		<fm:action name="probation_period" xmlns:fm="http://www.hyfinity.com/formmaker">
			<fm:xform_xpath>/mvc:eForm/mvc:Data/mvc:formData/mvc:PPA_CURRENT_INFO_GRADE</fm:xform_xpath>
		</fm:action>
		<transform_xpath>/mvc:eForm/mvc:Data/mvc:formData/mvc:PPA_CURRENT_INFO_GRADE</transform_xpath>
		<description />
	</element>
	<element name="PPA_CURRENT_INFO_STEP">
		<fm:action name="conduct_issue1" xmlns:fm="http://www.hyfinity.com/formmaker">
			<fm:xform_xpath>/mvc:eForm/mvc:Data/mvc:formData/mvc:current_info_step</fm:xform_xpath>
		</fm:action>
		<fm:action name="initial_response" xmlns:fm="http://www.hyfinity.com/formmaker">
			<fm:xform_xpath>/mvc:eForm/mvc:Data/mvc:formData/mvc:CI_CURRENT_INFO_STEP</fm:xform_xpath>
		</fm:action>
		<fm:action name="case_completedX" xmlns:fm="http://www.hyfinity.com/formmaker">
			<fm:xform_xpath>/mvc:eForm/mvc:Data/mvc:formData/mvc:CI_CURRENT_INFO_STEP</fm:xform_xpath>
		</fm:action>
		<fm:transform_xpath xmlns:fm="http://www.hyfinity.com/formmaker">/mvc:eForm/mvc:Data/mvc:formData/mvc:PPA_CURRENT_INFO_STEP</fm:transform_xpath>
		<fm:action name="probation_period" xmlns:fm="http://www.hyfinity.com/formmaker">
			<fm:xform_xpath>/mvc:eForm/mvc:Data/mvc:formData/mvc:PPA_CURRENT_INFO_STEP</fm:xform_xpath>
		</fm:action>
		<description />
	</element>
	<element name="PPA_PROPOSED_POS_TITLE">
		<fm:action name="conduct_issue1" xmlns:fm="http://www.hyfinity.com/formmaker">
			<fm:xform_xpath>/mvc:eForm/mvc:Data/mvc:formData/mvc:proposed_post_title</fm:xform_xpath>
		</fm:action>
		<fm:action name="initial_response" xmlns:fm="http://www.hyfinity.com/formmaker">
			<fm:xform_xpath>/mvc:eForm/mvc:Data/mvc:formData/mvc:CI_PROPOSED_POS_TITLE</fm:xform_xpath>
		</fm:action>
		<fm:action name="case_completedX" xmlns:fm="http://www.hyfinity.com/formmaker">
			<fm:xform_xpath>/mvc:eForm/mvc:Data/mvc:formData/mvc:CI_PROPOSED_POS_TITLE</fm:xform_xpath>
		</fm:action>
		<fm:transform_xpath xmlns:fm="http://www.hyfinity.com/formmaker">/mvc:eForm/mvc:Data/mvc:formData/mvc:PPA_PROPOSED_POS_TITLE</fm:transform_xpath>
		<fm:action name="probation_period" xmlns:fm="http://www.hyfinity.com/formmaker">
			<fm:xform_xpath>/mvc:eForm/mvc:Data/mvc:formData/mvc:PPA_PROPOSED_POS_TITLE</fm:xform_xpath>
		</fm:action>
		<description />
	</element>
	<element name="PPA_PROPOSED_PPLAN">
		<fm:action name="conduct_issue1" xmlns:fm="http://www.hyfinity.com/formmaker">
			<fm:xform_xpath>/mvc:eForm/mvc:Data/mvc:formData/mvc:proposed_pplan</fm:xform_xpath>
		</fm:action>
		<repeat_xpath>/mvc:eForm/mvc:Data/lookup/record[LTYPE='PayPlan' and ACTIVE='1']</repeat_xpath>
		<value_xpath>NAME</value_xpath>
		<text_xpath>LABEL</text_xpath>
		<description />
		<fm:action name="initial_response" xmlns:fm="http://www.hyfinity.com/formmaker">
			<fm:xform_xpath>/mvc:eForm/mvc:Data/mvc:formData/mvc:CI_PROPOSED_PPLAN</fm:xform_xpath>
		</fm:action>
		<fm:action name="case_completedX" xmlns:fm="http://www.hyfinity.com/formmaker">
			<fm:xform_xpath>/mvc:eForm/mvc:Data/mvc:formData/mvc:CI_PROPOSED_PPLAN</fm:xform_xpath>
		</fm:action>
		<fm:transform_xpath xmlns:fm="http://www.hyfinity.com/formmaker">/mvc:eForm/mvc:Data/mvc:formData/mvc:PPA_PROPOSED_PPLAN</fm:transform_xpath>
		<fm:action name="probation_period" xmlns:fm="http://www.hyfinity.com/formmaker">
			<fm:xform_xpath>/mvc:eForm/mvc:Data/mvc:formData/mvc:PPA_PROPOSED_PPLAN</fm:xform_xpath>
		</fm:action>
	</element>
	<element name="PPA_PROPOSED_SERIES">
		<fm:action name="conduct_issue1" xmlns:fm="http://www.hyfinity.com/formmaker">
			<fm:xform_xpath>/mvc:eForm/mvc:Data/mvc:formData/mvc:proposed_series</fm:xform_xpath>
		</fm:action>
		<fm:action name="initial_response" xmlns:fm="http://www.hyfinity.com/formmaker">
			<fm:xform_xpath>/mvc:eForm/mvc:Data/mvc:formData/mvc:CI_PROPOSED_SERIES</fm:xform_xpath>
		</fm:action>
		<fm:action name="case_completedX" xmlns:fm="http://www.hyfinity.com/formmaker">
			<fm:xform_xpath>/mvc:eForm/mvc:Data/mvc:formData/mvc:CI_PROPOSED_SERIES</fm:xform_xpath>
		</fm:action>
		<fm:action name="probation_period" xmlns:fm="http://www.hyfinity.com/formmaker">
			<fm:xform_xpath>/mvc:eForm/mvc:Data/mvc:formData/mvc:PPA_PROPOSED_SERIES</fm:xform_xpath>
		</fm:action>
		<transform_xpath>/mvc:eForm/mvc:Data/mvc:formData/mvc:PPA_PROPOSED_SERIES</transform_xpath>
		<repeat_xpath>/mvc:eForm/mvc:Data/lookup/record[LTYPE='OccupationalSeries' and ACTIVE='1']</repeat_xpath>
		<value_xpath>NAME</value_xpath>
		<text_xpath>LABEL</text_xpath>
		<description />
	</element>
	<element name="PPA_PROPOSED_INFO_GRADE">
		<fm:action name="conduct_issue1" xmlns:fm="http://www.hyfinity.com/formmaker">
			<fm:xform_xpath>/mvc:eForm/mvc:Data/mvc:formData/mvc:proposed_info_grade</fm:xform_xpath>
		</fm:action>
		<fm:action name="initial_response" xmlns:fm="http://www.hyfinity.com/formmaker">
			<fm:xform_xpath>/mvc:eForm/mvc:Data/mvc:formData/mvc:CI_PROPOSED_INFO_GRADE</fm:xform_xpath>
		</fm:action>
		<fm:action name="case_completedX" xmlns:fm="http://www.hyfinity.com/formmaker">
			<fm:xform_xpath>/mvc:eForm/mvc:Data/mvc:formData/mvc:CI_PROPOSED_INFO_GRADE</fm:xform_xpath>
		</fm:action>
		<fm:action name="probation_period" xmlns:fm="http://www.hyfinity.com/formmaker">
			<fm:xform_xpath>/mvc:eForm/mvc:Data/mvc:formData/mvc:PPA_PROPOSED_INFO_GRADE</fm:xform_xpath>
		</fm:action>
		<transform_xpath>/mvc:eForm/mvc:Data/mvc:formData/mvc:PPA_PROPOSED_INFO_GRADE</transform_xpath>
		<description />
	</element>
	<element name="PPA_PROPOSED_INFO_STEP">
		<fm:action name="conduct_issue1" xmlns:fm="http://www.hyfinity.com/formmaker">
			<fm:xform_xpath>/mvc:eForm/mvc:Data/mvc:formData/mvc:posposed_info_step</fm:xform_xpath>
		</fm:action>
		<fm:action name="initial_response" xmlns:fm="http://www.hyfinity.com/formmaker">
			<fm:xform_xpath>/mvc:eForm/mvc:Data/mvc:formData/mvc:CI_PROPOSED_INFO_STEP</fm:xform_xpath>
		</fm:action>
		<fm:action name="case_completedX" xmlns:fm="http://www.hyfinity.com/formmaker">
			<fm:xform_xpath>/mvc:eForm/mvc:Data/mvc:formData/mvc:CI_PROPOSED_INFO_STEP</fm:xform_xpath>
		</fm:action>
		<fm:action name="probation_period" xmlns:fm="http://www.hyfinity.com/formmaker">
			<fm:xform_xpath>/mvc:eForm/mvc:Data/mvc:formData/mvc:PPA_PROPOSED_INFO_STEP</fm:xform_xpath>
		</fm:action>
		<transform_xpath>/mvc:eForm/mvc:Data/mvc:formData/mvc:PPA_PROPOSED_INFO_STEP</transform_xpath>
		<description />
	</element>
	<element name="PPA_FINAL_POS_TITLE">
		<fm:action name="conduct_issue1" xmlns:fm="http://www.hyfinity.com/formmaker">
			<fm:xform_xpath>/mvc:eForm/mvc:Data/mvc:formData/mvc:final_post_title</fm:xform_xpath>
		</fm:action>
		<fm:action name="initial_response" xmlns:fm="http://www.hyfinity.com/formmaker">
			<fm:xform_xpath>/mvc:eForm/mvc:Data/mvc:formData/mvc:CI_FINAL_POS_TITLE</fm:xform_xpath>
		</fm:action>
		<fm:action name="case_completedX" xmlns:fm="http://www.hyfinity.com/formmaker">
			<fm:xform_xpath>/mvc:eForm/mvc:Data/mvc:formData/mvc:CI_FINAL_POS_TITLE</fm:xform_xpath>
		</fm:action>
		<fm:transform_xpath xmlns:fm="http://www.hyfinity.com/formmaker">/mvc:eForm/mvc:Data/mvc:formData/mvc:PPA_FINAL_POS_TITLE</fm:transform_xpath>
		<fm:action name="probation_period" xmlns:fm="http://www.hyfinity.com/formmaker">
			<fm:xform_xpath>/mvc:eForm/mvc:Data/mvc:formData/mvc:PPA_FINAL_POS_TITLE</fm:xform_xpath>
		</fm:action>
		<description />
	</element>
	<element name="PPA_FINAL_PPLAN">
		<fm:action name="conduct_issue1" xmlns:fm="http://www.hyfinity.com/formmaker">
			<fm:xform_xpath>/mvc:eForm/mvc:Data/mvc:formData/mvc:final_pplan</fm:xform_xpath>
		</fm:action>
		<fm:action name="initial_response" xmlns:fm="http://www.hyfinity.com/formmaker">
			<fm:xform_xpath>/mvc:eForm/mvc:Data/mvc:formData/mvc:CI_FINAL_PPLAN</fm:xform_xpath>
		</fm:action>
		<fm:action name="case_completedX" xmlns:fm="http://www.hyfinity.com/formmaker">
			<fm:xform_xpath>/mvc:eForm/mvc:Data/mvc:formData/mvc:CI_FINAL_PPLAN</fm:xform_xpath>
		</fm:action>
		<fm:action name="probation_period" xmlns:fm="http://www.hyfinity.com/formmaker">
			<fm:xform_xpath>/mvc:eForm/mvc:Data/mvc:formData/mvc:PPA_FINAL_PPLAN</fm:xform_xpath>
		</fm:action>
		<transform_xpath>/mvc:eForm/mvc:Data/mvc:formData/mvc:PPA_FINAL_PPLAN</transform_xpath>
		<repeat_xpath>/mvc:eForm/mvc:Data/lookup/record[LTYPE='PayPlan' and ACTIVE='1']</repeat_xpath>
		<value_xpath>NAME</value_xpath>
		<text_xpath>LABEL</text_xpath>
		<description />
	</element>
	<element name="PPA_FINAL_SERIES">
		<fm:action name="conduct_issue1" xmlns:fm="http://www.hyfinity.com/formmaker">
			<fm:xform_xpath>/mvc:eForm/mvc:Data/mvc:formData/mvc:final_series</fm:xform_xpath>
		</fm:action>
		<fm:action name="initial_response" xmlns:fm="http://www.hyfinity.com/formmaker">
			<fm:xform_xpath>/mvc:eForm/mvc:Data/mvc:formData/mvc:CI_FINAL_SERIES</fm:xform_xpath>
		</fm:action>
		<fm:action name="case_completedX" xmlns:fm="http://www.hyfinity.com/formmaker">
			<fm:xform_xpath>/mvc:eForm/mvc:Data/mvc:formData/mvc:CI_FINAL_SERIES</fm:xform_xpath>
		</fm:action>
		<fm:action name="probation_period" xmlns:fm="http://www.hyfinity.com/formmaker">
			<fm:xform_xpath>/mvc:eForm/mvc:Data/mvc:formData/mvc:PPA_FINAL_SERIES</fm:xform_xpath>
		</fm:action>
		<transform_xpath>/mvc:eForm/mvc:Data/mvc:formData/mvc:PPA_FINAL_SERIES</transform_xpath>
		<repeat_xpath>/mvc:eForm/mvc:Data/lookup/record[LTYPE='OccupationalSeries' and ACTIVE='1']</repeat_xpath>
		<value_xpath>NAME</value_xpath>
		<text_xpath>LABEL</text_xpath>
		<description />
	</element>
	<element name="PPA_FINAL_INFO_GRADE">
		<fm:action name="conduct_issue1" xmlns:fm="http://www.hyfinity.com/formmaker">
			<fm:xform_xpath>/mvc:eForm/mvc:Data/mvc:formData/mvc:final_info_grade</fm:xform_xpath>
		</fm:action>
		<repeat_xpath>/mvc:eForm/mvc:Data/lookup/record[LTYPE='Grade' and ACTIVE='1']</repeat_xpath>
		<value_xpath>NAME</value_xpath>
		<text_xpath>LABEL</text_xpath>
		<description />
		<fm:action name="initial_response" xmlns:fm="http://www.hyfinity.com/formmaker">
			<fm:xform_xpath>/mvc:eForm/mvc:Data/mvc:formData/mvc:CI_FINAL_INFO_GRADE</fm:xform_xpath>
		</fm:action>
		<fm:action name="case_completedX" xmlns:fm="http://www.hyfinity.com/formmaker">
			<fm:xform_xpath>/mvc:eForm/mvc:Data/mvc:formData/mvc:CI_FINAL_INFO_GRADE</fm:xform_xpath>
		</fm:action>
		<fm:transform_xpath xmlns:fm="http://www.hyfinity.com/formmaker">/mvc:eForm/mvc:Data/mvc:formData/mvc:PPA_FINAL_INFO_GRADE</fm:transform_xpath>
		<fm:action name="probation_period" xmlns:fm="http://www.hyfinity.com/formmaker">
			<fm:xform_xpath>/mvc:eForm/mvc:Data/mvc:formData/mvc:PPA_FINAL_INFO_GRADE</fm:xform_xpath>
		</fm:action>
	</element>
	<element name="PPA_FINAL_INFO_STEP">
		<fm:action name="conduct_issue1" xmlns:fm="http://www.hyfinity.com/formmaker">
			<fm:xform_xpath>/mvc:eForm/mvc:Data/mvc:formData/mvc:final_info_step</fm:xform_xpath>
		</fm:action>
		<fm:action name="initial_response" xmlns:fm="http://www.hyfinity.com/formmaker">
			<fm:xform_xpath>/mvc:eForm/mvc:Data/mvc:formData/mvc:CI_FINAL_INFO_STEP</fm:xform_xpath>
		</fm:action>
		<fm:action name="case_completedX" xmlns:fm="http://www.hyfinity.com/formmaker">
			<fm:xform_xpath>/mvc:eForm/mvc:Data/mvc:formData/mvc:CI_FINAL_INFO_STEP</fm:xform_xpath>
		</fm:action>
		<fm:action name="probation_period" xmlns:fm="http://www.hyfinity.com/formmaker">
			<fm:xform_xpath>/mvc:eForm/mvc:Data/mvc:formData/mvc:PPA_FINAL_INFO_STEP</fm:xform_xpath>
		</fm:action>
		<transform_xpath>/mvc:eForm/mvc:Data/mvc:formData/mvc:PPA_FINAL_INFO_STEP</transform_xpath>
		<description />
	</element>
	<element name="PPA_NOTICE_ISSUED_DT">
		<fm:action name="conduct_issue1" xmlns:fm="http://www.hyfinity.com/formmaker">
			<fm:xform_xpath>/mvc:eForm/mvc:Data/mvc:formData/mvc:date_notice_issued</fm:xform_xpath>
		</fm:action>
		<fm:action name="initial_response" xmlns:fm="http://www.hyfinity.com/formmaker">
			<fm:xform_xpath>/mvc:eForm/mvc:Data/mvc:formData/mvc:CI_NOTICE_ISSUED_DT</fm:xform_xpath>
		</fm:action>
		<fm:action name="case_completedX" xmlns:fm="http://www.hyfinity.com/formmaker">
			<fm:xform_xpath>/mvc:eForm/mvc:Data/mvc:formData/mvc:CI_NOTICE_ISSUED_DT</fm:xform_xpath>
		</fm:action>
		<fm:transform_xpath xmlns:fm="http://www.hyfinity.com/formmaker">/mvc:eForm/mvc:Data/mvc:formData/mvc:PPA_NOTICE_ISSUED_DT</fm:transform_xpath>
		<fm:action name="probation_period" xmlns:fm="http://www.hyfinity.com/formmaker">
			<fm:xform_xpath>/mvc:eForm/mvc:Data/mvc:formData/mvc:PPA_NOTICE_ISSUED_DT</fm:xform_xpath>
		</fm:action>
		<description />
	</element>
	<element name="PPA_EFFECTIVE_DT">
		<fm:action name="conduct_issue1" xmlns:fm="http://www.hyfinity.com/formmaker">
			<fm:xform_xpath>/mvc:eForm/mvc:Data/mvc:formData/mvc:effective_date</fm:xform_xpath>
		</fm:action>
		<fm:action name="initial_response" xmlns:fm="http://www.hyfinity.com/formmaker">
			<fm:xform_xpath>/mvc:eForm/mvc:Data/mvc:formData/mvc:CI_EFFECTIVE_DT</fm:xform_xpath>
		</fm:action>
		<fm:action name="case_completedX" xmlns:fm="http://www.hyfinity.com/formmaker">
			<fm:xform_xpath>/mvc:eForm/mvc:Data/mvc:formData/mvc:CI_EFFECTIVE_DT</fm:xform_xpath>
		</fm:action>
		<fm:action name="probation_period" xmlns:fm="http://www.hyfinity.com/formmaker">
			<fm:xform_xpath>/mvc:eForm/mvc:Data/mvc:formData/mvc:PPA_EFFECTIVE_DT</fm:xform_xpath>
		</fm:action>
		<transform_xpath>/mvc:eForm/mvc:Data/mvc:formData/mvc:PPA_EFFECTIVE_DT</transform_xpath>
		<description />
	</element>
	<element name="PPA_FINAL_ADMIN_CODE_SEARCH">
		<fm:action name="conduct_issue1" xmlns:fm="http://www.hyfinity.com/formmaker">
			<fm:xform_xpath>/mvc:eForm/mvc:Data/mvc:formData/mvc:final_admin_code</fm:xform_xpath>
		</fm:action>
		<fm:action name="initial_response" xmlns:fm="http://www.hyfinity.com/formmaker">
			<fm:xform_xpath>/mvc:eForm/mvc:Data/mvc:formData/mvc:CI_FINAL_ADMIN_CODE</fm:xform_xpath>
		</fm:action>
		<fm:action name="case_completedX" xmlns:fm="http://www.hyfinity.com/formmaker">
			<fm:xform_xpath>/mvc:eForm/mvc:Data/mvc:formData/mvc:CI_FINAL_ADMIN_CODE</fm:xform_xpath>
		</fm:action>
		<fm:action name="probation_period" xmlns:fm="http://www.hyfinity.com/formmaker">
			<fm:xform_xpath>/mvc:eForm/mvc:Data/mvc:formData/mvc:PPA_FINAL_ADMIN_CODE_SEARCH</fm:xform_xpath>
		</fm:action>
		<transform_xpath>/mvc:eForm/mvc:Data/mvc:formData/mvc:PPA_FINAL_ADMIN_CODE_SEARCH</transform_xpath>
		<description />
	</element>
	<group name="layout_group_9" />
	<group name="layout_group_10" />
	<element name="PPA_REMOVAL_PROP_ACTION_DT">
		<fm:action name="conduct_issue1" xmlns:fm="http://www.hyfinity.com/formmaker">
			<fm:xform_xpath>/mvc:eForm/mvc:Data/mvc:formData/mvc:removal_prop_action_date</fm:xform_xpath>
		</fm:action>
		<fm:action name="initial_response" xmlns:fm="http://www.hyfinity.com/formmaker">
			<fm:xform_xpath>/mvc:eForm/mvc:Data/mvc:formData/mvc:CI_REMOVAL_PROP_ACTION_DT</fm:xform_xpath>
		</fm:action>
		<fm:action name="case_completedX" xmlns:fm="http://www.hyfinity.com/formmaker">
			<fm:xform_xpath>/mvc:eForm/mvc:Data/mvc:formData/mvc:CI_REMOVAL_PROP_ACTION_DT</fm:xform_xpath>
		</fm:action>
		<fm:transform_xpath xmlns:fm="http://www.hyfinity.com/formmaker">/mvc:eForm/mvc:Data/mvc:formData/mvc:PPA_REMOVAL_PROP_ACTION_DT</fm:transform_xpath>
		<fm:action name="probation_period" xmlns:fm="http://www.hyfinity.com/formmaker">
			<fm:xform_xpath>/mvc:eForm/mvc:Data/mvc:formData/mvc:PPA_REMOVAL_PROP_ACTION_DT</fm:xform_xpath>
		</fm:action>
		<description />
	</element>
	<element name="PPA_ORAL_PREZ_DT">
		<fm:action name="initial_response" xmlns:fm="http://www.hyfinity.com/formmaker">
			<fm:xform_xpath>/mvc:eForm/mvc:Data/mvc:formData/mvc:CI_ORAL_PREZ_DT</fm:xform_xpath>
		</fm:action>
		<fm:action name="case_completedX" xmlns:fm="http://www.hyfinity.com/formmaker">
			<fm:xform_xpath>/mvc:eForm/mvc:Data/mvc:formData/mvc:CI_ORAL_PREZ_DT</fm:xform_xpath>
		</fm:action>
		<fm:action name="probation_period" xmlns:fm="http://www.hyfinity.com/formmaker">
			<fm:xform_xpath>/mvc:eForm/mvc:Data/mvc:formData/mvc:PPA_ORAL_PREZ_DT</fm:xform_xpath>
		</fm:action>
		<transform_xpath>/mvc:eForm/mvc:Data/mvc:formData/mvc:PPA_ORAL_PREZ_DT</transform_xpath>
		<description />
	</element>
	<group name="ppa_oral_presentation_date_group" />
	<group name="layout_group_20" />
	<element name="PPA_ORAL_RESPONSE_SUBMITTED">
		<fm:action name="initial_response" xmlns:fm="http://www.hyfinity.com/formmaker">
			<fm:xform_xpath>/mvc:eForm/mvc:Data/mvc:formData/mvc:CI_ORAL_RESPONSE_SUBMITTED</fm:xform_xpath>
		</fm:action>
		<fm:action name="case_completedX" xmlns:fm="http://www.hyfinity.com/formmaker">
			<fm:xform_xpath>/mvc:eForm/mvc:Data/mvc:formData/mvc:CI_ORAL_RESPONSE_SUBMITTED</fm:xform_xpath>
		</fm:action>
		<fm:action name="probation_period" xmlns:fm="http://www.hyfinity.com/formmaker">
			<fm:xform_xpath>/mvc:eForm/mvc:Data/mvc:formData/mvc:PPA_ORAL_RESPONSE_SUBMITTED</fm:xform_xpath>
		</fm:action>
		<transform_xpath>/mvc:eForm/mvc:Data/mvc:formData/mvc:PPA_ORAL_RESPONSE_SUBMITTED</transform_xpath>
		<description />
	</element>
	<element name="PPA_WRITTEN_RESPONSE_SUBMITTED_DT">
		<fm:action name="initial_response" xmlns:fm="http://www.hyfinity.com/formmaker">
			<fm:xform_xpath>/mvc:eForm/mvc:Data/mvc:formData/mvc:CI_WRITTEN_RESPONSE_SUBMITTED</fm:xform_xpath>
		</fm:action>
		<fm:action name="case_completedX" xmlns:fm="http://www.hyfinity.com/formmaker">
			<fm:xform_xpath>/mvc:eForm/mvc:Data/mvc:formData/mvc:CI_WRITTEN_RESPONSE_SUBMITTED</fm:xform_xpath>
		</fm:action>
		<fm:action name="probation_period" xmlns:fm="http://www.hyfinity.com/formmaker">
			<fm:xform_xpath>/mvc:eForm/mvc:Data/mvc:formData/mvc:PPA_WRITTEN_RESPONSE_SUBMITTED_DT</fm:xform_xpath>
		</fm:action>
		<transform_xpath>/mvc:eForm/mvc:Data/mvc:formData/mvc:PPA_WRITTEN_RESPONSE_SUBMITTED_DT</transform_xpath>
		<description />
	</element>
	<element name="PPA_RESPONSE_DUE_DT">
		<fm:action name="initial_response" xmlns:fm="http://www.hyfinity.com/formmaker">
			<fm:xform_xpath>/mvc:eForm/mvc:Data/mvc:formData/mvc:CI_RESPONSE_DUE_DT</fm:xform_xpath>
		</fm:action>
		<fm:action name="case_completedX" xmlns:fm="http://www.hyfinity.com/formmaker">
			<fm:xform_xpath>/mvc:eForm/mvc:Data/mvc:formData/mvc:CI_RESPONSE_DUE_DT</fm:xform_xpath>
		</fm:action>
		<fm:action name="probation_period" xmlns:fm="http://www.hyfinity.com/formmaker">
			<fm:xform_xpath>/mvc:eForm/mvc:Data/mvc:formData/mvc:PPA_RESPONSE_DUE_DT</fm:xform_xpath>
		</fm:action>
		<transform_xpath>/mvc:eForm/mvc:Data/mvc:formData/mvc:PPA_RESPONSE_DUE_DT</transform_xpath>
		<description />
	</element>
	<group name="layout_group_21" />
	<group name="written_response_group" />
	<group name="layout_group_25" />
	<group name="ppa_action_Termination_group" />
	<group name="layout_group_33" />
	<group name="layout_group_34" />
	<group name="pre_emp_termination_oral_presentation_group" />
	<group name="layout_group_35" />
	<group name="pre_emp_termination_response_group" />
	<element name="PPA_TERM_DECISION_ISSUED_DT">
		<fm:action name="initial_response" xmlns:fm="http://www.hyfinity.com/formmaker">
			<xform_xpath>enter_xpath_here</xform_xpath>
		</fm:action>
		<fm:action name="case_completedX" xmlns:fm="http://www.hyfinity.com/formmaker">
			<xform_xpath>enter_xpath_here</xform_xpath>
		</fm:action>
		<fm:transform_xpath xmlns:fm="http://www.hyfinity.com/formmaker">/mvc:eForm/mvc:Data/mvc:formData/mvc:PPA_TERM_DECISION_ISSUED_DT</fm:transform_xpath>
		<fm:action name="probation_period" xmlns:fm="http://www.hyfinity.com/formmaker">
			<xform_xpath>enter_xpath_here</xform_xpath>
		</fm:action>
	</element>
	<element name="PPA_TERM_DECIDING_OFFCL_NAME_SRCH">
		<fm:action name="initial_response" xmlns:fm="http://www.hyfinity.com/formmaker">
			<xform_xpath>enter_xpath_here</xform_xpath>
		</fm:action>
		<fm:action name="case_completedX" xmlns:fm="http://www.hyfinity.com/formmaker">
			<xform_xpath>enter_xpath_here</xform_xpath>
		</fm:action>
		<fm:transform_xpath xmlns:fm="http://www.hyfinity.com/formmaker">/mvc:eForm/mvc:Data/mvc:formData/mvc:PPA_TERM_DECIDING_OFFCL_NAME_SRCH</fm:transform_xpath>
		<fm:action name="probation_period" xmlns:fm="http://www.hyfinity.com/formmaker">
			<xform_xpath>enter_xpath_here</xform_xpath>
		</fm:action>
	</element>
	<element name="PPA_TERMINATION_TYPE">
		<fm:action name="initial_response" xmlns:fm="http://www.hyfinity.com/formmaker">
			<fm:xform_xpath>/mvc:eForm/mvc:Data/mvc:formData/mvc:CI_TERMINATION_TYPE</fm:xform_xpath>
		</fm:action>
		<fm:action name="case_completedX" xmlns:fm="http://www.hyfinity.com/formmaker">
			<fm:xform_xpath>/mvc:eForm/mvc:Data/mvc:formData/mvc:CI_TERMINATION_TYPE</fm:xform_xpath>
		</fm:action>
		<fm:action name="probation_period" xmlns:fm="http://www.hyfinity.com/formmaker">
			<fm:xform_xpath>/mvc:eForm/mvc:Data/mvc:formData/mvc:PPA_TERMINATION_TYPE</fm:xform_xpath>
		</fm:action>
		<transform_xpath>/mvc:eForm/mvc:Data/mvc:formData/mvc:PPA_TERMINATION_TYPE</transform_xpath>
		<description />
	</element>
	<element name="PPA_TERM_PROP_ACTION_DT">
		<fm:action name="initial_response" xmlns:fm="http://www.hyfinity.com/formmaker">
			<fm:xform_xpath>/mvc:eForm/mvc:Data/mvc:formData/mvc:CI_TERM_PROP_ACTION_DT</fm:xform_xpath>
		</fm:action>
		<fm:action name="case_completedX" xmlns:fm="http://www.hyfinity.com/formmaker">
			<fm:xform_xpath>/mvc:eForm/mvc:Data/mvc:formData/mvc:CI_TERM_PROP_ACTION_DT</fm:xform_xpath>
		</fm:action>
		<description />
		<transform_xpath>/mvc:eForm/mvc:Data/mvc:formData/mvc:CI_TERM_ORAL_PREZ_REQUESTED</transform_xpath>
		<fm:action name="probation_period" xmlns:fm="http://www.hyfinity.com/formmaker">
			<fm:xform_xpath>/mvc:eForm/mvc:Data/mvc:formData/mvc:PPA_TERM_PROP_ACTION_DT</fm:xform_xpath>
		</fm:action>
	</element>
	<element name="PPA_TERM_ORAL_PREZ_REQUESTED">
		<fm:action name="initial_response" xmlns:fm="http://www.hyfinity.com/formmaker">
			<fm:xform_xpath>/mvc:eForm/mvc:Data/mvc:formData/mvc:CI_TERM_ORAL_PREZ_REQUESTED</fm:xform_xpath>
		</fm:action>
		<fm:action name="case_completedX" xmlns:fm="http://www.hyfinity.com/formmaker">
			<fm:xform_xpath>/mvc:eForm/mvc:Data/mvc:formData/mvc:CI_TERM_ORAL_PREZ_REQUESTED</fm:xform_xpath>
		</fm:action>
		<fm:transform_xpath xmlns:fm="http://www.hyfinity.com/formmaker">/mvc:eForm/mvc:Data/mvc:formData/mvc:PPA_TERM_ORAL_PREZ_REQUESTED</fm:transform_xpath>
		<fm:action name="probation_period" xmlns:fm="http://www.hyfinity.com/formmaker">
			<fm:xform_xpath>/mvc:eForm/mvc:Data/mvc:formData/mvc:PPA_TERM_ORAL_PREZ_REQUESTED</fm:xform_xpath>
		</fm:action>
	</element>
	<element name="PPA_TERM_ORAL_PREZ_DT">
		<fm:action name="initial_response" xmlns:fm="http://www.hyfinity.com/formmaker">
			<fm:xform_xpath>/mvc:eForm/mvc:Data/mvc:formData/mvc:CI_TERM_ORAL_PREZ_DT</fm:xform_xpath>
		</fm:action>
		<fm:action name="case_completedX" xmlns:fm="http://www.hyfinity.com/formmaker">
			<fm:xform_xpath>/mvc:eForm/mvc:Data/mvc:formData/mvc:CI_TERM_ORAL_PREZ_DT</fm:xform_xpath>
		</fm:action>
		<fm:transform_xpath xmlns:fm="http://www.hyfinity.com/formmaker">/mvc:eForm/mvc:Data/mvc:formData/mvc:PPA_TERM_ORAL_PREZ_DT</fm:transform_xpath>
		<fm:action name="probation_period" xmlns:fm="http://www.hyfinity.com/formmaker">
			<fm:xform_xpath>/mvc:eForm/mvc:Data/mvc:formData/mvc:PPA_TERM_ORAL_PREZ_DT</fm:xform_xpath>
		</fm:action>
	</element>
	<element name="PPA_TERM_WRITTEN_RESP">
		<fm:action name="initial_response" xmlns:fm="http://www.hyfinity.com/formmaker">
			<fm:xform_xpath>/mvc:eForm/mvc:Data/mvc:formData/mvc:CI_TERM_WRITTEN_RESP</fm:xform_xpath>
		</fm:action>
		<fm:action name="case_completedX" xmlns:fm="http://www.hyfinity.com/formmaker">
			<fm:xform_xpath>/mvc:eForm/mvc:Data/mvc:formData/mvc:CI_TERM_WRITTEN_RESP</fm:xform_xpath>
		</fm:action>
		<fm:transform_xpath xmlns:fm="http://www.hyfinity.com/formmaker">/mvc:eForm/mvc:Data/mvc:formData/mvc:PPA_TERM_WRITTEN_RESP</fm:transform_xpath>
		<fm:action name="probation_period" xmlns:fm="http://www.hyfinity.com/formmaker">
			<fm:xform_xpath>/mvc:eForm/mvc:Data/mvc:formData/mvc:PPA_TERM_WRITTEN_RESP</fm:xform_xpath>
		</fm:action>
	</element>
	<element name="PPA_TERM_WRITTEN_RESP_DT">
		<fm:action name="initial_response" xmlns:fm="http://www.hyfinity.com/formmaker">
			<fm:xform_xpath>/mvc:eForm/mvc:Data/mvc:formData/mvc:CI_TERM_WRITTEN_RESP_DT</fm:xform_xpath>
		</fm:action>
		<fm:action name="case_completedX" xmlns:fm="http://www.hyfinity.com/formmaker">
			<fm:xform_xpath>/mvc:eForm/mvc:Data/mvc:formData/mvc:CI_TERM_WRITTEN_RESP_DT</fm:xform_xpath>
		</fm:action>
		<fm:transform_xpath xmlns:fm="http://www.hyfinity.com/formmaker">/mvc:eForm/mvc:Data/mvc:formData/mvc:PPA_TERM_WRITTEN_RESP_DT</fm:transform_xpath>
		<fm:action name="probation_period" xmlns:fm="http://www.hyfinity.com/formmaker">
			<fm:xform_xpath>/mvc:eForm/mvc:Data/mvc:formData/mvc:PPA_TERM_WRITTEN_RESP_DT</fm:xform_xpath>
		</fm:action>
	</element>
	<element name="PPA_TERM_WRITTEN_RESP_DUE_DT">
		<fm:action name="initial_response" xmlns:fm="http://www.hyfinity.com/formmaker">
			<fm:xform_xpath>/mvc:eForm/mvc:Data/mvc:formData/mvc:CI_TERM_WRITTEN_RESP_DUE_DT</fm:xform_xpath>
		</fm:action>
		<fm:action name="case_completedX" xmlns:fm="http://www.hyfinity.com/formmaker">
			<fm:xform_xpath>/mvc:eForm/mvc:Data/mvc:formData/mvc:CI_TERM_WRITTEN_RESP_DUE_DT</fm:xform_xpath>
		</fm:action>
		<fm:transform_xpath xmlns:fm="http://www.hyfinity.com/formmaker">/mvc:eForm/mvc:Data/mvc:formData/mvc:PPA_TERM_WRITTEN_RESP_DUE_DT</fm:transform_xpath>
		<fm:action name="probation_period" xmlns:fm="http://www.hyfinity.com/formmaker">
			<fm:xform_xpath>/mvc:eForm/mvc:Data/mvc:formData/mvc:PPA_TERM_WRITTEN_RESP_DUE_DT</fm:xform_xpath>
		</fm:action>
	</element>
	<group name="ppa_termination_type_pre_employment_group" />
	<group name="layout_group_39" />
	<group name="layout_group_38" />
	<group name="ppa_termination_type_probation_group" />
	<group name="tt_3" />
	<element name="PPA_PROBATION_TERMINATION_DECISION_ISSUED_DT">
		<fm:action name="initial_response" xmlns:fm="http://www.hyfinity.com/formmaker">
			<xform_xpath>enter_xpath_here</xform_xpath>
		</fm:action>
		<fm:action name="case_completedX" xmlns:fm="http://www.hyfinity.com/formmaker">
			<xform_xpath>enter_xpath_here</xform_xpath>
		</fm:action>
		<fm:transform_xpath xmlns:fm="http://www.hyfinity.com/formmaker">/mvc:eForm/mvc:Data/mvc:formData/mvc:PPA_PROBATION_TERMINATION_DECISION_ISSUED_DT</fm:transform_xpath>
		<fm:action name="probation_period" xmlns:fm="http://www.hyfinity.com/formmaker">
			<xform_xpath>enter_xpath_here</xform_xpath>
		</fm:action>
	</element>
	<group name="termination_probation" />
	<element name="PPA_PROBATION_CONDUCT">
		<fm:action name="initial_response" xmlns:fm="http://www.hyfinity.com/formmaker">
			<fm:xform_xpath>/mvc:eForm/mvc:Data/mvc:formData/mvc:CI_PROBATION_CONDUCT</fm:xform_xpath>
		</fm:action>
		<fm:action name="case_completedX" xmlns:fm="http://www.hyfinity.com/formmaker">
			<fm:xform_xpath>/mvc:eForm/mvc:Data/mvc:formData/mvc:CI_PROBATION_CONDUCT</fm:xform_xpath>
		</fm:action>
		<fm:transform_xpath xmlns:fm="http://www.hyfinity.com/formmaker">/mvc:eForm/mvc:Data/mvc:formData/mvc:PPA_PROBATION_CONDUCT</fm:transform_xpath>
		<fm:action name="probation_period" xmlns:fm="http://www.hyfinity.com/formmaker">
			<fm:xform_xpath>/mvc:eForm/mvc:Data/mvc:formData/mvc:PPA_PROBATION_CONDUCT</fm:xform_xpath>
		</fm:action>
	</element>
	<element name="PPA_PROBATION_PERFORMANCE">
		<fm:action name="initial_response" xmlns:fm="http://www.hyfinity.com/formmaker">
			<fm:xform_xpath>/mvc:eForm/mvc:Data/mvc:formData/mvc:CI_PROBATION_PERFORMANCE</fm:xform_xpath>
		</fm:action>
		<fm:action name="case_completedX" xmlns:fm="http://www.hyfinity.com/formmaker">
			<fm:xform_xpath>/mvc:eForm/mvc:Data/mvc:formData/mvc:CI_PROBATION_PERFORMANCE</fm:xform_xpath>
		</fm:action>
		<fm:transform_xpath xmlns:fm="http://www.hyfinity.com/formmaker">/mvc:eForm/mvc:Data/mvc:formData/mvc:PPA_PROBATION_PERFORMANCE</fm:transform_xpath>
		<fm:action name="probation_period" xmlns:fm="http://www.hyfinity.com/formmaker">
			<fm:xform_xpath>/mvc:eForm/mvc:Data/mvc:formData/mvc:PPA_PROBATION_PERFORMANCE</fm:xform_xpath>
		</fm:action>
	</element>
	<group name="current_position_info" />
	<group name="proposed_pos_info" />
	<group name="final_post_info" />
	<group name="x" />
	<element name="PPA_CURRENT_ADMIN_CODE">
		<fm:action name="initial_response" xmlns:fm="http://www.hyfinity.com/formmaker">
			<fm:xform_xpath>/mvc:eForm/mvc:Data/mvc:formData/mvc:CI_CURRENT_ADMIN_CODE</fm:xform_xpath>
		</fm:action>
		<fm:action name="case_completedX" xmlns:fm="http://www.hyfinity.com/formmaker">
			<fm:xform_xpath>/mvc:eForm/mvc:Data/mvc:formData/mvc:CI_CURRENT_ADMIN_CODE</fm:xform_xpath>
		</fm:action>
		<fm:action name="probation_period" xmlns:fm="http://www.hyfinity.com/formmaker">
			<fm:xform_xpath>/mvc:eForm/mvc:Data/mvc:formData/mvc:PPA_CURRENT_ADMIN_CODE</fm:xform_xpath>
		</fm:action>
		<transform_xpath>/mvc:eForm/mvc:Data/mvc:formData/mvc:PPA_CURRENT_ADMIN_CODE</transform_xpath>
		<description />
	</element>
	<element name="PPA_ORAL_PREZ_REQUESTED">
		<fm:action name="initial_response" xmlns:fm="http://www.hyfinity.com/formmaker">
			<fm:xform_xpath>/mvc:eForm/mvc:Data/mvc:formData/mvc:CI_ORAL_PREZ_REQUESTED</fm:xform_xpath>
		</fm:action>
		<fm:action name="case_completedX" xmlns:fm="http://www.hyfinity.com/formmaker">
			<fm:xform_xpath>/mvc:eForm/mvc:Data/mvc:formData/mvc:CI_ORAL_PREZ_REQUESTED</fm:xform_xpath>
		</fm:action>
		<fm:action name="probation_period" xmlns:fm="http://www.hyfinity.com/formmaker">
			<fm:xform_xpath>/mvc:eForm/mvc:Data/mvc:formData/mvc:PPA_ORAL_PREZ_REQUESTED</fm:xform_xpath>
		</fm:action>
		<transform_xpath>/mvc:eForm/mvc:Data/mvc:formData/mvc:PPA_ORAL_PREZ_REQUESTED</transform_xpath>
		<description />
	</element>
	<element name="PPA_TERM_AGENCY_DECISION">
		<fm:action name="initial_response" xmlns:fm="http://www.hyfinity.com/formmaker">
			<fm:xform_xpath>/mvc:eForm/mvc:Data/mvc:formData/mvc:CI_TERM_AGENCY_DECISION</fm:xform_xpath>
		</fm:action>
		<fm:action name="case_completedX" xmlns:fm="http://www.hyfinity.com/formmaker">
			<fm:xform_xpath>/mvc:eForm/mvc:Data/mvc:formData/mvc:CI_TERM_AGENCY_DECISION</fm:xform_xpath>
		</fm:action>
		<fm:transform_xpath xmlns:fm="http://www.hyfinity.com/formmaker">/mvc:eForm/mvc:Data/mvc:formData/mvc:PPA_TERM_AGENCY_DECISION</fm:transform_xpath>
		<fm:action name="probation_period" xmlns:fm="http://www.hyfinity.com/formmaker">
			<fm:xform_xpath>/mvc:eForm/mvc:Data/mvc:formData/mvc:PPA_TERM_AGENCY_DECISION</fm:xform_xpath>
		</fm:action>
	</element>
	<group name="layout_group_27" />
	<group name="layout_group_31" />
	<element name="PPA_TERM_EFFECTIVE_DECISION_DT">
		<fm:action name="initial_response" xmlns:fm="http://www.hyfinity.com/formmaker">
			<fm:xform_xpath>/mvc:eForm/mvc:Data/mvc:formData/mvc:CI_TERM_EFFECTIVE_DECISION_DT</fm:xform_xpath>
		</fm:action>
		<fm:action name="case_completedX" xmlns:fm="http://www.hyfinity.com/formmaker">
			<fm:xform_xpath>/mvc:eForm/mvc:Data/mvc:formData/mvc:CI_TERM_EFFECTIVE_DECISION_DT</fm:xform_xpath>
		</fm:action>
		<fm:transform_xpath xmlns:fm="http://www.hyfinity.com/formmaker">/mvc:eForm/mvc:Data/mvc:formData/mvc:PPA_TERM_EFFECTIVE_DECISION_DT</fm:transform_xpath>
		<fm:action name="probation_period" xmlns:fm="http://www.hyfinity.com/formmaker">
			<fm:xform_xpath>/mvc:eForm/mvc:Data/mvc:formData/mvc:PPA_TERM_EFFECTIVE_DECISION_DT</fm:xform_xpath>
		</fm:action>
	</element>
	<group name="layout_group_32" />
	<group name="layout_group_45" />
	<element name="PPA_DEMO_FINAL_AGENCY_DECISION">
		<fm:action name="initial_response" xmlns:fm="http://www.hyfinity.com/formmaker">
			<fm:xform_xpath>/mvc:eForm/mvc:Data/mvc:formData/mvc:CI_DEMO_FINAL_AGENCY_DECISION</fm:xform_xpath>
		</fm:action>
		<fm:action name="case_completedX" xmlns:fm="http://www.hyfinity.com/formmaker">
			<fm:xform_xpath>/mvc:eForm/mvc:Data/mvc:formData/mvc:CI_DEMO_FINAL_AGENCY_DECISION</fm:xform_xpath>
		</fm:action>
		<fm:action name="probation_period" xmlns:fm="http://www.hyfinity.com/formmaker">
			<fm:xform_xpath>/mvc:eForm/mvc:Data/mvc:formData/mvc:PPA_DEMO_FINAL_AGENCY_DECISION</fm:xform_xpath>
		</fm:action>
		<transform_xpath>/mvc:eForm/mvc:Data/mvc:formData/mvc:PPA_DEMO_FINAL_AGENCY_DECISION</transform_xpath>
		<repeat_xpath>/mvc:eForm/mvc:Data/lookup/record[LTYPE='ERLRDemotionFinDecision' and ACTIVE='1']</repeat_xpath>
		<value_xpath>NAME</value_xpath>
		<text_xpath>LABEL</text_xpath>
		<description />
	</element>
	<group name="layout_group_46" />
	<element name="PPA_DEMO_FINAL_AGENCY_EFF_DT">
		<fm:action name="initial_response" xmlns:fm="http://www.hyfinity.com/formmaker">
			<fm:xform_xpath>/mvc:eForm/mvc:Data/mvc:formData/mvc:CI_DEMO_FINAL_AGENCY_EFF_DT</fm:xform_xpath>
		</fm:action>
		<fm:action name="case_completedX" xmlns:fm="http://www.hyfinity.com/formmaker">
			<fm:xform_xpath>/mvc:eForm/mvc:Data/mvc:formData/mvc:CI_DEMO_FINAL_AGENCY_EFF_DT</fm:xform_xpath>
		</fm:action>
		<fm:action name="probation_period" xmlns:fm="http://www.hyfinity.com/formmaker">
			<fm:xform_xpath>/mvc:eForm/mvc:Data/mvc:formData/mvc:PPA_DEMO_FINAL_AGENCY_EFF_DT</fm:xform_xpath>
		</fm:action>
		<transform_xpath>/mvc:eForm/mvc:Data/mvc:formData/mvc:PPA_DEMO_FINAL_AGENCY_EFF_DT</transform_xpath>
		<description />
	</element>
	<element name="PPA_RE_ASSIGNMENT_CURR_ORG">
		<fm:action name="initial_response" xmlns:fm="http://www.hyfinity.com/formmaker">
			<fm:xform_xpath>/mvc:eForm/mvc:Data/mvc:formData/mvc:CI_RE_ASSIGNMENT_CURR_ORG</fm:xform_xpath>
		</fm:action>
		<fm:action name="case_completedX" xmlns:fm="http://www.hyfinity.com/formmaker">
			<fm:xform_xpath>/mvc:eForm/mvc:Data/mvc:formData/mvc:CI_RE_ASSIGNMENT_CURR_ORG</fm:xform_xpath>
		</fm:action>
		<fm:action name="probation_period" xmlns:fm="http://www.hyfinity.com/formmaker">
			<fm:xform_xpath>/mvc:eForm/mvc:Data/mvc:formData/mvc:PPA_RE_ASSIGNMENT_CURR_ORG</fm:xform_xpath>
		</fm:action>
		<transform_xpath>/mvc:eForm/mvc:Data/mvc:formData/mvc:PPA_RE_ASSIGNMENT_CURR_ORG</transform_xpath>
		<description />
	</element>
	<element name="PPA_RE_ASSIGNMENT_FINAL_ORG">
		<fm:action name="initial_response" xmlns:fm="http://www.hyfinity.com/formmaker">
			<fm:xform_xpath>/mvc:eForm/mvc:Data/mvc:formData/mvc:CI_RE_ASSIGNMENT_FINAL_ORG</fm:xform_xpath>
		</fm:action>
		<fm:action name="case_completedX" xmlns:fm="http://www.hyfinity.com/formmaker">
			<fm:xform_xpath>/mvc:eForm/mvc:Data/mvc:formData/mvc:CI_RE_ASSIGNMENT_FINAL_ORG</fm:xform_xpath>
		</fm:action>
		<fm:action name="probation_period" xmlns:fm="http://www.hyfinity.com/formmaker">
			<fm:xform_xpath>/mvc:eForm/mvc:Data/mvc:formData/mvc:PPA_RE_ASSIGNMENT_FINAL_ORG</fm:xform_xpath>
		</fm:action>
		<transform_xpath>/mvc:eForm/mvc:Data/mvc:formData/mvc:PPA_RE_ASSIGNMENT_FINAL_ORG</transform_xpath>
		<description />
	</element>
	<group name="layout_group_13" />
	<group name="emp_appeal_decision" />
	<group name="emp_appeal_decision_group" />
	<element name="PPA_EMP_APPEAL_DECISION">
		<fm:transform_xpath xmlns:fm="http://www.hyfinity.com/formmaker">/mvc:eForm/mvc:Data/mvc:formData/mvc:PPA_EMP_APPEAL_DECISION</fm:transform_xpath>
		<fm:action name="probation_period" xmlns:fm="http://www.hyfinity.com/formmaker">
			<fm:xform_xpath>/mvc:eForm/mvc:Data/mvc:formData/mvc:PPA_EMP_APPEAL_DECISION</fm:xform_xpath>
		</fm:action>
	</element>
	<element name="PPA_NUMB_DAYS">
		<fm:action name="probation_period" xmlns:fm="http://www.hyfinity.com/formmaker">
			<fm:xform_xpath>/mvc:eForm/mvc:Data/mvc:formData/mvc:PPA_NUMB_DAYS</fm:xform_xpath>
		</fm:action>
		<transform_xpath>/mvc:eForm/mvc:Data/mvc:formData/mvc:PPA_NUMB_DAYS</transform_xpath>
		<description />
	</element>
	<group name="layout_group_2" />
	<element name="PPA_TERM_NUMB_DAYS">
		<fm:transform_xpath xmlns:fm="http://www.hyfinity.com/formmaker">/mvc:eForm/mvc:Data/mvc:formData/mvc:PPA_TERM_NUMB_DAYS</fm:transform_xpath>
		<fm:action name="probation_period" xmlns:fm="http://www.hyfinity.com/formmaker">
			<fm:xform_xpath>/mvc:eForm/mvc:Data/mvc:formData/mvc:PPA_TERM_NUMB_DAYS</fm:xform_xpath>
		</fm:action>
	</element>
	<group name="layout_group_23" />
	<element name="PPA_PROP_ACTION_ISSUED_DT">
		<description />
		<transform_xpath>enter_xpath_here</transform_xpath>
		<fm:action name="probation_period" xmlns:fm="http://www.hyfinity.com/formmaker">
			<xform_xpath>enter_xpath_here</xform_xpath>
		</fm:action>
	</element>
	<element name="PPA_ORAL_PREZ_DT">
		<transform_xpath>enter_xpath_here</transform_xpath>
		<fm:action name="probation_period" xmlns:fm="http://www.hyfinity.com/formmaker">
			<xform_xpath>enter_xpath_here</xform_xpath>
		</fm:action>
	</element>
	<element name="PPA_WRITTEN_RESPONSE_SUBMITTED_DT">
		<description />
		<transform_xpath>enter_xpath_here</transform_xpath>
		<fm:action name="probation_period" xmlns:fm="http://www.hyfinity.com/formmaker">
			<xform_xpath>enter_xpath_here</xform_xpath>
		</fm:action>
	</element>
	<element name="PPA_PPLAN">
		<description />
		<transform_xpath>enter_xpath_here</transform_xpath>
		<fm:action name="probation_period" xmlns:fm="http://www.hyfinity.com/formmaker" />
	</element>
	<element name="PPA_PROPOSED_INFO_STEP">
		<description />
		<transform_xpath>enter_xpath_here</transform_xpath>
		<fm:action name="probation_period" xmlns:fm="http://www.hyfinity.com/formmaker">
			<xform_xpath>enter_xpath_here</xform_xpath>
		</fm:action>
	</element>
	<element name="PPA_FINAL_INFO_GRADE">
		<transform_xpath>enter_xpath_here</transform_xpath>
		<fm:action name="probation_period" xmlns:fm="http://www.hyfinity.com/formmaker">
			<xform_xpath>enter_xpath_here</xform_xpath>
		</fm:action>
	</element>
	<element name="PPA_PROPOSED_SERIES">
		<repeat_xpath>enter_xpath_here</repeat_xpath>
		<value_xpath>enter_xpath_here</value_xpath>
		<text_xpath>enter_xpath_here</text_xpath>
		<description />
		<transform_xpath>enter_xpath_here</transform_xpath>
		<fm:action name="probation_period" xmlns:fm="http://www.hyfinity.com/formmaker">
			<xform_xpath>enter_xpath_here</xform_xpath>
		</fm:action>
	</element>
	<element name="PPA_PROPOSED_PPLAN">
		<repeat_xpath>enter_xpath_here</repeat_xpath>
		<value_xpath>enter_xpath_here</value_xpath>
		<text_xpath>enter_xpath_here</text_xpath>
		<transform_xpath>enter_xpath_here</transform_xpath>
		<fm:action name="probation_period" xmlns:fm="http://www.hyfinity.com/formmaker">
			<xform_xpath>enter_xpath_here</xform_xpath>
		</fm:action>
	</element>
	<element name="PPA_ORAL_PREZ_DT">
		<description />
		<transform_xpath>enter_xpath_here</transform_xpath>
		<fm:action name="probation_period" xmlns:fm="http://www.hyfinity.com/formmaker">
			<xform_xpath>enter_xpath_here</xform_xpath>
		</fm:action>
	</element>
	<element name="PPA_PROPOSED_POS_TITLE">
		<description />
		<fm:action name="probation_period" xmlns:fm="http://www.hyfinity.com/formmaker">
			<xform_xpath>enter_xpath_here</xform_xpath>
		</fm:action>
	</element>
	<element name="PPA_DEMO_FINAL_AGENCY_DECISION">
		<repeat_xpath>enter_xpath_here</repeat_xpath>
		<value_xpath>enter_xpath_here</value_xpath>
		<text_xpath>enter_xpath_here</text_xpath>
		<description />
		<transform_xpath>enter_xpath_here</transform_xpath>
		<fm:action name="probation_period" xmlns:fm="http://www.hyfinity.com/formmaker">
			<xform_xpath>enter_xpath_here</xform_xpath>
		</fm:action>
	</element>
	<element name="PPA_DECISION_ISSUED_DT">
		<transform_xpath>enter_xpath_here</transform_xpath>
		<fm:action name="probation_period" xmlns:fm="http://www.hyfinity.com/formmaker">
			<xform_xpath>enter_xpath_here</xform_xpath>
		</fm:action>
	</element>
	<element name="PPA_NUMB_DAYS">
		<transform_xpath>enter_xpath_here</transform_xpath>
		<fm:action name="probation_period" xmlns:fm="http://www.hyfinity.com/formmaker">
			<xform_xpath>enter_xpath_here</xform_xpath>
		</fm:action>
	</element>
	<element name="PPA_EFFECTIVE_DT">
		<description />
		<transform_xpath>enter_xpath_here</transform_xpath>
		<fm:action name="probation_period" xmlns:fm="http://www.hyfinity.com/formmaker">
			<xform_xpath>enter_xpath_here</xform_xpath>
		</fm:action>
	</element>
	<element name="PPA_FINAL_ADMIN_CODE_SEARCH">
		<description />
		<transform_xpath>enter_xpath_here</transform_xpath>
		<fm:action name="probation_period" xmlns:fm="http://www.hyfinity.com/formmaker">
			<xform_xpath>enter_xpath_here</xform_xpath>
		</fm:action>
	</element>
	<element name="PPA_NUMB_DAYS">
		<description />
		<transform_xpath>enter_xpath_here</transform_xpath>
		<fm:action name="probation_period" xmlns:fm="http://www.hyfinity.com/formmaker">
			<xform_xpath>enter_xpath_here</xform_xpath>
		</fm:action>
	</element>
	<element name="PPA_REMOVAL_PROP_ACTION_DT">
		<description />
		<fm:action name="probation_period" xmlns:fm="http://www.hyfinity.com/formmaker">
			<xform_xpath>enter_xpath_here</xform_xpath>
		</fm:action>
	</element>
	<element name="PPA_TERM_PROP_ACTION_DT">
		<transform_xpath>enter_xpath_here</transform_xpath>
		<fm:action name="probation_period" xmlns:fm="http://www.hyfinity.com/formmaker">
			<xform_xpath>enter_xpath_here</xform_xpath>
		</fm:action>
	</element>
	<element name="PPA_DECISION_ISSUED_DT">
		<transform_xpath>enter_xpath_here</transform_xpath>
		<fm:action name="probation_period" xmlns:fm="http://www.hyfinity.com/formmaker">
			<xform_xpath>enter_xpath_here</xform_xpath>
		</fm:action>
	</element>
	<element name="PPA_DECISION_ISSUED_DT">
		<description />
		<transform_xpath>enter_xpath_here</transform_xpath>
		<fm:action name="probation_period" xmlns:fm="http://www.hyfinity.com/formmaker">
			<xform_xpath>enter_xpath_here</xform_xpath>
		</fm:action>
	</element>
	<element name="PPA_DECISION_ISSUED_DT">
		<transform_xpath>enter_xpath_here</transform_xpath>
		<fm:action name="probation_period" xmlns:fm="http://www.hyfinity.com/formmaker">
			<xform_xpath>enter_xpath_here</xform_xpath>
		</fm:action>
	</element>
	<element name="PPA_TERM_PROP_ACTION_DT">
		<description />
		<transform_xpath>enter_xpath_here</transform_xpath>
		<fm:action name="probation_period" xmlns:fm="http://www.hyfinity.com/formmaker">
			<xform_xpath>enter_xpath_here</xform_xpath>
		</fm:action>
	</element>
	<element name="PPA_TERM_PROP_ACTION_DT">
		<transform_xpath>enter_xpath_here</transform_xpath>
		<fm:action name="probation_period" xmlns:fm="http://www.hyfinity.com/formmaker">
			<xform_xpath>enter_xpath_here</xform_xpath>
		</fm:action>
	</element>
	<element name="PPA_PROPOSED_PPLAN">
		<repeat_xpath>enter_xpath_here</repeat_xpath>
		<value_xpath>enter_xpath_here</value_xpath>
		<text_xpath>enter_xpath_here</text_xpath>
		<transform_xpath>enter_xpath_here</transform_xpath>
		<fm:action name="probation_period" xmlns:fm="http://www.hyfinity.com/formmaker">
			<xform_xpath>enter_xpath_here</xform_xpath>
		</fm:action>
	</element>
</xforms>
