<?xml version="1.0" encoding="UTF-8"?>
<xforms xmlns="http://www.hyfinity.com/formmaker" xmlns:mvc="http://www.hyfinity.com/mvc" xmlns:xs="http://www.w3.org/2001/XMLSchema">
	<instance_configuration>
		<action name="Position" />
	</instance_configuration>
	<page />
	<group name="GLA_group" />
	<element name="POS_LOCATION_SEARCH">
		<transform_xpath />
		<fm:action name="Position" xmlns:fm="http://www.hyfinity.com/formmaker">
			<xform_xpath>/mvc:eForm/mvc:Data/mvc:formData/mvc:POS_LOCATION_SEARCH</xform_xpath>
		</fm:action>
		<description />
	</element>
	<element name="POS_VICE_NAME">
		<fm:action name="Position" xmlns:fm="http://www.hyfinity.com/formmaker">
			<xform_xpath>/mvc:eForm/mvc:Data/FORM_DATA/DOCUMENT/POSITION/POS_VICE_NAME</xform_xpath>
		</fm:action>
		<transform_xpath>/mvc:eForm/mvc:Data/FORM_DATA/DOCUMENT/POSITION/POS_VICE_NAME</transform_xpath>
		<description />
	</element>
	<element name="POS_CAN">
		<fm:action name="Position" xmlns:fm="http://www.hyfinity.com/formmaker">
			<xform_xpath>/mvc:eForm/mvc:Data/FORM_DATA/DOCUMENT/POSITION/POS_CAN</xform_xpath>
		</fm:action>
		<transform_xpath>/mvc:eForm/mvc:Data/FORM_DATA/DOCUMENT/POSITION/POS_CAN</transform_xpath>
		<description />
	</element>
	<element name="POS_VICE">
		<fm:action name="Position" xmlns:fm="http://www.hyfinity.com/formmaker">
			<xform_xpath>/mvc:eForm/mvc:Data/FORM_DATA/DOCUMENT/POSITION/POS_VICE</xform_xpath>
		</fm:action>
		<transform_xpath>/mvc:eForm/mvc:Data/FORM_DATA/DOCUMENT/POSITION/POS_VICE</transform_xpath>
		<description />
	</element>
	<element name="SUPERVISOR_SEARCH">
		<transform_xpath />
		<fm:action name="Position" xmlns:fm="http://www.hyfinity.com/formmaker">
			<xform_xpath>/mvc:eForm/mvc:Data/mvc:formData/mvc:SUPERVISOR_SEARCH</xform_xpath>
		</fm:action>
		<description />
	</element>
	<element name="POS_WORK_SCHED_ID">
		<fm:action name="Position" xmlns:fm="http://www.hyfinity.com/formmaker">
			<xform_xpath>/mvc:eForm/mvc:Data/FORM_DATA/DOCUMENT/POSITION/POS_WORK_SCHED_ID</xform_xpath>
		</fm:action>
		<transform_xpath>/mvc:eForm/mvc:Data/FORM_DATA/DOCUMENT/POSITION/POS_WORK_SCHED_ID</transform_xpath>
		<repeat_xpath>/mvc:eForm/mvc:Data/lookup/record[LTYPE='WorkSchedule']</repeat_xpath>
		<value_xpath>ID</value_xpath>
		<text_xpath>LABEL</text_xpath>
		<description />
	</element>
	<element name="POS_NTE">
		<fm:action name="Position" xmlns:fm="http://www.hyfinity.com/formmaker">
			<xform_xpath>/mvc:eForm/mvc:Data/FORM_DATA/DOCUMENT/POSITION/POS_NTE</xform_xpath>
		</fm:action>
		<transform_xpath>/mvc:eForm/mvc:Data/FORM_DATA/DOCUMENT/POSITION/POS_NTE</transform_xpath>
		<description />
	</element>
	<element name="POS_DAYS_ADVERTISED">
		<fm:action name="Position" xmlns:fm="http://www.hyfinity.com/formmaker">
			<xform_xpath>/mvc:eForm/mvc:Data/FORM_DATA/DOCUMENT/POSITION/POS_DAYS_ADVERTISED</xform_xpath>
		</fm:action>
		<transform_xpath>/mvc:eForm/mvc:Data/FORM_DATA/DOCUMENT/POSITION/POS_DAYS_ADVERTISED</transform_xpath>
		<description />
	</element>
	<element name="POS_AT_ID">
		<fm:action name="Position" xmlns:fm="http://www.hyfinity.com/formmaker">
			<xform_xpath>/mvc:eForm/mvc:Data/FORM_DATA/DOCUMENT/POSITION/POS_AT_ID</xform_xpath>
		</fm:action>
		<transform_xpath>/mvc:eForm/mvc:Data/FORM_DATA/DOCUMENT/POSITION/POS_AT_ID</transform_xpath>
		<repeat_xpath>/mvc:eForm/mvc:Data/lookup/record[LTYPE='ApptType']</repeat_xpath>
		<value_xpath>ID</value_xpath>
		<text_xpath>LABEL</text_xpath>
		<description />
	</element>
	<element name="POS_SEC_ID">
		<fm:action name="Position" xmlns:fm="http://www.hyfinity.com/formmaker">
			<xform_xpath>/mvc:eForm/mvc:Data/FORM_DATA/DOCUMENT/POSITION/POS_SEC_ID</xform_xpath>
		</fm:action>
		<transform_xpath>/mvc:eForm/mvc:Data/FORM_DATA/DOCUMENT/POSITION/POS_SEC_ID</transform_xpath>
		<repeat_xpath>/mvc:eForm/mvc:Data/lookup/record[LTYPE='PositionSensitivity']</repeat_xpath>
		<value_xpath>ID</value_xpath>
		<text_xpath>LABEL</text_xpath>
		<description />
	</element>
	<element name="POS_CE_FINANCIAL_DISC">
		<fm:action name="Position" xmlns:fm="http://www.hyfinity.com/formmaker">
			<xform_xpath>/mvc:eForm/mvc:Data/FORM_DATA/DOCUMENT/POSITION/POS_CE_FINANCIAL_DISC</xform_xpath>
		</fm:action>
		<transform_xpath>/mvc:eForm/mvc:Data/FORM_DATA/DOCUMENT/POSITION/POS_CE_FINANCIAL_DISC</transform_xpath>
		<description />
	</element>
	<element name="POS_CE_FINANCIAL_TYPE_ID">
		<fm:action name="Position" xmlns:fm="http://www.hyfinity.com/formmaker">
			<xform_xpath>/mvc:eForm/mvc:Data/FORM_DATA/DOCUMENT/POSITION/POS_CE_FINANCIAL_TYPE_ID</xform_xpath>
		</fm:action>
		<transform_xpath>/mvc:eForm/mvc:Data/FORM_DATA/DOCUMENT/POSITION/POS_CE_FINANCIAL_TYPE_ID</transform_xpath>
		<repeat_xpath>/mvc:eForm/mvc:Data/lookup/record[LTYPE='FinancialStatementRequired']</repeat_xpath>
		<value_xpath>ID</value_xpath>
		<text_xpath>LABEL</text_xpath>
		<description />
	</element>
	<element name="POS_CE_PE_PHYSICAL">
		<fm:action name="Position" xmlns:fm="http://www.hyfinity.com/formmaker">
			<xform_xpath>/mvc:eForm/mvc:Data/FORM_DATA/DOCUMENT/POSITION/POS_CE_PE_PHYSICAL</xform_xpath>
		</fm:action>
		<transform_xpath>/mvc:eForm/mvc:Data/FORM_DATA/DOCUMENT/POSITION/POS_CE_PE_PHYSICAL</transform_xpath>
		<description />
	</element>
	<element name="POS_CE_DRUG_TEST">
		<fm:action name="Position" xmlns:fm="http://www.hyfinity.com/formmaker">
			<xform_xpath>/mvc:eForm/mvc:Data/FORM_DATA/DOCUMENT/POSITION/POS_CE_DRUG_TEST</xform_xpath>
		</fm:action>
		<transform_xpath>/mvc:eForm/mvc:Data/FORM_DATA/DOCUMENT/POSITION/POS_CE_DRUG_TEST</transform_xpath>
		<value_xpath>/mvc:eForm/mvc:Data/FORM_DATA/DOCUMENT/POSITION/POS_CE_DRUG_TEST</value_xpath>
		<description />
	</element>
	<element name="POS_CE_IMMUN">
		<fm:action name="Position" xmlns:fm="http://www.hyfinity.com/formmaker">
			<xform_xpath>/mvc:eForm/mvc:Data/FORM_DATA/DOCUMENT/POSITION/POS_CE_IMMUN</xform_xpath>
		</fm:action>
		<transform_xpath>/mvc:eForm/mvc:Data/FORM_DATA/DOCUMENT/POSITION/POS_CE_IMMUN</transform_xpath>
		<value_xpath>/mvc:eForm/mvc:Data/FORM_DATA/DOCUMENT/POSITION/POS_CE_IMMUN</value_xpath>
		<description />
	</element>
	<element name="POS_CE_TRAVEL">
		<fm:action name="Position" xmlns:fm="http://www.hyfinity.com/formmaker">
			<xform_xpath>/mvc:eForm/mvc:Data/FORM_DATA/DOCUMENT/POSITION/POS_CE_TRAVEL</xform_xpath>
		</fm:action>
		<transform_xpath>/mvc:eForm/mvc:Data/FORM_DATA/DOCUMENT/POSITION/POS_CE_TRAVEL</transform_xpath>
		<description />
	</element>
	<element name="POS_CE_LIC">
		<fm:action name="Position" xmlns:fm="http://www.hyfinity.com/formmaker">
			<xform_xpath>/mvc:eForm/mvc:Data/FORM_DATA/DOCUMENT/POSITION/POS_CE_LIC</xform_xpath>
		</fm:action>
		<transform_xpath>/mvc:eForm/mvc:Data/FORM_DATA/DOCUMENT/POSITION/POS_CE_LIC</transform_xpath>
		<value_xpath>/mvc:eForm/mvc:Data/FORM_DATA/DOCUMENT/POSITION/POS_CE_LIC</value_xpath>
		<description />
	</element>
	<element name="POS_CE_LIC_INFO">
		<fm:action name="Position" xmlns:fm="http://www.hyfinity.com/formmaker">
			<xform_xpath>/mvc:eForm/mvc:Data/FORM_DATA/DOCUMENT/POSITION/POS_CE_LIC_INFO</xform_xpath>
		</fm:action>
		<transform_xpath>/mvc:eForm/mvc:Data/FORM_DATA/DOCUMENT/POSITION/POS_CE_LIC_INFO</transform_xpath>
		<description />
	</element>
	<element name="POS_TITLE">
		<fm:action name="Position" xmlns:fm="http://www.hyfinity.com/formmaker">
			<xform_xpath>/mvc:eForm/mvc:Data/FORM_DATA/DOCUMENT/POSITION/POS_TITLE</xform_xpath>
		</fm:action>
		<transform_xpath>/mvc:eForm/mvc:Data/FORM_DATA/DOCUMENT/POSITION/POS_TITLE</transform_xpath>
		<description />
	</element>
	<element name="POS_MED_OFFICERS_ID">
		<fm:action name="Position" xmlns:fm="http://www.hyfinity.com/formmaker">
			<xform_xpath>/mvc:eForm/mvc:Data/FORM_DATA/DOCUMENT/POSITION/POS_MED_OFFICERS_ID</xform_xpath>
		</fm:action>
		<transform_xpath>/mvc:eForm/mvc:Data/FORM_DATA/DOCUMENT/POSITION/POS_MED_OFFICERS_ID</transform_xpath>
		<repeat_xpath>/mvc:eForm/mvc:Data/lookup/record[LTYPE='MedicalOfficer']</repeat_xpath>
		<value_xpath>ID</value_xpath>
		<text_xpath>NAME</text_xpath>
		<description />
	</element>
	<element name="POS_SUPERVISORY">
		<fm:action name="Position" xmlns:fm="http://www.hyfinity.com/formmaker">
			<xform_xpath>/mvc:eForm/mvc:Data/FORM_DATA/DOCUMENT/POSITION/POS_SUPERVISORY</xform_xpath>
		</fm:action>
		<transform_xpath>/mvc:eForm/mvc:Data/FORM_DATA/DOCUMENT/POSITION/POS_SUPERVISORY</transform_xpath>
		<repeat_xpath>/mvc:eForm/mvc:Data/lookup/record[LTYPE='PositionIs']</repeat_xpath>
		<value_xpath>ID</value_xpath>
		<text_xpath>NAME</text_xpath>
		<description />
	</element>
	<element name="POS_SKILL">
		<fm:action name="Position" xmlns:fm="http://www.hyfinity.com/formmaker">
			<xform_xpath>/mvc:eForm/mvc:Data/FORM_DATA/DOCUMENT/POSITION/POS_SKILL</xform_xpath>
		</fm:action>
		<transform_xpath>/mvc:eForm/mvc:Data/FORM_DATA/DOCUMENT/POSITION/POS_SKILL</transform_xpath>
		<description />
	</element>
	<element name="POS_REMARKS">
		<fm:action name="Position" xmlns:fm="http://www.hyfinity.com/formmaker">
			<xform_xpath>/mvc:eForm/mvc:Data/FORM_DATA/DOCUMENT/POSITION/POS_REMARKS</xform_xpath>
		</fm:action>
		<transform_xpath>/mvc:eForm/mvc:Data/FORM_DATA/DOCUMENT/POSITION/POS_REMARKS</transform_xpath>
		<description />
	</element>
	<element name="POS_GA_1">
		<fm:action name="Position" xmlns:fm="http://www.hyfinity.com/formmaker">
			<xform_xpath>/mvc:eForm/mvc:Data/FORM_DATA/DOCUMENT/POSITION/GRADE_ADVERTISED/POS_GA_1</xform_xpath>
		</fm:action>
		<transform_xpath>/mvc:eForm/mvc:Data/FORM_DATA/DOCUMENT/POSITION/GRADE_ADVERTISED/POS_GA_1</transform_xpath>
		<description />
	</element>
	<element name="POS_GA_2">
		<fm:action name="Position" xmlns:fm="http://www.hyfinity.com/formmaker">
			<xform_xpath>/mvc:eForm/mvc:Data/FORM_DATA/DOCUMENT/POSITION/GRADE_ADVERTISED/POS_GA_2</xform_xpath>
		</fm:action>
		<transform_xpath>/mvc:eForm/mvc:Data/FORM_DATA/DOCUMENT/POSITION/GRADE_ADVERTISED/POS_GA_2</transform_xpath>
		<description />
	</element>
	<element name="POS_GA_3">
		<fm:action name="Position" xmlns:fm="http://www.hyfinity.com/formmaker">
			<xform_xpath>/mvc:eForm/mvc:Data/FORM_DATA/DOCUMENT/POSITION/GRADE_ADVERTISED/POS_GA_3</xform_xpath>
		</fm:action>
		<transform_xpath>/mvc:eForm/mvc:Data/FORM_DATA/DOCUMENT/POSITION/GRADE_ADVERTISED/POS_GA_3</transform_xpath>
		<description />
	</element>
	<element name="POS_GA_4">
		<fm:action name="Position" xmlns:fm="http://www.hyfinity.com/formmaker">
			<xform_xpath>/mvc:eForm/mvc:Data/FORM_DATA/DOCUMENT/POSITION/GRADE_ADVERTISED/POS_GA_4</xform_xpath>
		</fm:action>
		<transform_xpath>/mvc:eForm/mvc:Data/FORM_DATA/DOCUMENT/POSITION/GRADE_ADVERTISED/POS_GA_4</transform_xpath>
		<description />
	</element>
	<element name="POS_GA_5">
		<fm:action name="Position" xmlns:fm="http://www.hyfinity.com/formmaker">
			<xform_xpath>/mvc:eForm/mvc:Data/FORM_DATA/DOCUMENT/POSITION/GRADE_ADVERTISED/POS_GA_5</xform_xpath>
		</fm:action>
		<transform_xpath>/mvc:eForm/mvc:Data/FORM_DATA/DOCUMENT/POSITION/GRADE_ADVERTISED/POS_GA_5</transform_xpath>
		<description />
	</element>
	<element name="POS_GA_6">
		<fm:action name="Position" xmlns:fm="http://www.hyfinity.com/formmaker">
			<xform_xpath>/mvc:eForm/mvc:Data/FORM_DATA/DOCUMENT/POSITION/GRADE_ADVERTISED/POS_GA_6</xform_xpath>
		</fm:action>
		<transform_xpath>/mvc:eForm/mvc:Data/FORM_DATA/DOCUMENT/POSITION/GRADE_ADVERTISED/POS_GA_6</transform_xpath>
		<description />
	</element>
	<element name="POS_GA_7">
		<fm:action name="Position" xmlns:fm="http://www.hyfinity.com/formmaker">
			<xform_xpath>/mvc:eForm/mvc:Data/FORM_DATA/DOCUMENT/POSITION/GRADE_ADVERTISED/POS_GA_7</xform_xpath>
		</fm:action>
		<transform_xpath>/mvc:eForm/mvc:Data/FORM_DATA/DOCUMENT/POSITION/GRADE_ADVERTISED/POS_GA_7</transform_xpath>
		<description />
	</element>
	<element name="POS_GA_8">
		<fm:action name="Position" xmlns:fm="http://www.hyfinity.com/formmaker">
			<xform_xpath>/mvc:eForm/mvc:Data/FORM_DATA/DOCUMENT/POSITION/GRADE_ADVERTISED/POS_GA_8</xform_xpath>
		</fm:action>
		<transform_xpath>/mvc:eForm/mvc:Data/FORM_DATA/DOCUMENT/POSITION/GRADE_ADVERTISED/POS_GA_8</transform_xpath>
		<description />
	</element>
	<element name="POS_GA_9">
		<fm:action name="Position" xmlns:fm="http://www.hyfinity.com/formmaker">
			<xform_xpath>/mvc:eForm/mvc:Data/FORM_DATA/DOCUMENT/POSITION/GRADE_ADVERTISED/POS_GA_9</xform_xpath>
		</fm:action>
		<transform_xpath>/mvc:eForm/mvc:Data/FORM_DATA/DOCUMENT/POSITION/GRADE_ADVERTISED/POS_GA_9</transform_xpath>
		<description />
	</element>
	<element name="POS_GA_10">
		<fm:action name="Position" xmlns:fm="http://www.hyfinity.com/formmaker">
			<xform_xpath>/mvc:eForm/mvc:Data/FORM_DATA/DOCUMENT/POSITION/GRADE_ADVERTISED/POS_GA_10</xform_xpath>
		</fm:action>
		<transform_xpath>/mvc:eForm/mvc:Data/FORM_DATA/DOCUMENT/POSITION/GRADE_ADVERTISED/POS_GA_10</transform_xpath>
		<description />
	</element>
	<element name="POS_GA_11">
		<fm:action name="Position" xmlns:fm="http://www.hyfinity.com/formmaker">
			<xform_xpath>/mvc:eForm/mvc:Data/FORM_DATA/DOCUMENT/POSITION/GRADE_ADVERTISED/POS_GA_11</xform_xpath>
		</fm:action>
		<transform_xpath>/mvc:eForm/mvc:Data/FORM_DATA/DOCUMENT/POSITION/GRADE_ADVERTISED/POS_GA_11</transform_xpath>
		<description />
	</element>
	<element name="POS_GA_12">
		<fm:action name="Position" xmlns:fm="http://www.hyfinity.com/formmaker">
			<xform_xpath>/mvc:eForm/mvc:Data/FORM_DATA/DOCUMENT/POSITION/GRADE_ADVERTISED/POS_GA_12</xform_xpath>
		</fm:action>
		<transform_xpath>/mvc:eForm/mvc:Data/FORM_DATA/DOCUMENT/POSITION/GRADE_ADVERTISED/POS_GA_12</transform_xpath>
		<description />
	</element>
	<element name="POS_GA_13">
		<fm:action name="Position" xmlns:fm="http://www.hyfinity.com/formmaker">
			<xform_xpath>/mvc:eForm/mvc:Data/FORM_DATA/DOCUMENT/POSITION/GRADE_ADVERTISED/POS_GA_13</xform_xpath>
		</fm:action>
		<transform_xpath>/mvc:eForm/mvc:Data/FORM_DATA/DOCUMENT/POSITION/GRADE_ADVERTISED/POS_GA_13</transform_xpath>
		<description />
	</element>
	<element name="POS_GA_14">
		<fm:action name="Position" xmlns:fm="http://www.hyfinity.com/formmaker">
			<xform_xpath>/mvc:eForm/mvc:Data/FORM_DATA/DOCUMENT/POSITION/GRADE_ADVERTISED/POS_GA_14</xform_xpath>
		</fm:action>
		<transform_xpath>/mvc:eForm/mvc:Data/FORM_DATA/DOCUMENT/POSITION/GRADE_ADVERTISED/POS_GA_14</transform_xpath>
		<description />
	</element>
	<element name="POS_GA_15">
		<fm:action name="Position" xmlns:fm="http://www.hyfinity.com/formmaker">
			<xform_xpath>/mvc:eForm/mvc:Data/FORM_DATA/DOCUMENT/POSITION/GRADE_ADVERTISED/POS_GA_15</xform_xpath>
		</fm:action>
		<transform_xpath>/mvc:eForm/mvc:Data/FORM_DATA/DOCUMENT/POSITION/GRADE_ADVERTISED/POS_GA_15</transform_xpath>
		<description />
	</element>
	<element name="POS_VACANCIES">
		<description />
		<transform_xpath>/mvc:eForm/mvc:Data/FORM_DATA/DOCUMENT/POSITION/POS_VACANCIES</transform_xpath>
		<fm:action name="Position" xmlns:fm="http://www.hyfinity.com/formmaker">
			<xform_xpath>/mvc:eForm/mvc:Data/FORM_DATA/DOCUMENT/POSITION/POS_VACANCIES</xform_xpath>
		</fm:action>
	</element>
	<element name="POS_PAY_PLAN">
		<fm:action name="Position" xmlns:fm="http://www.hyfinity.com/formmaker">
			<xform_xpath>/mvc:eForm/mvc:Data/FORM_DATA/DOCUMENT/POSITION/POS_PAY_PLAN_ID</xform_xpath>
		</fm:action>
		<transform_xpath>/mvc:eForm/mvc:Data/FORM_DATA/DOCUMENT/POSITION/POS_PAY_PLAN_ID</transform_xpath>
		<repeat_xpath>/mvc:eForm/mvc:Data/lookup/record[LTYPE='PayPlan']</repeat_xpath>
		<value_xpath>NAME</value_xpath>
		<text_xpath>LABEL</text_xpath>
		<description />
	</element>
	<element name="POS_PERFORMANCE_LEVEL">
		<fm:action name="Position" xmlns:fm="http://www.hyfinity.com/formmaker">
			<xform_xpath>/mvc:eForm/mvc:Data/FORM_DATA/DOCUMENT/POSITION/POS_PERFORMANCE_LEVEL</xform_xpath>
		</fm:action>
		<transform_xpath>/mvc:eForm/mvc:Data/FORM_DATA/DOCUMENT/POSITION/POS_PERFORMANCE_LEVEL</transform_xpath>
		<description />
	</element>
	<element name="GRADE_SOURCE">
		<fm:action name="Position" xmlns:fm="http://www.hyfinity.com/formmaker">
			<xform_xpath>enter_xpath_here</xform_xpath>
		</fm:action>
		<transform_xpath>/mvc:eForm/mvc:Data/FORM_DATA/DOCUMENT/POSITION/POS_PAY_PLAN_ID</transform_xpath>
		<repeat_xpath>/mvc:eForm/mvc:Data/gr_list/record</repeat_xpath>
		<value_xpath>GD_PAYPLAN_CD</value_xpath>
		<text_xpath>GRADE_DETAILS</text_xpath>
		<description />
	</element>
	<group name="pos_hidden_fileds" />
	<element name="POS_LOCATION">
		<fm:action name="Position" xmlns:fm="http://www.hyfinity.com/formmaker">
			<xform_xpath>/mvc:eForm/mvc:Data/FORM_DATA/DOCUMENT/POSITION/POS_LOCATION</xform_xpath>
		</fm:action>
		<transform_xpath>/mvc:eForm/mvc:Data/FORM_DATA/DOCUMENT/POSITION/POS_LOCATION</transform_xpath>
		<description />
	</element>
	<element name="POS_REPORT_SUPERVISOR">
		<fm:action name="Position" xmlns:fm="http://www.hyfinity.com/formmaker">
			<xform_xpath>/mvc:eForm/mvc:Data/FORM_DATA/DOCUMENT/POSITION/POS_REPORT_SUPERVISOR</xform_xpath>
		</fm:action>
		<transform_xpath>/mvc:eForm/mvc:Data/FORM_DATA/DOCUMENT/POSITION/POS_REPORT_SUPERVISOR</transform_xpath>
		<description />
	</element>
	<element name="LOC_DISPLAY">
		<fm:action name="Position" xmlns:fm="http://www.hyfinity.com/formmaker">
			<xform_xpath>/mvc:eForm/mvc:Data/FORM_DATA/DOCUMENT/POSITION/POS_LOCATION_DSCR</xform_xpath>
		</fm:action>
		<transform_xpath>/mvc:eForm/mvc:Data/FORM_DATA/DOCUMENT/POSITION/POS_LOCATION_DSCR</transform_xpath>
		<description />
	</element>
	<element name="SUPERVISOR_DISPLAY_DATA">
		<fm:action name="Position" xmlns:fm="http://www.hyfinity.com/formmaker">
			<fm:xform_xpath>/mvc:eForm/mvc:Data/mvc:formData/mvc:SUPERVISOR_DISPLAY_DATA</fm:xform_xpath>
		</fm:action>
		<transform_xpath>/mvc:eForm/mvc:Data/rs_data/record/RS_DISPLAY</transform_xpath>
		<description />
	</element>
	<element name="POS_SERIES">
		<fm:action name="Position" xmlns:fm="http://www.hyfinity.com/formmaker">
			<xform_xpath>/mvc:eForm/mvc:Data/FORM_DATA/DOCUMENT/POSITION/POS_SERIES</xform_xpath>
		</fm:action>
		<transform_xpath>/mvc:eForm/mvc:Data/FORM_DATA/DOCUMENT/POSITION/POS_SERIES</transform_xpath>
		<repeat_xpath>/mvc:eForm/mvc:Data/lookup/record[LTYPE='OccupationalSeries']</repeat_xpath>
		<value_xpath>NAME</value_xpath>
		<text_xpath>LABEL</text_xpath>
		<description />
	</element>
	<element name="POS_HOURS_PER_WEEK">
		<action name="Position">
			<xform_xpath>/mvc:eForm/mvc:Data/FORM_DATA/DOCUMENT/POSITION/POS_HOURS_PER_WEEK</xform_xpath>
		</action>
		<transform_xpath>/mvc:eForm/mvc:Data/FORM_DATA/DOCUMENT/POSITION/POS_HOURS_PER_WEEK</transform_xpath>
		<description />
	</element>
	<element name="POS_GRADE_1">
		<fm:action name="Position" xmlns:fm="http://www.hyfinity.com/formmaker">
			<xform_xpath>/mvc:eForm/mvc:Data/FORM_DATA/DOCUMENT/POSITION/POS_GRADE_1</xform_xpath>
		</fm:action>
		<transform_xpath>/mvc:eForm/mvc:Data/FORM_DATA/DOCUMENT/POSITION/POS_GRADE_1</transform_xpath>
		<description />
	</element>
	<element name="POS_DESC_NUMBER_1">
		<fm:action name="Position" xmlns:fm="http://www.hyfinity.com/formmaker">
			<xform_xpath>/mvc:eForm/mvc:Data/FORM_DATA/DOCUMENT/POSITION/POS_DESC_NUMBER_1</xform_xpath>
		</fm:action>
		<transform_xpath>/mvc:eForm/mvc:Data/FORM_DATA/DOCUMENT/POSITION/POS_DESC_NUMBER_1</transform_xpath>
		<description />
	</element>
	<element name="POS_CLASSIFICATION_DT_1">
		<fm:action name="Position" xmlns:fm="http://www.hyfinity.com/formmaker">
			<xform_xpath>/mvc:eForm/mvc:Data/FORM_DATA/DOCUMENT/POSITION/POS_CLASSIFICATION_DT_1</xform_xpath>
		</fm:action>
		<transform_xpath>/mvc:eForm/mvc:Data/FORM_DATA/DOCUMENT/POSITION/POS_CLASSIFICATION_DT_1</transform_xpath>
		<description />
	</element>
	<element name="POS_GRADE_2">
		<fm:action name="Position" xmlns:fm="http://www.hyfinity.com/formmaker">
			<xform_xpath>/mvc:eForm/mvc:Data/FORM_DATA/DOCUMENT/POSITION/POS_GRADE_2</xform_xpath>
		</fm:action>
		<transform_xpath>/mvc:eForm/mvc:Data/FORM_DATA/DOCUMENT/POSITION/POS_GRADE_2</transform_xpath>
		<description />
	</element>
	<element name="POS_DESC_NUMBER_2">
		<fm:action name="Position" xmlns:fm="http://www.hyfinity.com/formmaker">
			<xform_xpath>/mvc:eForm/mvc:Data/FORM_DATA/DOCUMENT/POSITION/POS_DESC_NUMBER_2</xform_xpath>
		</fm:action>
		<transform_xpath>/mvc:eForm/mvc:Data/FORM_DATA/DOCUMENT/POSITION/POS_DESC_NUMBER_2</transform_xpath>
		<description />
	</element>
	<element name="POS_CLASSIFICATION_DT_2">
		<fm:action name="Position" xmlns:fm="http://www.hyfinity.com/formmaker">
			<xform_xpath>/mvc:eForm/mvc:Data/FORM_DATA/DOCUMENT/POSITION/POS_CLASSIFICATION_DT_2</xform_xpath>
		</fm:action>
		<transform_xpath>/mvc:eForm/mvc:Data/FORM_DATA/DOCUMENT/POSITION/POS_CLASSIFICATION_DT_2</transform_xpath>
		<description />
	</element>
	<element name="POS_GRADE_3">
		<fm:action name="Position" xmlns:fm="http://www.hyfinity.com/formmaker">
			<xform_xpath>/mvc:eForm/mvc:Data/FORM_DATA/DOCUMENT/POSITION/POS_GRADE_3</xform_xpath>
		</fm:action>
		<transform_xpath>/mvc:eForm/mvc:Data/FORM_DATA/DOCUMENT/POSITION/POS_GRADE_3</transform_xpath>
		<description />
	</element>
	<element name="POS_DESC_NUMBER_3">
		<fm:action name="Position" xmlns:fm="http://www.hyfinity.com/formmaker">
			<xform_xpath>/mvc:eForm/mvc:Data/FORM_DATA/DOCUMENT/POSITION/POS_DESC_NUMBER_3</xform_xpath>
		</fm:action>
		<transform_xpath>/mvc:eForm/mvc:Data/FORM_DATA/DOCUMENT/POSITION/POS_DESC_NUMBER_3</transform_xpath>
		<description />
	</element>
	<element name="POS_CLASSIFICATION_DT_3">
		<fm:action name="Position" xmlns:fm="http://www.hyfinity.com/formmaker">
			<xform_xpath>/mvc:eForm/mvc:Data/FORM_DATA/DOCUMENT/POSITION/POS_CLASSIFICATION_DT_3</xform_xpath>
		</fm:action>
		<transform_xpath>/mvc:eForm/mvc:Data/FORM_DATA/DOCUMENT/POSITION/POS_CLASSIFICATION_DT_3</transform_xpath>
		<description />
	</element>
	<element name="POS_GRADE_4">
		<fm:action name="Position" xmlns:fm="http://www.hyfinity.com/formmaker">
			<xform_xpath>/mvc:eForm/mvc:Data/FORM_DATA/DOCUMENT/POSITION/POS_GRADE_4</xform_xpath>
		</fm:action>
		<transform_xpath>/mvc:eForm/mvc:Data/FORM_DATA/DOCUMENT/POSITION/POS_GRADE_4</transform_xpath>
		<description />
	</element>
	<element name="POS_DESC_NUMBER_4">
		<fm:action name="Position" xmlns:fm="http://www.hyfinity.com/formmaker">
			<xform_xpath>/mvc:eForm/mvc:Data/FORM_DATA/DOCUMENT/POSITION/POS_DESC_NUMBER_4</xform_xpath>
		</fm:action>
		<transform_xpath>/mvc:eForm/mvc:Data/FORM_DATA/DOCUMENT/POSITION/POS_DESC_NUMBER_4</transform_xpath>
		<description />
	</element>
	<element name="POS_CLASSIFICATION_DT_4">
		<fm:action name="Position" xmlns:fm="http://www.hyfinity.com/formmaker">
			<xform_xpath>/mvc:eForm/mvc:Data/FORM_DATA/DOCUMENT/POSITION/POS_CLASSIFICATION_DT_4</xform_xpath>
		</fm:action>
		<transform_xpath>/mvc:eForm/mvc:Data/FORM_DATA/DOCUMENT/POSITION/POS_CLASSIFICATION_DT_4</transform_xpath>
		<description />
	</element>
	<element name="POS_GRADE_5">
		<fm:action name="Position" xmlns:fm="http://www.hyfinity.com/formmaker">
			<xform_xpath>/mvc:eForm/mvc:Data/FORM_DATA/DOCUMENT/POSITION/POS_GRADE_5</xform_xpath>
		</fm:action>
		<transform_xpath>/mvc:eForm/mvc:Data/FORM_DATA/DOCUMENT/POSITION/POS_GRADE_5</transform_xpath>
		<description />
	</element>
	<element name="POS_DESC_NUMBER_5">
		<fm:action name="Position" xmlns:fm="http://www.hyfinity.com/formmaker">
			<xform_xpath>/mvc:eForm/mvc:Data/FORM_DATA/DOCUMENT/POSITION/POS_DESC_NUMBER_5</xform_xpath>
		</fm:action>
		<transform_xpath>/mvc:eForm/mvc:Data/FORM_DATA/DOCUMENT/POSITION/POS_DESC_NUMBER_5</transform_xpath>
		<description />
	</element>
	<element name="POS_CLASSIFICATION_DT_5">
		<fm:action name="Position" xmlns:fm="http://www.hyfinity.com/formmaker">
			<xform_xpath>/mvc:eForm/mvc:Data/FORM_DATA/DOCUMENT/POSITION/POS_CLASSIFICATION_DT_5</xform_xpath>
		</fm:action>
		<transform_xpath>/mvc:eForm/mvc:Data/FORM_DATA/DOCUMENT/POSITION/POS_CLASSIFICATION_DT_5</transform_xpath>
		<description />
	</element>
	<element name="RMV_GR_ID_2">
		<fm:action name="Position" xmlns:fm="http://www.hyfinity.com/formmaker">
			<fm:xform_xpath>/mvc:eForm/mvc:Data/mvc:formData/mvc:RMV_GR_ID_2</fm:xform_xpath>
		</fm:action>
		<fm:transform_xpath xmlns:fm="http://www.hyfinity.com/formmaker">/mvc:eForm/mvc:Data/mvc:formData/mvc:RMV_GR_ID_2</fm:transform_xpath>
	</element>
	<element name="RMV_GR_ID_3">
		<fm:action name="Position" xmlns:fm="http://www.hyfinity.com/formmaker">
			<fm:xform_xpath>/mvc:eForm/mvc:Data/mvc:formData/mvc:RMV_GR_ID_3</fm:xform_xpath>
		</fm:action>
		<fm:transform_xpath xmlns:fm="http://www.hyfinity.com/formmaker">/mvc:eForm/mvc:Data/mvc:formData/mvc:RMV_GR_ID_3</fm:transform_xpath>
	</element>
	<element name="RMV_GR_ID_4">
		<fm:action name="Position" xmlns:fm="http://www.hyfinity.com/formmaker">
			<fm:xform_xpath>/mvc:eForm/mvc:Data/mvc:formData/mvc:RMV_GR_ID_4</fm:xform_xpath>
		</fm:action>
		<fm:transform_xpath xmlns:fm="http://www.hyfinity.com/formmaker">/mvc:eForm/mvc:Data/mvc:formData/mvc:RMV_GR_ID_4</fm:transform_xpath>
	</element>
	<element name="RMV_GR_ID_5">
		<fm:action name="Position" xmlns:fm="http://www.hyfinity.com/formmaker">
			<fm:xform_xpath>/mvc:eForm/mvc:Data/mvc:formData/mvc:RMV_GR_ID_5</fm:xform_xpath>
		</fm:action>
		<fm:transform_xpath xmlns:fm="http://www.hyfinity.com/formmaker">/mvc:eForm/mvc:Data/mvc:formData/mvc:RMV_GR_ID_5</fm:transform_xpath>
	</element>
	<element name="ADD_GR">
		<fm:action name="Position" xmlns:fm="http://www.hyfinity.com/formmaker">
			<fm:xform_xpath>/mvc:eForm/mvc:Data/mvc:formData/mvc:ADD_GR</fm:xform_xpath>
		</fm:action>
		<fm:transform_xpath xmlns:fm="http://www.hyfinity.com/formmaker">/mvc:eForm/mvc:Data/mvc:formData/mvc:ADD_GR</fm:transform_xpath>
	</element>
	<group name="stratcon_pos_group" />
	<element name="POS_CE_TRAVEL_PER">
		<fm:action name="Position" xmlns:fm="http://www.hyfinity.com/formmaker">
			<xform_xpath>/mvc:eForm/mvc:Data/FORM_DATA/DOCUMENT/POSITION/POS_CE_TRAVEL_PER</xform_xpath>
		</fm:action>
		<transform_xpath>/mvc:eForm/mvc:Data/FORM_DATA/DOCUMENT/POSITION/POS_CE_TRAVEL_PER</transform_xpath>
		<description />
	</element>
	<group name="payplan_series_group" />
	<group name="senstv_desig_group" />
	<group name="suprv_med_group" />
	<group name="coe_line1_group" />
	<group name="fin_statement_group" />
	<group name="travel_group" />
	<group name="license_group" />
	<group name="cond_of_empl_group" />
	<group name="remark_group" />
	<element name="POS_CNDT_LAST_NM">
		<fm:action name="Position" xmlns:fm="http://www.hyfinity.com/formmaker">
			<xform_xpath>/mvc:eForm/mvc:Data/FORM_DATA/DOCUMENT/POSITION/POS_CNDT_LAST_NM</xform_xpath>
		</fm:action>
		<transform_xpath>/mvc:eForm/mvc:Data/FORM_DATA/DOCUMENT/POSITION/POS_CNDT_LAST_NM</transform_xpath>
		<description />
	</element>
	<element name="POS_CNDT_FIRST_NM">
		<fm:action name="Position" xmlns:fm="http://www.hyfinity.com/formmaker">
			<xform_xpath>/mvc:eForm/mvc:Data/FORM_DATA/DOCUMENT/POSITION/POS_CNDT_FIRST_NM</xform_xpath>
		</fm:action>
		<transform_xpath>/mvc:eForm/mvc:Data/FORM_DATA/DOCUMENT/POSITION/POS_CNDT_FIRST_NM</transform_xpath>
		<description />
	</element>
	<group name="candidate_group" />
	<element name="POS_BGT_APR_OFM">
		<fm:action name="Position" xmlns:fm="http://www.hyfinity.com/formmaker">
			<xform_xpath>/mvc:eForm/mvc:Data/FORM_DATA/DOCUMENT/POSITION/POS_BGT_APR_OFM</xform_xpath>
		</fm:action>
		<transform_xpath>/mvc:eForm/mvc:Data/FORM_DATA/DOCUMENT/POSITION/POS_BGT_APR_OFM</transform_xpath>
		<description />
	</element>
	<group name="appt_depend_group" />
	<group name="days_advts_group" />
	<group name="budget_ofm_group" />
	<group name="no_volunteer_1_group" />
	<group name="condition_employment_group" />
	<group name="can_group" />
	<group name="vice_group" />
	<group name="vice_name_group" />
	<group name="pos_appttp_group" />
	<group name="wrk_sched_group" />
	<group name="hr_wk_group" />
	<group name="NTE_group" />
	<group name="hr_wk_group_full_int" />
	<group name="hr_wk_group_part" />
	<element name="POS_HOURS_PER_WEEK_PART">
		<fm:action name="Position" xmlns:fm="http://www.hyfinity.com/formmaker">
			<xform_xpath>/mvc:eForm/mvc:Data/FORM_DATA/DOCUMENT/POSITION/POS_HOURS_PER_WEEK</xform_xpath>
		</fm:action>
		<transform_xpath>/mvc:eForm/mvc:Data/FORM_DATA/DOCUMENT/POSITION/POS_HOURS_PER_WEEK</transform_xpath>
		<description />
	</element>
	<group name="layout_group_2" />
	<group name="scPosGrid" />
	<group name="layout_pos_line2" />
	<group name="layout_pos_line3" />
	<group name="layout_pos_spacer_1" />
	<group name="layout_pos_spacer_2" />
	<group name="pos_desig_group" />
	<group name="layout_group_travel_per" />
	<group name="layout_group_pos_skill" />
	<group name="remark_section_group" />
	<group name="layout_fpl_group" />
	<element name="POS_CNDT_MIDDLE_NM">
		<fm:action name="Position" xmlns:fm="http://www.hyfinity.com/formmaker">
			<xform_xpath>/mvc:eForm/mvc:Data/FORM_DATA/DOCUMENT/POSITION/POS_CNDT_MIDDLE_NM</xform_xpath>
		</fm:action>
		<transform_xpath>/mvc:eForm/mvc:Data/FORM_DATA/DOCUMENT/POSITION/POS_CNDT_MIDDLE_NM</transform_xpath>
		<description />
	</element>
	<element name="POS_DUAL_EMPLMT">
		<fm:action name="Position" xmlns:fm="http://www.hyfinity.com/formmaker">
			<xform_xpath>/mvc:eForm/mvc:Data/FORM_DATA/DOCUMENT/POSITION/POS_DUAL_EMPLMT</xform_xpath>
		</fm:action>
		<transform_xpath>/mvc:eForm/mvc:Data/FORM_DATA/DOCUMENT/POSITION/POS_DUAL_EMPLMT</transform_xpath>
		<description />
	</element>
	<group name="layout_dual_employment" />
	<element name="POS_SPNSR_ORG_NM">
		<fm:action name="Position" xmlns:fm="http://www.hyfinity.com/formmaker">
			<xform_xpath>/mvc:eForm/mvc:Data/FORM_DATA/DOCUMENT/POSITION/POS_SPNSR_ORG_NM</xform_xpath>
		</fm:action>
		<transform_xpath>/mvc:eForm/mvc:Data/FORM_DATA/DOCUMENT/POSITION/POS_SPNSR_ORG_NM</transform_xpath>
		<description />
	</element>
	<group name="layout_noso" />
	<element name="POS_SPNSR_ORG_FUND_PC">
		<fm:action name="Position" xmlns:fm="http://www.hyfinity.com/formmaker">
			<xform_xpath>/mvc:eForm/mvc:Data/FORM_DATA/DOCUMENT/POSITION/POS_SPNSR_ORG_FUND_PC</xform_xpath>
		</fm:action>
		<transform_xpath>/mvc:eForm/mvc:Data/FORM_DATA/DOCUMENT/POSITION/POS_SPNSR_ORG_FUND_PC</transform_xpath>
		<description />
	</element>
	<group name="layout_group_license" />
	<group name="MED_OFFICER" />
	<element name="SUPERVISOR_NAME">
		<fm:action name="Position" xmlns:fm="http://www.hyfinity.com/formmaker">
			<xform_xpath>enter_xpath_here</xform_xpath>
		</fm:action>
		<transform_xpath>/mvc:eForm/mvc:Data/rs_data/record/NAME</transform_xpath>
		<description />
	</element>
	<element name="SUPERVISOR_EMAIL">
		<fm:action name="Position" xmlns:fm="http://www.hyfinity.com/formmaker">
			<xform_xpath>enter_xpath_here</xform_xpath>
		</fm:action>
		<transform_xpath>/mvc:eForm/mvc:Data/rs_data/record/EMAIL</transform_xpath>
		<description />
	</element>
	<group name="layout_pos_line1" />
	<group name="location_grid" />
	<group name="num_vac_group" />
	<group name="suprv_grid" />
	<group name="POSITION_GRADE_GRID" />
	<group name="grade_1" />
	<group name="grade_2" />
	<group name="grade_3" />
	<group name="grade_4" />
	<group name="grade_5" />
	<group name="layout_AddGradeButton" />
	<group name="classificationDate_1" />
	<group name="classificationDate_2" />
	<group name="classificationDate_3" />
	<group name="classificationDate_4" />
	<group name="classificationDate_5" />
	<group name="grade_select_1" />
	<group name="grade_select_2" />
	<group name="grade_select_3" />
	<group name="grade_select_4" />
	<group name="grade_select_5" />
	<group name="pos_number_1" />
	<group name="pos_number_2" />
	<group name="pos_number_3" />
	<group name="pos_number_4" />
	<group name="pos_number_5" />
	<group name="layout_grade2_action" />
	<group name="layout_grade3_action" />
	<group name="layout_grade4_action" />
	<group name="layout_grade5_action" />
	<element name="GLA_select_SEL">
		<description />
		<fm:transform_xpath xmlns:fm="http://www.hyfinity.com/formmaker">/mvc:eForm/mvc:Data/mvc:formData/mvc:GLA_select_SEL</fm:transform_xpath>
		<fm:action name="Position" xmlns:fm="http://www.hyfinity.com/formmaker">
			<fm:xform_xpath>/mvc:eForm/mvc:Data/mvc:formData/mvc:GLA_select_SEL</fm:xform_xpath>
		</fm:action>
		<repeat_xpath>enter_xpath_here</repeat_xpath>
		<value_xpath>enter_xpath_here</value_xpath>
		<text_xpath>enter_xpath_here</text_xpath>
	</element>
	<group name="GLA_system" />
	<element name="GLA_select">
		<fm:transform_xpath xmlns:fm="http://www.hyfinity.com/formmaker">/mvc:eForm/mvc:Data/mvc:formData/mvc:GLA_select</fm:transform_xpath>
		<fm:action name="Position" xmlns:fm="http://www.hyfinity.com/formmaker">
			<fm:xform_xpath>/mvc:eForm/mvc:Data/mvc:formData/mvc:GLA_select</fm:xform_xpath>
		</fm:action>
	</element>
	<group name="GLA" />
	<element name="POS_STD_PD_TYPE">
		<fm:action name="Position" xmlns:fm="http://www.hyfinity.com/formmaker">
			<xform_xpath>/mvc:eForm/mvc:Data/FORM_DATA/DOCUMENT/POSITION/POS_STD_PD_TYPE</xform_xpath>
		</fm:action>
		<transform_xpath>/mvc:eForm/mvc:Data/FORM_DATA/DOCUMENT/POSITION/POS_STD_PD_TYPE</transform_xpath>
		<repeat_xpath>/mvc:eForm/mvc:Data/lookup/record[LTYPE='StandardPDType']</repeat_xpath>
		<value_xpath>NAME</value_xpath>
		<text_xpath>LABEL</text_xpath>
		<description />
	</element>
	<group name="standard_pd_type_group" />
</xforms>
