<?xml version="1.0" encoding="UTF-8"?>
<fm:structure xmlns:fm="http://www.hyfinity.com/formmaker">
	<form_details xmlns="http://www.hyfinity.com/formmaker">
		<error_highlight_method alert="false" as_you_type="true" validation_mode="all">bubble</error_highlight_method>
		<hint_display_method>tooltip</hint_display_method>
		<top_level_message class="topLevelMessage" required="false" style="" />
		<mark_mandatory class="mandatory" location="after_label" required="true" style=""> * </mark_mandatory>
		<description>Enter a description.</description>
		<page_background_style class="" style="" />
		<page_content_style class="" style="" />
	</form_details>
	<fm:group border_styling="false" compatability="false" fieldset="false" gen_method="layout" hide="false" label_position="left" name="GI_main_body" submit_if_hidden="true">
		<label class="label" options="static" position="outside_group" position_override="top" required="false" style="" type="static" value="Layout Group" xmlns="http://www.hyfinity.com/formmaker">
			<container class="groupLabelBackground" options="static" style="">
				<content_alignment distribution="vertical" />
			</container>
		</label>
		<style class="" options="static" style="" xmlns="http://www.hyfinity.com/formmaker" />
		<fm:content_alignment distribution="vertical" halign="left" valign="top" />
		<fm:sizing height="fit_to_content" width="fully_expand" />
		<palette_ref control="Layout Group" xmlns="http://www.hyfinity.com/formmaker" />
		<fm:group border_styling="false" compatability="false" fieldset="false" gen_method="layout" hide="false" label_position="left" name="grievance_layout" submit_if_hidden="true">
			<label class="label" options="static" position="outside_group" position_override="top" required="false" style="" type="static" value="Layout Group" xmlns="http://www.hyfinity.com/formmaker">
				<container class="groupLabelBackground" options="static" style="">
					<content_alignment distribution="vertical" />
				</container>
			</label>
			<style class="" options="static" style="" xmlns="http://www.hyfinity.com/formmaker" />
			<fm:content_alignment distribution="vertical" halign="left" valign="top" />
			<fm:sizing height="fit_to_content" width="fully_expand" />
			<palette_ref control="Layout Group" xmlns="http://www.hyfinity.com/formmaker" />
			<fm:group border_styling="false" compatability="false" fieldset="false" gen_method="layout" hide="false" label_position="left" name="grievance_type_group" submit_if_hidden="true">
				<label class="label" options="static" position="outside_group" position_override="top" required="false" style="" type="static" value="Layout Group" xmlns="http://www.hyfinity.com/formmaker">
					<container class="groupLabelBackground" options="static" style="">
						<content_alignment distribution="vertical" />
					</container>
				</label>
				<style class="" options="static" style="" xmlns="http://www.hyfinity.com/formmaker" />
				<fm:content_alignment distribution="vertical" halign="left" valign="top" />
				<fm:sizing height="fit_to_content" width="fully_expand" />
				<palette_ref control="Layout Group" xmlns="http://www.hyfinity.com/formmaker" />
				<fm:group border_styling="false" compatability="false" fieldset="false" gen_method="layout" hide="false" label_position="left" name="layout_group_5" submit_if_hidden="true">
					<label class="label" options="static" position="outside_group" position_override="top" required="false" style="" type="static" value="Layout Group" xmlns="http://www.hyfinity.com/formmaker">
						<container class="groupLabelBackground" options="static" style="">
							<content_alignment distribution="vertical" />
						</container>
					</label>
					<style class="" options="static" style="" xmlns="http://www.hyfinity.com/formmaker" />
					<fm:content_alignment distribution="horizontal" halign="left" valign="top" />
					<fm:sizing height="fit_to_content" width="fully_expand" />
					<palette_ref control="Layout Group" xmlns="http://www.hyfinity.com/formmaker" />
					<fm:element disable="false" disable_method="disabled" generate="true" hide="false" name="GI_TYPE">
						<field xmlns="http://www.hyfinity.com/formmaker">
							<input dropdown_default="Select One" options="static">select</input>
							<style class="defaultBackground selectControl" options="static" style="width : 338px;" />
							<element_style class="select CompleteCase_dynamic_require" options="static" style="width : 196px !important;" />
							<date_picker class="" content="" required="false" type="normal" />
							<label class="label" options="static" position_override="top" required="true" style="width : 338px !important;" type="static" value="Type of Grievance">
								<container class="labelBackground labelControl" options="static">
									<sizing width="custom" />
								</container>
							</label>
							<container>
								<sizing width="custom" />
							</container>
						</field>
						<constraints validate="true" xmlns="http://www.hyfinity.com/formmaker">
							<type>string</type>
							<required>true</required>
							<enumeration use_for_output="false">
								<include value="Administrative">Administrative</include>
								<include value="Negotiated">Negotiated</include>
							</enumeration>
						</constraints>
						<error xmlns="http://www.hyfinity.com/formmaker">
							<hint class="hintIcon" style="" use="false">Enter a hint here.</hint>
							<server class="errorIcon" retain="false" style="" use="false" />
						</error>
						<palette_ref control="Select Box" xmlns="http://www.hyfinity.com/formmaker" />
					</fm:element>
					<fm:group border_styling="false" compatability="false" fieldset="false" gen_method="layout" hide="false" label_position="left" name="GI_Negotiated_grievance_group" submit_if_hidden="true">
						<label class="label" options="static" position="outside_group" position_override="top" required="false" style="" type="static" value="Layout Group" xmlns="http://www.hyfinity.com/formmaker">
							<container class="groupLabelBackground" options="static" style="">
								<content_alignment distribution="vertical" />
							</container>
						</label>
						<style class="" options="static" style="" xmlns="http://www.hyfinity.com/formmaker" />
						<fm:content_alignment distribution="vertical" halign="left" valign="top" />
						<fm:sizing height="fit_to_content" width="fully_expand" />
						<palette_ref control="Layout Group" xmlns="http://www.hyfinity.com/formmaker" />
						<fm:element disable="false" disable_method="disabled" generate="true" hide="false" name="GI_NEGOTIATED_GRIEVANCE_TYPE">
							<field xmlns="http://www.hyfinity.com/formmaker">
								<input dropdown_default="Select One" options="static">select</input>
								<style class="defaultBackground selectControl" options="static" style="" />
								<element_style class="select CompleteCase_dynamic_require" options="static" style="width : 196px !important;" />
								<date_picker class="" content="" required="false" type="normal" />
								<label class="label" options="static" position_override="top" required="true" style="" type="static" value="Type of Negotiated Grievance">
									<container class="labelBackground labelControl" options="static" style="width : 289px;">
										<sizing width="custom" />
									</container>
								</label>
								<container>
									<sizing width="custom" />
								</container>
							</field>
							<constraints validate="true" xmlns="http://www.hyfinity.com/formmaker">
								<type>string</type>
								<required>true</required>
								<enumeration use_for_output="false">
									<include value="Individual">Individual</include>
									<include value="Union">Union</include>
									<include value="Management">Management</include>
								</enumeration>
							</constraints>
							<error xmlns="http://www.hyfinity.com/formmaker">
								<hint class="hintIcon" style="" use="false">Enter a hint here.</hint>
								<server class="errorIcon" retain="false" style="" use="false" />
							</error>
							<palette_ref control="Select Box" xmlns="http://www.hyfinity.com/formmaker" />
						</fm:element>
					</fm:group>
				</fm:group>
				<fm:group border_styling="false" compatability="false" fieldset="false" gen_method="layout" hide="false" label_position="left" name="GI_COMMON_GROPUP" submit_if_hidden="true">
					<label class="label" options="static" position="outside_group" position_override="top" required="false" style="" type="static" value="Layout Group" xmlns="http://www.hyfinity.com/formmaker">
						<container class="groupLabelBackground" options="static" style="">
							<content_alignment distribution="vertical" />
						</container>
					</label>
					<style class="" options="static" style="" xmlns="http://www.hyfinity.com/formmaker" />
					<fm:content_alignment distribution="horizontal" halign="left" valign="top" />
					<fm:sizing height="fit_to_content" width="fully_expand" />
					<palette_ref control="Layout Group" xmlns="http://www.hyfinity.com/formmaker" />
					<fm:element disable="false" disable_method="disabled" generate="true" hide="false" name="GI_TIMELY_FILING">
						<field xmlns="http://www.hyfinity.com/formmaker">
							<input dropdown_default="Select One" options="static">select</input>
							<style class="defaultBackground selectControl" options="static" style="" />
							<element_style class="select CompleteCase_dynamic_require" options="static" style="width : 196px !important;" />
							<date_picker class="" content="" required="false" type="normal" />
							<label class="label" options="static" position_override="top" required="true" style="width : 338px !important;" type="static" value="Was Grievance Filed Timely? ">
								<container class="labelBackground labelControl" options="static">
									<sizing width="custom" />
								</container>
							</label>
							<container>
								<sizing width="custom" />
							</container>
						</field>
						<constraints validate="true" xmlns="http://www.hyfinity.com/formmaker">
							<type>string</type>
							<required>true</required>
							<enumeration use_for_output="false">
								<include value="Y">Yes</include>
								<include value="N">No</include>
							</enumeration>
						</constraints>
						<error xmlns="http://www.hyfinity.com/formmaker">
							<hint class="hintIcon" style="" use="false">Enter a hint here.</hint>
							<server class="errorIcon" retain="false" style="" use="false" />
						</error>
						<palette_ref control="Select Box" xmlns="http://www.hyfinity.com/formmaker" />
					</fm:element>
					<fm:element disable="false" disable_method="read_only" generate="true" hide="false" name="GI_FILING_DT">
						<field xmlns="http://www.hyfinity.com/formmaker">
							<input options="dynamic" size="10">text</input>
							<style class="defaultBackground dateControl" options="static" style="" />
							<element_style class="textbox CompleteCase_dynamic_require standard_date" options="static" style="width : 187px;" />
							<date_picker class="datePickerIcon" content="" required="true" type="normal" />
							<label class="label" options="static" position_override="top" required="true" style="" type="static" value="Date Grievance Filed">
								<container class="labelBackground labelControl" options="static" />
							</label>
							<container />
						</field>
						<constraints validate="true" xmlns="http://www.hyfinity.com/formmaker">
							<type>date</type>
							<required>true</required>
							<enumeration use_for_output="false" />
						</constraints>
						<error xmlns="http://www.hyfinity.com/formmaker">
							<hint class="hintIcon" style="" use="false">Enter a hint here.</hint>
							<server class="errorIcon" retain="false" style="" use="false" />
						</error>
						<data_formats xmlns="http://www.hyfinity.com/formmaker">
							<date data="MM/dd/yyyy" display="MM/dd/yyyy" />
						</data_formats>
						<palette_ref control="Date" xmlns="http://www.hyfinity.com/formmaker" />
					</fm:element>
				</fm:group>
				<fm:group border_styling="false" compatability="false" fieldset="false" gen_method="layout" hide="false" label_position="left" name="grievance_Negotiated_group" submit_if_hidden="true">
					<label class="label" options="static" position="outside_group" position_override="top" required="false" style="" type="static" value="Layout Group" xmlns="http://www.hyfinity.com/formmaker">
						<container class="groupLabelBackground" options="static" style="">
							<content_alignment distribution="vertical" />
						</container>
					</label>
					<style class="" options="static" style="" xmlns="http://www.hyfinity.com/formmaker" />
					<fm:content_alignment distribution="vertical" halign="left" valign="top" />
					<fm:sizing height="fit_to_content" width="fully_expand" />
					<palette_ref control="Layout Group" xmlns="http://www.hyfinity.com/formmaker" />
					<fm:group border_styling="false" compatability="false" fieldset="false" gen_method="layout" hide="false" label_position="left" name="layout_group" submit_if_hidden="true">
						<label class="label" options="static" position="outside_group" position_override="top" required="false" style="" type="static" value="Layout Group" xmlns="http://www.hyfinity.com/formmaker">
							<container class="groupLabelBackground" options="static" style="">
								<content_alignment distribution="vertical" />
							</container>
						</label>
						<style class="" options="static" style="" xmlns="http://www.hyfinity.com/formmaker" />
						<fm:content_alignment distribution="horizontal" halign="left" valign="top" />
						<fm:sizing height="fit_to_content" width="fully_expand" />
						<palette_ref control="Layout Group" xmlns="http://www.hyfinity.com/formmaker" />
						<fm:group border_styling="false" compatability="false" fieldset="false" gen_method="layout" hide="false" label_position="left" name="grievance_Individual_group" submit_if_hidden="true">
							<label class="label" options="static" position="outside_group" position_override="top" required="false" style="" type="static" value="Layout Group" xmlns="http://www.hyfinity.com/formmaker">
								<container class="groupLabelBackground" options="static" style="">
									<content_alignment distribution="vertical" />
								</container>
							</label>
							<style class="" options="static" style="" xmlns="http://www.hyfinity.com/formmaker" />
							<fm:content_alignment distribution="vertical" halign="left" valign="top" />
							<fm:sizing height="fit_to_content" width="fully_expand" />
							<palette_ref control="Layout Group" xmlns="http://www.hyfinity.com/formmaker" />
							<fm:group border_styling="false" compatability="false" fieldset="false" gen_method="layout" hide="false" label_position="left" name="layout_group_18" submit_if_hidden="true">
								<label class="label" options="static" position="outside_group" position_override="top" required="false" style="" type="static" value="Layout Group" xmlns="http://www.hyfinity.com/formmaker">
									<container class="groupLabelBackground" options="static" style="" />
								</label>
								<style class="" options="static" style="" xmlns="http://www.hyfinity.com/formmaker" />
								<fm:content_alignment distribution="vertical" halign="left" valign="top" />
								<fm:sizing height="fit_to_content" width="fully_expand" />
								<palette_ref control="Layout Group" xmlns="http://www.hyfinity.com/formmaker" />
								<fm:element disable="false" disable_method="read_only" generate="true" hide="false" name="GI_IND_MANAGER">
									<field xmlns="http://www.hyfinity.com/formmaker">
										<input options="dynamic">text</input>
										<style class="defaultBackground textboxControl" options="static" style="" />
										<element_style class="textbox" options="static" style="width : 180px;" />
										<date_picker class="datePickerIcon" content="" required="false" type="normal" />
										<label class="label" options="static" position_override="top" required="true" style="width : 338px !important;" type="static" value="Manager Name">
											<container class="labelBackground labelControl" options="static" />
										</label>
										<container />
									</field>
									<constraints validate="true" xmlns="http://www.hyfinity.com/formmaker">
										<type>string</type>
										<required>true</required>
										<enumeration use_for_output="false" />
									</constraints>
									<error xmlns="http://www.hyfinity.com/formmaker">
										<hint class="hintIcon" style="" use="false">Enter a hint here.</hint>
										<server class="errorIcon" retain="false" style="" use="false" />
									</error>
									<palette_ref control="Text Box" xmlns="http://www.hyfinity.com/formmaker" />
								</fm:element>
							</fm:group>
							<fm:group border_styling="false" compatability="false" fieldset="false" gen_method="layout" hide="false" label_position="left" name="layout_group_9" submit_if_hidden="true">
								<label class="label" options="static" position="outside_group" position_override="top" required="false" style="" type="static" value="Layout Group" xmlns="http://www.hyfinity.com/formmaker">
									<container class="groupLabelBackground" options="static" style="" />
								</label>
								<style class="" options="static" style="" xmlns="http://www.hyfinity.com/formmaker" />
								<fm:content_alignment distribution="horizontal" halign="left" valign="top" />
								<fm:sizing height="fit_to_content" width="fully_expand" />
								<palette_ref control="Layout Group" xmlns="http://www.hyfinity.com/formmaker" />
								<fm:element disable="false" disable_method="read_only" generate="true" hide="false" name="GI_IND_MEETING_DT">
									<field xmlns="http://www.hyfinity.com/formmaker">
										<input options="dynamic" size="10">text</input>
										<style class="defaultBackground dateControl" options="static" style="width : 344px;" />
										<element_style class="textbox CompleteCase_dynamic_require standard_date" options="static" style="width : 180px;" />
										<date_picker class="datePickerIcon" content="" required="true" type="normal" />
										<label class="label" options="static" position_override="top" required="true" style="width : 338px !important;" type="static" value="Date of step 1 Meeting">
											<container class="labelBackground labelControl" options="static">
												<sizing width="custom" />
											</container>
										</label>
										<container>
											<sizing width="custom" />
										</container>
									</field>
									<constraints validate="true" xmlns="http://www.hyfinity.com/formmaker">
										<type>date</type>
										<required>true</required>
										<enumeration use_for_output="false" />
									</constraints>
									<error xmlns="http://www.hyfinity.com/formmaker">
										<hint class="hintIcon" style="" use="false">Enter a hint here.</hint>
										<server class="errorIcon" retain="false" style="" use="false" />
									</error>
									<data_formats xmlns="http://www.hyfinity.com/formmaker">
										<date data="MM/dd/yyyy" display="MM/dd/yyyy" />
									</data_formats>
									<palette_ref control="Date" xmlns="http://www.hyfinity.com/formmaker" />
								</fm:element>
								<fm:element disable="false" disable_method="read_only" generate="true" hide="false" name="GI_IND_MEETING_PARTICIPANTS">
									<field xmlns="http://www.hyfinity.com/formmaker">
										<input options="dynamic">text</input>
										<style class="defaultBackground textboxControl" options="static" style="width : 328px;" />
										<element_style class="textbox CompleteCase_dynamic_require" options="static" style="width : 187px;" />
										<date_picker class="datePickerIcon" content="" required="false" type="normal" />
										<label class="label" options="static" position_override="top" required="true" style="" type="static" value="Meeting Participants">
											<container class="labelBackground labelControl" options="static" style="width : 328px;">
												<sizing width="custom" />
											</container>
										</label>
										<container>
											<sizing width="custom" />
										</container>
									</field>
									<constraints validate="true" xmlns="http://www.hyfinity.com/formmaker">
										<type>string</type>
										<required>true</required>
										<enumeration use_for_output="false" />
									</constraints>
									<error xmlns="http://www.hyfinity.com/formmaker">
										<hint class="hintIcon" style="" use="false">Enter a hint here.</hint>
										<server class="errorIcon" retain="false" style="" use="false" />
									</error>
									<palette_ref control="Text Box" xmlns="http://www.hyfinity.com/formmaker" />
								</fm:element>
								<fm:element disable="false" disable_method="read_only" generate="true" hide="false" name="GI_IND_STEP_1_DECISION_DT">
									<field xmlns="http://www.hyfinity.com/formmaker">
										<input options="dynamic" size="10">text</input>
										<style class="defaultBackground dateControl" options="static" style="width : 298px;" />
										<element_style class="textbox CompleteCase_dynamic_require standard_date" options="static" style="width : 187px;" />
										<date_picker class="datePickerIcon" content="" required="true" type="normal" />
										<label class="label" options="static" position_override="top" required="true" style="" type="static" value="Date Step 1 Decision Due">
											<container class="labelBackground labelControl" options="static" style="width : 298px;">
												<sizing width="custom" />
											</container>
										</label>
										<container>
											<sizing width="custom" />
										</container>
									</field>
									<constraints validate="true" xmlns="http://www.hyfinity.com/formmaker">
										<type>date</type>
										<required>true</required>
										<enumeration use_for_output="false" />
									</constraints>
									<error xmlns="http://www.hyfinity.com/formmaker">
										<hint class="hintIcon" style="" use="false">Enter a hint here.</hint>
										<server class="errorIcon" retain="false" style="" use="false" />
									</error>
									<data_formats xmlns="http://www.hyfinity.com/formmaker">
										<date data="MM/dd/yyyy" display="MM/dd/yyyy" />
									</data_formats>
									<palette_ref control="Date" xmlns="http://www.hyfinity.com/formmaker" />
								</fm:element>
								<fm:element disable="false" disable_method="read_only" generate="true" hide="false" name="GI_IND_DECISION_ISSUE_DT">
									<field xmlns="http://www.hyfinity.com/formmaker">
										<input options="dynamic" size="10">text</input>
										<style class="defaultBackground dateControl" options="static" style="width : 243px;" />
										<element_style class="textbox CompleteCase_dynamic_require standard_date" options="static" style="width : 187px;" />
										<date_picker class="datePickerIcon" content="" required="true" type="normal" />
										<label class="label" options="static" position_override="top" required="true" style="" type="static" value="Date Step 1 Decision Issued">
											<container class="labelBackground labelControl" options="static" style="width : 243px;">
												<sizing width="custom" />
											</container>
										</label>
										<container>
											<sizing width="custom" />
										</container>
									</field>
									<constraints validate="true" xmlns="http://www.hyfinity.com/formmaker">
										<type>date</type>
										<required>true</required>
										<enumeration use_for_output="false" />
									</constraints>
									<error xmlns="http://www.hyfinity.com/formmaker">
										<hint class="hintIcon" style="" use="false">Enter a hint here.</hint>
										<server class="errorIcon" retain="false" style="" use="false" />
									</error>
									<data_formats xmlns="http://www.hyfinity.com/formmaker">
										<date data="MM/dd/yyyy" display="MM/dd/yyyy" />
									</data_formats>
									<palette_ref control="Date" xmlns="http://www.hyfinity.com/formmaker" />
								</fm:element>
							</fm:group>
							<fm:group border_styling="false" compatability="false" fieldset="false" gen_method="layout" hide="false" label_position="left" name="layout_group_10" submit_if_hidden="true">
								<label class="label" options="static" position="outside_group" position_override="top" required="false" style="" type="static" value="Layout Group" xmlns="http://www.hyfinity.com/formmaker">
									<container class="groupLabelBackground" options="static" style="">
										<content_alignment distribution="vertical" />
									</container>
								</label>
								<style class="" options="static" style="" xmlns="http://www.hyfinity.com/formmaker" />
								<fm:content_alignment distribution="horizontal" halign="left" valign="top" />
								<fm:sizing height="fit_to_content" width="fully_expand" />
								<palette_ref control="Layout Group" xmlns="http://www.hyfinity.com/formmaker" />
								<fm:element disable="false" disable_method="disabled" generate="true" hide="false" name="GI_IND_STEP_1_DECISION_DEADLINE">
									<field xmlns="http://www.hyfinity.com/formmaker">
										<input dropdown_default="Select One" options="static">select</input>
										<style class="defaultBackground selectControl" options="static" style="" />
										<element_style class="select CompleteCase_dynamic_require" options="static" style="width : 196px !important;" />
										<date_picker class="" content="" required="false" type="normal" />
										<label class="label" options="static" position_override="top" required="true" style="width : 338px !important;" type="static" value="Was Step 1 Decision Deadline Extended?">
											<container class="labelBackground labelControl" options="static">
												<sizing width="custom" />
											</container>
										</label>
										<container>
											<sizing width="custom" />
										</container>
									</field>
									<constraints validate="true" xmlns="http://www.hyfinity.com/formmaker">
										<type>string</type>
										<required>false</required>
										<enumeration use_for_output="false">
											<include value="Y">Yes</include>
											<include value="N">No</include>
										</enumeration>
									</constraints>
									<error xmlns="http://www.hyfinity.com/formmaker">
										<hint class="hintIcon" style="" use="false">Enter a hint here.</hint>
										<server class="errorIcon" retain="false" style="" use="false" />
									</error>
									<palette_ref control="Select Box" xmlns="http://www.hyfinity.com/formmaker" />
								</fm:element>
								<fm:group border_styling="false" compatability="false" fieldset="false" gen_method="layout" hide="false" label_position="left" name="layout_group_11" submit_if_hidden="true">
									<label class="label" options="static" position="outside_group" position_override="top" required="false" style="" type="static" value="Layout Group" xmlns="http://www.hyfinity.com/formmaker">
										<container class="groupLabelBackground" options="static" style="" />
									</label>
									<style class="" options="static" style="" xmlns="http://www.hyfinity.com/formmaker" />
									<fm:content_alignment distribution="horizontal" halign="left" valign="top" />
									<fm:sizing height="fit_to_content" width="custom" />
									<palette_ref control="Layout Group" xmlns="http://www.hyfinity.com/formmaker" />
									<fm:element disable="false" disable_method="read_only" generate="true" hide="false" name="GI_IND_EXTENDED_DUE_DT">
										<field xmlns="http://www.hyfinity.com/formmaker">
											<input options="dynamic" size="10">text</input>
											<style class="defaultBackground dateControl" options="static" style="width : 141px;" />
											<element_style class="textbox CompleteCase_dynamic_require standard_date" options="static" style="width : 187px;" />
											<date_picker class="datePickerIcon" content="" required="true" type="normal" />
											<label class="label" options="static" position_override="top" required="true" style="" type="static" value="Extend Due Date">
												<container class="labelBackground labelControl" options="static" style="width : 141px;">
													<sizing width="custom" />
												</container>
											</label>
											<container>
												<sizing width="custom" />
											</container>
										</field>
										<constraints validate="true" xmlns="http://www.hyfinity.com/formmaker">
											<type>date</type>
											<required>false</required>
											<enumeration use_for_output="false" />
										</constraints>
										<error xmlns="http://www.hyfinity.com/formmaker">
											<hint class="hintIcon" style="" use="false">Enter a hint here.</hint>
											<server class="errorIcon" retain="false" style="" use="false" />
										</error>
										<data_formats xmlns="http://www.hyfinity.com/formmaker">
											<date data="MM/dd/yyyy" display="MM/dd/yyyy" />
										</data_formats>
										<palette_ref control="Date" xmlns="http://www.hyfinity.com/formmaker" />
									</fm:element>
									<fm:element disable="false" disable_method="disabled" generate="true" hide="false" name="GI_IND_EXT1_DUE_DT_BTN">
										<field xmlns="http://www.hyfinity.com/formmaker">
											<input caption="Add Date" options="static">htmlButton</input>
											<style class="defaultBackground buttonControl" options="static" style="" />
											<element_style class="button" options="static" style="margin-top:25px; !important;" />
											<date_picker class="" content="" required="false" type="normal" />
											<label class="label" options="static" required="false" style="" type="static" value="Button Label">
												<container class="labelBackground labelControl" options="static" style="" />
											</label>
											<container />
										</field>
										<constraints validate="false" xmlns="http://www.hyfinity.com/formmaker">
											<type>string</type>
											<required>false</required>
											<enumeration use_for_output="false" />
										</constraints>
										<error xmlns="http://www.hyfinity.com/formmaker">
											<hint class="hintIcon" style="" use="false">Enter a hint here.</hint>
											<server class="errorIcon" retain="false" style="" use="false" />
										</error>
										<palette_ref control="Button (Standard)" xmlns="http://www.hyfinity.com/formmaker" />
									</fm:element>
									<fm:group border_styling="false" compatability="false" fieldset="false" gen_method="layout" hide="false" label_position="left" name="layout_group_12" submit_if_hidden="true">
										<label class="label" options="static" position="outside_group" position_override="top" required="false" style="" type="static" value="Layout Group" xmlns="http://www.hyfinity.com/formmaker">
											<container class="groupLabelBackground" options="static" style="" />
										</label>
										<style class="" options="static" style="width : 299px;" xmlns="http://www.hyfinity.com/formmaker" />
										<fm:content_alignment distribution="vertical" halign="left" valign="top" />
										<fm:sizing height="fit_to_content" width="custom" />
										<palette_ref control="Layout Group" xmlns="http://www.hyfinity.com/formmaker" />
										<fm:custom name="custom_control" type="custom">
											<fm:code>
												<div xmlns="">
													<span>Previously Extended Date(s)</span>
													<ul id="GI_IND_EXT_SELECTED_DTs" style=" list-style-type: none" />
												</div>
											</fm:code>
											<fm:description>Enter a description.</fm:description>
											<palette_ref control="Custom" xmlns="http://www.hyfinity.com/formmaker" />
										</fm:custom>
										<fm:element disable="false" disable_method="read_only" generate="true" hide="false" name="GI_IND_EXT_HIDDEN_SELECTION">
											<field xmlns="http://www.hyfinity.com/formmaker">
												<input options="dynamic">hidden</input>
												<style class="hide" options="static" style="" />
												<element_style class="hide" options="static" style="" />
												<date_picker class="" content="" required="false" type="normal" />
												<label class="hide" options="static" required="false" style="" type="static" value="Hidden Label">
													<container class="hide" options="static" style="" />
												</label>
												<container />
											</field>
											<constraints validate="false" xmlns="http://www.hyfinity.com/formmaker">
												<type>string</type>
												<required>false</required>
												<enumeration use_for_output="false" />
											</constraints>
											<error xmlns="http://www.hyfinity.com/formmaker">
												<hint class="hintIcon" style="" use="false">Enter a hint here.</hint>
												<server class="errorIcon" retain="false" style="" use="false" />
											</error>
											<palette_ref control="Hidden" xmlns="http://www.hyfinity.com/formmaker" />
										</fm:element>
									</fm:group>
									<fm:element disable="false" disable_method="disabled" generate="true" hide="false" name="GI_IND_REASON">
										<field xmlns="http://www.hyfinity.com/formmaker">
											<input dropdown_default="Select One" options="static">select</input>
											<style class="defaultBackground selectControl" options="static" style="" />
											<element_style class="select CompleteCase_dynamic_require" options="static" style="width : 196px !important;" />
											<date_picker class="" content="" required="false" type="normal" />
											<label class="label" options="static" position_override="top" required="true" style="" type="static" value="Reason">
												<container class="labelBackground labelControl" options="static" />
											</label>
											<container />
										</field>
										<constraints validate="true" xmlns="http://www.hyfinity.com/formmaker">
											<type>string</type>
											<required>true</required>
											<enumeration use_for_output="false">
												<include value="Gathering Information">Gathering Information</include>
												<include value="Management Request">Management Request</include>
												<include value="Manager On Leave">Manager On Leave</include>
												<include value="Union Request">Union Request</include>
												<include value="Unresponsive Manager">Unresponsive Manager</include>
											</enumeration>
										</constraints>
										<error xmlns="http://www.hyfinity.com/formmaker">
											<hint class="hintIcon" style="" use="false">Enter a hint here.</hint>
											<server class="errorIcon" retain="false" style="" use="false" />
										</error>
										<palette_ref control="Select Box" xmlns="http://www.hyfinity.com/formmaker" />
									</fm:element>
								</fm:group>
							</fm:group>
							<fm:group border_styling="false" compatability="false" fieldset="false" gen_method="layout" hide="false" label_position="left" name="layout_group_13" submit_if_hidden="true">
								<label class="label" options="static" position="outside_group" position_override="top" required="false" style="" type="static" value="Layout Group" xmlns="http://www.hyfinity.com/formmaker">
									<container class="groupLabelBackground" options="static" style="">
										<content_alignment distribution="vertical" />
									</container>
								</label>
								<style class="" options="static" style="" xmlns="http://www.hyfinity.com/formmaker" />
								<fm:content_alignment distribution="vertical" halign="left" valign="top" />
								<fm:sizing height="fit_to_content" width="fully_expand" />
								<palette_ref control="Layout Group" xmlns="http://www.hyfinity.com/formmaker" />
							</fm:group>
							<fm:group border_styling="false" compatability="false" fieldset="false" gen_method="layout" hide="false" label_position="left" name="layout_group_15" submit_if_hidden="true">
								<label class="label" options="static" position="outside_group" position_override="top" required="false" style="" type="static" value="Layout Group" xmlns="http://www.hyfinity.com/formmaker">
									<container class="groupLabelBackground" options="static" style="" />
								</label>
								<style class="" options="static" style="" xmlns="http://www.hyfinity.com/formmaker" />
								<fm:content_alignment distribution="horizontal" halign="left" valign="top" />
								<fm:sizing height="fit_to_content" width="fully_expand" />
								<palette_ref control="Layout Group" xmlns="http://www.hyfinity.com/formmaker" />
								<fm:element disable="false" disable_method="read_only" generate="true" hide="false" name="GI_IND_STEP2_MEETING_DT">
									<field xmlns="http://www.hyfinity.com/formmaker">
										<input options="dynamic" size="10">text</input>
										<style class="defaultBackground dateControl" options="static" style="width : 347px;" />
										<element_style class="textbox" options="static" style="width : 176px;" />
										<date_picker class="datePickerIcon" content="" required="true" type="normal" />
										<label class="label" options="static" position_override="top" required="true" style="width : 338px !important;" type="static" value="Date of Step 2 Meeting">
											<container class="labelBackground labelControl" options="static">
												<sizing width="custom" />
											</container>
										</label>
										<container>
											<sizing width="custom" />
										</container>
									</field>
									<constraints validate="true" xmlns="http://www.hyfinity.com/formmaker">
										<type>date</type>
										<required>true</required>
										<enumeration use_for_output="false" />
									</constraints>
									<error xmlns="http://www.hyfinity.com/formmaker">
										<hint class="hintIcon" style="" use="false">Enter a hint here.</hint>
										<server class="errorIcon" retain="false" style="" use="false" />
									</error>
									<data_formats xmlns="http://www.hyfinity.com/formmaker">
										<date data="MM/dd/yyy" display="MM/dd/yyyy" />
									</data_formats>
									<palette_ref control="Date" xmlns="http://www.hyfinity.com/formmaker" />
								</fm:element>
								<fm:element disable="false" disable_method="read_only" generate="true" hide="false" name="GI_IND_STEP2_PARTICIPANTS">
									<field xmlns="http://www.hyfinity.com/formmaker">
										<input options="dynamic">text</input>
										<style class="defaultBackground textboxControl" options="static" style="width : 629px;" />
										<element_style class="textbox" options="static" style="" />
										<date_picker class="datePickerIcon" content="" required="false" type="normal" />
										<label class="label" options="static" position_override="top" required="true" style="" type="static" value="Meeting Participants">
											<container class="labelBackground labelControl" options="static" style="width : 629px;">
												<sizing width="custom" />
											</container>
										</label>
										<container>
											<sizing width="custom" />
										</container>
									</field>
									<constraints validate="true" xmlns="http://www.hyfinity.com/formmaker">
										<type>string</type>
										<required>true</required>
										<enumeration use_for_output="false" />
									</constraints>
									<error xmlns="http://www.hyfinity.com/formmaker">
										<hint class="hintIcon" style="" use="false">Enter a hint here.</hint>
										<server class="errorIcon" retain="false" style="" use="false" />
									</error>
									<palette_ref control="Text Box" xmlns="http://www.hyfinity.com/formmaker" />
								</fm:element>
								<fm:element disable="false" disable_method="read_only" generate="true" hide="false" name="GI_IND_STEP2_DECISION_DUE_DT">
									<field xmlns="http://www.hyfinity.com/formmaker">
										<input options="dynamic" size="10">text</input>
										<style class="defaultBackground dateControl" options="static" style="width : 225px;" />
										<element_style class="textbox standard_date" options="static" style="width : 187px;" />
										<date_picker class="datePickerIcon" content="" required="true" type="normal" />
										<label class="label" options="static" position_override="top" required="true" style="" type="static" value="Date Step 2 Decision Due">
											<container class="labelBackground labelControl" options="static" style="width : 225px;">
												<sizing width="custom" />
											</container>
										</label>
										<container>
											<sizing width="custom" />
										</container>
									</field>
									<constraints validate="true" xmlns="http://www.hyfinity.com/formmaker">
										<type>date</type>
										<required>true</required>
										<enumeration use_for_output="false" />
									</constraints>
									<error xmlns="http://www.hyfinity.com/formmaker">
										<hint class="hintIcon" style="" use="false">Enter a hint here.</hint>
										<server class="errorIcon" retain="false" style="" use="false" />
									</error>
									<data_formats xmlns="http://www.hyfinity.com/formmaker">
										<date data="MM/dd/yyyy" display="MM/dd/yyyy" />
									</data_formats>
									<palette_ref control="Date" xmlns="http://www.hyfinity.com/formmaker" />
								</fm:element>
								<fm:element disable="false" disable_method="read_only" generate="true" hide="false" name="GI_IND_STEP2_DECISION_ISSUE_DT">
									<field xmlns="http://www.hyfinity.com/formmaker">
										<input options="dynamic" size="10">text</input>
										<style class="defaultBackground dateControl" options="static" style="width : 224px;" />
										<element_style class="textbox standard_date" options="static" style="width : 187px;" />
										<date_picker class="datePickerIcon" content="" required="true" type="normal" />
										<label class="label" options="static" position_override="top" required="true" style="" type="static" value="Date Step 2 Decision Issued">
											<container class="labelBackground labelControl" options="static" style="width : 224px;">
												<sizing width="custom" />
											</container>
										</label>
										<container>
											<sizing width="custom" />
										</container>
									</field>
									<constraints validate="true" xmlns="http://www.hyfinity.com/formmaker">
										<type>date</type>
										<required>false</required>
										<enumeration use_for_output="false" />
									</constraints>
									<error xmlns="http://www.hyfinity.com/formmaker">
										<hint class="hintIcon" style="" use="false">Enter a hint here.</hint>
										<server class="errorIcon" retain="false" style="" use="false" />
									</error>
									<data_formats xmlns="http://www.hyfinity.com/formmaker">
										<date data="MM/dd/yyyy" display="MM/dd/yyyy" />
									</data_formats>
									<palette_ref control="Date" xmlns="http://www.hyfinity.com/formmaker" />
								</fm:element>
							</fm:group>
							<fm:group border_styling="false" compatability="false" fieldset="false" gen_method="layout" hide="false" label_position="left" name="layout_group_14" submit_if_hidden="true">
								<label class="label" options="static" position="outside_group" position_override="top" required="false" style="" type="static" value="Layout Group" xmlns="http://www.hyfinity.com/formmaker">
									<container class="groupLabelBackground" options="static" style="">
										<content_alignment distribution="vertical" />
									</container>
								</label>
								<style class="" options="static" style="" xmlns="http://www.hyfinity.com/formmaker" />
								<fm:content_alignment distribution="horizontal" halign="left" valign="top" />
								<fm:sizing height="fit_to_content" width="fully_expand" />
								<palette_ref control="Layout Group" xmlns="http://www.hyfinity.com/formmaker" />
								<fm:element disable="false" disable_method="disabled" generate="true" hide="false" name="GI_IND_STEP2_DEADLINE">
									<field xmlns="http://www.hyfinity.com/formmaker">
										<input dropdown_default="Select One" options="static">select</input>
										<style class="defaultBackground selectControl" options="static" style="width : 346px;" />
										<element_style class="select" options="static" style="width : 196px !important;" />
										<date_picker class="" content="" required="false" type="normal" />
										<label class="label" options="static" position_override="top" required="true" style="" type="static" value="Was Step 2 Decision Deadline Extended?">
											<container class="labelBackground labelControl" options="static" style="width : 337px;">
												<sizing width="custom" />
											</container>
										</label>
										<container>
											<sizing width="custom" />
										</container>
									</field>
									<constraints validate="true" xmlns="http://www.hyfinity.com/formmaker">
										<type>string</type>
										<required>true</required>
										<enumeration use_for_output="false">
											<include value="Y">Yes</include>
											<include value="N">No</include>
										</enumeration>
									</constraints>
									<error xmlns="http://www.hyfinity.com/formmaker">
										<hint class="hintIcon" style="" use="false">Enter a hint here.</hint>
										<server class="errorIcon" retain="false" style="" use="false" />
									</error>
									<palette_ref control="Select Box" xmlns="http://www.hyfinity.com/formmaker" />
								</fm:element>
								<fm:element disable="false" disable_method="read_only" generate="true" hide="false" name="GI_IND_EXT2_DUE_DT">
									<field xmlns="http://www.hyfinity.com/formmaker">
										<input options="dynamic" size="10">text</input>
										<style class="defaultBackground dateControl" options="static" style="" />
										<element_style class="textbox standard_date" options="static" style="width : 187px;" />
										<date_picker class="datePickerIcon" content="" required="true" type="normal" />
										<label class="label" options="static" position_override="top" required="true" style="" type="static" value="Extended Due Date">
											<container class="labelBackground labelControl" options="static" />
										</label>
										<container />
									</field>
									<constraints validate="true" xmlns="http://www.hyfinity.com/formmaker">
										<type>date</type>
										<required>false</required>
										<enumeration use_for_output="false" />
									</constraints>
									<error xmlns="http://www.hyfinity.com/formmaker">
										<hint class="hintIcon" style="" use="false">Enter a hint here.</hint>
										<server class="errorIcon" retain="false" style="" use="false" />
									</error>
									<data_formats xmlns="http://www.hyfinity.com/formmaker">
										<date data="MM/dd/yyyy" display="MM/dd/yyyy" />
									</data_formats>
									<palette_ref control="Date" xmlns="http://www.hyfinity.com/formmaker" />
								</fm:element>
								<fm:element disable="false" disable_method="disabled" generate="true" hide="false" name="GI_IND_STEP2_ADD_BTN">
									<field xmlns="http://www.hyfinity.com/formmaker">
										<input caption="Add Date" options="static">htmlButton</input>
										<style class="defaultBackground buttonControl" options="static" style="" />
										<element_style class="button" options="static" style="margin-top:25px; !important;" />
										<date_picker class="" content="" required="false" type="normal" />
										<label class="label" options="static" required="false" style="" type="static" value="Button Label">
											<container class="labelBackground labelControl" options="static" style="" />
										</label>
										<container />
									</field>
									<constraints validate="false" xmlns="http://www.hyfinity.com/formmaker">
										<type>string</type>
										<required>false</required>
										<enumeration use_for_output="false" />
									</constraints>
									<error xmlns="http://www.hyfinity.com/formmaker">
										<hint class="hintIcon" style="" use="false">Enter a hint here.</hint>
										<server class="errorIcon" retain="false" style="" use="false" />
									</error>
									<palette_ref control="Button (Standard)" xmlns="http://www.hyfinity.com/formmaker" />
								</fm:element>
								<fm:custom name="custom_control_2" type="custom">
									<fm:code>
										<div xmlns="">
											<span>Previously Extended Date(s)</span>
											<ul id="GI_IND_PREV_EXT2_DT" style=" list-style-type: none" />
										</div>
									</fm:code>
									<fm:description>Enter a description.</fm:description>
									<palette_ref control="Custom" xmlns="http://www.hyfinity.com/formmaker" />
								</fm:custom>
								<fm:element disable="false" disable_method="read_only" generate="true" hide="false" name="GI_IND_STEP2_PREV_EXT_DT">
									<field xmlns="http://www.hyfinity.com/formmaker">
										<input options="dynamic">hidden</input>
										<style class="hide" options="static" style="" />
										<element_style class="hide" options="static" style="" />
										<date_picker class="" content="" required="false" type="normal" />
										<label class="hide" options="static" required="false" style="" type="static" value="Hidden Label">
											<container class="hide" options="static" style="" />
										</label>
										<container />
									</field>
									<constraints validate="false" xmlns="http://www.hyfinity.com/formmaker">
										<type>string</type>
										<required>false</required>
										<enumeration use_for_output="false" />
									</constraints>
									<error xmlns="http://www.hyfinity.com/formmaker">
										<hint class="hintIcon" style="" use="false">Enter a hint here.</hint>
										<server class="errorIcon" retain="false" style="" use="false" />
									</error>
									<palette_ref control="Hidden" xmlns="http://www.hyfinity.com/formmaker" />
								</fm:element>
								<fm:element disable="false" disable_method="disabled" generate="true" hide="false" name="GI_IND_STEP2_REASON">
									<field xmlns="http://www.hyfinity.com/formmaker">
										<input dropdown_default="Select One" options="static">select</input>
										<style class="defaultBackground selectControl" options="static" style="" />
										<element_style class="select" options="static" style="width : 196px !important;" />
										<date_picker class="" content="" required="false" type="normal" />
										<label class="label" options="static" position_override="top" required="true" style="" type="static" value="Reason">
											<container class="labelBackground labelControl" options="static" />
										</label>
										<container />
									</field>
									<constraints validate="true" xmlns="http://www.hyfinity.com/formmaker">
										<type>string</type>
										<required>true</required>
										<enumeration use_for_output="false">
											<include value="Gathering Information">Gathering Information</include>
											<include value="Management Request">Management Request</include>
											<include value="Manager On Leave">Manager On Leave</include>
											<include value="Union Request">Union Request</include>
											<include value="Unresponsive Manager">Unresponsive Manager</include>
										</enumeration>
									</constraints>
									<error xmlns="http://www.hyfinity.com/formmaker">
										<hint class="hintIcon" style="" use="false">Enter a hint here.</hint>
										<server class="errorIcon" retain="false" style="" use="false" />
									</error>
									<palette_ref control="Select Box" xmlns="http://www.hyfinity.com/formmaker" />
								</fm:element>
							</fm:group>
							<fm:group border_styling="false" compatability="false" fieldset="false" gen_method="layout" hide="false" label_position="left" name="layout_group_16" submit_if_hidden="true">
								<label class="label" options="static" position="outside_group" position_override="top" required="true" style="" type="static" value="Third-Party Appeal Decision" xmlns="http://www.hyfinity.com/formmaker">
									<container class="groupLabelBackground" options="static" style="">
										<content_alignment distribution="vertical" />
									</container>
								</label>
								<style class="" options="static" style="" xmlns="http://www.hyfinity.com/formmaker" />
								<fm:content_alignment distribution="vertical" halign="left" valign="top" />
								<fm:sizing height="fit_to_content" width="fully_expand" />
								<palette_ref control="Layout Group" xmlns="http://www.hyfinity.com/formmaker" />
								<fm:group border_styling="false" compatability="false" fieldset="false" gen_method="layout" hide="false" label_position="left" name="layout_group_17" submit_if_hidden="true">
									<label class="label" options="static" position="outside_group" position_override="top" required="false" style="" type="static" value="Layout Group" xmlns="http://www.hyfinity.com/formmaker">
										<container class="groupLabelBackground" options="static" style="">
											<content_alignment distribution="vertical" />
										</container>
									</label>
									<style class="" options="static" style="" xmlns="http://www.hyfinity.com/formmaker" />
									<fm:content_alignment distribution="horizontal" halign="left" valign="top" />
									<fm:sizing height="fit_to_content" width="fully_expand" />
									<palette_ref control="Layout Group" xmlns="http://www.hyfinity.com/formmaker" />
									<fm:element disable="false" disable_method="read_only" generate="true" hide="false" name="GI_IND_THIRD_PARTY_APPEAL_DT">
										<field xmlns="http://www.hyfinity.com/formmaker">
											<input options="dynamic" size="10">text</input>
											<style class="defaultBackground dateControl" options="static" style="width : 348px;" />
											<element_style class="textbox" options="static" style="width : 187px;" />
											<date_picker class="datePickerIcon" content="" required="true" type="normal" />
											<label class="label" options="static" position_override="top" required="true" style="width : 338px !important;" type="static" value="Third-Party Appeal Deadline">
												<container class="labelBackground labelControl" options="static">
													<sizing width="custom" />
												</container>
											</label>
											<container>
												<sizing width="custom" />
											</container>
										</field>
										<constraints validate="true" xmlns="http://www.hyfinity.com/formmaker">
											<type>date</type>
											<required>false</required>
											<enumeration use_for_output="false" />
										</constraints>
										<error xmlns="http://www.hyfinity.com/formmaker">
											<hint class="hintIcon" style="" use="false">Enter a hint here.</hint>
											<server class="errorIcon" retain="false" style="" use="false" />
										</error>
										<data_formats xmlns="http://www.hyfinity.com/formmaker">
											<date data="yyyy-MM-dd" display="MM/dd/yyyy" />
										</data_formats>
										<palette_ref control="Date" xmlns="http://www.hyfinity.com/formmaker" />
									</fm:element>
									<fm:element disable="false" disable_method="disabled" generate="true" hide="false" name="GI_IND_THIRD_APPEAL_REQUEST">
										<field xmlns="http://www.hyfinity.com/formmaker">
											<input options="static">select</input>
											<style class="defaultBackground selectControl" options="static" style="width : 298px;" />
											<element_style class="select" options="static" style="width : 196px !important;" />
											<date_picker class="" content="" required="false" type="normal" />
											<label class="label" options="static" position_override="top" required="true" style="" type="static" value="Third-Party Appeal Request">
												<container class="labelBackground labelControl" options="static" style="width : 298px;">
													<sizing width="custom" />
												</container>
											</label>
											<container>
												<sizing width="custom" />
											</container>
										</field>
										<constraints validate="true" xmlns="http://www.hyfinity.com/formmaker">
											<type>string</type>
											<required>false</required>
											<enumeration use_for_output="false">
												<include value="ListItem1">List Item 1</include>
												<include value="ListItem2">List Item 2</include>
												<include value="ListItem3">List Item 3</include>
											</enumeration>
										</constraints>
										<error xmlns="http://www.hyfinity.com/formmaker">
											<hint class="hintIcon" style="" use="false">Enter a hint here.</hint>
											<server class="errorIcon" retain="false" style="" use="false" />
										</error>
										<palette_ref control="Select Box" xmlns="http://www.hyfinity.com/formmaker" />
									</fm:element>
								</fm:group>
							</fm:group>
						</fm:group>
					</fm:group>
					<fm:group border_styling="false" compatability="false" fieldset="false" gen_method="layout" hide="false" label_position="left" name="grievance_Union_Management_group" submit_if_hidden="true">
						<label class="label" options="static" position="outside_group" position_override="top" required="false" style="" type="static" value="Layout Group" xmlns="http://www.hyfinity.com/formmaker">
							<container class="groupLabelBackground" options="static" style="">
								<content_alignment distribution="vertical" />
							</container>
						</label>
						<style class="" options="static" style="" xmlns="http://www.hyfinity.com/formmaker" />
						<fm:content_alignment distribution="vertical" halign="left" valign="top" />
						<fm:sizing height="fit_to_content" width="fully_expand" />
						<palette_ref control="Layout Group" xmlns="http://www.hyfinity.com/formmaker" />
						<fm:group border_styling="false" compatability="false" fieldset="false" gen_method="layout" hide="false" label_position="left" name="layout_group_2" submit_if_hidden="true">
							<label class="label" options="static" position="outside_group" position_override="top" required="false" style="" type="static" value="Layout Group" xmlns="http://www.hyfinity.com/formmaker">
								<container class="groupLabelBackground" options="static" style="" />
							</label>
							<style class="" options="static" style="" xmlns="http://www.hyfinity.com/formmaker" />
							<fm:content_alignment distribution="vertical" halign="left" valign="top" />
							<fm:sizing height="fit_to_content" width="fully_expand" />
							<palette_ref control="Layout Group" xmlns="http://www.hyfinity.com/formmaker" />
							<fm:element disable="false" disable_method="disabled" generate="true" hide="false" name="GI_UM_GRIEVABILITY">
								<field xmlns="http://www.hyfinity.com/formmaker">
									<input dropdown_default="Select One" options="static">select</input>
									<style class="defaultBackground selectControl" options="static" style="" />
									<element_style class="select" options="static" style="width : 194px;" />
									<date_picker class="" content="" required="false" type="normal" />
									<label class="label" options="static" position_override="top" required="true" style="width : 338px !important;" type="static" value="Grievability Issues">
										<container class="labelBackground labelControl" options="static" />
									</label>
									<container />
								</field>
								<constraints validate="true" xmlns="http://www.hyfinity.com/formmaker">
									<type>string</type>
									<required>true</required>
									<enumeration use_for_output="false">
										<include value="Collateral Estoppel">Collateral Estoppel</include>
										<include value="Employee not in BU">Employee not in BU</include>
										<include value="Excluded from grievance process">Excluded from grievance process</include>
										<include value="Matter already decided"> Matter already decided (res judicata)</include>
									</enumeration>
								</constraints>
								<error xmlns="http://www.hyfinity.com/formmaker">
									<hint class="hintIcon" style="" use="false">Enter a hint here.</hint>
									<server class="errorIcon" retain="false" style="" use="false" />
								</error>
								<palette_ref control="Select Box" xmlns="http://www.hyfinity.com/formmaker" />
							</fm:element>
						</fm:group>
						<fm:group border_styling="false" compatability="false" fieldset="false" gen_method="layout" hide="false" label_position="left" name="layout_group_6" submit_if_hidden="true">
							<label class="label" options="static" position="outside_group" position_override="top" required="false" style="" type="static" value="Layout Group" xmlns="http://www.hyfinity.com/formmaker">
								<container class="groupLabelBackground" options="static" style="">
									<content_alignment distribution="vertical" />
								</container>
							</label>
							<style class="" options="static" style="" xmlns="http://www.hyfinity.com/formmaker" />
							<fm:content_alignment distribution="horizontal" halign="left" valign="top" />
							<fm:sizing height="fit_to_content" width="fully_expand" />
							<palette_ref control="Layout Group" xmlns="http://www.hyfinity.com/formmaker" />
							<fm:element disable="false" disable_method="read_only" generate="true" hide="false" name="GI_MEETING_DT">
								<field xmlns="http://www.hyfinity.com/formmaker">
									<input options="dynamic" size="10">text</input>
									<style class="defaultBackground dateControl" options="static" style="width : 351px;" />
									<element_style class="textbox CompleteCase_dynamic_require standard_date" options="static" style="width : 187px;" />
									<date_picker class="datePickerIcon" content="" required="true" type="normal" />
									<label class="label" options="static" position_override="top" required="true" style="" type="static" value="Date of Meeting">
										<container class="labelBackground labelControl" options="static" style="width : 337px;">
											<sizing width="custom" />
										</container>
									</label>
									<container>
										<sizing width="custom" />
									</container>
								</field>
								<constraints validate="true" xmlns="http://www.hyfinity.com/formmaker">
									<type>date</type>
									<required>false</required>
									<enumeration use_for_output="false" />
								</constraints>
								<error xmlns="http://www.hyfinity.com/formmaker">
									<hint class="hintIcon" style="" use="false">Enter a hint here.</hint>
									<server class="errorIcon" retain="false" style="" use="false" />
								</error>
								<data_formats xmlns="http://www.hyfinity.com/formmaker">
									<date data="MM/dd/yyyy" display="MM/dd/yyyy" />
								</data_formats>
								<palette_ref control="Date" xmlns="http://www.hyfinity.com/formmaker" />
							</fm:element>
							<fm:element disable="false" disable_method="disabled" generate="true" hide="false" name="GI_GRIEVANCE_STATUS">
								<field xmlns="http://www.hyfinity.com/formmaker">
									<input dropdown_default="Select One" options="static">select</input>
									<style class="defaultBackground selectControl" options="static" style="" />
									<element_style class="select" options="static" style="width : 196px !important;" />
									<date_picker class="" content="" required="false" type="normal" />
									<label class="label " options="static" position_override="top" required="true" style="" type="static" value="Final Grievance status">
										<container class="labelBackground labelControl" options="static" />
									</label>
									<container />
								</field>
								<constraints validate="true" xmlns="http://www.hyfinity.com/formmaker">
									<type>string</type>
									<required>true</required>
									<enumeration use_for_output="false">
										<include value="Denied">Denied</include>
										<include value="Partial Relief Granted">Partial Relief Granted</include>
										<include value="Resolved">Resolved</include>
										<include value="Settlement Agreement">Settlement Agreement</include>
										<include value="Withdrawn">Withdrawn</include>
									</enumeration>
								</constraints>
								<error xmlns="http://www.hyfinity.com/formmaker">
									<hint class="hintIcon" style="" use="false">Enter a hint here.</hint>
									<server class="errorIcon" retain="false" style="" use="false" />
								</error>
								<palette_ref control="Select Box" xmlns="http://www.hyfinity.com/formmaker" />
							</fm:element>
						</fm:group>
						<fm:group border_styling="false" compatability="false" fieldset="false" gen_method="layout" hide="false" label_position="left" name="layout_group_7" submit_if_hidden="true">
							<label class="label" options="static" position="outside_group" position_override="top" required="true" style="" type="static" value="Arbitration Information" xmlns="http://www.hyfinity.com/formmaker">
								<container class="groupLabelBackground" options="static" style="">
									<content_alignment distribution="vertical" />
								</container>
							</label>
							<style class="" options="static" style="" xmlns="http://www.hyfinity.com/formmaker" />
							<fm:content_alignment distribution="vertical" halign="left" valign="top" />
							<fm:sizing height="fit_to_content" width="fully_expand" />
							<palette_ref control="Layout Group" xmlns="http://www.hyfinity.com/formmaker" />
							<fm:group border_styling="false" compatability="false" fieldset="false" gen_method="layout" hide="false" label_position="left" name="layout_group_8" submit_if_hidden="true">
								<label class="label" options="static" position="outside_group" position_override="top" required="false" style="" type="static" value="Layout Group" xmlns="http://www.hyfinity.com/formmaker">
									<container class="groupLabelBackground" options="static" style="" />
								</label>
								<style class="" options="static" style="" xmlns="http://www.hyfinity.com/formmaker" />
								<fm:content_alignment distribution="horizontal" halign="left" valign="top" />
								<fm:sizing height="fit_to_content" width="fully_expand" />
								<palette_ref control="Layout Group" xmlns="http://www.hyfinity.com/formmaker" />
								<fm:element disable="false" disable_method="read_only" generate="true" hide="false" name="GI_ARBITRATION_DEADLINE_DT">
									<field xmlns="http://www.hyfinity.com/formmaker">
										<input options="dynamic" size="10">text</input>
										<style class="defaultBackground dateControl" options="static" style="width : 351px;" />
										<element_style class="textbox" options="static" style="width : 193px;" />
										<date_picker class="datePickerIcon" content="" required="true" type="normal" />
										<label class="label" options="static" position_override="top" required="true" style="width : 338px !important;" type="static" value="Arbitration Deadline">
											<container class="labelBackground labelControl" options="static">
												<sizing height="custom" width="custom" />
											</container>
										</label>
										<container>
											<sizing width="custom" />
										</container>
									</field>
									<constraints validate="true" xmlns="http://www.hyfinity.com/formmaker">
										<type>date</type>
										<required>false</required>
										<enumeration use_for_output="false" />
									</constraints>
									<error xmlns="http://www.hyfinity.com/formmaker">
										<hint class="hintIcon" style="" use="false">Enter a hint here.</hint>
										<server class="errorIcon" retain="false" style="" use="false" />
									</error>
									<data_formats xmlns="http://www.hyfinity.com/formmaker">
										<date data="yyyy-MM-dd" display="MM/dd/yyyy" />
									</data_formats>
									<palette_ref control="Date" xmlns="http://www.hyfinity.com/formmaker" />
								</fm:element>
								<fm:element disable="false" disable_method="disabled" generate="true" hide="false" name="GI_ARBITRATION_REQUEST">
									<field xmlns="http://www.hyfinity.com/formmaker">
										<input options="static">select</input>
										<style class="defaultBackground selectControl" options="static" style="" />
										<element_style class="select" options="static" style="width : 196px !important;" />
										<date_picker class="" content="" required="false" type="normal" />
										<label class="label" options="static" position_override="top" required="true" style="" type="static" value="Arbitration Requested?">
											<container class="labelBackground labelControl" options="static" />
										</label>
										<container />
									</field>
									<constraints validate="true" xmlns="http://www.hyfinity.com/formmaker">
										<type>string</type>
										<required>false</required>
										<enumeration use_for_output="false">
											<include value="ListItem1">List Item 1</include>
											<include value="ListItem2">List Item 2</include>
											<include value="ListItem3">List Item 3</include>
										</enumeration>
									</constraints>
									<error xmlns="http://www.hyfinity.com/formmaker">
										<hint class="hintIcon" style="" use="false">Enter a hint here.</hint>
										<server class="errorIcon" retain="false" style="" use="false" />
									</error>
									<palette_ref control="Select Box" xmlns="http://www.hyfinity.com/formmaker" />
								</fm:element>
							</fm:group>
						</fm:group>
					</fm:group>
				</fm:group>
				<fm:group border_styling="false" compatability="false" fieldset="false" gen_method="layout" hide="false" label_position="left" name="somet" submit_if_hidden="true">
					<label class="label" options="static" position="outside_group" position_override="top" required="false" style="" type="static" value="Layout Group" xmlns="http://www.hyfinity.com/formmaker">
						<container class="groupLabelBackground" options="static" style="">
							<content_alignment distribution="vertical" />
						</container>
					</label>
					<style class="" options="static" style="" xmlns="http://www.hyfinity.com/formmaker" />
					<fm:content_alignment distribution="vertical" halign="left" valign="top" />
					<fm:sizing height="fit_to_content" width="fully_expand" />
					<palette_ref control="Layout Group" xmlns="http://www.hyfinity.com/formmaker" />
					<fm:group border_styling="false" compatability="false" fieldset="false" gen_method="layout" hide="false" label_position="left" name="grievance_Administrative_group" submit_if_hidden="true">
						<label class="label" options="static" position="outside_group" position_override="top" required="false" style="" type="static" value="Layout Group" xmlns="http://www.hyfinity.com/formmaker">
							<container class="groupLabelBackground" options="static" style="">
								<content_alignment distribution="vertical" />
							</container>
						</label>
						<style class="" options="static" style="" xmlns="http://www.hyfinity.com/formmaker" />
						<fm:content_alignment distribution="vertical" halign="left" valign="top" />
						<fm:sizing height="fit_to_content" width="fully_expand" />
						<palette_ref control="Layout Group" xmlns="http://www.hyfinity.com/formmaker" />
						<fm:group border_styling="false" compatability="false" fieldset="false" gen_method="layout" hide="false" label_position="left" name="layout_group_3" submit_if_hidden="true">
							<label class="label" options="static" position="outside_group" position_override="top" required="false" style="" type="static" value="Layout Group" xmlns="http://www.hyfinity.com/formmaker">
								<container class="groupLabelBackground" options="static" style="" />
							</label>
							<style class="" options="static" style="" xmlns="http://www.hyfinity.com/formmaker" />
							<fm:content_alignment distribution="horizontal" halign="left" valign="top" />
							<fm:sizing height="fit_to_content" width="fully_expand" />
							<palette_ref control="Layout Group" xmlns="http://www.hyfinity.com/formmaker" />
							<fm:element disable="false" disable_method="read_only" generate="true" hide="false" name="GI_ADMIN_OFFCL_1">
								<field xmlns="http://www.hyfinity.com/formmaker">
									<input options="dynamic">text</input>
									<style class="defaultBackground textboxControl" options="static" style="width : 350px;" />
									<element_style class="textbox CompleteCase_dynamic_require" options="static" style="width : 305px;" />
									<date_picker class="datePickerIcon" content="" required="false" type="normal" />
									<label class="label" options="static" position_override="top" required="true" style="width : 338px !important;" type="static" value="Stage One Official">
										<container class="labelBackground labelControl" options="static">
											<sizing width="custom" />
										</container>
									</label>
									<container>
										<sizing width="custom" />
									</container>
								</field>
								<constraints validate="true" xmlns="http://www.hyfinity.com/formmaker">
									<type>string</type>
									<required>false</required>
									<enumeration use_for_output="false" />
								</constraints>
								<error xmlns="http://www.hyfinity.com/formmaker">
									<hint class="hintIcon" style="" use="false">Enter a hint here.</hint>
									<server class="errorIcon" retain="false" style="" use="false" />
								</error>
								<palette_ref control="Text Box" xmlns="http://www.hyfinity.com/formmaker" />
							</fm:element>
							<fm:element disable="false" disable_method="read_only" generate="true" hide="false" name="GI_ADMIN_STG_1_DECISION_DT">
								<field xmlns="http://www.hyfinity.com/formmaker">
									<input options="dynamic" size="10">text</input>
									<style class="defaultBackground dateControl" options="static" style="width : 260px;" />
									<element_style class="textbox CompleteCase_dynamic_require standard_date" options="static" style="width : 187px;" />
									<date_picker class="datePickerIcon" content="" required="true" type="normal" />
									<label class="label" options="static" position_override="top" required="true" style="" type="static" value="Date Stage One Decision Due">
										<container class="labelBackground labelControl" options="static" style="width : 260px;">
											<sizing width="custom" />
										</container>
									</label>
									<container>
										<sizing width="custom" />
									</container>
								</field>
								<constraints validate="true" xmlns="http://www.hyfinity.com/formmaker">
									<type>date</type>
									<required>false</required>
									<enumeration use_for_output="false" />
								</constraints>
								<error xmlns="http://www.hyfinity.com/formmaker">
									<hint class="hintIcon" style="" use="false">Enter a hint here.</hint>
									<server class="errorIcon" retain="false" style="" use="false" />
								</error>
								<data_formats xmlns="http://www.hyfinity.com/formmaker">
									<date data="MM/dd/yyyy" display="MM/dd/yyyy" />
								</data_formats>
								<palette_ref control="Date" xmlns="http://www.hyfinity.com/formmaker" />
							</fm:element>
							<fm:element disable="false" disable_method="read_only" generate="true" hide="false" name="GI_ADMIN_STG_1_ISSUE_DT">
								<field xmlns="http://www.hyfinity.com/formmaker">
									<input options="dynamic" size="10">text</input>
									<style class="defaultBackground dateControl" options="static" style="width : 255px;" />
									<element_style class="textbox CompleteCase_dynamic_require standard_date" options="static" style="width : 190px;" />
									<date_picker class="datePickerIcon" content="" required="true" type="normal" />
									<label class="label" options="static" position_override="top" required="true" style="" type="static" value="Date Stage One Decision Issued">
										<container class="labelBackground labelControl" options="static" style="width : 255px;">
											<sizing width="custom" />
										</container>
									</label>
									<container>
										<sizing width="custom" />
									</container>
								</field>
								<constraints validate="true" xmlns="http://www.hyfinity.com/formmaker">
									<type>date</type>
									<required>false</required>
									<enumeration use_for_output="false" />
								</constraints>
								<error xmlns="http://www.hyfinity.com/formmaker">
									<hint class="hintIcon" style="" use="false">Enter a hint here.</hint>
									<server class="errorIcon" retain="false" style="" use="false" />
								</error>
								<data_formats xmlns="http://www.hyfinity.com/formmaker">
									<date data="MM/dd/yyyy" display="MM/dd/yyyy" />
								</data_formats>
								<palette_ref control="Date" xmlns="http://www.hyfinity.com/formmaker" />
							</fm:element>
						</fm:group>
						<fm:group border_styling="false" compatability="false" fieldset="false" gen_method="layout" hide="false" label_position="left" name="layout_group_4" submit_if_hidden="true">
							<label class="label" options="static" position="outside_group" position_override="top" required="false" style="" type="static" value="Layout Group" xmlns="http://www.hyfinity.com/formmaker">
								<container class="groupLabelBackground" options="static" style="" />
							</label>
							<style class="" options="static" style="" xmlns="http://www.hyfinity.com/formmaker" />
							<fm:content_alignment distribution="vertical" halign="left" valign="top" />
							<fm:sizing height="fit_to_content" width="fully_expand" />
							<palette_ref control="Layout Group" xmlns="http://www.hyfinity.com/formmaker" />
							<fm:element disable="false" disable_method="disabled" generate="true" hide="false" name="GI_ADMIN_STG_2_RESP">
								<field xmlns="http://www.hyfinity.com/formmaker">
									<input dropdown_default="Select One" options="static">select</input>
									<style class="defaultBackground selectControl" options="static" style="width : 260px;" />
									<element_style class="select CompleteCase_dynamic_require" options="static" style="width : 196px !important;" />
									<date_picker class="" content="" required="false" type="normal" />
									<label class="label" options="static" position_override="top" required="true" style="width : 338px !important;" type="static" value="Was Stage Two Requested?">
										<container class="labelBackground labelControl" options="static">
											<sizing width="custom" />
										</container>
									</label>
									<container>
										<sizing width="custom" />
									</container>
								</field>
								<constraints validate="true" xmlns="http://www.hyfinity.com/formmaker">
									<type>string</type>
									<required>false</required>
									<enumeration use_for_output="false">
										<include value="Y">Yes</include>
										<include value="N">No</include>
									</enumeration>
								</constraints>
								<error xmlns="http://www.hyfinity.com/formmaker">
									<hint class="hintIcon" style="" use="false">Enter a hint here.</hint>
									<server class="errorIcon" retain="false" style="" use="false" />
								</error>
								<palette_ref control="Select Box" xmlns="http://www.hyfinity.com/formmaker" />
							</fm:element>
						</fm:group>
						<fm:group border_styling="false" compatability="false" fieldset="false" gen_method="layout" hide="false" label_position="left" name="GI_admin_stg2_group" submit_if_hidden="true">
							<label class="label" options="static" position="outside_group" position_override="top" required="false" style="" type="static" value="Layout Group" xmlns="http://www.hyfinity.com/formmaker">
								<container class="groupLabelBackground" options="static" style="">
									<content_alignment distribution="vertical" />
								</container>
							</label>
							<style class="" options="static" style="" xmlns="http://www.hyfinity.com/formmaker" />
							<fm:content_alignment distribution="horizontal" halign="left" valign="top" />
							<fm:sizing height="fit_to_content" width="fully_expand" />
							<palette_ref control="Layout Group" xmlns="http://www.hyfinity.com/formmaker" />
							<fm:element disable="false" disable_method="read_only" generate="true" hide="false" name="GI_ADMIN_OFFCL_2">
								<field xmlns="http://www.hyfinity.com/formmaker">
									<input options="dynamic">text</input>
									<style class="defaultBackground textboxControl" options="static" style="width : 356px;" />
									<element_style class="textbox CompleteCase_dynamic_require" options="static" style="width : 187px;" />
									<date_picker class="datePickerIcon" content="" required="false" type="normal" />
									<label class="label" options="static" position_override="top" required="true" style="width : 338px !important;" type="static" value="Stage Two Official">
										<container class="labelBackground labelControl" options="static">
											<sizing width="custom" />
										</container>
									</label>
									<container>
										<sizing width="custom" />
									</container>
								</field>
								<constraints validate="true" xmlns="http://www.hyfinity.com/formmaker">
									<type>string</type>
									<required>false</required>
									<enumeration use_for_output="false" />
								</constraints>
								<error xmlns="http://www.hyfinity.com/formmaker">
									<hint class="hintIcon" style="" use="false">Enter a hint here.</hint>
									<server class="errorIcon" retain="false" style="" use="false" />
								</error>
								<palette_ref control="Text Box" xmlns="http://www.hyfinity.com/formmaker" />
							</fm:element>
							<fm:element disable="false" disable_method="read_only" generate="true" hide="false" name="GI_ADMIN_STG_2_DECISION_DT">
								<field xmlns="http://www.hyfinity.com/formmaker">
									<input options="dynamic" size="10">text</input>
									<style class="defaultBackground dateControl" options="static" style="width : 262px;" />
									<element_style class="textbox CompleteCase_dynamic_require standard_date" options="static" style="width : 184px;" />
									<date_picker class="datePickerIcon" content="" required="true" type="normal" />
									<label class="label" options="static" position_override="top" required="true" style="" type="static" value="Date Stage Two Decision Due">
										<container class="labelBackground labelControl" options="static" style="width : 262px;">
											<sizing width="custom" />
										</container>
									</label>
									<container>
										<sizing width="custom" />
									</container>
								</field>
								<constraints validate="true" xmlns="http://www.hyfinity.com/formmaker">
									<type>date</type>
									<required>false</required>
									<enumeration use_for_output="false" />
								</constraints>
								<error xmlns="http://www.hyfinity.com/formmaker">
									<hint class="hintIcon" style="" use="false">Enter a hint here.</hint>
									<server class="errorIcon" retain="false" style="" use="false" />
								</error>
								<data_formats xmlns="http://www.hyfinity.com/formmaker">
									<date data="MM/dd/yyyy" display="MM/dd/yyyy" />
								</data_formats>
								<palette_ref control="Date" xmlns="http://www.hyfinity.com/formmaker" />
							</fm:element>
							<fm:element disable="false" disable_method="read_only" generate="true" hide="false" name="GI_ADMIN_STG_2_ISSUE_DT">
								<field xmlns="http://www.hyfinity.com/formmaker">
									<input options="dynamic" size="10">text</input>
									<style class="defaultBackground dateControl" options="static" style="width : 331px;" />
									<element_style class="textbox CompleteCase_dynamic_require standard_date" options="static" style="width : 188px;" />
									<date_picker class="datePickerIcon" content="" required="true" type="normal" />
									<label class="label" options="static" position_override="top" required="true" style="" type="static" value="Date Stage Two Decision Issued">
										<container class="labelBackground labelControl" options="static" style="width : 331px;">
											<sizing width="custom" />
										</container>
									</label>
									<container>
										<sizing width="custom" />
									</container>
								</field>
								<constraints validate="true" xmlns="http://www.hyfinity.com/formmaker">
									<type>date</type>
									<required>false</required>
									<enumeration use_for_output="false" />
								</constraints>
								<error xmlns="http://www.hyfinity.com/formmaker">
									<hint class="hintIcon" style="" use="false">Enter a hint here.</hint>
									<server class="errorIcon" retain="false" style="" use="false" />
								</error>
								<data_formats xmlns="http://www.hyfinity.com/formmaker">
									<date data="MM/dd/yyyy" display="MM/dd/yyyy" />
								</data_formats>
								<palette_ref control="Date" xmlns="http://www.hyfinity.com/formmaker" />
							</fm:element>
						</fm:group>
					</fm:group>
				</fm:group>
			</fm:group>
		</fm:group>
	</fm:group>
</fm:structure>
