<?xml version="1.0" encoding="UTF-8"?>
<fm:structure xmlns:fm="http://www.hyfinity.com/formmaker">
	<form_details xmlns="http://www.hyfinity.com/formmaker">
		<error_highlight_method alert="false" as_you_type="true" validation_mode="all">bubble</error_highlight_method>
		<hint_display_method>tooltip</hint_display_method>
		<top_level_message class="topLevelMessage" required="false" style="" />
		<mark_mandatory class="mandatory" location="after_label" required="true" style=""> * </mark_mandatory>
		<description>Enter a description.</description>
		<page_background_style class="" style="" />
		<page_content_style class="" style="" />
		<page_events>
			<events>
				<event id="onbeforeload">
					<action id="FunctionCall">
						<param name="Function" option="Static" value="require" />
						<param name="Parameters" option="Script" value="[&quot;dijit/Dialog&quot;]" />
					</action>
				</event>
			</events>
		</page_events>
		<external_events>
			<events />
		</external_events>
	</form_details>
	<fm:custom name="disableBootstrapAutolayout" type="custom">
		<fm:code>
			<meta content="width=device-width, initial-scale=1, max-scale=1" name="viewport" xmlns="" />
		</fm:code>
		<fm:description>Enter a description.</fm:description>
		<palette_ref control="Custom" xmlns="http://www.hyfinity.com/formmaker" />
	</fm:custom>
	<fm:custom name="blockUISection" type="custom">
		<fm:code>
			<script type="text/javascript" xmlns="">
                FormUtility.greyOutScreen(true);
            </script>
		</fm:code>
		<fm:description>Enter a description.</fm:description>
		<palette_ref control="Custom" xmlns="http://www.hyfinity.com/formmaker" />
	</fm:custom>
	<fm:group border_styling="false" compatability="false" fieldset="false" gen_method="layout" hide="false" label_position="left" name="background" submit_if_hidden="true">
		<label class="label" options="static" position="outside_group" position_override="top" required="false" style="" type="static" value="Layout Group" xmlns="http://www.hyfinity.com/formmaker">
			<container class="groupLabelBackground" options="static" style="">
				<content_alignment distribution="vertical" />
			</container>
		</label>
		<style class="" options="static" style="" xmlns="http://www.hyfinity.com/formmaker" />
		<fm:content_alignment distribution="vertical" halign="left" valign="top" />
		<fm:sizing height="fully_expand" width="custom" />
		<palette_ref control="Layout Group" xmlns="http://www.hyfinity.com/formmaker" />
		<fm:group border_styling="false" compatability="false" fieldset="false" gen_method="layout" hide="false" label_position="left" name="container" submit_if_hidden="true">
			<label class="label" options="static" position="outside_group" position_override="top" required="false" style="" type="static" value="Layout Group" xmlns="http://www.hyfinity.com/formmaker">
				<container class="groupLabelBackground" options="static" style="">
					<content_alignment distribution="vertical" />
				</container>
			</label>
			<style class="" options="static" style="margin-left: 10px; margin-right: 10px; background-color : #ffffff;" xmlns="http://www.hyfinity.com/formmaker" />
			<fm:content_alignment distribution="vertical" halign="left" valign="middle" />
			<fm:sizing height="fit_to_content" width="fully_expand" />
			<palette_ref control="Layout Group" xmlns="http://www.hyfinity.com/formmaker" />
			<fm:group border_styling="false" compatability="false" fieldset="false" gen_method="layout" hide="false" label_position="left" name="logoSection" submit_if_hidden="true">
				<label class="label" options="static" position="outside_group" position_override="top" required="false" style="" type="static" value="Layout Group" xmlns="http://www.hyfinity.com/formmaker">
					<container class="groupLabelBackground" options="static" style="">
						<content_alignment distribution="vertical" />
					</container>
				</label>
				<style class="" options="static" style="" xmlns="http://www.hyfinity.com/formmaker" />
				<fm:content_alignment distribution="horizontal" halign="left" valign="middle" />
				<fm:sizing height="custom" width="fully_expand" />
				<palette_ref control="Layout Group" xmlns="http://www.hyfinity.com/formmaker" />
				<grid_structure cols="2" rows="1" xmlns="http://www.hyfinity.com/formmaker" />
				<fm:element disable="false" disable_method="disabled" generate="true" hide="false" name="cmslogo4">
					<field xmlns="http://www.hyfinity.com/formmaker">
						<input caption="images/CMSLogo.png" options="static">image</input>
						<style class="defaultBackground imageControl" options="static" style="" />
						<element_style class="image cmslogo" options="static" style="" />
						<date_picker class="" content="" required="false" type="normal" />
						<label class="label" options="static" required="false" style="" type="static" value="">
							<container class="labelBackground labelControl" options="static" />
						</label>
						<container>
							<content_alignment halign="left" valign="middle" />
							<sizing height="custom" width="custom" />
						</container>
					</field>
					<constraints validate="false" xmlns="http://www.hyfinity.com/formmaker">
						<type>string</type>
						<required>false</required>
						<enumeration use_for_output="false" />
					</constraints>
					<error xmlns="http://www.hyfinity.com/formmaker">
						<hint class="hintIcon" style="" use="false">Enter a hint here.</hint>
						<server class="errorIcon" retain="false" style="" use="false" />
					</error>
					<palette_ref control="Image (Picture)" xmlns="http://www.hyfinity.com/formmaker" />
					<accessibility xmlns="http://www.hyfinity.com/formmaker">
						<alt>CMS Logo</alt>
					</accessibility>
					<fm:description>CMS Logo</fm:description>
				</fm:element>
				<fm:group border_styling="false" compatability="false" fieldset="false" gen_method="layout" hide="false" label_position="left" name="title" submit_if_hidden="true">
					<label class="label" options="static" position="outside_group" position_override="top" required="false" style="" type="static" value="Layout Group" xmlns="http://www.hyfinity.com/formmaker">
						<container class="groupLabelBackground" options="static" style="">
							<content_alignment distribution="vertical" />
						</container>
					</label>
					<style class="" options="static" style="" xmlns="http://www.hyfinity.com/formmaker" />
					<fm:content_alignment distribution="horizontal" halign="left" valign="middle" />
					<fm:sizing height="custom" width="custom" />
					<palette_ref control="Layout Group" xmlns="http://www.hyfinity.com/formmaker" />
					<fm:element disable="false" disable_method="read_only" generate="true" hide="false" name="formTitle">
						<field xmlns="http://www.hyfinity.com/formmaker">
							<input caption="Incentives Request" options="static">output</input>
							<style class="defaultBackground outputControl" options="static" style="" />
							<element_style class="output" options="static" style="font-family : Arial; font-size : 28pt; " />
							<date_picker class="datePickerIcon" content="" required="false" type="normal" />
							<label class="label" options="static" required="false" style="" type="static" value="Output">
								<container class="labelBackground labelControl" options="static" />
							</label>
							<container />
						</field>
						<constraints validate="false" xmlns="http://www.hyfinity.com/formmaker">
							<type>string</type>
							<required>false</required>
							<enumeration use_for_output="false" />
						</constraints>
						<error xmlns="http://www.hyfinity.com/formmaker">
							<hint class="hintIcon" style="" use="false">Enter a hint here.</hint>
							<server class="errorIcon" retain="false" style="" use="false" />
						</error>
						<palette_ref control="Output" xmlns="http://www.hyfinity.com/formmaker" />
					</fm:element>
				</fm:group>
			</fm:group>
			<fm:group border_styling="false" compatability="false" fieldset="false" gen_method="layout" hide="false" label_position="left" name="commonHeader" submit_if_hidden="true">
				<label class="label" options="static" position="outside_group" position_override="top" required="false" style="" type="static" value="Layout Group" xmlns="http://www.hyfinity.com/formmaker">
					<container class="groupLabelBackground" options="static" style="">
						<content_alignment distribution="vertical" />
					</container>
				</label>
				<style class="" options="static" style="" xmlns="http://www.hyfinity.com/formmaker" />
				<fm:content_alignment distribution="vertical" halign="left" valign="top" />
				<fm:sizing height="fit_to_content" width="fully_expand" />
				<palette_ref control="Layout Group" xmlns="http://www.hyfinity.com/formmaker" />
				<fm:group border_styling="false" compatability="false" fieldset="false" gen_method="layout" hide="false" label_position="left" name="commmonInfo" submit_if_hidden="true">
					<label class="label" options="static" position="outside_group" position_override="top" required="false" style="" type="static" value="Layout Group" xmlns="http://www.hyfinity.com/formmaker">
						<container class="groupLabelBackground" options="static" style="">
							<content_alignment distribution="vertical" />
						</container>
					</label>
					<style class="" options="static" style="background-color : #c0c0c0; height:40px;" xmlns="http://www.hyfinity.com/formmaker" />
					<fm:content_alignment distribution="horizontal" halign="left" valign="top" />
					<fm:sizing height="custom" width="fully_expand" />
					<palette_ref control="Layout Group" xmlns="http://www.hyfinity.com/formmaker" />
					<fm:custom name="spacer_3" type="spacer">
						<fm:code>
							<div style="height: 21px; width: 10px;" xmlns="http://www.hyfinity.com/xfactory"></div>
						</fm:code>
						<fm:description>Enter a description.</fm:description>
						<palette_ref control="Spacer" xmlns="http://www.hyfinity.com/formmaker" />
					</fm:custom>
					<fm:element disable="false" disable_method="read_only" generate="true" hide="false" name="output_requestNumber">
						<field xmlns="http://www.hyfinity.com/formmaker">
							<input options="static">output</input>
							<style class="defaultBackground outputControl header_value" options="static" style="" />
							<element_style class="output" options="static" style="width : 100px;" />
							<date_picker class="datePickerIcon" content="" required="false" type="normal" />
							<label class="label" options="static" required="true" style="" type="static" value="Request Number:">
								<container class="labelBackground labelControl header_label" options="static" style="width : 137px;">
									<content_alignment halign="right" valign="middle" />
									<sizing height="fully_expand" width="custom" />
								</container>
							</label>
							<container>
								<content_alignment halign="left" valign="middle" />
								<sizing height="fully_expand" />
							</container>
						</field>
						<constraints validate="false" xmlns="http://www.hyfinity.com/formmaker">
							<type>string</type>
							<required>false</required>
							<enumeration use_for_output="false" />
						</constraints>
						<error xmlns="http://www.hyfinity.com/formmaker">
							<hint class="hintIcon" style="" use="false">Enter a hint here.</hint>
							<server class="errorIcon" retain="false" style="" use="false" />
						</error>
						<palette_ref control="Output" xmlns="http://www.hyfinity.com/formmaker" />
					</fm:element>
					<fm:element disable="false" disable_method="read_only" generate="true" hide="false" name="output_requestDate">
						<field xmlns="http://www.hyfinity.com/formmaker">
							<input options="static">output</input>
							<style class="defaultBackground outputControl header_value" options="static" style="" />
							<element_style class="output" options="static" style="width : 100px;" />
							<date_picker class="datePickerIcon" content="" required="false" type="normal" />
							<label class="label" options="static" required="true" style="" type="static" value="Request Date:">
								<container class="labelBackground labelControl header_label" options="static" style="width : 112px;">
									<content_alignment halign="right" valign="middle" />
									<sizing height="fully_expand" width="custom" />
								</container>
							</label>
							<container>
								<content_alignment halign="left" valign="middle" />
								<sizing height="fully_expand" />
							</container>
						</field>
						<constraints validate="false" xmlns="http://www.hyfinity.com/formmaker">
							<type>string</type>
							<required>false</required>
							<enumeration use_for_output="false" />
						</constraints>
						<error xmlns="http://www.hyfinity.com/formmaker">
							<hint class="hintIcon" style="" use="false">Enter a hint here.</hint>
							<server class="errorIcon" retain="false" style="" use="false" />
						</error>
						<palette_ref control="Output" xmlns="http://www.hyfinity.com/formmaker" />
					</fm:element>
					<fm:element disable="false" disable_method="read_only" generate="true" hide="false" name="output_incentiveType">
						<field xmlns="http://www.hyfinity.com/formmaker">
							<input options="dynamic">output</input>
							<style class="defaultBackground outputControl" options="static" style="" />
							<element_style class="output" options="static" style="width : 100px;" />
							<date_picker class="datePickerIcon" content="" required="false" type="normal" />
							<label class="label" options="static" required="true" style="" type="static" value="Incentive Type:">
								<container class="labelBackground labelControl" options="static" style="width : 116px;">
									<sizing height="fully_expand" width="custom" />
								</container>
							</label>
							<container>
								<sizing height="fully_expand" />
							</container>
						</field>
						<constraints validate="false" xmlns="http://www.hyfinity.com/formmaker">
							<type>string</type>
							<required>false</required>
							<enumeration use_for_output="false" />
						</constraints>
						<error xmlns="http://www.hyfinity.com/formmaker">
							<hint class="hintIcon" style="" use="false">Enter a hint here.</hint>
							<server class="errorIcon" retain="false" style="" use="false" />
						</error>
						<fm:palette_ref control="Output" />
					</fm:element>
					<fm:element disable="false" disable_method="read_only" generate="true" hide="false" name="output_initiatorName">
						<field xmlns="http://www.hyfinity.com/formmaker">
							<input caption="John Doe" options="dynamic">output</input>
							<style class="defaultBackground outputControl header_value" options="static" style="" />
							<element_style class="output" options="static" style="width : 170px;" />
							<date_picker class="datePickerIcon" content="" required="false" type="normal" />
							<label class="label" options="static" required="true" style="" type="static" value="Initiator:">
								<container class="labelBackground labelControl header_label" options="static" style="width : 73px;">
									<content_alignment halign="right" valign="middle" />
									<sizing height="fully_expand" width="custom" />
								</container>
							</label>
							<container>
								<content_alignment halign="left" valign="middle" />
								<sizing height="fully_expand" />
							</container>
						</field>
						<constraints validate="false" xmlns="http://www.hyfinity.com/formmaker">
							<type>string</type>
							<required>false</required>
							<enumeration use_for_output="false" />
						</constraints>
						<error xmlns="http://www.hyfinity.com/formmaker">
							<hint class="hintIcon" style="" use="false">Enter a hint here.</hint>
							<server class="errorIcon" retain="false" style="" use="false" />
						</error>
						<palette_ref control="Output" xmlns="http://www.hyfinity.com/formmaker" />
					</fm:element>
					<fm:element disable="false" disable_method="read_only" generate="true" hide="false" name="output_requestStatus">
						<field xmlns="http://www.hyfinity.com/formmaker">
							<input options="dynamic">output</input>
							<style class="defaultBackground outputControl header_value" options="static" style="" />
							<element_style class="output" options="static" style="width : 100px;" />
							<date_picker class="datePickerIcon" content="" required="false" type="normal" />
							<label class="label" options="static" required="true" style="" type="static" value="Current Status:">
								<container class="labelBackground labelControl header_label" options="static" style="width : 122px;">
									<content_alignment halign="right" valign="middle" />
									<sizing height="fully_expand" width="custom" />
								</container>
							</label>
							<container>
								<content_alignment halign="left" valign="middle" />
								<sizing height="fully_expand" />
							</container>
						</field>
						<constraints validate="false" xmlns="http://www.hyfinity.com/formmaker">
							<type>string</type>
							<required>false</required>
							<enumeration use_for_output="false" />
						</constraints>
						<error xmlns="http://www.hyfinity.com/formmaker">
							<hint class="hintIcon" style="" use="false">Enter a hint here.</hint>
							<server class="errorIcon" retain="false" style="" use="false" />
						</error>
						<palette_ref control="Output" xmlns="http://www.hyfinity.com/formmaker" />
					</fm:element>
				</fm:group>
			</fm:group>
			<fm:custom name="spacer" type="spacer">
				<fm:code>
					<div style="height: 5px; width: 150px;" xmlns=""></div>
				</fm:code>
				<fm:description>Enter a description.</fm:description>
				<palette_ref control="Spacer" xmlns="http://www.hyfinity.com/formmaker" />
			</fm:custom>
			<fm:group border_styling="false" compatability="false" fieldset="false" gen_method="layout" hide="false" label_position="left" name="bodySection" submit_if_hidden="true">
				<label class="label" options="static" position="outside_group" position_override="top" required="false" style="" type="static" value="Layout Group" xmlns="http://www.hyfinity.com/formmaker">
					<container class="groupLabelBackground" options="static" style="">
						<content_alignment distribution="vertical" />
					</container>
				</label>
				<style class="" options="static" style="" xmlns="http://www.hyfinity.com/formmaker" />
				<fm:content_alignment distribution="vertical" halign="left" valign="top" />
				<fm:sizing height="fit_to_content" width="fully_expand" />
				<palette_ref control="Layout Group" xmlns="http://www.hyfinity.com/formmaker" />
				<fm:group border_styling="false" compatability="false" fieldset="false" gen_method="container" hide="false" label_position="left" name="tab_container_group" submit_if_hidden="true">
					<fm:element disable="false" disable_method="disabled" generate="true" hide="false" name="tab_control">
						<field xmlns="http://www.hyfinity.com/formmaker">
							<input default="tab1" options="static" selected_tab_class="selectedTab" unselected_tab_class="unselectedTab">tabs</input>
							<style class="defaultBackground tabsButtons" options="static" style="" />
							<element_style class="textbox " options="static" style="" />
							<date_picker class="datePickerIcon" content="" required="false" type="normal" />
							<label class="label" options="static" required="false" style="" type="static" value="Tab Control">
								<container class="labelBackground labelControl" options="static" style="" />
							</label>
							<container>
								<sizing width="fully_expand" />
							</container>
						</field>
						<constraints validate="true" xmlns="http://www.hyfinity.com/formmaker">
							<type>string</type>
							<required>false</required>
							<enumeration use_for_output="false">
								<include value="tab1">General</include>
								<include value="tab2">Position</include>
								<include value="tab3">PCA Details</include>
								<include value="tab4">Review</include>
								<include value="tab5">Approve</include>
								<include value="tab9">Documents</include>
							</enumeration>
						</constraints>
						<error xmlns="http://www.hyfinity.com/formmaker">
							<hint class="hintIcon" style="" use="false">Enter a hint here.</hint>
							<server class="errorIcon" retain="false" style="" use="false" />
						</error>
					</fm:element>
					<fm:group border_styling="false" compatability="false" fieldset="false" gen_method="layout" hide="false" label_position="left" name="layout_group_4" submit_if_hidden="true">
						<label class="label" options="static" position="outside_group" position_override="top" required="false" style="" type="static" value="Layout Group" xmlns="http://www.hyfinity.com/formmaker">
							<container class="groupLabelBackground" options="static" style="">
								<content_alignment distribution="vertical" />
							</container>
						</label>
						<style class="" options="static" style="margin-bottom:5px;border-top-style : ridge; " xmlns="http://www.hyfinity.com/formmaker" />
						<fm:content_alignment distribution="horizontal" halign="left" valign="top" />
						<fm:sizing height="fit_to_content" width="fully_expand" />
						<palette_ref control="Layout Group" xmlns="http://www.hyfinity.com/formmaker" />
					</fm:group>
					<fm:group border_styling="false" compatability="false" fieldset="false" gen_method="container" hide="false" label_position="left" name="tab1" submit_if_hidden="true">
						<label class="label" options="static" position="outside_group" position_override="top" required="false" style="" type="static" value="Partial Page Group" xmlns="http://www.hyfinity.com/formmaker">
							<container class="groupLabelBackground" options="static" style="">
								<content_alignment distribution="vertical" halign="left" valign="middle" />
								<sizing height="custom" width="fully_expand" />
							</container>
						</label>
						<style class="partialPageContainer" options="static" style="" xmlns="http://www.hyfinity.com/formmaker" />
						<fm:content_alignment distribution="vertical" halign="left" valign="top" />
						<fm:sizing height="fit_to_content" width="fully_expand" />
						<palette_ref control="Partial Page Group" xmlns="http://www.hyfinity.com/formmaker" />
						<conditional_display invert="true" required="true" xmlns="http://www.hyfinity.com/formmaker">
							<check id="field_value_condition">
								<param name="FieldToCheck" option="PageField" value="tab_control" />
								<param name="Comparison" option="==" />
								<param name="CheckValue" option="Static" value="tab1" />
							</check>
						</conditional_display>
						<fm:group border_styling="false" compatability="false" fieldset="false" gen_method="container" hide="false" label_position="left" name="partial_tab1" submit_if_hidden="true">
							<label class="label" options="static" position="outside_group" position_override="top" required="false" style="" type="static" value="Partial Page Group" xmlns="http://www.hyfinity.com/formmaker">
								<container class="groupLabelBackground" options="static" style="">
									<content_alignment distribution="vertical" halign="left" valign="middle" />
									<sizing height="custom" width="fully_expand" />
								</container>
							</label>
							<style class="partialPageContainer" options="static" style="" xmlns="http://www.hyfinity.com/formmaker" />
							<fm:content_alignment distribution="vertical" halign="left" valign="top" />
							<fm:sizing height="fit_to_content" width="fully_expand" />
							<palette_ref control="Partial Page Group" xmlns="http://www.hyfinity.com/formmaker" />
							<events xmlns="http://www.hyfinity.com/formmaker" />
						</fm:group>
						<events xmlns="http://www.hyfinity.com/formmaker" />
					</fm:group>
					<label class="label" options="static" position="outside_group" position_override="top" required="false" style="" type="static" value="" xmlns="http://www.hyfinity.com/formmaker">
						<container class="groupLabelBackground" options="static" style="">
							<content_alignment distribution="vertical" halign="left" valign="middle" />
							<sizing height="custom" width="fully_expand" />
						</container>
					</label>
					<style class="tabContainer" options="static" style="" xmlns="http://www.hyfinity.com/formmaker" />
					<content_alignment distribution="vertical" halign="left" valign="top" xmlns="http://www.hyfinity.com/formmaker" />
					<sizing width="fully_expand" xmlns="http://www.hyfinity.com/formmaker" />
					<palette_ref control="Tabs" xmlns="http://www.hyfinity.com/formmaker" />
					<fm:group border_styling="false" compatability="false" fieldset="false" gen_method="container" hide="false" label_position="left" name="tab2" submit_if_hidden="true">
						<label class="label" options="static" position="inside_group" position_override="top" required="false" style="" type="static" value="" xmlns="http://www.hyfinity.com/formmaker">
							<container class="groupLabelBackground" options="static" style="">
								<content_alignment distribution="vertical" halign="left" valign="middle" />
								<sizing height="custom" width="fully_expand" />
							</container>
						</label>
						<style class="partialPageContainer" options="static" style="" xmlns="http://www.hyfinity.com/formmaker" />
						<fm:content_alignment distribution="vertical" halign="left" valign="top" />
						<fm:sizing height="fit_to_content" width="fully_expand" />
						<fm:conditional_display invert="true" required="true">
							<fm:check id="field_value_condition">
								<fm:param name="FieldToCheck" option="PageField" value="tab_control" />
								<fm:param name="Comparison" option="==" value="" />
								<fm:param name="CheckValue" option="Static" value="tab2" />
							</fm:check>
						</fm:conditional_display>
						<fm:group border_styling="false" compatability="false" fieldset="false" gen_method="container" hide="false" label_position="left" name="partial_tab2" submit_if_hidden="true">
							<label class="label" options="static" position="outside_group" position_override="top" required="false" style="" type="static" value="Partial Page Group" xmlns="http://www.hyfinity.com/formmaker">
								<container class="groupLabelBackground" options="static" style="">
									<content_alignment distribution="vertical" halign="left" valign="middle" />
									<sizing height="custom" width="fully_expand" />
								</container>
							</label>
							<style class="partialPageContainer" options="static" style="" xmlns="http://www.hyfinity.com/formmaker" />
							<fm:content_alignment distribution="vertical" halign="left" valign="top" />
							<fm:sizing height="fit_to_content" width="fully_expand" />
							<palette_ref control="Partial Page Group" xmlns="http://www.hyfinity.com/formmaker" />
							<events xmlns="http://www.hyfinity.com/formmaker" />
						</fm:group>
					</fm:group>
					<fm:group border_styling="false" compatability="false" fieldset="false" gen_method="layout" hide="false" label_position="left" name="tab3" submit_if_hidden="true">
						<label class="label" options="static" position="inside_group" position_override="top" required="false" style="" type="static" value="" xmlns="http://www.hyfinity.com/formmaker">
							<container class="groupLabelBackground" options="static" style="">
								<content_alignment distribution="vertical" halign="left" valign="middle" />
								<sizing height="custom" width="fully_expand" />
							</container>
						</label>
						<style class="partialPageContainer" options="static" style="" xmlns="http://www.hyfinity.com/formmaker" />
						<fm:content_alignment distribution="vertical" halign="left" valign="top" />
						<fm:sizing height="fit_to_content" width="fully_expand" />
						<fm:conditional_display invert="true" required="true">
							<fm:check id="field_value_condition">
								<fm:param name="FieldToCheck" option="PageField" value="tab_control" />
								<fm:param name="Comparison" option="==" value="" />
								<fm:param name="CheckValue" option="Static" value="tab3" />
							</fm:check>
						</fm:conditional_display>
						<fm:group border_styling="false" compatability="false" fieldset="false" gen_method="container" hide="false" label_position="left" name="partial_tab3" submit_if_hidden="true">
							<label class="label" options="static" position="outside_group" position_override="top" required="false" style="" type="static" value="Partial Page Group" xmlns="http://www.hyfinity.com/formmaker">
								<container class="groupLabelBackground" options="static" style="">
									<content_alignment distribution="vertical" halign="left" valign="middle" />
									<sizing height="custom" width="fully_expand" />
								</container>
							</label>
							<style class="partialPageContainer" options="static" style="" xmlns="http://www.hyfinity.com/formmaker" />
							<fm:content_alignment distribution="vertical" halign="left" valign="top" />
							<fm:sizing height="fit_to_content" width="fully_expand" />
							<palette_ref control="Partial Page Group" xmlns="http://www.hyfinity.com/formmaker" />
							<events xmlns="http://www.hyfinity.com/formmaker" />
						</fm:group>
					</fm:group>
					<fm:group border_styling="false" compatability="false" fieldset="false" gen_method="layout" hide="false" label_position="left" name="tab4" submit_if_hidden="true">
						<label class="label" options="static" position="inside_group" position_override="top" required="false" style="" type="static" value="" xmlns="http://www.hyfinity.com/formmaker">
							<container class="groupLabelBackground" options="static" style="">
								<content_alignment distribution="vertical" halign="left" valign="middle" />
								<sizing height="custom" width="fully_expand" />
							</container>
						</label>
						<style class="partialPageContainer" options="static" style="" xmlns="http://www.hyfinity.com/formmaker" />
						<fm:content_alignment distribution="vertical" halign="left" valign="top" />
						<fm:sizing height="fit_to_content" width="fully_expand" />
						<fm:conditional_display invert="true" required="true">
							<fm:check id="field_value_condition">
								<fm:param name="FieldToCheck" option="PageField" value="tab_control" />
								<fm:param name="Comparison" option="==" value="" />
								<fm:param name="CheckValue" option="Static" value="tab4" />
							</fm:check>
						</fm:conditional_display>
						<fm:group border_styling="false" compatability="false" fieldset="false" gen_method="container" hide="false" label_position="left" name="partial_tab4" submit_if_hidden="true">
							<label class="label" options="static" position="outside_group" position_override="top" required="false" style="" type="static" value="Partial Page Group" xmlns="http://www.hyfinity.com/formmaker">
								<container class="groupLabelBackground" options="static" style="">
									<content_alignment distribution="vertical" halign="left" valign="middle" />
									<sizing height="custom" width="fully_expand" />
								</container>
							</label>
							<style class="partialPageContainer" options="static" style="" xmlns="http://www.hyfinity.com/formmaker" />
							<fm:content_alignment distribution="vertical" halign="left" valign="top" />
							<fm:sizing height="fit_to_content" width="fully_expand" />
							<palette_ref control="Partial Page Group" xmlns="http://www.hyfinity.com/formmaker" />
							<events xmlns="http://www.hyfinity.com/formmaker" />
						</fm:group>
					</fm:group>
					<fm:group border_styling="false" compatability="false" fieldset="false" gen_method="layout" hide="false" label_position="left" name="tab5" submit_if_hidden="true">
						<label class="label" options="static" position="inside_group" position_override="top" required="false" style="" type="static" value="" xmlns="http://www.hyfinity.com/formmaker">
							<container class="groupLabelBackground" options="static" style="">
								<content_alignment distribution="vertical" halign="left" valign="middle" />
								<sizing height="custom" width="fully_expand" />
							</container>
						</label>
						<style class="partialPageContainer" options="static" style="" xmlns="http://www.hyfinity.com/formmaker" />
						<fm:content_alignment distribution="vertical" halign="left" valign="top" />
						<fm:sizing height="fit_to_content" width="fully_expand" />
						<fm:conditional_display invert="true" required="true">
							<fm:check id="field_value_condition">
								<fm:param name="FieldToCheck" option="PageField" value="tab_control" />
								<fm:param name="Comparison" option="==" value="" />
								<fm:param name="CheckValue" option="Static" value="tab5" />
							</fm:check>
						</fm:conditional_display>
						<fm:group border_styling="false" compatability="false" fieldset="false" gen_method="container" hide="false" label_position="left" name="partial_tab5" submit_if_hidden="true">
							<label class="label" options="static" position="outside_group" position_override="top" required="false" style="" type="static" value="Partial Page Group" xmlns="http://www.hyfinity.com/formmaker">
								<container class="groupLabelBackground" options="static" style="">
									<content_alignment distribution="vertical" halign="left" valign="middle" />
									<sizing height="custom" width="fully_expand" />
								</container>
							</label>
							<style class="partialPageContainer" options="static" style="" xmlns="http://www.hyfinity.com/formmaker" />
							<fm:content_alignment distribution="vertical" halign="left" valign="top" />
							<fm:sizing height="fit_to_content" width="fully_expand" />
							<palette_ref control="Partial Page Group" xmlns="http://www.hyfinity.com/formmaker" />
							<events xmlns="http://www.hyfinity.com/formmaker" />
						</fm:group>
					</fm:group>
					<fm:group border_styling="false" compatability="false" fieldset="false" gen_method="container" hide="false" label_position="left" name="tab9" submit_if_hidden="true">
						<label class="label" options="static" position="outside_group" position_override="top" required="false" style="" type="static" value="Partial Page Group" xmlns="http://www.hyfinity.com/formmaker">
							<container class="groupLabelBackground" options="static" style="">
								<content_alignment distribution="vertical" halign="left" valign="middle" />
								<sizing height="custom" width="fully_expand" />
							</container>
						</label>
						<style class="partialPageContainer" options="static" style="" xmlns="http://www.hyfinity.com/formmaker" />
						<fm:content_alignment distribution="vertical" halign="left" valign="top" />
						<fm:sizing height="fit_to_content" width="fully_expand" />
						<palette_ref control="Partial Page Group" xmlns="http://www.hyfinity.com/formmaker" />
						<conditional_display invert="true" required="true" xmlns="http://www.hyfinity.com/formmaker">
							<check id="field_value_condition">
								<param name="FieldToCheck" option="PageField" value="tab_control" />
								<param name="Comparison" option="==" />
								<param name="CheckValue" option="Static" value="tab9" />
							</check>
						</conditional_display>
						<fm:group border_styling="false" compatability="false" fieldset="false" gen_method="container" hide="false" label_position="left" name="partial_tab9" submit_if_hidden="true">
							<label class="label" options="static" position="outside_group" position_override="top" required="false" style="" type="static" value="Partial Page Group" xmlns="http://www.hyfinity.com/formmaker">
								<container class="groupLabelBackground" options="static" style="">
									<content_alignment distribution="vertical" halign="left" valign="middle" />
									<sizing height="custom" width="fully_expand" />
								</container>
							</label>
							<style class="partialPageContainer" options="static" style="" xmlns="http://www.hyfinity.com/formmaker" />
							<fm:content_alignment distribution="vertical" halign="left" valign="top" />
							<fm:sizing height="fit_to_content" width="fully_expand" />
							<palette_ref control="Partial Page Group" xmlns="http://www.hyfinity.com/formmaker" />
						</fm:group>
					</fm:group>
					<fm:group border_styling="false" compatability="false" fieldset="false" gen_method="layout" hide="false" label_position="left" name="layout_TabPreviousNext" submit_if_hidden="true">
						<label class="label" options="static" position="outside_group" position_override="top" required="false" style="" type="static" value="Layout Group" xmlns="http://www.hyfinity.com/formmaker">
							<container class="groupLabelBackground" options="static" style="">
								<content_alignment distribution="vertical" />
							</container>
						</label>
						<style class="" options="static" style="margin-bottom:5px;border-top-style : ridge; " xmlns="http://www.hyfinity.com/formmaker" />
						<fm:content_alignment distribution="horizontal" halign="left" valign="top" />
						<fm:sizing height="custom" width="fully_expand" />
						<palette_ref control="Layout Group" xmlns="http://www.hyfinity.com/formmaker" />
						<fm:group border_styling="false" compatability="false" fieldset="false" gen_method="layout" hide="false" label_position="left" name="layout_group" submit_if_hidden="true">
							<label class="label" options="static" position="outside_group" position_override="top" required="false" style="" type="static" value="Layout Group" xmlns="http://www.hyfinity.com/formmaker">
								<container class="groupLabelBackground" options="static" style="">
									<content_alignment distribution="vertical" />
								</container>
							</label>
							<style class="" options="static" style="margin-top:5px;" xmlns="http://www.hyfinity.com/formmaker" />
							<fm:content_alignment distribution="horizontal" halign="left" valign="top" />
							<fm:sizing height="fit_to_content" width="fully_expand" />
							<palette_ref control="Layout Group" xmlns="http://www.hyfinity.com/formmaker" />
							<fm:element disable="false" disable_method="disabled" generate="true" hide="false" name="button_Previous">
								<field xmlns="http://www.hyfinity.com/formmaker">
									<input caption="Previous" options="static">htmlButton</input>
									<style class="defaultBackground buttonControl" options="static" style="" />
									<element_style class="button" options="static" style="" />
									<date_picker class="" content="" required="false" type="normal" />
									<label class="label" options="static" required="false" style="" type="static" value="Button Label">
										<container class="labelBackground labelControl" options="static" />
									</label>
									<container />
								</field>
								<constraints validate="false" xmlns="http://www.hyfinity.com/formmaker">
									<type>string</type>
									<required>false</required>
									<enumeration use_for_output="false" />
								</constraints>
								<error xmlns="http://www.hyfinity.com/formmaker">
									<hint class="hintIcon" style="" use="false">Enter a hint here.</hint>
									<server class="errorIcon" retain="false" style="" use="false" />
								</error>
								<palette_ref control="Button (Standard)" xmlns="http://www.hyfinity.com/formmaker" />
								<accessibility xmlns="http://www.hyfinity.com/formmaker">
									<tab_index>900</tab_index>
								</accessibility>
							</fm:element>
							<fm:element disable="false" disable_method="disabled" generate="true" hide="false" name="button_Next">
								<field xmlns="http://www.hyfinity.com/formmaker">
									<input caption="Next" options="static">htmlButton</input>
									<style class="defaultBackground buttonControl" options="static" style="" />
									<element_style class="button" options="static" style="" />
									<date_picker class="" content="" required="false" type="normal" />
									<label class="label" options="static" required="false" style="" type="static" value="Button Label">
										<container class="labelBackground labelControl" options="static" style="" />
									</label>
									<container />
								</field>
								<constraints validate="false" xmlns="http://www.hyfinity.com/formmaker">
									<type>string</type>
									<required>false</required>
									<enumeration use_for_output="false" />
								</constraints>
								<error xmlns="http://www.hyfinity.com/formmaker">
									<hint class="hintIcon" style="" use="false">Enter a hint here.</hint>
									<server class="errorIcon" retain="false" style="" use="false" />
								</error>
								<palette_ref control="Button (Standard)" xmlns="http://www.hyfinity.com/formmaker" />
								<accessibility xmlns="http://www.hyfinity.com/formmaker">
									<tab_index>901</tab_index>
								</accessibility>
							</fm:element>
						</fm:group>
						<fm:group border_styling="false" compatability="false" fieldset="false" gen_method="layout" hide="false" label_position="left" name="layout_group_2" submit_if_hidden="true">
							<label class="label" options="static" position="outside_group" position_override="top" required="false" style="" type="static" value="Layout Group" xmlns="http://www.hyfinity.com/formmaker">
								<container class="groupLabelBackground" options="static" style="">
									<content_alignment distribution="vertical" />
								</container>
							</label>
							<style class="" options="static" style="" xmlns="http://www.hyfinity.com/formmaker" />
							<fm:content_alignment distribution="vertical" halign="right" valign="middle" />
							<fm:sizing height="fit_to_content" width="fully_expand" />
							<fm:palette_ref control="Layout Group" />
						</fm:group>
					</fm:group>
					<fm:group border_styling="false" compatability="false" fieldset="false" gen_method="layout" hide="false" label_position="left" name="main_buttons_layout_group" submit_if_hidden="true">
						<label class="label" options="static" position="outside_group" position_override="top" required="false" style="" type="static" value="Layout Group" xmlns="http://www.hyfinity.com/formmaker">
							<container class="groupLabelBackground" options="static" style="">
								<content_alignment distribution="vertical" />
							</container>
						</label>
						<style class="" options="static" style="" xmlns="http://www.hyfinity.com/formmaker" />
						<fm:content_alignment distribution="horizontal" halign="center" valign="middle" />
						<fm:sizing height="custom" width="fully_expand" />
						<palette_ref control="Layout Group" xmlns="http://www.hyfinity.com/formmaker" />
						<fm:group border_styling="false" compatability="false" fieldset="false" gen_method="layout" hide="false" label_position="left" name="action_buttons" submit_if_hidden="true">
							<label class="label" options="static" position="outside_group" position_override="top" required="false" style="" type="static" value="Layout Group" xmlns="http://www.hyfinity.com/formmaker">
								<container class="groupLabelBackground" options="static" style="">
									<content_alignment distribution="vertical" />
								</container>
							</label>
							<style class="" options="static" style="" xmlns="http://www.hyfinity.com/formmaker" />
							<fm:content_alignment distribution="horizontal" halign="right" valign="middle" />
							<fm:sizing height="fit_to_content" width="custom" />
							<palette_ref control="Layout Group" xmlns="http://www.hyfinity.com/formmaker" />
							<fm:element disable="false" disable_method="disabled" generate="true" hide="false" name="button_ReturnForModification">
								<field xmlns="http://www.hyfinity.com/formmaker">
									<input caption="Return for Modification" options="static">htmlButton</input>
									<style class="defaultBackground buttonControl" options="static" style="" />
									<element_style class="button hidden" options="static" style="" />
									<date_picker class="" content="" required="false" type="normal" />
									<label class="label" options="static" required="false" style="" type="static" value="Button Label">
										<container class="labelBackground labelControl" options="static" />
									</label>
									<container />
								</field>
								<constraints validate="false" xmlns="http://www.hyfinity.com/formmaker">
									<type>string</type>
									<required>false</required>
									<fm:enumeration use_for_output="false" />
								</constraints>
								<error xmlns="http://www.hyfinity.com/formmaker">
									<hint class="hintIcon" style="" use="false">Enter a hint here.</hint>
									<server class="errorIcon" retain="false" style="" use="false" />
								</error>
								<fm:palette_ref control="Button (Standard)" />
							</fm:element>
							<fm:element disable="false" disable_method="disabled" generate="true" hide="false" name="button_SubmitWorkitem">
								<field xmlns="http://www.hyfinity.com/formmaker">
									<input caption="Submit" options="static">htmlButton</input>
									<style class="defaultBackground buttonControl" options="static" style="" />
									<element_style class="button hidden" options="static" style="" />
									<date_picker class="" content="" required="false" type="normal" />
									<label class="label" options="static" required="false" style="" type="static" value="Button Label">
										<container class="labelBackground labelControl" options="static" style="" />
									</label>
									<container />
								</field>
								<constraints validate="false" xmlns="http://www.hyfinity.com/formmaker">
									<type>string</type>
									<required>false</required>
									<enumeration use_for_output="false" />
								</constraints>
								<error xmlns="http://www.hyfinity.com/formmaker">
									<hint class="hintIcon" style="" use="false">Enter a hint here.</hint>
									<server class="errorIcon" retain="false" style="" use="false" />
								</error>
								<palette_ref control="Button (Standard)" xmlns="http://www.hyfinity.com/formmaker" />
								<accessibility xmlns="http://www.hyfinity.com/formmaker">
									<alt>Move forward the recruit action to Classification activity</alt>
								</accessibility>
							</fm:element>
							<fm:element disable="false" disable_method="disabled" generate="true" hide="false" name="button_CancelWorkitem">
								<field xmlns="http://www.hyfinity.com/formmaker">
									<input caption="Cancel Request" options="static">htmlButton</input>
									<style class="defaultBackground buttonControl" options="static" style="" />
									<element_style class="button hidden" options="static" style="" />
									<date_picker class="" content="" required="false" type="normal" />
									<fm:label class="label" options="static" required="false" style="" type="static" value="Button Label">
										<fm:container class="labelBackground labelControl" options="static" style="" />
									</fm:label>
									<container />
								</field>
								<constraints validate="false" xmlns="http://www.hyfinity.com/formmaker">
									<type>string</type>
									<required>false</required>
									<fm:enumeration use_for_output="false" />
								</constraints>
								<error xmlns="http://www.hyfinity.com/formmaker">
									<hint class="hintIcon" style="" use="false">Enter a hint here.</hint>
									<server class="errorIcon" retain="false" style="" use="false" />
								</error>
								<fm:palette_ref control="Button (Standard)" />
								<accessibility xmlns="http://www.hyfinity.com/formmaker">
									<alt>Click to Cancel this Request</alt>
								</accessibility>
							</fm:element>
							<fm:element disable="false" disable_method="disabled" generate="true" hide="false" name="button_SaveWorkitem">
								<field xmlns="http://www.hyfinity.com/formmaker">
									<input caption="Save" options="static">htmlButton</input>
									<style class="defaultBackground buttonControl" options="static" style="" />
									<element_style class="button hidden" options="static" style="" />
									<date_picker class="" content="" required="false" type="normal" />
									<label class="label" options="static" required="false" style="" type="static" value="Button Label">
										<container class="labelBackground labelControl" options="static" style="" />
									</label>
									<container />
								</field>
								<constraints validate="false" xmlns="http://www.hyfinity.com/formmaker">
									<type>string</type>
									<required>false</required>
									<enumeration use_for_output="false" />
								</constraints>
								<error xmlns="http://www.hyfinity.com/formmaker">
									<hint class="hintIcon" style="" use="false">Enter a hint here.</hint>
									<server class="errorIcon" retain="false" style="" use="false" />
								</error>
								<palette_ref control="Button (Standard)" xmlns="http://www.hyfinity.com/formmaker" />
								<events xmlns="http://www.hyfinity.com/formmaker" />
								<accessibility xmlns="http://www.hyfinity.com/formmaker">
									<alt>Saves a draft of the request</alt>
									<access_key>s</access_key>
								</accessibility>
							</fm:element>
							<fm:element disable="false" disable_method="disabled" generate="true" hide="false" name="button_ExitWIH">
								<field xmlns="http://www.hyfinity.com/formmaker">
									<input caption="Exit" options="static">htmlButton</input>
									<style class="defaultBackground buttonControl" options="static" style="" />
									<element_style class="button hidden" options="static" style="" />
									<date_picker class="" content="" required="false" type="normal" />
									<label class="label" options="static" required="false" style="" type="static" value="Button Label">
										<container class="labelBackground labelControl" options="static" style="" />
									</label>
									<container />
								</field>
								<constraints validate="false" xmlns="http://www.hyfinity.com/formmaker">
									<type>string</type>
									<required>false</required>
									<enumeration use_for_output="false" />
								</constraints>
								<error xmlns="http://www.hyfinity.com/formmaker">
									<hint class="hintIcon" style="" use="false">Enter a hint here.</hint>
									<server class="errorIcon" retain="false" style="" use="false" />
								</error>
								<palette_ref control="Button (Standard)" xmlns="http://www.hyfinity.com/formmaker" />
								<events xmlns="http://www.hyfinity.com/formmaker" />
								<accessibility xmlns="http://www.hyfinity.com/formmaker">
									<alt>Close out the page</alt>
								</accessibility>
							</fm:element>
							<fm:element disable="false" disable_method="disabled" generate="true" hide="false" name="button_PDF">
								<field xmlns="http://www.hyfinity.com/formmaker">
									<input caption="Complete" options="static">htmlButton</input>
									<style class="defaultBackground buttonControl" options="static" style="" />
									<element_style class="button hidden" options="static" style="" />
									<date_picker class="" content="" required="false" type="normal" />
									<label class="label" options="static" required="false" style="" type="static" value="Button Label">
										<container class="labelBackground labelControl" options="static" style="" />
									</label>
									<container />
								</field>
								<constraints validate="false" xmlns="http://www.hyfinity.com/formmaker">
									<type>string</type>
									<required>false</required>
									<enumeration use_for_output="false" />
								</constraints>
								<error xmlns="http://www.hyfinity.com/formmaker">
									<hint class="hintIcon" style="" use="false">Enter a hint here.</hint>
									<server class="errorIcon" retain="false" style="" use="false" />
								</error>
								<palette_ref control="Button (Standard)" xmlns="http://www.hyfinity.com/formmaker" />
								<accessibility xmlns="http://www.hyfinity.com/formmaker">
									<alt>Mark the Strategic Consultation Recruitment complete and submit for finance approval</alt>
								</accessibility>
							</fm:element>
						</fm:group>
					</fm:group>
				</fm:group>
			</fm:group>
		</fm:group>
	</fm:group>
	<fm:group border_styling="false" compatability="false" fieldset="false" gen_method="layout" hide="false" label_position="left" name="layoutForResponse" submit_if_hidden="true">
		<label class="label" options="static" position="outside_group" position_override="top" required="false" style="" type="static" value="Layout Group" xmlns="http://www.hyfinity.com/formmaker">
			<container class="groupLabelBackground" options="static" style="">
				<content_alignment distribution="vertical" />
			</container>
		</label>
		<style class="" options="static" style="" xmlns="http://www.hyfinity.com/formmaker" />
		<fm:content_alignment distribution="vertical" halign="left" valign="top" />
		<fm:sizing height="fit_to_content" width="fully_expand" />
		<palette_ref control="Layout Group" xmlns="http://www.hyfinity.com/formmaker" />
	</fm:group>
	<fm:group border_styling="false" compatability="false" fieldset="false" gen_method="layout" hide="false" label_position="left" name="layoutForResponse2" submit_if_hidden="true">
		<label class="label" options="static" position="outside_group" position_override="top" required="false" style="" type="static" value="Layout Group" xmlns="http://www.hyfinity.com/formmaker">
			<container class="groupLabelBackground" options="static" style="">
				<content_alignment distribution="vertical" />
			</container>
		</label>
		<style class="" options="static" style="" xmlns="http://www.hyfinity.com/formmaker" />
		<fm:content_alignment distribution="vertical" halign="left" valign="top" />
		<fm:sizing height="fit_to_content" width="fully_expand" />
		<palette_ref control="Layout Group" xmlns="http://www.hyfinity.com/formmaker" />
	</fm:group>
	<fm:group border_styling="false" compatability="false" fieldset="false" gen_method="layout" hide="false" label_position="left" name="system" submit_if_hidden="true">
		<label class="label" options="static" position="outside_group" position_override="top" required="false" style="" type="static" value="Layout Group" xmlns="http://www.hyfinity.com/formmaker">
			<container class="groupLabelBackground" options="static" style="">
				<content_alignment distribution="vertical" />
			</container>
		</label>
		<style class="hide" options="static" style="" xmlns="http://www.hyfinity.com/formmaker" />
		<fm:content_alignment distribution="vertical" halign="left" valign="top" />
		<fm:sizing height="fit_to_content" width="fully_expand" />
		<palette_ref control="Layout Group" xmlns="http://www.hyfinity.com/formmaker" />
		<fm:group border_styling="false" compatability="false" conditional_display="false" control_field="" control_field_value="" fieldset="false" gen_method="layout" hide="false" label_position="left" name="WIH_information" submit_if_hidden="true">
			<label class="label" options="static" position="outside_group" position_override="top" required="false" style="" type="static" value="Layout Group" xmlns="http://www.hyfinity.com/formmaker">
				<container class="groupLabelBackground" options="static" style="">
					<content_alignment distribution="vertical" />
				</container>
			</label>
			<style class="" options="static" style="" xmlns="http://www.hyfinity.com/formmaker" />
			<fm:content_alignment distribution="vertical" halign="left" valign="top" />
			<fm:sizing height="fit_to_content" width="fully_expand" />
			<palette_ref control="Layout Group" xmlns="http://www.hyfinity.com/formmaker" />
			<fm:element disable="false" disable_method="read_only" generate="true" hide="false" name="h_procid">
				<field xmlns="http://www.hyfinity.com/formmaker">
					<input options="dynamic">hidden</input>
					<style class="hide" options="static" style="" />
					<element_style class="hide" options="static" style="" />
					<date_picker class="" content="" required="false" type="normal" />
					<label class="hide" options="static" required="false" style="" type="static" value="Hidden Label">
						<container class="hide" options="static" style="" />
					</label>
					<container />
				</field>
				<constraints validate="false" xmlns="http://www.hyfinity.com/formmaker">
					<type>string</type>
					<required>false</required>
					<enumeration use_for_output="false" />
				</constraints>
				<error xmlns="http://www.hyfinity.com/formmaker">
					<hint class="hintIcon" style="" use="false">Enter a hint here.</hint>
					<server class="errorIcon" retain="false" style="" use="false" />
				</error>
				<palette_ref control="Hidden" xmlns="http://www.hyfinity.com/formmaker" />
			</fm:element>
		</fm:group>
		<fm:element disable="false" disable_method="read_only" generate="true" hide="false" name="WIH_exit_requested">
			<field xmlns="http://www.hyfinity.com/formmaker">
				<input default="false" options="dynamic">hidden</input>
				<style class="hide" options="static" style="" />
				<element_style class="hide" options="static" style="" />
				<date_picker class="" content="" required="false" type="normal" />
				<label class="hide" options="static" required="false" style="" type="static" value="Hidden Label">
					<container class="labelBackground" options="static" style="" />
				</label>
				<container />
			</field>
			<constraints validate="false" xmlns="http://www.hyfinity.com/formmaker">
				<type>string</type>
				<required>false</required>
				<enumeration use_for_output="false" />
			</constraints>
			<error xmlns="http://www.hyfinity.com/formmaker">
				<hint class="hintIcon" style="" use="false">Enter a hint here.</hint>
				<server class="errorIcon" retain="false" style="" use="false" />
			</error>
			<palette_ref control="Exit Requested" xmlns="http://www.hyfinity.com/formmaker" />
		</fm:element>
		<fm:element disable="false" disable_method="read_only" generate="true" hide="false" name="WIH_save_requested">
			<field xmlns="http://www.hyfinity.com/formmaker">
				<input default="false" options="dynamic">hidden</input>
				<style class="hide" options="static" style="" />
				<element_style class="hide" options="static" style="" />
				<disabled_style class="disabled" options="static" style="" />
				<label class="hide" options="static" required="false" style="" type="static" value="Hidden Label">
					<container class="labelBackground" options="static" style="" />
				</label>
				<date_picker class="" content="" popup="false" required="false" type="normal" />
			</field>
			<constraints validate="false" xmlns="http://www.hyfinity.com/formmaker">
				<type>string</type>
				<required>false</required>
				<enumeration use_for_output="false" />
			</constraints>
			<error create_container="false" xmlns="http://www.hyfinity.com/formmaker">
				<hint class="hintIcon" style="" use="false">Enter a hint here.</hint>
				<server class="errorIcon" retain="false" style="" use="false" />
			</error>
			<palette_ref control="Save Requested" xmlns="http://www.hyfinity.com/formmaker" />
		</fm:element>
		<fm:element disable="false" disable_method="read_only" generate="true" hide="false" name="WIH_complete_requested">
			<field xmlns="http://www.hyfinity.com/formmaker">
				<input default="false" options="dynamic">hidden</input>
				<style class="hide" options="static" style="" />
				<element_style class="hide" options="static" style="" />
				<disabled_style class="disabled" options="static" style="" />
				<label class="hide" options="static" required="false" style="" type="static" value="Hidden Label">
					<container class="labelBackground" options="static" style="" />
				</label>
				<date_picker class="" content="" popup="false" required="false" type="normal" />
			</field>
			<constraints validate="false" xmlns="http://www.hyfinity.com/formmaker">
				<type>string</type>
				<required>false</required>
				<enumeration use_for_output="false" />
			</constraints>
			<error create_container="false" xmlns="http://www.hyfinity.com/formmaker">
				<hint class="hintIcon" style="" use="false">Enter a hint here.</hint>
				<server class="errorIcon" retain="false" style="" use="false" />
			</error>
			<palette_ref control="Complete Requested" xmlns="http://www.hyfinity.com/formmaker" />
		</fm:element>
		<fm:element disable="false" disable_method="read_only" generate="true" hide="false" name="h_formData">
			<field xmlns="http://www.hyfinity.com/formmaker">
				<input options="dynamic">hidden</input>
				<style class="hide" options="static" style="" />
				<element_style class="hide" options="static" style="" />
				<date_picker class="" content="" required="false" type="normal" />
				<label class="hide" options="static" required="false" style="" type="static" value="Hidden Label">
					<container class="hide" options="static" style="" />
				</label>
				<container />
			</field>
			<constraints validate="false" xmlns="http://www.hyfinity.com/formmaker">
				<type>string</type>
				<required>false</required>
				<enumeration use_for_output="false" />
			</constraints>
			<error xmlns="http://www.hyfinity.com/formmaker">
				<hint class="hintIcon" style="" use="false">Enter a hint here.</hint>
				<server class="errorIcon" retain="false" style="" use="false" />
			</error>
			<palette_ref control="Hidden" xmlns="http://www.hyfinity.com/formmaker" />
		</fm:element>
		<fm:element disable="false" disable_method="read_only" generate="true" hide="false" name="h_activityName">
			<field xmlns="http://www.hyfinity.com/formmaker">
				<input options="dynamic">hidden</input>
				<style class="hide" options="static" style="" />
				<element_style class="hide" options="static" style="" />
				<date_picker class="" content="" required="false" type="normal" />
				<label class="hide" options="static" required="false" style="" type="static" value="Hidden Label">
					<container class="hide" options="static" style="" />
				</label>
				<container />
			</field>
			<constraints validate="false" xmlns="http://www.hyfinity.com/formmaker">
				<type>string</type>
				<required>false</required>
				<enumeration use_for_output="false" />
			</constraints>
			<error xmlns="http://www.hyfinity.com/formmaker">
				<hint class="hintIcon" style="" use="false">Enter a hint here.</hint>
				<server class="errorIcon" retain="false" style="" use="false" />
			</error>
			<palette_ref control="Hidden" xmlns="http://www.hyfinity.com/formmaker" />
		</fm:element>
		<fm:element disable="false" disable_method="read_only" generate="true" hide="false" name="h_activitySeq">
			<fm:field>
				<fm:input options="dynamic">hidden</fm:input>
				<fm:style class="hide" options="static" style="" />
				<fm:element_style class="hide" options="static" style="" />
				<fm:disabled_style class="disabled" options="static" style="" />
				<fm:label class="hide" options="static" required="false" style="" type="static" value="Hidden Label">
					<fm:container class="hide" options="static" style="" />
				</fm:label>
				<fm:date_picker class="" content="" popup="false" required="false" type="normal" />
			</fm:field>
			<fm:constraints validate="false">
				<fm:type>string</fm:type>
				<fm:required>false</fm:required>
				<fm:enumeration use_for_output="false" />
			</fm:constraints>
			<fm:error create_container="false">
				<fm:hint class="hintIcon" style="" use="false">Enter a hint here.</fm:hint>
				<fm:server class="errorIcon" retain="false" style="" use="false" />
			</fm:error>
			<fm:palette_ref control="Hidden" />
		</fm:element>
		<fm:element disable="false" disable_method="read_only" generate="true" hide="false" name="h_witemParticipantID">
			<field xmlns="http://www.hyfinity.com/formmaker">
				<input options="dynamic">hidden</input>
				<style class="hide" options="static" style="" />
				<element_style class="hide" options="static" style="" />
				<date_picker class="" content="" required="false" type="normal" />
				<label class="hide" options="static" required="false" style="" type="static" value="Hidden Label">
					<container class="hide" options="static" style="" />
				</label>
				<container />
			</field>
			<constraints validate="false" xmlns="http://www.hyfinity.com/formmaker">
				<type>string</type>
				<required>false</required>
				<enumeration use_for_output="false" />
			</constraints>
			<error xmlns="http://www.hyfinity.com/formmaker">
				<hint class="hintIcon" style="" use="false">Enter a hint here.</hint>
				<server class="errorIcon" retain="false" style="" use="false" />
			</error>
			<palette_ref control="Hidden" xmlns="http://www.hyfinity.com/formmaker" />
		</fm:element>
		<fm:element disable="false" disable_method="read_only" generate="true" hide="false" name="h_witemParticipantName">
			<field xmlns="http://www.hyfinity.com/formmaker">
				<input options="dynamic">hidden</input>
				<style class="hide" options="static" style="" />
				<element_style class="hide" options="static" style="" />
				<date_picker class="" content="" required="false" type="normal" />
				<label class="hide" options="static" required="false" style="" type="static" value="Hidden Label">
					<container class="hide" options="static" style="" />
				</label>
				<container />
			</field>
			<constraints validate="false" xmlns="http://www.hyfinity.com/formmaker">
				<type>string</type>
				<required>false</required>
				<enumeration use_for_output="false" />
			</constraints>
			<error xmlns="http://www.hyfinity.com/formmaker">
				<hint class="hintIcon" style="" use="false">Enter a hint here.</hint>
				<server class="errorIcon" retain="false" style="" use="false" />
			</error>
			<palette_ref control="Hidden" xmlns="http://www.hyfinity.com/formmaker" />
		</fm:element>
		<fm:element disable="false" disable_method="read_only" generate="true" hide="false" name="h_witemSeq">
			<fm:field>
				<fm:input options="dynamic">hidden</fm:input>
				<fm:style class="hide" options="static" style="" />
				<fm:element_style class="hide" options="static" style="" />
				<fm:disabled_style class="disabled" options="static" style="" />
				<fm:label class="hide" options="static" required="false" style="" type="static" value="Hidden Label">
					<fm:container class="hide" options="static" style="" />
				</fm:label>
				<fm:date_picker class="" content="" popup="false" required="false" type="normal" />
			</fm:field>
			<fm:constraints validate="false">
				<fm:type>string</fm:type>
				<fm:required>false</fm:required>
				<fm:enumeration use_for_output="false" />
			</fm:constraints>
			<fm:error create_container="false">
				<fm:hint class="hintIcon" style="" use="false">Enter a hint here.</fm:hint>
				<fm:server class="errorIcon" retain="false" style="" use="false" />
			</fm:error>
			<fm:palette_ref control="Hidden" />
		</fm:element>
		<fm:element disable="false" disable_method="read_only" generate="true" hide="false" name="h_userGroups">
			<field xmlns="http://www.hyfinity.com/formmaker">
				<input options="dynamic">hidden</input>
				<style class="hide" options="static" style="" />
				<element_style class="hide" options="static" style="" />
				<date_picker class="" content="" required="false" type="normal" />
				<label class="hide" options="static" required="false" style="" type="static" value="Hidden Label">
					<container class="hide" options="static" style="" />
				</label>
				<container />
			</field>
			<constraints validate="false" xmlns="http://www.hyfinity.com/formmaker">
				<type>string</type>
				<required>false</required>
				<enumeration use_for_output="false" />
			</constraints>
			<error xmlns="http://www.hyfinity.com/formmaker">
				<hint class="hintIcon" style="" use="false">Enter a hint here.</hint>
				<server class="errorIcon" retain="false" style="" use="false" />
			</error>
			<palette_ref control="Hidden" xmlns="http://www.hyfinity.com/formmaker" />
		</fm:element>
		<fm:element disable="false" disable_method="read_only" generate="true" hide="false" name="h_userGroupMappingString">
			<field xmlns="http://www.hyfinity.com/formmaker">
				<input options="dynamic">hidden</input>
				<style class="hide" options="static" style="" />
				<element_style class="hide" options="static" style="" />
				<date_picker class="" content="" required="false" type="normal" />
				<fm:label class="hide" options="static" required="false" style="" type="static" value="Hidden Label">
					<fm:container class="hide" options="static" style="" />
				</fm:label>
				<container />
			</field>
			<constraints validate="false" xmlns="http://www.hyfinity.com/formmaker">
				<type>string</type>
				<required>false</required>
				<fm:enumeration use_for_output="false" />
			</constraints>
			<error xmlns="http://www.hyfinity.com/formmaker">
				<hint class="hintIcon" style="" use="false">Enter a hint here.</hint>
				<server class="errorIcon" retain="false" style="" use="false" />
			</error>
			<fm:palette_ref control="Hidden" />
		</fm:element>
		<fm:element disable="false" disable_method="read_only" generate="true" hide="false" name="h_currentUserMemberID">
			<field xmlns="http://www.hyfinity.com/formmaker">
				<input options="dynamic">hidden</input>
				<style class="hide" options="static" style="" />
				<element_style class="hide" options="static" style="" />
				<date_picker class="" content="" required="false" type="normal" />
				<label class="hide" options="static" required="false" style="" type="static" value="Hidden Label">
					<container class="hide" options="static" style="" />
				</label>
				<container />
			</field>
			<constraints validate="false" xmlns="http://www.hyfinity.com/formmaker">
				<type>string</type>
				<required>false</required>
				<enumeration use_for_output="false" />
			</constraints>
			<error xmlns="http://www.hyfinity.com/formmaker">
				<hint class="hintIcon" style="" use="false">Enter a hint here.</hint>
				<server class="errorIcon" retain="false" style="" use="false" />
			</error>
			<palette_ref control="Hidden" xmlns="http://www.hyfinity.com/formmaker" />
		</fm:element>
		<fm:element disable="false" disable_method="read_only" generate="true" hide="false" name="h_currentUserName">
			<field xmlns="http://www.hyfinity.com/formmaker">
				<input options="dynamic">hidden</input>
				<style class="hide" options="static" style="" />
				<element_style class="hide" options="static" style="" />
				<date_picker class="" content="" required="false" type="normal" />
				<label class="hide" options="static" required="false" style="" type="static" value="Hidden Label">
					<container class="hide" options="static" style="" />
				</label>
				<container />
			</field>
			<constraints validate="false" xmlns="http://www.hyfinity.com/formmaker">
				<type>string</type>
				<required>false</required>
				<enumeration use_for_output="false" />
			</constraints>
			<error xmlns="http://www.hyfinity.com/formmaker">
				<hint class="hintIcon" style="" use="false">Enter a hint here.</hint>
				<server class="errorIcon" retain="false" style="" use="false" />
			</error>
			<palette_ref control="Hidden" xmlns="http://www.hyfinity.com/formmaker" />
		</fm:element>
		<fm:element disable="false" disable_method="read_only" generate="true" hide="false" name="h_creationdate">
			<field xmlns="http://www.hyfinity.com/formmaker">
				<input options="dynamic">hidden</input>
				<style class="hide" options="static" style="" />
				<element_style class="hide" options="static" style="" />
				<date_picker class="" content="" required="false" type="normal" />
				<label class="hide" options="static" required="false" style="" type="static" value="Hidden Label">
					<container class="hide" options="static" style="" />
				</label>
				<container />
			</field>
			<constraints validate="false" xmlns="http://www.hyfinity.com/formmaker">
				<type>string</type>
				<required>false</required>
				<enumeration use_for_output="false" />
			</constraints>
			<error xmlns="http://www.hyfinity.com/formmaker">
				<hint class="hintIcon" style="" use="false">Enter a hint here.</hint>
				<server class="errorIcon" retain="false" style="" use="false" />
			</error>
			<palette_ref control="Hidden" xmlns="http://www.hyfinity.com/formmaker" />
		</fm:element>
		<fm:element disable="false" disable_method="read_only" generate="true" hide="false" name="h_lookupXMLString">
			<field xmlns="http://www.hyfinity.com/formmaker">
				<input options="dynamic">hidden</input>
				<style class="hide" options="static" style="" />
				<element_style class="hide" options="static" style="" />
				<date_picker class="" content="" required="false" type="normal" />
				<label class="hide" options="static" required="false" style="" type="static" value="Hidden Label">
					<container class="hide" options="static" style="" />
				</label>
				<container />
			</field>
			<constraints validate="false" xmlns="http://www.hyfinity.com/formmaker">
				<type>string</type>
				<required>false</required>
				<enumeration use_for_output="false" />
			</constraints>
			<error xmlns="http://www.hyfinity.com/formmaker">
				<hint class="hintIcon" style="" use="false">Enter a hint here.</hint>
				<server class="errorIcon" retain="false" style="" use="false" />
			</error>
			<palette_ref control="Hidden" xmlns="http://www.hyfinity.com/formmaker" />
		</fm:element>
		<fm:element disable="false" disable_method="read_only" generate="true" hide="false" name="h_sessioninfo">
			<field xmlns="http://www.hyfinity.com/formmaker">
				<input options="dynamic">hidden</input>
				<style class="hide" options="static" style="" />
				<element_style class="hide" options="static" style="" />
				<date_picker class="" content="" required="false" type="normal" />
				<label class="hide" options="static" required="false" style="" type="static" value="Hidden Label">
					<container class="hide" options="static" style="" />
				</label>
				<container />
			</field>
			<constraints validate="false" xmlns="http://www.hyfinity.com/formmaker">
				<type>string</type>
				<required>false</required>
				<enumeration use_for_output="false" />
			</constraints>
			<error xmlns="http://www.hyfinity.com/formmaker">
				<hint class="hintIcon" style="" use="false">Enter a hint here.</hint>
				<server class="errorIcon" retain="false" style="" use="false" />
			</error>
			<palette_ref control="Hidden" xmlns="http://www.hyfinity.com/formmaker" />
		</fm:element>
		<fm:element disable="false" disable_method="read_only" generate="true" hide="false" name="h_definitionName">
			<field xmlns="http://www.hyfinity.com/formmaker">
				<input options="dynamic">hidden</input>
				<style class="hide" options="static" style="" />
				<element_style class="hide" options="static" style="" />
				<date_picker class="" content="" required="false" type="normal" />
				<label class="hide" options="static" required="false" style="" type="static" value="Hidden Label">
					<container class="hide" options="static" style="" />
				</label>
				<container />
			</field>
			<constraints validate="false" xmlns="http://www.hyfinity.com/formmaker">
				<type>string</type>
				<required>false</required>
				<enumeration use_for_output="false" />
			</constraints>
			<error xmlns="http://www.hyfinity.com/formmaker">
				<hint class="hintIcon" style="" use="false">Enter a hint here.</hint>
				<server class="errorIcon" retain="false" style="" use="false" />
			</error>
			<palette_ref control="Hidden" xmlns="http://www.hyfinity.com/formmaker" />
		</fm:element>
		<fm:element disable="false" disable_method="read_only" generate="true" hide="false" name="h_readOnly">
			<field xmlns="http://www.hyfinity.com/formmaker">
				<input options="dynamic">hidden</input>
				<style class="hide" options="static" style="" />
				<element_style class="hide" options="static" style="" />
				<date_picker class="" content="" required="false" type="normal" />
				<label class="hide" options="static" required="false" style="" type="static" value="Hidden Label">
					<container class="hide" options="static" style="" />
				</label>
				<container />
			</field>
			<constraints validate="false" xmlns="http://www.hyfinity.com/formmaker">
				<type>string</type>
				<required>false</required>
				<enumeration use_for_output="false" />
			</constraints>
			<error xmlns="http://www.hyfinity.com/formmaker">
				<hint class="hintIcon" style="" use="false">Enter a hint here.</hint>
				<server class="errorIcon" retain="false" style="" use="false" />
			</error>
			<palette_ref control="Hidden" xmlns="http://www.hyfinity.com/formmaker" />
		</fm:element>
		<fm:element disable="false" disable_method="read_only" generate="true" hide="false" name="h_currentTabID">
			<field xmlns="http://www.hyfinity.com/formmaker">
				<input options="dynamic">hidden</input>
				<style class="hide" options="static" style="" />
				<element_style class="hide" options="static" style="" />
				<date_picker class="" content="" required="false" type="normal" />
				<label class="hide" options="static" required="false" style="" type="static" value="Hidden Label">
					<container class="hide" options="static" style="" />
				</label>
				<container />
			</field>
			<constraints validate="false" xmlns="http://www.hyfinity.com/formmaker">
				<type>string</type>
				<required>false</required>
				<enumeration use_for_output="false" />
			</constraints>
			<error xmlns="http://www.hyfinity.com/formmaker">
				<hint class="hintIcon" style="" use="false">Enter a hint here.</hint>
				<server class="errorIcon" retain="false" style="" use="false" />
			</error>
			<palette_ref control="Hidden" xmlns="http://www.hyfinity.com/formmaker" />
		</fm:element>
		<fm:element disable="false" disable_method="read_only" generate="true" hide="false" name="h_now">
			<field xmlns="http://www.hyfinity.com/formmaker">
				<input options="dynamic">hidden</input>
				<style class="hide" options="static" style="" />
				<element_style class="hide" options="static" style="" />
				<date_picker class="" content="" required="false" type="normal" />
				<label class="hide" options="static" required="false" style="" type="static" value="Hidden Label">
					<container class="hide" options="static" style="" />
				</label>
				<container />
			</field>
			<constraints validate="false" xmlns="http://www.hyfinity.com/formmaker">
				<type>string</type>
				<required>false</required>
				<enumeration use_for_output="false" />
			</constraints>
			<error xmlns="http://www.hyfinity.com/formmaker">
				<hint class="hintIcon" style="" use="false">Enter a hint here.</hint>
				<server class="errorIcon" retain="false" style="" use="false" />
			</error>
			<palette_ref control="Hidden" xmlns="http://www.hyfinity.com/formmaker" />
		</fm:element>
		<fm:element disable="false" disable_method="read_only" generate="true" hide="false" name="pv_returnFrom">
			<fm:field>
				<fm:input options="dynamic">hidden</fm:input>
				<fm:style class="hide" options="static" style="" />
				<fm:element_style class="hide" options="static" style="" />
				<fm:disabled_style class="disabled" options="static" style="" />
				<fm:label class="hide" options="static" required="false" style="" type="static" value="Hidden Label">
					<fm:container class="hide" options="static" style="" />
				</fm:label>
				<fm:date_picker class="" content="" popup="false" required="false" type="normal" />
			</fm:field>
			<fm:constraints validate="false">
				<fm:type>string</fm:type>
				<fm:required>false</fm:required>
				<fm:enumeration use_for_output="false" />
			</fm:constraints>
			<fm:error create_container="false">
				<fm:hint class="hintIcon" style="" use="false">Enter a hint here.</fm:hint>
				<fm:server class="errorIcon" retain="false" style="" use="false" />
			</fm:error>
			<fm:palette_ref control="Hidden" />
		</fm:element>
	</fm:group>
</fm:structure>
