<?xml version="1.0" encoding="UTF-8"?>
<xforms xmlns:mvc="http://www.hyfinity.com/mvc" xmlns:xfact="http://www.hyfinity.com/xfactory" xmlns="http://www.hyfinity.com/formmaker">
	<instance_configuration>
		<action name="loadGeneralForm" />
	</instance_configuration>
	<page />
	<group name="layout_group_12" />
	<element name="associatedNEILRequest_ac">
		<action name="bizflowEntry">
			<xform_xpath>enter_xpath_here</xform_xpath>
		</action>
		<fm:action name="loadGeneralForm" xmlns:fm="http://www.hyfinity.com/formmaker">
			<xform_xpath>enter_xpath_here</xform_xpath>
		</fm:action>
		<transform_xpath>enter_xpath_here</transform_xpath>
		<description />
	</element>
	<element name="administrativeCode">
		<action name="bizflowEntry">
			<xform_xpath>enter_xpath_here</xform_xpath>
		</action>
		<transform_xpath>enter_xpath_here</transform_xpath>
		<fm:action name="loadGeneralForm" xmlns:fm="http://www.hyfinity.com/formmaker">
			<xform_xpath>enter_xpath_here</xform_xpath>
		</fm:action>
	</element>
	<group name="layout_group_11" />
	<element name="organizationName">
		<action name="bizflowEntry">
			<xform_xpath>enter_xpath_here</xform_xpath>
		</action>
		<transform_xpath>enter_xpath_here</transform_xpath>
		<fm:action name="loadGeneralForm" xmlns:fm="http://www.hyfinity.com/formmaker">
			<xform_xpath>enter_xpath_here</xform_xpath>
		</fm:action>
	</element>
	<element name="requestType">
		<action name="bizflowEntry">
			<xform_xpath>enter_xpath_here</xform_xpath>
		</action>
		<transform_xpath>enter_xpath_here</transform_xpath>
		<fm:action name="loadGeneralForm" xmlns:fm="http://www.hyfinity.com/formmaker">
			<xform_xpath>enter_xpath_here</xform_xpath>
		</fm:action>
	</element>
	<group name="layout_group_3" />
	<element name="incentiveType">
		<action name="bizflowEntry">
			<xform_xpath>enter_xpath_here</xform_xpath>
		</action>
		<action name="loadGeneralForm">
			<xform_xpath>enter_xpath_here</xform_xpath>
		</action>
		<transform_xpath>enter_xpath_here</transform_xpath>
		<description />
	</element>
	<element name="candiFirstName">
		<action name="bizflowEntry">
			<xform_xpath>enter_xpath_here</xform_xpath>
		</action>
		<transform_xpath>enter_xpath_here</transform_xpath>
		<fm:action name="loadGeneralForm" xmlns:fm="http://www.hyfinity.com/formmaker">
			<xform_xpath>/mvc:eForm/mvc:Data/mvc:formData/mvc:candiFirstName</xform_xpath>
		</fm:action>
		<description />
	</element>
	<element name="selectingOfficial_ac">
		<action name="bizflowEntry">
			<xform_xpath>enter_xpath_here</xform_xpath>
		</action>
		<fm:action name="loadGeneralForm" xmlns:fm="http://www.hyfinity.com/formmaker">
			<xform_xpath>enter_xpath_here</xform_xpath>
		</fm:action>
		<transform_xpath>enter_xpath_here</transform_xpath>
		<description />
	</element>
	<element name="executiveOfficer_ac">
		<fm:transform_xpath xmlns:fm="http://www.hyfinity.com/formmaker">/mvc:eForm/mvc:Data/mvc:formData/mvc:executiveOfficer_ac</fm:transform_xpath>
		<fm:action name="loadGeneralForm" xmlns:fm="http://www.hyfinity.com/formmaker">
			<fm:xform_xpath>/mvc:eForm/mvc:Data/mvc:formData/mvc:executiveOfficer_ac</fm:xform_xpath>
		</fm:action>
	</element>
	<element name="hrLiaison_ac">
		<fm:transform_xpath xmlns:fm="http://www.hyfinity.com/formmaker">/mvc:eForm/mvc:Data/mvc:formData/mvc:hrLiaison_ac</fm:transform_xpath>
		<fm:action name="loadGeneralForm" xmlns:fm="http://www.hyfinity.com/formmaker">
			<fm:xform_xpath>/mvc:eForm/mvc:Data/mvc:formData/mvc:hrLiaison_ac</fm:xform_xpath>
		</fm:action>
	</element>
	<element name="hrSpecialist_ac">
		<fm:transform_xpath xmlns:fm="http://www.hyfinity.com/formmaker">/mvc:eForm/mvc:Data/mvc:formData/mvc:hrSpecialist_ac</fm:transform_xpath>
		<fm:action name="loadGeneralForm" xmlns:fm="http://www.hyfinity.com/formmaker">
			<fm:xform_xpath>/mvc:eForm/mvc:Data/mvc:formData/mvc:hrSpecialist_ac</fm:xform_xpath>
		</fm:action>
	</element>
	<group name="layout_group" />
	<element name="candiMiddleName">
		<fm:transform_xpath xmlns:fm="http://www.hyfinity.com/formmaker">/mvc:eForm/mvc:Data/mvc:formData/mvc:candiMiddleName</fm:transform_xpath>
		<fm:action name="loadGeneralForm" xmlns:fm="http://www.hyfinity.com/formmaker">
			<xform_xpath>/mvc:eForm/mvc:Data/mvc:formData/mvc:candiMiddleName</xform_xpath>
		</fm:action>
	</element>
	<element name="candiLastName">
		<fm:transform_xpath xmlns:fm="http://www.hyfinity.com/formmaker">/mvc:eForm/mvc:Data/mvc:formData/mvc:candiLastName</fm:transform_xpath>
		<fm:action name="loadGeneralForm" xmlns:fm="http://www.hyfinity.com/formmaker">
			<xform_xpath>/mvc:eForm/mvc:Data/mvc:formData/mvc:candiLastName</xform_xpath>
		</fm:action>
	</element>
	<group name="layout_grid" />
	<group name="layout_group_2" />
	<element name="output">
		<fm:action name="loadGeneralForm" xmlns:fm="http://www.hyfinity.com/formmaker" />
		<fm:transform_xpath xmlns:fm="http://www.hyfinity.com/formmaker">/mvc:eForm/mvc:Data/mvc:formData/mvc:output</fm:transform_xpath>
	</element>
	<element name="pcaType">
		<fm:action name="loadGeneralForm" xmlns:fm="http://www.hyfinity.com/formmaker">
			<xform_xpath>/mvc:eForm/mvc:Data/mvc:formData/mvc:pcaType</xform_xpath>
		</fm:action>
		<transform_xpath>enter_xpath_here</transform_xpath>
	</element>
	<group name="pcaType_group" />
	<element name="hrSpecialist2_ac">
		<fm:transform_xpath xmlns:fm="http://www.hyfinity.com/formmaker">/mvc:eForm/mvc:Data/mvc:formData/mvc:hrSpecialist2_ac</fm:transform_xpath>
		<fm:action name="loadGeneralForm" xmlns:fm="http://www.hyfinity.com/formmaker">
			<fm:xform_xpath>/mvc:eForm/mvc:Data/mvc:formData/mvc:hrSpecialist2_ac</fm:xform_xpath>
		</fm:action>
	</element>
	<group name="hrSpecialist2_group" />
	<group name="associatedNEILRequest_group" />
	<element name="associatedIncentives_ac">
		<fm:transform_xpath xmlns:fm="http://www.hyfinity.com/formmaker">/mvc:eForm/mvc:Data/mvc:formData/mvc:associatedIncentives_ac</fm:transform_xpath>
		<fm:action name="loadGeneralForm" xmlns:fm="http://www.hyfinity.com/formmaker">
			<fm:xform_xpath>/mvc:eForm/mvc:Data/mvc:formData/mvc:associatedIncentives_ac</fm:xform_xpath>
		</fm:action>
	</element>
	<group name="layout_group_4" />
	<group name="layout_group_5" />
	<group name="layout_group_6" />
	<group name="hrSpecialist_group" />
	<element name="dghoDirector_ac">
		<fm:transform_xpath xmlns:fm="http://www.hyfinity.com/formmaker">/mvc:eForm/mvc:Data/mvc:formData/mvc:dghoDirector_ac</fm:transform_xpath>
		<fm:action name="loadGeneralForm" xmlns:fm="http://www.hyfinity.com/formmaker">
			<fm:xform_xpath>/mvc:eForm/mvc:Data/mvc:formData/mvc:dghoDirector_ac</fm:xform_xpath>
		</fm:action>
	</element>
	<element name="requireAdminApproval">
		<fm:transform_xpath xmlns:fm="http://www.hyfinity.com/formmaker">/mvc:eForm/mvc:Data/mvc:formData/mvc:requireAdminApproval</fm:transform_xpath>
		<fm:action name="loadGeneralForm" xmlns:fm="http://www.hyfinity.com/formmaker">
			<fm:xform_xpath>/mvc:eForm/mvc:Data/mvc:formData/mvc:requireAdminApproval</fm:xform_xpath>
		</fm:action>
	</element>
	<group name="layout_group_8" />
	<group name="layout_group_9" />
	<group name="layout_group_10" />
	<group name="layout_group_13" />
	<element name="chiefPhysician_ac">
		<fm:transform_xpath xmlns:fm="http://www.hyfinity.com/formmaker">/mvc:eForm/mvc:Data/mvc:formData/mvc:chiefPhysician_ac</fm:transform_xpath>
		<fm:action name="loadGeneralForm" xmlns:fm="http://www.hyfinity.com/formmaker">
			<xform_xpath>enter_xpath_here</xform_xpath>
		</fm:action>
	</element>
	<element name="ohcDirector_ac">
		<fm:transform_xpath xmlns:fm="http://www.hyfinity.com/formmaker">/mvc:eForm/mvc:Data/mvc:formData/mvc:ohcDirector_ac</fm:transform_xpath>
		<fm:action name="loadGeneralForm" xmlns:fm="http://www.hyfinity.com/formmaker">
			<xform_xpath>enter_xpath_here</xform_xpath>
		</fm:action>
	</element>
	<element name="ofmDirector_ac">
		<fm:transform_xpath xmlns:fm="http://www.hyfinity.com/formmaker">/mvc:eForm/mvc:Data/mvc:formData/mvc:ofmDirector_ac</fm:transform_xpath>
		<fm:action name="loadGeneralForm" xmlns:fm="http://www.hyfinity.com/formmaker">
			<xform_xpath>enter_xpath_here</xform_xpath>
		</fm:action>
	</element>
	<element name="offAdmin_ac">
		<fm:transform_xpath xmlns:fm="http://www.hyfinity.com/formmaker">/mvc:eForm/mvc:Data/mvc:formData/mvc:offAdmin_ac</fm:transform_xpath>
		<fm:action name="loadGeneralForm" xmlns:fm="http://www.hyfinity.com/formmaker">
			<xform_xpath>enter_xpath_here</xform_xpath>
		</fm:action>
	</element>
	<element name="tabgDirector_ac">
		<fm:transform_xpath xmlns:fm="http://www.hyfinity.com/formmaker">/mvc:eForm/mvc:Data/mvc:formData/mvc:tabgDirector_ac</fm:transform_xpath>
		<fm:action name="loadGeneralForm" xmlns:fm="http://www.hyfinity.com/formmaker">
			<xform_xpath>enter_xpath_here</xform_xpath>
		</fm:action>
	</element>
	<group name="border_group" />
	<group name="designatedUsers_group" />
	<element name="candiAgreeRenewal">
		<fm:transform_xpath xmlns:fm="http://www.hyfinity.com/formmaker">/mvc:eForm/mvc:Data/mvc:formData/mvc:candiAgreeRenewal</fm:transform_xpath>
		<fm:action name="loadGeneralForm" xmlns:fm="http://www.hyfinity.com/formmaker">
			<fm:xform_xpath>/mvc:eForm/mvc:Data/mvc:formData/mvc:candiAgreeRenewal</fm:xform_xpath>
		</fm:action>
	</element>
	<group name="candiAgreeRenewal_group" />
	<group name="offAdmin_group" />
	<group name="ohcDirector_group" />
</xforms>
