<?xml version="1.0" encoding="UTF-8"?>
<hy:rulebase cache="false" context="/" disable="true" forward_chain="false" return="/" xmlns:hy="http://www.hyfinity.com/xengine" xmlns:mvc="http://www.hyfinity.com/mvc" xmlns:xg="http://www.hyfinity.com/xgate">
	<hy:rule base="custom" desc="" disable="false" id="customerContact" priority="10">
		<hy:head>
			<hy:result disable="false" id="getCustomer">
				<hy:operator>SQL</hy:operator>
				<hy:target action="Query" name="mvc-cms_erlr_service-workflowdb-Database" update="append">
					<hy:params>
						<hy:param name="sql_statement" type="java.lang.String">SELECT 
	E.HHSID, E.FIRST_NAME, E.MIDDLE_NAME, E.LAST_NAME, E.EMAIL_ADDR, E.ORG_CD, A.ADMIN_CODE_DESC, E.BARG_UNIT as BUS_CD
FROM 
	HHS_HR.EMPLOYEE_LOOKUP E 
	INNER JOIN HHS_HR.ADMINISTRATIVE_CODE A ON A.ADMIN_CODE = E.ORG_CD 
WHERE 1=1
	AND ( UPPER(E.LAST_NAME) LIKE CONCAT(UPPER($cust), '%') 
		OR UPPER(E.FIRST_NAME) LIKE CONCAT(UPPER($cust), '%') 
		OR UPPER(E.EMAIL_ADDR) LIKE CONCAT(UPPER($cust),'%') )
	AND ROWNUM &lt; 11</hy:param>
						<hy:param name="to_location" type="com.hyfinity.xpath.XPath">/mvc:eForm/mvc:Data</hy:param>
						<hy:param name="$cust" type="string">/mvc:eForm/mvc:Control/mvc:cust</hy:param>
					</hy:params>
				</hy:target>
			</hy:result>
			<hy:result disable="false" id="renameCustomerContact">
				<hy:operator>Rename</hy:operator>
				<hy:target action="rename" name="factbase" update="">
					<hy:params>
						<hy:param name="location" type="com.hyfinity.xpath.XPath">/mvc:eForm/mvc:Data/sql_result[last()]/statement</hy:param>
						<hy:param name="new_name" type="java.lang.String">CUSTOMER_INFO</hy:param>
						<hy:param name="new_namespace" type="java.lang.String" />
					</hy:params>
				</hy:target>
			</hy:result>
			<hy:result disable="false" id="moveCustomerContact">
				<hy:operator>Move</hy:operator>
				<hy:target action="add" name="factbase" update="correct_replace">
					<hy:params>
						<hy:param name="from_location" type="com.hyfinity.xpath.XPath">/mvc:eForm/mvc:Data/sql_result[last()]/CUSTOMER_INFO</hy:param>
						<hy:param name="to_location" type="com.hyfinity.xpath.XPath">/mvc:eForm/mvc:Data/sql_result[last()]</hy:param>
					</hy:params>
				</hy:target>
			</hy:result>
		</hy:head>
		<hy:body>
			<hy:clause id="check_Customer" multiple="false">
				<hy:operator>Read</hy:operator>
				<hy:target action="eval" name="factbase">
					<hy:params>
						<hy:param name="xpath_expression" type="com.hyfinity.xpath.XPath">/mvc:eForm/mvc:Control/mvc:cust</hy:param>
					</hy:params>
				</hy:target>
			</hy:clause>
		</hy:body>
	</hy:rule>
	<hy:rule base="custom" desc="" disable="false" id="write_XML" priority="25">
		<hy:head>
			<hy:result disable="false" id="write_XML">
				<hy:operator>Write</hy:operator>
				<hy:target action="write" name="factbase" update="">
					<hy:params>
						<hy:param name="xpath_to_value" type="com.hyfinity.xpath.XPath">/mvc:eForm/mvc:Data/dutystation_list</hy:param>
						<hy:param name="to_location" type="com.hyfinity.xpath.XPath">/mvc:eForm/mvc:Control/mvc:Page</hy:param>
						<hy:param name="autocreate" type="java.lang.String">true</hy:param>
					</hy:params>
				</hy:target>
			</hy:result>
		</hy:head>
		<hy:body />
	</hy:rule>
	<hy:rule base="custom" desc="" disable="false" id="employeeContact" priority="10">
		<hy:head>
			<hy:result disable="false" id="getContact">
				<hy:operator>SQL</hy:operator>
				<hy:target action="Query" name="mvc-cms_erlr_service-workflowdb-Database" update="append">
					<hy:params>
						<hy:param name="sql_statement" type="java.lang.String">SELECT
    E.HHSID,
    E.FIRST_NAME,
    E.MIDDLE_NAME,
    E.LAST_NAME,
    E.EMAIL_ADDR,
    E.ORG_CD,
    A.ADMIN_CODE_DESC,
    E.POSITION_TITLE_NAME,
    E.PAY_PLAN, 
    E.SERIES,
    E.GRADE,
    E.STEP,
    E.BARG_UNIT as BUS_CD,
    (SELECT GVT_WGI_DUE_DATE 
       FROM HHS_HR.PS_GVT_EMPLOYMENT
      WHERE EFFDT &lt;= SYSDATE 
        AND EMPLID=E.EMPLID
        AND EFFDT = (SELECT MAX(EFFDT)
                       FROM HHS_HR.PS_GVT_EMPLOYMENT
                      WHERE EMPLID = E.EMPLID
                        AND EFFDT &lt;= SYSDATE))  AS GVT_WGI_DUE_DATE
FROM HHS_HR.EMPLOYEE_LOOKUP E INNER JOIN HHS_HR.ADMINISTRATIVE_CODE A ON E.ORG_CD = A.ADMIN_CODE  
WHERE  ( UPPER(E.LAST_NAME) LIKE CONCAT(UPPER($emp), '%') 
        OR UPPER(E.FIRST_NAME) LIKE CONCAT(UPPER($emp), '%') 
        OR UPPER(E.EMAIL_ADDR) LIKE CONCAT(UPPER($emp),'%') )
 AND ROWNUM &lt; 11</hy:param>
						<hy:param name="to_location" type="com.hyfinity.xpath.XPath">/mvc:eForm/mvc:Data</hy:param>
						<hy:param name="$emp" type="string">/mvc:eForm/mvc:Control/mvc:emp</hy:param>
					</hy:params>
				</hy:target>
			</hy:result>
			<hy:result disable="false" id="renameCustomerContact">
				<hy:operator>Rename</hy:operator>
				<hy:target action="rename" name="factbase" update="">
					<hy:params>
						<hy:param name="location" type="com.hyfinity.xpath.XPath">/mvc:eForm/mvc:Data/sql_result[last()]/statement</hy:param>
						<hy:param name="new_name" type="java.lang.String">EMPLOYEE_INFO</hy:param>
						<hy:param name="new_namespace" type="java.lang.String" />
					</hy:params>
				</hy:target>
			</hy:result>
			<hy:result disable="false" id="moveCustomerContact">
				<hy:operator>Move</hy:operator>
				<hy:target action="add" name="factbase" update="correct_replace">
					<hy:params>
						<hy:param name="from_location" type="com.hyfinity.xpath.XPath">/mvc:eForm/mvc:Data/sql_result[last()]/EMPLOYEE_INFO</hy:param>
						<hy:param name="to_location" type="com.hyfinity.xpath.XPath">/mvc:eForm/mvc:Data/sql_result[last()]</hy:param>
					</hy:params>
				</hy:target>
			</hy:result>
		</hy:head>
		<hy:body>
			<hy:clause id="getEmployee" multiple="false">
				<hy:operator>Read</hy:operator>
				<hy:target action="eval" name="factbase">
					<hy:params>
						<hy:param name="xpath_expression" type="com.hyfinity.xpath.XPath">/mvc:eForm/mvc:Control/mvc:emp</hy:param>
					</hy:params>
				</hy:target>
			</hy:clause>
		</hy:body>
	</hy:rule>
</hy:rulebase>
