<?xml version="1.0" encoding="UTF-8"?>
<eForm xmlns="http://www.hyfinity.com/mvc" xmlns:mvc="http://www.hyfinity.com/mvc">
	<Control>
		<action>loadPCADetails</action>
		<Page />
		<Controller />
	</Control>
	<Data>
		<formData>
			<sessioninfo />
			<procid />
			<actseq />
			<workseq />
			<appseq />
			<isarchive />
			<readOnly />
			<licenseExpDate1 />
			<lengthOfServed />
			<allowanceCategory />
			<allowanceBoardCertification />
			<allowanceMultiYearAgreement />
			<allowanceMissionSpecificCriteria />
			<allowanceTotal />
			<totalPayablePCACalculation />
			<lengthOfService />
			<otherSpeciality />
			<licenseState_ac />
			<licenseExpDate2 />
			<textarea></textarea>
			<boardCertSpecialty />
		</formData>
	</Data>
</eForm>
