<?xml version="1.0" encoding="UTF-8"?>
<xforms xmlns="http://www.hyfinity.com/formmaker" xmlns:mvc="http://www.hyfinity.com/mvc">
	<instance_configuration />
	<page />
	<group name="medical_document_group" />
	<group name="md_top_group" />
	<group name="md_reason_fmla_group" />
	<group name="md_fmla_row1_group" />
	<group name="md_fmla_row2_group" />
	<group name="md_fmla_reason_group" />
	<group name="md_fmla_appeal_group" />
	<group name="md_fmla_grievance_group" />
	<group name="md_fmla_grievance_note_group" />
	<group name="md_reason_non_fmla_group" />
	<group name="md_med_exam_offer_group" />
	<group name="md_offer_accept_group" />
	<group name="md_offer_received_group" />
	<group name="md_doc_submit_review_group" />
	<group name="md_doc_submit_group" />
	<group name="md_doc_submit_dt_group" />
	<group name="md_doc_review_group" />
	<group name="md_doc_review_detail_group" />
	<group name="md_doc_review_detail_outcome_group" />
	<group name="md_doc_review_result_group" />
	<group name="md_doc_review_result_reason_group" />
	<element name="MD_REQUEST_REASON">
		<fm:action name="meddoc" xmlns:fm="http://www.hyfinity.com/formmaker">
			<fm:xform_xpath>/mvc:eForm/mvc:Data/mvc:formData/mvc:MD_REQUEST_REASON</fm:xform_xpath>
		</fm:action>
		<fm:transform_xpath xmlns:fm="http://www.hyfinity.com/formmaker">/mvc:eForm/mvc:Data/mvc:formData/mvc:MD_REQUEST_REASON</fm:transform_xpath>
		<repeat_xpath>/mvc:eForm/mvc:Data/lookup/record[LTYPE='ERLRMeddocReasonForRequest']</repeat_xpath>
		<value_xpath>ID</value_xpath>
		<text_xpath>LABEL</text_xpath>
		<description />
		<action name="thirdPartyHearing">
			<xform_xpath>enter_xpath_here</xform_xpath>
		</action>
		<action name="appeal">
			<xform_xpath>enter_xpath_here</xform_xpath>
		</action>
		<action name="case_complete">
			<xform_xpath>enter_xpath_here</xform_xpath>
		</action>
		<action name="conduct_issue">
			<xform_xpath>enter_xpath_here</xform_xpath>
		</action>
		<action name="initial_response">
			<xform_xpath>enter_xpath_here</xform_xpath>
		</action>
		<action name="grievance">
			<xform_xpath>enter_xpath_here</xform_xpath>
		</action>
		<action name="information_request">
			<xform_xpath>enter_xpath_here</xform_xpath>
		</action>
		<action name="investigation">
			<xform_xpath>enter_xpath_here</xform_xpath>
		</action>
		<action name="labor_negotiation">
			<xform_xpath>enter_xpath_here</xform_xpath>
		</action>
		<fm:action name="performance_issue" xmlns:fm="http://www.hyfinity.com/formmaker">
			<fm:xform_xpath>/mvc:eForm/mvc:Data/mvc:formData/mvc:MD_REQUEST_REASON</fm:xform_xpath>
		</fm:action>
		<fm:action name="probation_period" xmlns:fm="http://www.hyfinity.com/formmaker">
			<fm:xform_xpath>/mvc:eForm/mvc:Data/mvc:formData/mvc:MD_REQUEST_REASON</fm:xform_xpath>
		</fm:action>
		<fm:action name="unfair_labor_practice" xmlns:fm="http://www.hyfinity.com/formmaker">
			<fm:xform_xpath>/mvc:eForm/mvc:Data/mvc:formData/mvc:MD_REQUEST_REASON</fm:xform_xpath>
		</fm:action>
		<fm:action name="wgiDenial" xmlns:fm="http://www.hyfinity.com/formmaker">
			<fm:xform_xpath>/mvc:eForm/mvc:Data/mvc:formData/mvc:MD_REQUEST_REASON</fm:xform_xpath>
		</fm:action>
	</element>
	<element name="MD_MED_DOC_SBMT_DEADLINE_DT">
		<fm:action name="meddoc" xmlns:fm="http://www.hyfinity.com/formmaker">
			<fm:xform_xpath>/mvc:eForm/mvc:Data/mvc:formData/mvc:MD_MED_DOC_SBMT_DEADLINE_DT</fm:xform_xpath>
		</fm:action>
		<fm:transform_xpath xmlns:fm="http://www.hyfinity.com/formmaker">/mvc:eForm/mvc:Data/mvc:formData/mvc:MD_MED_DOC_SBMT_DEADLINE_DT</fm:transform_xpath>
		<action name="thirdPartyHearing">
			<xform_xpath>enter_xpath_here</xform_xpath>
		</action>
		<action name="appeal">
			<xform_xpath>enter_xpath_here</xform_xpath>
		</action>
		<action name="case_complete">
			<xform_xpath>enter_xpath_here</xform_xpath>
		</action>
		<action name="conduct_issue">
			<xform_xpath>enter_xpath_here</xform_xpath>
		</action>
		<action name="initial_response">
			<xform_xpath>enter_xpath_here</xform_xpath>
		</action>
		<action name="grievance">
			<xform_xpath>enter_xpath_here</xform_xpath>
		</action>
		<action name="information_request">
			<xform_xpath>enter_xpath_here</xform_xpath>
		</action>
		<action name="investigation">
			<xform_xpath>enter_xpath_here</xform_xpath>
		</action>
		<action name="labor_negotiation">
			<xform_xpath>enter_xpath_here</xform_xpath>
		</action>
		<fm:action name="performance_issue" xmlns:fm="http://www.hyfinity.com/formmaker">
			<fm:xform_xpath>/mvc:eForm/mvc:Data/mvc:formData/mvc:MD_MED_DOC_SBMT_DEADLINE_DT</fm:xform_xpath>
		</fm:action>
		<fm:action name="probation_period" xmlns:fm="http://www.hyfinity.com/formmaker">
			<fm:xform_xpath>/mvc:eForm/mvc:Data/mvc:formData/mvc:MD_MED_DOC_SBMT_DEADLINE_DT</fm:xform_xpath>
		</fm:action>
		<fm:action name="unfair_labor_practice" xmlns:fm="http://www.hyfinity.com/formmaker">
			<fm:xform_xpath>/mvc:eForm/mvc:Data/mvc:formData/mvc:MD_MED_DOC_SBMT_DEADLINE_DT</fm:xform_xpath>
		</fm:action>
		<fm:action name="wgiDenial" xmlns:fm="http://www.hyfinity.com/formmaker">
			<fm:xform_xpath>/mvc:eForm/mvc:Data/mvc:formData/mvc:MD_MED_DOC_SBMT_DEADLINE_DT</fm:xform_xpath>
		</fm:action>
	</element>
	<element name="MD_FMLA_DOC_SBMT_DT">
		<fm:action name="meddoc" xmlns:fm="http://www.hyfinity.com/formmaker">
			<fm:xform_xpath>/mvc:eForm/mvc:Data/mvc:formData/mvc:MD_FMLA_DOC_SBMT_DT</fm:xform_xpath>
		</fm:action>
		<fm:transform_xpath xmlns:fm="http://www.hyfinity.com/formmaker">/mvc:eForm/mvc:Data/mvc:formData/mvc:MD_FMLA_DOC_SBMT_DT</fm:transform_xpath>
		<description />
		<action name="thirdPartyHearing">
			<xform_xpath>enter_xpath_here</xform_xpath>
		</action>
		<action name="appeal">
			<xform_xpath>enter_xpath_here</xform_xpath>
		</action>
		<action name="case_complete">
			<xform_xpath>enter_xpath_here</xform_xpath>
		</action>
		<action name="conduct_issue">
			<xform_xpath>enter_xpath_here</xform_xpath>
		</action>
		<action name="initial_response">
			<xform_xpath>enter_xpath_here</xform_xpath>
		</action>
		<action name="grievance">
			<xform_xpath>enter_xpath_here</xform_xpath>
		</action>
		<action name="information_request">
			<xform_xpath>enter_xpath_here</xform_xpath>
		</action>
		<action name="investigation">
			<xform_xpath>enter_xpath_here</xform_xpath>
		</action>
		<action name="labor_negotiation">
			<xform_xpath>enter_xpath_here</xform_xpath>
		</action>
		<fm:action name="performance_issue" xmlns:fm="http://www.hyfinity.com/formmaker">
			<fm:xform_xpath>/mvc:eForm/mvc:Data/mvc:formData/mvc:MD_FMLA_DOC_SBMT_DT</fm:xform_xpath>
		</fm:action>
		<fm:action name="probation_period" xmlns:fm="http://www.hyfinity.com/formmaker">
			<fm:xform_xpath>/mvc:eForm/mvc:Data/mvc:formData/mvc:MD_FMLA_DOC_SBMT_DT</fm:xform_xpath>
		</fm:action>
		<fm:action name="unfair_labor_practice" xmlns:fm="http://www.hyfinity.com/formmaker">
			<fm:xform_xpath>/mvc:eForm/mvc:Data/mvc:formData/mvc:MD_FMLA_DOC_SBMT_DT</fm:xform_xpath>
		</fm:action>
		<fm:action name="wgiDenial" xmlns:fm="http://www.hyfinity.com/formmaker">
			<fm:xform_xpath>/mvc:eForm/mvc:Data/mvc:formData/mvc:MD_FMLA_DOC_SBMT_DT</fm:xform_xpath>
		</fm:action>
	</element>
	<element name="MD_FMLA_BEGIN_DT">
		<fm:action name="meddoc" xmlns:fm="http://www.hyfinity.com/formmaker">
			<fm:xform_xpath>/mvc:eForm/mvc:Data/mvc:formData/mvc:MD_FMLA_BEGIN_DT</fm:xform_xpath>
		</fm:action>
		<fm:transform_xpath xmlns:fm="http://www.hyfinity.com/formmaker">/mvc:eForm/mvc:Data/mvc:formData/mvc:MD_FMLA_BEGIN_DT</fm:transform_xpath>
		<action name="thirdPartyHearing">
			<xform_xpath>enter_xpath_here</xform_xpath>
		</action>
		<action name="appeal">
			<xform_xpath>enter_xpath_here</xform_xpath>
		</action>
		<action name="case_complete">
			<xform_xpath>enter_xpath_here</xform_xpath>
		</action>
		<action name="conduct_issue">
			<xform_xpath>enter_xpath_here</xform_xpath>
		</action>
		<action name="initial_response">
			<xform_xpath>enter_xpath_here</xform_xpath>
		</action>
		<action name="grievance">
			<xform_xpath>enter_xpath_here</xform_xpath>
		</action>
		<action name="information_request">
			<xform_xpath>enter_xpath_here</xform_xpath>
		</action>
		<action name="investigation">
			<xform_xpath>enter_xpath_here</xform_xpath>
		</action>
		<action name="labor_negotiation">
			<xform_xpath>enter_xpath_here</xform_xpath>
		</action>
		<fm:action name="performance_issue" xmlns:fm="http://www.hyfinity.com/formmaker">
			<fm:xform_xpath>/mvc:eForm/mvc:Data/mvc:formData/mvc:MD_FMLA_BEGIN_DT</fm:xform_xpath>
		</fm:action>
		<fm:action name="probation_period" xmlns:fm="http://www.hyfinity.com/formmaker">
			<fm:xform_xpath>/mvc:eForm/mvc:Data/mvc:formData/mvc:MD_FMLA_BEGIN_DT</fm:xform_xpath>
		</fm:action>
		<fm:action name="unfair_labor_practice" xmlns:fm="http://www.hyfinity.com/formmaker">
			<fm:xform_xpath>/mvc:eForm/mvc:Data/mvc:formData/mvc:MD_FMLA_BEGIN_DT</fm:xform_xpath>
		</fm:action>
		<fm:action name="wgiDenial" xmlns:fm="http://www.hyfinity.com/formmaker">
			<fm:xform_xpath>/mvc:eForm/mvc:Data/mvc:formData/mvc:MD_FMLA_BEGIN_DT</fm:xform_xpath>
		</fm:action>
	</element>
	<element name="MD_FMLA_APROVED">
		<fm:action name="meddoc" xmlns:fm="http://www.hyfinity.com/formmaker">
			<fm:xform_xpath>/mvc:eForm/mvc:Data/mvc:formData/mvc:MD_FMLA_APROVED</fm:xform_xpath>
		</fm:action>
		<fm:transform_xpath xmlns:fm="http://www.hyfinity.com/formmaker">/mvc:eForm/mvc:Data/mvc:formData/mvc:MD_FMLA_APROVED</fm:transform_xpath>
		<action name="thirdPartyHearing">
			<xform_xpath>enter_xpath_here</xform_xpath>
		</action>
		<action name="appeal">
			<xform_xpath>enter_xpath_here</xform_xpath>
		</action>
		<action name="case_complete">
			<xform_xpath>enter_xpath_here</xform_xpath>
		</action>
		<action name="conduct_issue">
			<xform_xpath>enter_xpath_here</xform_xpath>
		</action>
		<action name="initial_response">
			<xform_xpath>enter_xpath_here</xform_xpath>
		</action>
		<action name="grievance">
			<xform_xpath>enter_xpath_here</xform_xpath>
		</action>
		<action name="information_request">
			<xform_xpath>enter_xpath_here</xform_xpath>
		</action>
		<action name="investigation">
			<xform_xpath>enter_xpath_here</xform_xpath>
		</action>
		<action name="labor_negotiation">
			<xform_xpath>enter_xpath_here</xform_xpath>
		</action>
		<fm:action name="performance_issue" xmlns:fm="http://www.hyfinity.com/formmaker">
			<fm:xform_xpath>/mvc:eForm/mvc:Data/mvc:formData/mvc:MD_FMLA_APROVED</fm:xform_xpath>
		</fm:action>
		<fm:action name="probation_period" xmlns:fm="http://www.hyfinity.com/formmaker">
			<fm:xform_xpath>/mvc:eForm/mvc:Data/mvc:formData/mvc:MD_FMLA_APROVED</fm:xform_xpath>
		</fm:action>
		<fm:action name="unfair_labor_practice" xmlns:fm="http://www.hyfinity.com/formmaker">
			<fm:xform_xpath>/mvc:eForm/mvc:Data/mvc:formData/mvc:MD_FMLA_APROVED</fm:xform_xpath>
		</fm:action>
		<fm:action name="wgiDenial" xmlns:fm="http://www.hyfinity.com/formmaker">
			<fm:xform_xpath>/mvc:eForm/mvc:Data/mvc:formData/mvc:MD_FMLA_APROVED</fm:xform_xpath>
		</fm:action>
	</element>
	<element name="MD_FMLA_DISAPRV_REASON_SEL">
		<fm:action name="meddoc" xmlns:fm="http://www.hyfinity.com/formmaker">
			<fm:xform_xpath>/mvc:eForm/mvc:Data/mvc:formData/mvc:MD_FMLA_DISAPRV_REASON_SEL</fm:xform_xpath>
		</fm:action>
		<action name="thirdPartyHearing">
			<xform_xpath>enter_xpath_here</xform_xpath>
		</action>
		<action name="appeal">
			<xform_xpath>enter_xpath_here</xform_xpath>
		</action>
		<action name="case_complete">
			<xform_xpath>enter_xpath_here</xform_xpath>
		</action>
		<action name="conduct_issue">
			<xform_xpath>enter_xpath_here</xform_xpath>
		</action>
		<action name="initial_response">
			<xform_xpath>enter_xpath_here</xform_xpath>
		</action>
		<action name="grievance">
			<xform_xpath>enter_xpath_here</xform_xpath>
		</action>
		<action name="information_request">
			<xform_xpath>enter_xpath_here</xform_xpath>
		</action>
		<action name="investigation">
			<xform_xpath>enter_xpath_here</xform_xpath>
		</action>
		<action name="labor_negotiation">
			<xform_xpath>enter_xpath_here</xform_xpath>
		</action>
		<fm:action name="performance_issue" xmlns:fm="http://www.hyfinity.com/formmaker">
			<fm:xform_xpath>/mvc:eForm/mvc:Data/mvc:formData/mvc:MD_FMLA_DISAPRV_REASON_SEL</fm:xform_xpath>
		</fm:action>
		<fm:action name="probation_period" xmlns:fm="http://www.hyfinity.com/formmaker">
			<fm:xform_xpath>/mvc:eForm/mvc:Data/mvc:formData/mvc:MD_FMLA_DISAPRV_REASON_SEL</fm:xform_xpath>
		</fm:action>
		<fm:action name="unfair_labor_practice" xmlns:fm="http://www.hyfinity.com/formmaker">
			<fm:xform_xpath>/mvc:eForm/mvc:Data/mvc:formData/mvc:MD_FMLA_DISAPRV_REASON_SEL</fm:xform_xpath>
		</fm:action>
		<fm:action name="wgiDenial" xmlns:fm="http://www.hyfinity.com/formmaker">
			<fm:xform_xpath>/mvc:eForm/mvc:Data/mvc:formData/mvc:MD_FMLA_DISAPRV_REASON_SEL</fm:xform_xpath>
		</fm:action>
		<transform_xpath>/mvc:eForm/mvc:Data/mvc:formData/mvc:MD_FMLA_DISAPRV_REASON_SEL</transform_xpath>
		<repeat_xpath>/mvc:eForm/mvc:Data/lookup/record[LTYPE='ERLRFMLADisapprovalReason']</repeat_xpath>
		<value_xpath>ID</value_xpath>
		<text_xpath>LABEL</text_xpath>
		<description />
	</element>
	<element name="MD_FMLA_GRIEVANCE">
		<fm:action name="meddoc" xmlns:fm="http://www.hyfinity.com/formmaker">
			<fm:xform_xpath>/mvc:eForm/mvc:Data/mvc:formData/mvc:MD_FMLA_GRIEVANCE</fm:xform_xpath>
		</fm:action>
		<fm:transform_xpath xmlns:fm="http://www.hyfinity.com/formmaker">/mvc:eForm/mvc:Data/mvc:formData/mvc:MD_FMLA_GRIEVANCE</fm:transform_xpath>
		<action name="thirdPartyHearing">
			<xform_xpath>enter_xpath_here</xform_xpath>
		</action>
		<action name="appeal">
			<xform_xpath>enter_xpath_here</xform_xpath>
		</action>
		<action name="case_complete">
			<xform_xpath>enter_xpath_here</xform_xpath>
		</action>
		<action name="conduct_issue">
			<xform_xpath>enter_xpath_here</xform_xpath>
		</action>
		<action name="initial_response">
			<xform_xpath>enter_xpath_here</xform_xpath>
		</action>
		<action name="grievance">
			<xform_xpath>enter_xpath_here</xform_xpath>
		</action>
		<action name="information_request">
			<xform_xpath>enter_xpath_here</xform_xpath>
		</action>
		<action name="investigation">
			<xform_xpath>enter_xpath_here</xform_xpath>
		</action>
		<action name="labor_negotiation">
			<xform_xpath>enter_xpath_here</xform_xpath>
		</action>
		<fm:action name="performance_issue" xmlns:fm="http://www.hyfinity.com/formmaker">
			<fm:xform_xpath>/mvc:eForm/mvc:Data/mvc:formData/mvc:MD_FMLA_GRIEVANCE</fm:xform_xpath>
		</fm:action>
		<fm:action name="probation_period" xmlns:fm="http://www.hyfinity.com/formmaker">
			<fm:xform_xpath>/mvc:eForm/mvc:Data/mvc:formData/mvc:MD_FMLA_GRIEVANCE</fm:xform_xpath>
		</fm:action>
		<fm:action name="unfair_labor_practice" xmlns:fm="http://www.hyfinity.com/formmaker">
			<fm:xform_xpath>/mvc:eForm/mvc:Data/mvc:formData/mvc:MD_FMLA_GRIEVANCE</fm:xform_xpath>
		</fm:action>
		<fm:action name="wgiDenial" xmlns:fm="http://www.hyfinity.com/formmaker">
			<fm:xform_xpath>/mvc:eForm/mvc:Data/mvc:formData/mvc:MD_FMLA_GRIEVANCE</fm:xform_xpath>
		</fm:action>
	</element>
	<element name="MD_MEDEXAM_EXTENDED">
		<fm:action name="meddoc" xmlns:fm="http://www.hyfinity.com/formmaker">
			<fm:xform_xpath>/mvc:eForm/mvc:Data/mvc:formData/mvc:MD_MEDEXAM_EXTENDED</fm:xform_xpath>
		</fm:action>
		<action name="thirdPartyHearing">
			<xform_xpath>enter_xpath_here</xform_xpath>
		</action>
		<action name="appeal">
			<xform_xpath>enter_xpath_here</xform_xpath>
		</action>
		<action name="case_complete">
			<xform_xpath>enter_xpath_here</xform_xpath>
		</action>
		<action name="conduct_issue">
			<xform_xpath>enter_xpath_here</xform_xpath>
		</action>
		<action name="initial_response">
			<xform_xpath>enter_xpath_here</xform_xpath>
		</action>
		<action name="grievance">
			<xform_xpath>enter_xpath_here</xform_xpath>
		</action>
		<action name="information_request">
			<xform_xpath>enter_xpath_here</xform_xpath>
		</action>
		<action name="investigation">
			<xform_xpath>enter_xpath_here</xform_xpath>
		</action>
		<action name="labor_negotiation">
			<xform_xpath>enter_xpath_here</xform_xpath>
		</action>
		<fm:action name="performance_issue" xmlns:fm="http://www.hyfinity.com/formmaker">
			<fm:xform_xpath>/mvc:eForm/mvc:Data/mvc:formData/mvc:MD_MEDEXAM_EXTENDED</fm:xform_xpath>
		</fm:action>
		<fm:action name="probation_period" xmlns:fm="http://www.hyfinity.com/formmaker">
			<fm:xform_xpath>/mvc:eForm/mvc:Data/mvc:formData/mvc:MD_MEDEXAM_EXTENDED</fm:xform_xpath>
		</fm:action>
		<fm:action name="unfair_labor_practice" xmlns:fm="http://www.hyfinity.com/formmaker">
			<fm:xform_xpath>/mvc:eForm/mvc:Data/mvc:formData/mvc:MD_MEDEXAM_EXTENDED</fm:xform_xpath>
		</fm:action>
		<fm:action name="wgiDenial" xmlns:fm="http://www.hyfinity.com/formmaker">
			<fm:xform_xpath>/mvc:eForm/mvc:Data/mvc:formData/mvc:MD_MEDEXAM_EXTENDED</fm:xform_xpath>
		</fm:action>
		<transform_xpath>/mvc:eForm/mvc:Data/mvc:formData/mvc:MD_MEDEXAM_EXTENDED</transform_xpath>
		<description />
	</element>
	<element name="MD_MEDEXAM_ACCEPTED">
		<fm:action name="meddoc" xmlns:fm="http://www.hyfinity.com/formmaker">
			<fm:xform_xpath>/mvc:eForm/mvc:Data/mvc:formData/mvc:MD_MEDEXAM_ACCEPTED</fm:xform_xpath>
		</fm:action>
		<fm:transform_xpath xmlns:fm="http://www.hyfinity.com/formmaker">/mvc:eForm/mvc:Data/mvc:formData/mvc:MD_MEDEXAM_ACCEPTED</fm:transform_xpath>
		<action name="thirdPartyHearing">
			<xform_xpath>enter_xpath_here</xform_xpath>
		</action>
		<action name="appeal">
			<xform_xpath>enter_xpath_here</xform_xpath>
		</action>
		<action name="case_complete">
			<xform_xpath>enter_xpath_here</xform_xpath>
		</action>
		<action name="conduct_issue">
			<xform_xpath>enter_xpath_here</xform_xpath>
		</action>
		<action name="initial_response">
			<xform_xpath>enter_xpath_here</xform_xpath>
		</action>
		<action name="grievance">
			<xform_xpath>enter_xpath_here</xform_xpath>
		</action>
		<action name="information_request">
			<xform_xpath>enter_xpath_here</xform_xpath>
		</action>
		<action name="investigation">
			<xform_xpath>enter_xpath_here</xform_xpath>
		</action>
		<action name="labor_negotiation">
			<xform_xpath>enter_xpath_here</xform_xpath>
		</action>
		<fm:action name="performance_issue" xmlns:fm="http://www.hyfinity.com/formmaker">
			<fm:xform_xpath>/mvc:eForm/mvc:Data/mvc:formData/mvc:MD_MEDEXAM_ACCEPTED</fm:xform_xpath>
		</fm:action>
		<fm:action name="probation_period" xmlns:fm="http://www.hyfinity.com/formmaker">
			<fm:xform_xpath>/mvc:eForm/mvc:Data/mvc:formData/mvc:MD_MEDEXAM_ACCEPTED</fm:xform_xpath>
		</fm:action>
		<fm:action name="unfair_labor_practice" xmlns:fm="http://www.hyfinity.com/formmaker">
			<fm:xform_xpath>/mvc:eForm/mvc:Data/mvc:formData/mvc:MD_MEDEXAM_ACCEPTED</fm:xform_xpath>
		</fm:action>
		<fm:action name="wgiDenial" xmlns:fm="http://www.hyfinity.com/formmaker">
			<fm:xform_xpath>/mvc:eForm/mvc:Data/mvc:formData/mvc:MD_MEDEXAM_ACCEPTED</fm:xform_xpath>
		</fm:action>
	</element>
	<element name="MD_MEDEXAM_RECEIVED_DT">
		<fm:action name="meddoc" xmlns:fm="http://www.hyfinity.com/formmaker">
			<fm:xform_xpath>/mvc:eForm/mvc:Data/mvc:formData/mvc:MD_MEDEXAM_RECEIVED_DT</fm:xform_xpath>
		</fm:action>
		<fm:transform_xpath xmlns:fm="http://www.hyfinity.com/formmaker">/mvc:eForm/mvc:Data/mvc:formData/mvc:MD_MEDEXAM_RECEIVED_DT</fm:transform_xpath>
		<action name="thirdPartyHearing">
			<xform_xpath>enter_xpath_here</xform_xpath>
		</action>
		<action name="appeal">
			<xform_xpath>enter_xpath_here</xform_xpath>
		</action>
		<action name="case_complete">
			<xform_xpath>enter_xpath_here</xform_xpath>
		</action>
		<action name="conduct_issue">
			<xform_xpath>enter_xpath_here</xform_xpath>
		</action>
		<action name="initial_response">
			<xform_xpath>enter_xpath_here</xform_xpath>
		</action>
		<action name="grievance">
			<xform_xpath>enter_xpath_here</xform_xpath>
		</action>
		<action name="information_request">
			<xform_xpath>enter_xpath_here</xform_xpath>
		</action>
		<action name="investigation">
			<xform_xpath>enter_xpath_here</xform_xpath>
		</action>
		<action name="labor_negotiation">
			<xform_xpath>enter_xpath_here</xform_xpath>
		</action>
		<fm:action name="performance_issue" xmlns:fm="http://www.hyfinity.com/formmaker">
			<fm:xform_xpath>/mvc:eForm/mvc:Data/mvc:formData/mvc:MD_MEDEXAM_RECEIVED_DT</fm:xform_xpath>
		</fm:action>
		<fm:action name="probation_period" xmlns:fm="http://www.hyfinity.com/formmaker">
			<fm:xform_xpath>/mvc:eForm/mvc:Data/mvc:formData/mvc:MD_MEDEXAM_RECEIVED_DT</fm:xform_xpath>
		</fm:action>
		<fm:action name="unfair_labor_practice" xmlns:fm="http://www.hyfinity.com/formmaker">
			<fm:xform_xpath>/mvc:eForm/mvc:Data/mvc:formData/mvc:MD_MEDEXAM_RECEIVED_DT</fm:xform_xpath>
		</fm:action>
		<fm:action name="wgiDenial" xmlns:fm="http://www.hyfinity.com/formmaker">
			<fm:xform_xpath>/mvc:eForm/mvc:Data/mvc:formData/mvc:MD_MEDEXAM_RECEIVED_DT</fm:xform_xpath>
		</fm:action>
	</element>
	<element name="MD_DOC_SUBMITTED">
		<fm:action name="meddoc" xmlns:fm="http://www.hyfinity.com/formmaker">
			<fm:xform_xpath>/mvc:eForm/mvc:Data/mvc:formData/mvc:MD_DOC_SUBMITTED</fm:xform_xpath>
		</fm:action>
		<fm:transform_xpath xmlns:fm="http://www.hyfinity.com/formmaker">/mvc:eForm/mvc:Data/mvc:formData/mvc:MD_DOC_SUBMITTED</fm:transform_xpath>
		<action name="thirdPartyHearing">
			<xform_xpath>enter_xpath_here</xform_xpath>
		</action>
		<action name="appeal">
			<xform_xpath>enter_xpath_here</xform_xpath>
		</action>
		<action name="case_complete">
			<xform_xpath>enter_xpath_here</xform_xpath>
		</action>
		<action name="conduct_issue">
			<xform_xpath>enter_xpath_here</xform_xpath>
		</action>
		<action name="initial_response">
			<xform_xpath>enter_xpath_here</xform_xpath>
		</action>
		<action name="grievance">
			<xform_xpath>enter_xpath_here</xform_xpath>
		</action>
		<action name="information_request">
			<xform_xpath>enter_xpath_here</xform_xpath>
		</action>
		<action name="investigation">
			<xform_xpath>enter_xpath_here</xform_xpath>
		</action>
		<action name="labor_negotiation">
			<xform_xpath>enter_xpath_here</xform_xpath>
		</action>
		<fm:action name="performance_issue" xmlns:fm="http://www.hyfinity.com/formmaker">
			<fm:xform_xpath>/mvc:eForm/mvc:Data/mvc:formData/mvc:MD_DOC_SUBMITTED</fm:xform_xpath>
		</fm:action>
		<fm:action name="probation_period" xmlns:fm="http://www.hyfinity.com/formmaker">
			<fm:xform_xpath>/mvc:eForm/mvc:Data/mvc:formData/mvc:MD_DOC_SUBMITTED</fm:xform_xpath>
		</fm:action>
		<fm:action name="unfair_labor_practice" xmlns:fm="http://www.hyfinity.com/formmaker">
			<fm:xform_xpath>/mvc:eForm/mvc:Data/mvc:formData/mvc:MD_DOC_SUBMITTED</fm:xform_xpath>
		</fm:action>
		<fm:action name="wgiDenial" xmlns:fm="http://www.hyfinity.com/formmaker">
			<fm:xform_xpath>/mvc:eForm/mvc:Data/mvc:formData/mvc:MD_DOC_SUBMITTED</fm:xform_xpath>
		</fm:action>
	</element>
	<element name="MD_DOC_SBMT_DT">
		<fm:action name="meddoc" xmlns:fm="http://www.hyfinity.com/formmaker">
			<fm:xform_xpath>/mvc:eForm/mvc:Data/mvc:formData/mvc:MD_DOC_SBMT_DT</fm:xform_xpath>
		</fm:action>
		<fm:transform_xpath xmlns:fm="http://www.hyfinity.com/formmaker">/mvc:eForm/mvc:Data/mvc:formData/mvc:MD_DOC_SBMT_DT</fm:transform_xpath>
		<description />
		<action name="thirdPartyHearing">
			<xform_xpath>enter_xpath_here</xform_xpath>
		</action>
		<action name="appeal">
			<xform_xpath>enter_xpath_here</xform_xpath>
		</action>
		<action name="case_complete">
			<xform_xpath>enter_xpath_here</xform_xpath>
		</action>
		<action name="conduct_issue">
			<xform_xpath>enter_xpath_here</xform_xpath>
		</action>
		<action name="initial_response">
			<xform_xpath>enter_xpath_here</xform_xpath>
		</action>
		<action name="grievance">
			<xform_xpath>enter_xpath_here</xform_xpath>
		</action>
		<action name="information_request">
			<xform_xpath>enter_xpath_here</xform_xpath>
		</action>
		<action name="investigation">
			<xform_xpath>enter_xpath_here</xform_xpath>
		</action>
		<action name="labor_negotiation">
			<xform_xpath>enter_xpath_here</xform_xpath>
		</action>
		<fm:action name="performance_issue" xmlns:fm="http://www.hyfinity.com/formmaker">
			<fm:xform_xpath>/mvc:eForm/mvc:Data/mvc:formData/mvc:MD_DOC_SBMT_DT</fm:xform_xpath>
		</fm:action>
		<fm:action name="probation_period" xmlns:fm="http://www.hyfinity.com/formmaker">
			<fm:xform_xpath>/mvc:eForm/mvc:Data/mvc:formData/mvc:MD_DOC_SBMT_DT</fm:xform_xpath>
		</fm:action>
		<fm:action name="unfair_labor_practice" xmlns:fm="http://www.hyfinity.com/formmaker">
			<fm:xform_xpath>/mvc:eForm/mvc:Data/mvc:formData/mvc:MD_DOC_SBMT_DT</fm:xform_xpath>
		</fm:action>
		<fm:action name="wgiDenial" xmlns:fm="http://www.hyfinity.com/formmaker">
			<fm:xform_xpath>/mvc:eForm/mvc:Data/mvc:formData/mvc:MD_DOC_SBMT_DT</fm:xform_xpath>
		</fm:action>
	</element>
	<element name="MD_DOC_SBMT_FOH">
		<fm:action name="meddoc" xmlns:fm="http://www.hyfinity.com/formmaker">
			<fm:xform_xpath>/mvc:eForm/mvc:Data/mvc:formData/mvc:MD_DOC_SBMT_FOH</fm:xform_xpath>
		</fm:action>
		<fm:transform_xpath xmlns:fm="http://www.hyfinity.com/formmaker">/mvc:eForm/mvc:Data/mvc:formData/mvc:MD_DOC_SBMT_FOH</fm:transform_xpath>
		<description />
		<action name="thirdPartyHearing">
			<xform_xpath>enter_xpath_here</xform_xpath>
		</action>
		<action name="appeal">
			<xform_xpath>enter_xpath_here</xform_xpath>
		</action>
		<action name="case_complete">
			<xform_xpath>enter_xpath_here</xform_xpath>
		</action>
		<action name="conduct_issue">
			<xform_xpath>enter_xpath_here</xform_xpath>
		</action>
		<action name="initial_response">
			<xform_xpath>enter_xpath_here</xform_xpath>
		</action>
		<action name="grievance">
			<xform_xpath>enter_xpath_here</xform_xpath>
		</action>
		<action name="information_request">
			<xform_xpath>enter_xpath_here</xform_xpath>
		</action>
		<action name="investigation">
			<xform_xpath>enter_xpath_here</xform_xpath>
		</action>
		<action name="labor_negotiation">
			<xform_xpath>enter_xpath_here</xform_xpath>
		</action>
		<fm:action name="performance_issue" xmlns:fm="http://www.hyfinity.com/formmaker">
			<fm:xform_xpath>/mvc:eForm/mvc:Data/mvc:formData/mvc:MD_DOC_SBMT_FOH</fm:xform_xpath>
		</fm:action>
		<fm:action name="probation_period" xmlns:fm="http://www.hyfinity.com/formmaker">
			<fm:xform_xpath>/mvc:eForm/mvc:Data/mvc:formData/mvc:MD_DOC_SBMT_FOH</fm:xform_xpath>
		</fm:action>
		<fm:action name="unfair_labor_practice" xmlns:fm="http://www.hyfinity.com/formmaker">
			<fm:xform_xpath>/mvc:eForm/mvc:Data/mvc:formData/mvc:MD_DOC_SBMT_FOH</fm:xform_xpath>
		</fm:action>
		<fm:action name="wgiDenial" xmlns:fm="http://www.hyfinity.com/formmaker">
			<fm:xform_xpath>/mvc:eForm/mvc:Data/mvc:formData/mvc:MD_DOC_SBMT_FOH</fm:xform_xpath>
		</fm:action>
	</element>
	<element name="MD_DOC_REVIEW_OUTCOME">
		<fm:action name="meddoc" xmlns:fm="http://www.hyfinity.com/formmaker">
			<fm:xform_xpath>/mvc:eForm/mvc:Data/mvc:formData/mvc:MD_DOC_REVIEW_OUTCOME</fm:xform_xpath>
		</fm:action>
		<fm:transform_xpath xmlns:fm="http://www.hyfinity.com/formmaker">/mvc:eForm/mvc:Data/mvc:formData/mvc:MD_DOC_REVIEW_OUTCOME</fm:transform_xpath>
		<description />
		<action name="thirdPartyHearing">
			<xform_xpath>enter_xpath_here</xform_xpath>
		</action>
		<action name="appeal">
			<xform_xpath>enter_xpath_here</xform_xpath>
		</action>
		<action name="case_complete">
			<xform_xpath>enter_xpath_here</xform_xpath>
		</action>
		<action name="conduct_issue">
			<xform_xpath>enter_xpath_here</xform_xpath>
		</action>
		<action name="initial_response">
			<xform_xpath>enter_xpath_here</xform_xpath>
		</action>
		<action name="grievance">
			<xform_xpath>enter_xpath_here</xform_xpath>
		</action>
		<action name="information_request">
			<xform_xpath>enter_xpath_here</xform_xpath>
		</action>
		<action name="investigation">
			<xform_xpath>enter_xpath_here</xform_xpath>
		</action>
		<action name="labor_negotiation">
			<xform_xpath>enter_xpath_here</xform_xpath>
		</action>
		<fm:action name="performance_issue" xmlns:fm="http://www.hyfinity.com/formmaker">
			<fm:xform_xpath>/mvc:eForm/mvc:Data/mvc:formData/mvc:MD_DOC_REVIEW_OUTCOME</fm:xform_xpath>
		</fm:action>
		<fm:action name="probation_period" xmlns:fm="http://www.hyfinity.com/formmaker">
			<fm:xform_xpath>/mvc:eForm/mvc:Data/mvc:formData/mvc:MD_DOC_REVIEW_OUTCOME</fm:xform_xpath>
		</fm:action>
		<fm:action name="unfair_labor_practice" xmlns:fm="http://www.hyfinity.com/formmaker">
			<fm:xform_xpath>/mvc:eForm/mvc:Data/mvc:formData/mvc:MD_DOC_REVIEW_OUTCOME</fm:xform_xpath>
		</fm:action>
		<fm:action name="wgiDenial" xmlns:fm="http://www.hyfinity.com/formmaker">
			<fm:xform_xpath>/mvc:eForm/mvc:Data/mvc:formData/mvc:MD_DOC_REVIEW_OUTCOME</fm:xform_xpath>
		</fm:action>
	</element>
	<element name="MD_DOC_ADMTV_ACCEPTABLE">
		<fm:action name="meddoc" xmlns:fm="http://www.hyfinity.com/formmaker">
			<fm:xform_xpath>/mvc:eForm/mvc:Data/mvc:formData/mvc:MD_DOC_ADMTV_ACCEPTABLE</fm:xform_xpath>
		</fm:action>
		<fm:transform_xpath xmlns:fm="http://www.hyfinity.com/formmaker">/mvc:eForm/mvc:Data/mvc:formData/mvc:MD_DOC_ADMTV_ACCEPTABLE</fm:transform_xpath>
		<action name="thirdPartyHearing">
			<xform_xpath>enter_xpath_here</xform_xpath>
		</action>
		<action name="appeal">
			<xform_xpath>enter_xpath_here</xform_xpath>
		</action>
		<action name="case_complete">
			<xform_xpath>enter_xpath_here</xform_xpath>
		</action>
		<action name="conduct_issue">
			<xform_xpath>enter_xpath_here</xform_xpath>
		</action>
		<action name="initial_response">
			<xform_xpath>enter_xpath_here</xform_xpath>
		</action>
		<action name="grievance">
			<xform_xpath>enter_xpath_here</xform_xpath>
		</action>
		<action name="information_request">
			<xform_xpath>enter_xpath_here</xform_xpath>
		</action>
		<action name="investigation">
			<xform_xpath>enter_xpath_here</xform_xpath>
		</action>
		<action name="labor_negotiation">
			<xform_xpath>enter_xpath_here</xform_xpath>
		</action>
		<fm:action name="performance_issue" xmlns:fm="http://www.hyfinity.com/formmaker">
			<fm:xform_xpath>/mvc:eForm/mvc:Data/mvc:formData/mvc:MD_DOC_ADMTV_ACCEPTABLE</fm:xform_xpath>
		</fm:action>
		<fm:action name="probation_period" xmlns:fm="http://www.hyfinity.com/formmaker">
			<fm:xform_xpath>/mvc:eForm/mvc:Data/mvc:formData/mvc:MD_DOC_ADMTV_ACCEPTABLE</fm:xform_xpath>
		</fm:action>
		<fm:action name="unfair_labor_practice" xmlns:fm="http://www.hyfinity.com/formmaker">
			<fm:xform_xpath>/mvc:eForm/mvc:Data/mvc:formData/mvc:MD_DOC_ADMTV_ACCEPTABLE</fm:xform_xpath>
		</fm:action>
		<fm:action name="wgiDenial" xmlns:fm="http://www.hyfinity.com/formmaker">
			<fm:xform_xpath>/mvc:eForm/mvc:Data/mvc:formData/mvc:MD_DOC_ADMTV_ACCEPTABLE</fm:xform_xpath>
		</fm:action>
	</element>
	<element name="MD_DOC_ADMTV_REJECT_REASON">
		<fm:action name="meddoc" xmlns:fm="http://www.hyfinity.com/formmaker">
			<fm:xform_xpath>/mvc:eForm/mvc:Data/mvc:formData/mvc:MD_DOC_ADMTV_REJECT_REASON</fm:xform_xpath>
		</fm:action>
		<action name="thirdPartyHearing">
			<xform_xpath>enter_xpath_here</xform_xpath>
		</action>
		<action name="appeal">
			<xform_xpath>enter_xpath_here</xform_xpath>
		</action>
		<action name="case_complete">
			<xform_xpath>enter_xpath_here</xform_xpath>
		</action>
		<action name="conduct_issue">
			<xform_xpath>enter_xpath_here</xform_xpath>
		</action>
		<action name="initial_response">
			<xform_xpath>enter_xpath_here</xform_xpath>
		</action>
		<action name="grievance">
			<xform_xpath>enter_xpath_here</xform_xpath>
		</action>
		<action name="information_request">
			<xform_xpath>enter_xpath_here</xform_xpath>
		</action>
		<action name="investigation">
			<xform_xpath>enter_xpath_here</xform_xpath>
		</action>
		<action name="labor_negotiation">
			<xform_xpath>enter_xpath_here</xform_xpath>
		</action>
		<fm:action name="performance_issue" xmlns:fm="http://www.hyfinity.com/formmaker">
			<fm:xform_xpath>/mvc:eForm/mvc:Data/mvc:formData/mvc:MD_DOC_ADMTV_REJECT_REASON</fm:xform_xpath>
		</fm:action>
		<fm:action name="probation_period" xmlns:fm="http://www.hyfinity.com/formmaker">
			<fm:xform_xpath>/mvc:eForm/mvc:Data/mvc:formData/mvc:MD_DOC_ADMTV_REJECT_REASON</fm:xform_xpath>
		</fm:action>
		<fm:action name="unfair_labor_practice" xmlns:fm="http://www.hyfinity.com/formmaker">
			<fm:xform_xpath>/mvc:eForm/mvc:Data/mvc:formData/mvc:MD_DOC_ADMTV_REJECT_REASON</fm:xform_xpath>
		</fm:action>
		<fm:action name="wgiDenial" xmlns:fm="http://www.hyfinity.com/formmaker">
			<fm:xform_xpath>/mvc:eForm/mvc:Data/mvc:formData/mvc:MD_DOC_ADMTV_REJECT_REASON</fm:xform_xpath>
		</fm:action>
		<transform_xpath>/mvc:eForm/mvc:Data/mvc:formData/mvc:MD_DOC_ADMTV_REJECT_REASON</transform_xpath>
		<repeat_xpath>/mvc:eForm/mvc:Data/lookup/record[LTYPE='ERLRMeddocRejectReason']</repeat_xpath>
		<value_xpath>ID</value_xpath>
		<text_xpath>LABEL</text_xpath>
		<description />
	</element>
	<group name="md_fmla_row3_group" />
	<element name="MD_FMLA_LENGTH_OF_LEAVE">
		<fm:action name="information_request" xmlns:fm="http://www.hyfinity.com/formmaker">
			<xform_xpath>enter_xpath_here</xform_xpath>
		</fm:action>
		<fm:action name="investigation" xmlns:fm="http://www.hyfinity.com/formmaker">
			<xform_xpath>enter_xpath_here</xform_xpath>
		</fm:action>
		<fm:action name="labor_negotiation" xmlns:fm="http://www.hyfinity.com/formmaker">
			<xform_xpath>enter_xpath_here</xform_xpath>
		</fm:action>
		<fm:action name="meddoc" xmlns:fm="http://www.hyfinity.com/formmaker">
			<fm:xform_xpath>/mvc:eForm/mvc:Data/mvc:formData/mvc:MD_FMLA_LENGTH_OF_LEAVE</fm:xform_xpath>
		</fm:action>
		<transform_xpath>/mvc:eForm/mvc:Data/mvc:formData/mvc:MD_FMLA_LENGTH_OF_LEAVE</transform_xpath>
		<repeat_xpath>/mvc:eForm/mvc:Data/lookup/record[LTYPE='ERLRFMLALengthOfLeave']</repeat_xpath>
		<value_xpath>ID</value_xpath>
		<text_xpath>LABEL</text_xpath>
		<description />
	</element>
	<element name="MD_FMLA_EXHAUSTED_WITHIN_12M">
		<fm:action name="information_request" xmlns:fm="http://www.hyfinity.com/formmaker">
			<xform_xpath>enter_xpath_here</xform_xpath>
		</fm:action>
		<fm:action name="investigation" xmlns:fm="http://www.hyfinity.com/formmaker">
			<xform_xpath>enter_xpath_here</xform_xpath>
		</fm:action>
		<fm:action name="labor_negotiation" xmlns:fm="http://www.hyfinity.com/formmaker">
			<xform_xpath>enter_xpath_here</xform_xpath>
		</fm:action>
		<fm:action name="meddoc" xmlns:fm="http://www.hyfinity.com/formmaker">
			<fm:xform_xpath>/mvc:eForm/mvc:Data/mvc:formData/mvc:MD_FMLA_EXHAUSTED_WITHIN_12M</fm:xform_xpath>
		</fm:action>
		<transform_xpath>/mvc:eForm/mvc:Data/mvc:formData/mvc:MD_FMLA_EXHAUSTED_WITHIN_12M</transform_xpath>
		<description />
	</element>
</xforms>
