<?xml version="1.0" encoding="UTF-8"?>
<eForm xmlns="http://www.hyfinity.com/mvc" xmlns:mvc="http://www.hyfinity.com/mvc">
	<Control>
		<action>loadPDPDetails</action>
		<Page />
		<Controller />
	</Control>
	<Data>
		<formData>
			<sessioninfo />
			<procid />
			<actseq />
			<workseq />
			<appseq />
			<isarchive />
			<readOnly />
			<marketPayRate />
			<execRespLevelOfResponsibility />
			<currentFederalEmployee />
			<execRespAmountRequested />
			<execRespJustification />
			<excepQualAmountRequested_1 />
			<excepQualJustification_1 />
			<excepQualAmountRequested_2 />
			<excepQualJustification_2 />
			<excepQualAmountRequested_3 />
			<excepQualJustification_3 />
			<excepQualAmountRequested_4 />
			<excepQualJustification_4 />
			<excepQualAmountRequested_5 />
			<excepQualJustification_5 />
			<currentPayInfoGrade />
			<currentPayInfoStep />
			<currentPayInfoPositionTitle />
			<currentPayInfoTable />
			<currentPayInfoSpecialtyCertification />
			<proposedPayInfoStep />
			<proposedPayInfoPositionTitle />
			<proposedPayInfoTable />
			<proposedPayInfoRecruitment />
			<proposedPayInfoRelocation />
			<proposedPayInfoRetention />
			<proposedPayInfoTotal3R />
			<proposedPayInfoGSBasePay />
			<proposedPayInfoMarketPay />
			<proposedPayInfoTotalAnnualPay />
			<proposedPayInfoTotalAnnualComp />
			<proposedPayInfoIncentivesApprTABG />
			<proposedPayInfoNotes />
			<excepQualTotalAmount />
			<table_field1 />
			<table_field2 />
			<currentPayInfoRecruitment />
			<currentPayInfoRelocation />
			<currentPayInfoRetention />
			<currentPayInfoTotal3R />
			<currentPayInfoBasePay />
			<currentPayInfoLocality />
			<currentPayInfoTotalAnnualPay />
			<currentPayInfoTotalAnnualComp />
			<currentPayInfoNotes />
			<currentPayInfoTier />
		</formData>
	</Data>
</eForm>
