<?xml version="1.0" encoding="UTF-8"?>
<inputControl exportedWithPermissions="false">
    <folder>/organizations/organization_1/Input_Controls</folder>
    <name>ADMIN_CD</name>
    <version>4</version>
    <label>Admin Code</label>
    <description>Admin Code parameter</description>
    <creationDate>2018-02-05T17:00:42.000-05:00</creationDate>
    <updateDate>2018-01-18T13:46:36.000-05:00</updateDate>
    <type>2</type>
    <mandatory>false</mandatory>
    <readOnly>false</readOnly>
    <visible>true</visible>
    <dataType>
        <localResource
            xmlns:xsi="http://www.w3.org/2001/XMLSchema-instance"
            exportedWithPermissions="false" xsi:type="dataType">
            <folder>/organizations/organization_1/Input_Controls/ADMIN_CD_files</folder>
            <name>ADMIN_CD</name>
            <version>1</version>
            <label>ADMIN_CD</label>
            <creationDate>2018-02-05T17:00:42.000-05:00</creationDate>
            <updateDate>2018-01-03T13:44:22.000-05:00</updateDate>
            <type>1</type>
            <strictMin>false</strictMin>
            <strictMax>false</strictMax>
        </localResource>
    </dataType>
</inputControl>
