<?xml version="1.0" encoding="UTF-8"?>
<inputControl exportedWithPermissions="false">
    <folder>/organizations/organization_1/Input_Controls</folder>
    <name>SCHDA_TYPE</name>
    <version>3</version>
    <label>Schedule A Type</label>
    <description>Schedule A Type parameter</description>
    <creationDate>2018-01-03T13:49:29.000-05:00</creationDate>
    <updateDate>2018-01-18T13:49:15.000-05:00</updateDate>
    <type>2</type>
    <mandatory>false</mandatory>
    <readOnly>false</readOnly>
    <visible>true</visible>
    <dataType>
        <localResource
            xmlns:xsi="http://www.w3.org/2001/XMLSchema-instance"
            exportedWithPermissions="false" xsi:type="dataType">
            <folder>/organizations/organization_1/Input_Controls/SCHDA_TYPE_files</folder>
            <name>SCHDA_TYPE</name>
            <version>3</version>
            <label>SCHDA_TYPE</label>
            <creationDate>2018-01-03T13:49:29.000-05:00</creationDate>
            <updateDate>2018-01-03T13:49:29.000-05:00</updateDate>
            <type>1</type>
            <strictMin>false</strictMin>
            <strictMax>false</strictMax>
        </localResource>
    </dataType>
</inputControl>
