<?xml version="1.0" encoding="UTF-8"?>
<dashboardModelResource exportedWithPermissions="false">
    <folder>/organizations/organization_1/dashboards/groupDashboards/CMS</folder>
    <name>CMS_ER_LR_Quarterly_Data_Dashboard</name>
    <version>1</version>
    <label>CMS ER/LR Quarterly Data Dashboard</label>
    <creationDate>2019-07-02T15:18:42.000-04:00</creationDate>
    <updateDate>2019-07-02T15:18:48.000-04:00</updateDate>
    <defaultFoundation>default</defaultFoundation>
    <foundation>
        <id>default</id>
        <layout>layout</layout>
        <wiring>wiring</wiring>
        <components>components</components>
    </foundation>
    <resourceDescriptor>
        <type>wiring</type>
        <id>wiring</id>
    </resourceDescriptor>
    <resourceDescriptor>
        <type>layout</type>
        <id>layout</id>
    </resourceDescriptor>
    <resourceDescriptor>
        <type>components</type>
        <id>components</id>
    </resourceDescriptor>
    <resourceDescriptor>
        <type>reportUnit</type>
        <id>/reports/CMS/ERLR_Dashboard/ERLR_Case_Type_Pie_Chart</id>
    </resourceDescriptor>
    <resourceDescriptor>
        <type>reportUnit</type>
        <id>/reports/CMS/ERLR_Dashboard/ERLR_Special_Cases_Count_Crosstab</id>
    </resourceDescriptor>
    <resourceDescriptor>
        <type>reportUnit</type>
        <id>/reports/CMS/ERLR_Dashboard/ERLR_Total_Number_of_Cases_by_Fiscal_Quarters</id>
    </resourceDescriptor>
    <resourceDescriptor>
        <type>reportUnit</type>
        <id>/reports/CMS/ERLR_Dashboard/ERLR_Special_cases_Count_BarChart</id>
    </resourceDescriptor>
    <resourceDescriptor>
        <type>reportUnit</type>
        <id>/reports/CMS/ERLR_Dashboard/ERLR_Special_Cases_Header</id>
    </resourceDescriptor>
    <resourceDescriptor>
        <type>reportUnit</type>
        <id>/reports/CMS/CMS_Dashboard_Section_508_Disclaimer</id>
    </resourceDescriptor>
    <resourceDescriptor>
        <type>reportUnit</type>
        <id>/reports/CMS/ERLR_Dashboard/ERLR_Case_Total_Crosstab_Chart</id>
    </resourceDescriptor>
    <resourceDescriptor>
        <type>inputControl</type>
        <id>/Input_Controls/CMS/ERLR_Dashboard/COMPONENT</id>
    </resourceDescriptor>
    <resourceDescriptor>
        <type>inputControl</type>
        <id>/Input_Controls/CMS/Common_Lookups/ADMIN_CD</id>
    </resourceDescriptor>
    <resourceDescriptor>
        <type>inputControl</type>
        <id>/Input_Controls/CMS/ERLR_Dashboard/INC_SUBORG</id>
    </resourceDescriptor>
    <resourceDescriptor>
        <type>inputControl</type>
        <id>/Input_Controls/CMS/ERLR_Dashboard/FISCAL_YEAR</id>
    </resourceDescriptor>
    <resourceDescriptor>
        <type>inputControl</type>
        <id>/reports/CMS/ERLR_Dashboard/ERLR_Case_Type_Pie_Chart_files/DATE_RANGE_FROM</id>
    </resourceDescriptor>
    <resourceDescriptor>
        <type>inputControl</type>
        <id>/reports/CMS/ERLR_Dashboard/ERLR_Case_Type_Pie_Chart_files/DATE_RANGE_TO</id>
    </resourceDescriptor>
    <resource>
        <localResource
            xmlns:xsi="http://www.w3.org/2001/XMLSchema-instance"
            exportedWithPermissions="false" dataFile="wiring.data" xsi:type="fileResource">
            <folder>/organizations/organization_1/dashboards/groupDashboards/CMS/CMS_ER_LR_Quarterly_Data_Dashboard_files</folder>
            <name>wiring</name>
            <version>1</version>
            <label>wiring</label>
            <creationDate>2019-07-02T15:18:48.000-04:00</creationDate>
            <updateDate>2019-07-02T15:18:48.000-04:00</updateDate>
            <fileType>json</fileType>
        </localResource>
    </resource>
    <resource>
        <localResource
            xmlns:xsi="http://www.w3.org/2001/XMLSchema-instance"
            exportedWithPermissions="false" dataFile="layout" xsi:type="contentResource">
            <folder>/organizations/organization_1/dashboards/groupDashboards/CMS/CMS_ER_LR_Quarterly_Data_Dashboard_files</folder>
            <name>layout</name>
            <version>1</version>
            <label>layout</label>
            <creationDate>2019-07-02T15:18:48.000-04:00</creationDate>
            <updateDate>2019-07-02T15:18:48.000-04:00</updateDate>
            <fileType>html</fileType>
        </localResource>
    </resource>
    <resource>
        <localResource
            xmlns:xsi="http://www.w3.org/2001/XMLSchema-instance"
            exportedWithPermissions="false" dataFile="components.data" xsi:type="fileResource">
            <folder>/organizations/organization_1/dashboards/groupDashboards/CMS/CMS_ER_LR_Quarterly_Data_Dashboard_files</folder>
            <name>components</name>
            <version>1</version>
            <label>components</label>
            <creationDate>2019-07-02T15:18:48.000-04:00</creationDate>
            <updateDate>2019-07-02T15:18:48.000-04:00</updateDate>
            <fileType>dashboardComponent</fileType>
        </localResource>
    </resource>
    <resource>
        <uri>/organizations/organization_1/reports/CMS/ERLR_Dashboard/ERLR_Case_Type_Pie_Chart</uri>
    </resource>
    <resource>
        <uri>/organizations/organization_1/reports/CMS/ERLR_Dashboard/ERLR_Special_Cases_Count_Crosstab</uri>
    </resource>
    <resource>
        <uri>/organizations/organization_1/reports/CMS/ERLR_Dashboard/ERLR_Total_Number_of_Cases_by_Fiscal_Quarters</uri>
    </resource>
    <resource>
        <uri>/organizations/organization_1/reports/CMS/ERLR_Dashboard/ERLR_Special_cases_Count_BarChart</uri>
    </resource>
    <resource>
        <uri>/organizations/organization_1/reports/CMS/ERLR_Dashboard/ERLR_Special_Cases_Header</uri>
    </resource>
    <resource>
        <uri>/organizations/organization_1/reports/CMS/CMS_Dashboard_Section_508_Disclaimer</uri>
    </resource>
    <resource>
        <uri>/organizations/organization_1/reports/CMS/ERLR_Dashboard/ERLR_Case_Total_Crosstab_Chart</uri>
    </resource>
    <resource>
        <uri>/organizations/organization_1/Input_Controls/CMS/ERLR_Dashboard/COMPONENT</uri>
    </resource>
    <resource>
        <uri>/organizations/organization_1/Input_Controls/CMS/Common_Lookups/ADMIN_CD</uri>
    </resource>
    <resource>
        <uri>/organizations/organization_1/Input_Controls/CMS/ERLR_Dashboard/INC_SUBORG</uri>
    </resource>
    <resource>
        <uri>/organizations/organization_1/Input_Controls/CMS/ERLR_Dashboard/FISCAL_YEAR</uri>
    </resource>
    <resource>
        <localResource
            xmlns:xsi="http://www.w3.org/2001/XMLSchema-instance"
            exportedWithPermissions="false" xsi:type="inputControl">
            <folder>/organizations/organization_1/dashboards/groupDashboards/CMS/CMS_ER_LR_Quarterly_Data_Dashboard_files</folder>
            <name>DATE_RANGE_FROM</name>
            <version>1</version>
            <label>DATE_RANGE_FROM</label>
            <creationDate>2019-07-02T15:18:42.000-04:00</creationDate>
            <updateDate>2019-07-02T15:18:42.000-04:00</updateDate>
            <type>2</type>
            <mandatory>false</mandatory>
            <readOnly>false</readOnly>
            <visible>true</visible>
            <dataType>
                <localResource exportedWithPermissions="false" xsi:type="dataType">
                    <folder>/organizations/organization_1/dashboards/groupDashboards/CMS/CMS_ER_LR_Quarterly_Data_Dashboard_files/DATE_RANGE_FROM_files</folder>
                    <name>DATE_RANGE_FROM</name>
                    <version>0</version>
                    <label>DATE_RANGE_FROM</label>
                    <creationDate>2019-07-02T15:18:42.000-04:00</creationDate>
                    <updateDate>2019-07-02T15:18:42.000-04:00</updateDate>
                    <type>3</type>
                    <strictMin>false</strictMin>
                    <strictMax>false</strictMax>
                </localResource>
            </dataType>
        </localResource>
    </resource>
    <resource>
        <localResource
            xmlns:xsi="http://www.w3.org/2001/XMLSchema-instance"
            exportedWithPermissions="false" xsi:type="inputControl">
            <folder>/organizations/organization_1/dashboards/groupDashboards/CMS/CMS_ER_LR_Quarterly_Data_Dashboard_files</folder>
            <name>DATE_RANGE_TO</name>
            <version>1</version>
            <label>DATE_RANGE_TO</label>
            <creationDate>2019-07-02T15:18:42.000-04:00</creationDate>
            <updateDate>2019-07-02T15:18:42.000-04:00</updateDate>
            <type>2</type>
            <mandatory>false</mandatory>
            <readOnly>false</readOnly>
            <visible>true</visible>
            <dataType>
                <localResource exportedWithPermissions="false" xsi:type="dataType">
                    <folder>/organizations/organization_1/dashboards/groupDashboards/CMS/CMS_ER_LR_Quarterly_Data_Dashboard_files/DATE_RANGE_TO_files</folder>
                    <name>DATE_RANGE_TO</name>
                    <version>0</version>
                    <label>DATE_RANGE_TO</label>
                    <creationDate>2019-07-02T15:18:42.000-04:00</creationDate>
                    <updateDate>2019-07-02T15:18:42.000-04:00</updateDate>
                    <type>3</type>
                    <strictMin>false</strictMin>
                    <strictMax>false</strictMax>
                </localResource>
            </dataType>
        </localResource>
    </resource>
</dashboardModelResource>
