<?xml version="1.0" encoding="UTF-8"?>
<dashboardModelResource exportedWithPermissions="false">
    <folder>/organizations/organization_1/dashboards/groupDashboards/CMS</folder>
    <name>CMS_Time_to_Hire_Dashboard</name>
    <version>11</version>
    <label>CMS Time to Hire Dashboard</label>
    <creationDate>2019-03-10T22:53:44.000-04:00</creationDate>
    <updateDate>2019-04-05T17:24:04.000-04:00</updateDate>
    <defaultFoundation>default</defaultFoundation>
    <foundation>
        <id>default</id>
        <layout>layout</layout>
        <wiring>wiring</wiring>
        <components>components</components>
    </foundation>
    <resourceDescriptor>
        <type>wiring</type>
        <id>wiring</id>
    </resourceDescriptor>
    <resourceDescriptor>
        <type>layout</type>
        <id>layout</id>
    </resourceDescriptor>
    <resourceDescriptor>
        <type>components</type>
        <id>components</id>
    </resourceDescriptor>
    <resourceDescriptor>
        <type>reportUnit</type>
        <id>/reports/CMS/Time_to_Hire_Dashboard/CMS_TTH_Dashboard_Section_Header___Completed</id>
    </resourceDescriptor>
    <resourceDescriptor>
        <type>inputControl</type>
        <id>/Input_Controls/CMS/TABG_Dashboard/COMPONENT</id>
    </resourceDescriptor>
    <resourceDescriptor>
        <type>inputControl</type>
        <id>/Input_Controls/CMS/TABG_Dashboard/ADMIN_CD</id>
    </resourceDescriptor>
    <resourceDescriptor>
        <type>inputControl</type>
        <id>/Input_Controls/CMS/TABG_Dashboard/INC_SUBORG</id>
    </resourceDescriptor>
    <resourceDescriptor>
        <type>inputControl</type>
        <id>/Input_Controls/CMS/TTH_Dashboard/REQ_TYPE</id>
    </resourceDescriptor>
    <resourceDescriptor>
        <type>inputControl</type>
        <id>/Input_Controls/CMS/TTH_Dashboard/ACTION_TYPE</id>
    </resourceDescriptor>
    <resourceDescriptor>
        <type>inputControl</type>
        <id>/Input_Controls/CMS/TABG_Dashboard/COMP_DATE_FROM</id>
    </resourceDescriptor>
    <resourceDescriptor>
        <type>inputControl</type>
        <id>/Input_Controls/CMS/TABG_Dashboard/COMP_DATE_TO</id>
    </resourceDescriptor>
    <resourceDescriptor>
        <type>reportUnit</type>
        <id>/reports/CMS/Time_to_Hire_Dashboard/CMS_TTH_Completed_Requests_by_Phase___Chart</id>
    </resourceDescriptor>
    <resourceDescriptor>
        <type>reportUnit</type>
        <id>/reports/CMS/Time_to_Hire_Dashboard/CMS_TTH_Percentage_Within_Goal_by_Phase___Chart</id>
    </resourceDescriptor>
    <resource>
        <localResource
            xmlns:xsi="http://www.w3.org/2001/XMLSchema-instance"
            exportedWithPermissions="false" dataFile="wiring.data" xsi:type="fileResource">
            <folder>/organizations/organization_1/dashboards/groupDashboards/CMS/CMS_Time_to_Hire_Dashboard_files</folder>
            <name>wiring</name>
            <version>1</version>
            <label>wiring</label>
            <creationDate>2019-04-05T17:24:04.000-04:00</creationDate>
            <updateDate>2019-04-05T17:24:04.000-04:00</updateDate>
            <fileType>json</fileType>
        </localResource>
    </resource>
    <resource>
        <localResource
            xmlns:xsi="http://www.w3.org/2001/XMLSchema-instance"
            exportedWithPermissions="false" dataFile="layout" xsi:type="contentResource">
            <folder>/organizations/organization_1/dashboards/groupDashboards/CMS/CMS_Time_to_Hire_Dashboard_files</folder>
            <name>layout</name>
            <version>1</version>
            <label>layout</label>
            <creationDate>2019-04-05T17:24:04.000-04:00</creationDate>
            <updateDate>2019-04-05T17:24:04.000-04:00</updateDate>
            <fileType>html</fileType>
        </localResource>
    </resource>
    <resource>
        <localResource
            xmlns:xsi="http://www.w3.org/2001/XMLSchema-instance"
            exportedWithPermissions="false" dataFile="components.data" xsi:type="fileResource">
            <folder>/organizations/organization_1/dashboards/groupDashboards/CMS/CMS_Time_to_Hire_Dashboard_files</folder>
            <name>components</name>
            <version>1</version>
            <label>components</label>
            <creationDate>2019-04-05T17:24:04.000-04:00</creationDate>
            <updateDate>2019-04-05T17:24:04.000-04:00</updateDate>
            <fileType>dashboardComponent</fileType>
        </localResource>
    </resource>
    <resource>
        <uri>/organizations/organization_1/reports/CMS/Time_to_Hire_Dashboard/CMS_TTH_Dashboard_Section_Header___Completed</uri>
    </resource>
    <resource>
        <uri>/organizations/organization_1/Input_Controls/CMS/TABG_Dashboard/COMPONENT</uri>
    </resource>
    <resource>
        <uri>/organizations/organization_1/Input_Controls/CMS/TABG_Dashboard/ADMIN_CD</uri>
    </resource>
    <resource>
        <uri>/organizations/organization_1/Input_Controls/CMS/TABG_Dashboard/INC_SUBORG</uri>
    </resource>
    <resource>
        <uri>/organizations/organization_1/Input_Controls/CMS/TTH_Dashboard/REQ_TYPE</uri>
    </resource>
    <resource>
        <uri>/organizations/organization_1/Input_Controls/CMS/TTH_Dashboard/ACTION_TYPE</uri>
    </resource>
    <resource>
        <uri>/organizations/organization_1/Input_Controls/CMS/TABG_Dashboard/COMP_DATE_FROM</uri>
    </resource>
    <resource>
        <uri>/organizations/organization_1/Input_Controls/CMS/TABG_Dashboard/COMP_DATE_TO</uri>
    </resource>
    <resource>
        <uri>/organizations/organization_1/reports/CMS/Time_to_Hire_Dashboard/CMS_TTH_Completed_Requests_by_Phase___Chart</uri>
    </resource>
    <resource>
        <uri>/organizations/organization_1/reports/CMS/Time_to_Hire_Dashboard/CMS_TTH_Percentage_Within_Goal_by_Phase___Chart</uri>
    </resource>
</dashboardModelResource>
