<?xml version="1.0" encoding="UTF-8"?>
<inputControl exportedWithPermissions="false">
    <folder>/organizations/organization_1/Input_Controls/CMS/Common_Lookups</folder>
    <name>ADMIN_CD</name>
    <version>1</version>
    <label>Admin Code</label>
    <description>Admin Code Lookup</description>
    <creationDate>2019-05-17T14:55:58.000-04:00</creationDate>
    <updateDate>2019-06-12T14:43:49.000-04:00</updateDate>
    <type>4</type>
    <mandatory>true</mandatory>
    <readOnly>false</readOnly>
    <visible>true</visible>
    <query>
        <localResource
            xmlns:xsi="http://www.w3.org/2001/XMLSchema-instance"
            exportedWithPermissions="false" xsi:type="query">
            <folder>/organizations/organization_1/Input_Controls/CMS/Common_Lookups/ADMIN_CD_files</folder>
            <name>ADMIN_CD</name>
            <version>1</version>
            <label>Admin Code Lookup</label>
            <creationDate>2019-06-12T14:43:49.000-04:00</creationDate>
            <updateDate>2019-06-12T14:43:49.000-04:00</updateDate>
            <language>sql</language>
            <queryString>SELECT 'N/A' AS ADMIN_CD, '1' AS DISPORDER FROM Dual WHERE $P{COMPONENT} = 'CMS-wide'

UNION 

SELECT AC_ADMIN_CD AS ADMIN_CD, '2' AS DISPORDER
FROM HHS_CMS_HR.ADMIN_CODES A
WHERE AC_PARENT_CD IS NOT NULL AND $P{COMPONENT} = 'By Admin Code'

UNION
SELECT '--' AS ADMIN_CD, '1' AS DISPORDER FROM Dual WHERE $P{COMPONENT} = 'By Admin Code'

ORDER BY DISPORDER</queryString>
        </localResource>
    </query>
    <queryVisibleColumn>ADMIN_CD</queryVisibleColumn>
    <queryValueColumn>ADMIN_CD</queryValueColumn>
</inputControl>
