<?xml version="1.0" encoding="UTF-8"?>
<inputControl exportedWithPermissions="false">
    <folder>/organizations/organization_1/Input_Controls/CMS</folder>
    <name>CASE_STATUS</name>
    <version>5</version>
    <label>ER/LR Case Status</label>
    <description>Case Status filter for ER/LR reports</description>
    <creationDate>2019-03-03T18:30:19.000-05:00</creationDate>
    <updateDate>2019-03-15T19:27:49.000-04:00</updateDate>
    <type>7</type>
    <mandatory>false</mandatory>
    <readOnly>false</readOnly>
    <visible>true</visible>
    <query>
        <localResource
            xmlns:xsi="http://www.w3.org/2001/XMLSchema-instance"
            exportedWithPermissions="false" xsi:type="query">
            <folder>/organizations/organization_1/Input_Controls/CMS/CASE_STATUS_files</folder>
            <name>CASE_STATUS</name>
            <version>1</version>
            <label>CASE_STATUS</label>
            <creationDate>2019-03-15T19:27:49.000-04:00</creationDate>
            <updateDate>2019-03-15T19:27:49.000-04:00</updateDate>
            <language>sql</language>
            <queryString>SELECT DISTINCT TBL_LABEL AS CASE_STATUS
FROM HHS_CMS_HR.TBL_LOOKUP
WHERE TBL_LTYPE = 'ERLRInitialResponseCasesStatus' AND TBL_ACTIVE = 1
ORDER BY CASE_STATUS</queryString>
        </localResource>
    </query>
    <queryVisibleColumn>CASE_STATUS</queryVisibleColumn>
    <queryValueColumn>CASE_STATUS</queryValueColumn>
</inputControl>
