<?xml version="1.0" encoding="UTF-8"?>
<listOfValues exportedWithPermissions="true">
    <folder>/organizations/organization_1/Input_Controls</folder>
    <name>FiscalYear</name>
    <version>0</version>
    <label>FiscalYear</label>
    <description>List of Federal Fiscal Years</description>
    <creationDate>2017-10-27T07:56:08.000-04:00</creationDate>
    <updateDate>2017-10-27T07:56:08.000-04:00</updateDate>
    <item>
        <itemLabel>2017</itemLabel>
        <itemValue xmlns:xsi="http://www.w3.org/2001/XMLSchema-instance"
            xmlns:java="http://java.sun.com" xsi:type="java:java.lang.String">2017</itemValue>
    </item>
    <item>
        <itemLabel>2018</itemLabel>
        <itemValue xmlns:xsi="http://www.w3.org/2001/XMLSchema-instance"
            xmlns:java="http://java.sun.com" xsi:type="java:java.lang.String">2018</itemValue>
    </item>
</listOfValues>
