<?xml version="1.0" encoding="UTF-8"?>
<fm:structure xmlns:fm="http://www.hyfinity.com/formmaker">
	<form_details xmlns="http://www.hyfinity.com/formmaker">
		<error_highlight_method alert="false" as_you_type="true" validation_mode="all">bubble</error_highlight_method>
		<hint_display_method>tooltip</hint_display_method>
		<top_level_message class="topLevelMessage" required="false" style="" />
		<mark_mandatory class="mandatory" location="after_label" required="true" style=""> * </mark_mandatory>
		<description>Enter a description.</description>
		<page_background_style class="" style="" />
		<page_content_style class="" style="" />
		<page_events>
			<events>
				<event id="onload">
					<action id="CustomScript">
						<param name="Script" option="Script">//initApproveTab();</param>
					</action>
				</event>
			</events>
		</page_events>
		<external_events />
	</form_details>
	<fm:group border_styling="false" compatability="false" fieldset="false" gen_method="layout" hide="false" label_position="left" name="apr_group" submit_if_hidden="true">
		<label class="label" options="static" position="outside_group" position_override="top" required="false" style="" type="static" value="Layout Group" xmlns="http://www.hyfinity.com/formmaker">
			<container class="groupLabelBackground" options="static" style="">
				<content_alignment distribution="vertical" />
			</container>
		</label>
		<style class="" options="static" style="" xmlns="http://www.hyfinity.com/formmaker" />
		<fm:content_alignment distribution="vertical" halign="left" valign="top" />
		<fm:sizing height="fit_to_content" width="fully_expand" />
		<palette_ref control="Layout Group" xmlns="http://www.hyfinity.com/formmaker" />
		<fm:group border_styling="false" compatability="false" fieldset="false" gen_method="layout" hide="false" label_position="left" name="supv_group" submit_if_hidden="true">
			<label class="label" options="static" position="outside_group" position_override="top" required="false" style="" type="static" value="Layout Group" xmlns="http://www.hyfinity.com/formmaker">
				<container class="groupLabelBackground" options="static" style="">
					<content_alignment distribution="vertical" />
				</container>
			</label>
			<style class="" options="static" style="" xmlns="http://www.hyfinity.com/formmaker" />
			<fm:content_alignment distribution="vertical" halign="left" valign="top" />
			<fm:sizing height="fit_to_content" width="fully_expand" />
			<palette_ref control="Layout Group" xmlns="http://www.hyfinity.com/formmaker" />
			<fm:group border_styling="false" compatability="false" fieldset="false" gen_method="grid" hide="false" label_position="left" name="supv_check_grid" submit_if_hidden="true">
				<label class="label" options="static" position="outside_group" position_override="top" required="false" style="" type="static" value="Layout Grid" xmlns="http://www.hyfinity.com/formmaker">
					<container class="groupLabelBackground" options="static" style="">
						<content_alignment distribution="vertical" />
					</container>
				</label>
				<style class="" options="static" style="" xmlns="http://www.hyfinity.com/formmaker" />
				<grid_structure cols="2" rows="1" xmlns="http://www.hyfinity.com/formmaker">
					<grid_component col="1" name="PD_SUPV_CERT" row="1" />
					<grid_component col="2" name="sup_cert_text" row="1" />
				</grid_structure>
				<fm:content_alignment distribution="vertical" halign="left" valign="top" />
				<fm:sizing height="fit_to_content" width="fully_expand" />
				<palette_ref control="Layout Grid" xmlns="http://www.hyfinity.com/formmaker" />
				<fm:element disable="false" disable_method="disabled" generate="true" hide="false" name="PD_SUPV_CERT">
					<field xmlns="http://www.hyfinity.com/formmaker">
						<input caption="true" options="static" unchecked_value="false">checkbox</input>
						<style class="defaultBackground checkboxControl" options="static" style="" />
						<element_style class="checkbox" options="static" style="" />
						<date_picker class="" content="" required="false" type="normal" />
						<label class="label" options="static" required="false" style="" type="static" value="Supervisory Certification">
							<container class="labelBackground labelControl" options="static" />
						</label>
						<container>
							<content_alignment halign="left" valign="top" />
							<sizing width="fit_to_content" />
						</container>
					</field>
					<constraints validate="true" xmlns="http://www.hyfinity.com/formmaker">
						<type>string</type>
						<required>false</required>
						<enumeration use_for_output="false" />
					</constraints>
					<error xmlns="http://www.hyfinity.com/formmaker">
						<hint class="hintIcon" style="" use="false">Enter a hint here.</hint>
						<server class="errorIcon" retain="false" style="" use="false" />
					</error>
					<palette_ref control="Checkbox" xmlns="http://www.hyfinity.com/formmaker" />
					<accessibility xmlns="http://www.hyfinity.com/formmaker">
						<alt>Supervisory Certification: I certify that this is an accurate statement of the major duties and responsibilities of this position and its organizational relationships, and that the position is necessary to carry out Government functions for which I am responsible. This certification is made with the knowledge that this information is to be used for statutory purposes relating to appointment and payment of public funds, and that false or misleading statements may constitute violations of such statutes or their implementing regulations.</alt>
						<tab_index>0</tab_index>
					</accessibility>
					<custom_attributes xmlns="http://www.hyfinity.com/formmaker">
						<attribute name="label508" type="custom" value="Supervisory Certification checkbox" />
					</custom_attributes>
				</fm:element>
				<fm:custom name="sup_cert_text" type="custom">
					<fm:code>
						<label class="cmsNoteNormal" for="PD_SUPV_CERT" xmlns="">
							<span class="cmsNoteBold">Supervisory Certification</span>: I certify that this is an accurate statement of the major duties and responsibilities of this position and its organizational relationships, and that the position is necessary to carry out Government functions for which I am responsible. This certification is made with the knowledge that this information is to be used for statutory purposes relating to appointment and payment of public funds, and that false or misleading statements may constitute violations of such statutes or their implementing regulations.
</label>
					</fm:code>
					<fm:description>Enter a description.</fm:description>
					<palette_ref control="Custom" xmlns="http://www.hyfinity.com/formmaker" />
				</fm:custom>
			</fm:group>
			<fm:custom name="spacer" type="spacer">
				<fm:code>
					<div style="height: 21px; width: 150px;" xmlns=""></div>
				</fm:code>
				<fm:description />
				<palette_ref control="Spacer" xmlns="http://www.hyfinity.com/formmaker" />
			</fm:custom>
			<fm:group border_styling="false" compatability="false" fieldset="false" gen_method="grid" hide="false" label_position="top" name="supv_info_grid" submit_if_hidden="true">
				<label class="label" options="static" position="outside_group" position_override="top" required="false" style="" type="static" value="Layout Grid" xmlns="http://www.hyfinity.com/formmaker">
					<container class="groupLabelBackground" options="static" style="">
						<content_alignment distribution="vertical" />
					</container>
				</label>
				<style class="" options="static" style="" xmlns="http://www.hyfinity.com/formmaker" />
				<grid_structure cols="3" rows="1" xmlns="http://www.hyfinity.com/formmaker">
					<grid_component col="1" name="PD_SUPV_NAME" row="1" />
					<grid_component col="3" name="PD_SUPV_SIG_DT" row="1" />
					<grid_component col="2" name="PD_SUPV_TITLE" row="1" />
				</grid_structure>
				<fm:content_alignment distribution="vertical" halign="left" valign="top" />
				<fm:sizing height="fit_to_content" width="fit_to_content" />
				<palette_ref control="Layout Grid" xmlns="http://www.hyfinity.com/formmaker" />
				<fm:element disable="false" disable_method="read_only" generate="true" hide="false" name="PD_SUPV_NAME">
					<field xmlns="http://www.hyfinity.com/formmaker">
						<input options="dynamic" size="40">text</input>
						<style class="defaultBackground textboxControl" options="static" style="width : 400px;" />
						<element_style class="textbox" options="static" style="" />
						<date_picker class="datePickerIcon" content="" required="false" type="normal" />
						<label class="label" options="static" required="true" style="" type="static" value="Name of Approving Management Official">
							<container class="labelBackground labelControl" options="static" style="width : 400px;">
								<sizing width="custom" />
							</container>
						</label>
						<container>
							<sizing width="custom" />
						</container>
					</field>
					<constraints validate="true" xmlns="http://www.hyfinity.com/formmaker">
						<type>string</type>
						<required>false</required>
						<enumeration use_for_output="false" />
					</constraints>
					<error xmlns="http://www.hyfinity.com/formmaker">
						<hint class="hintIcon" style="" use="false">Enter a hint here.</hint>
						<server class="errorIcon" retain="false" style="" use="false" />
					</error>
					<palette_ref control="Text Box" xmlns="http://www.hyfinity.com/formmaker" />
					<accessibility xmlns="http://www.hyfinity.com/formmaker">
						<alt>Name of Approving Management Official</alt>
						<tab_index>0</tab_index>
					</accessibility>
				</fm:element>
				<fm:element disable="false" disable_method="read_only" generate="true" hide="false" name="PD_SUPV_TITLE">
					<field xmlns="http://www.hyfinity.com/formmaker">
						<input expandable="true" max="2" min="1" options="dynamic" size="50">textarea</input>
						<style class="defaultBackground textareaControl" options="static" style="width : 500px;" />
						<element_style class="textbox" options="static" style="" />
						<date_picker class="datePickerIcon" content="" required="false" type="normal" />
						<label class="label" options="static" required="true" style="" type="static" value="Title of Approving Management Official">
							<container class="labelBackground labelControl" options="static" style="width : 500px;">
								<sizing width="custom" />
							</container>
						</label>
						<container>
							<sizing width="custom" />
						</container>
					</field>
					<constraints validate="true" xmlns="http://www.hyfinity.com/formmaker">
						<type>string</type>
						<required>true</required>
						<maxLength>140</maxLength>
						<enumeration use_for_output="false" />
					</constraints>
					<error xmlns="http://www.hyfinity.com/formmaker">
						<hint class="hintIcon" style="" use="false">Enter a hint here.</hint>
						<server class="errorIcon" retain="false" style="" use="false" />
					</error>
					<palette_ref control="Text Area" xmlns="http://www.hyfinity.com/formmaker" />
					<accessibility xmlns="http://www.hyfinity.com/formmaker">
						<alt>Type Title of Approving Management Official</alt>
						<tab_index>0</tab_index>
					</accessibility>
					<custom_attributes xmlns="http://www.hyfinity.com/formmaker">
						<attribute name="maxLength" type="custom" value="140" />
					</custom_attributes>
				</fm:element>
				<fm:element disable="false" disable_method="read_only" generate="true" hide="false" name="PD_SUPV_SIG_DT">
					<field xmlns="http://www.hyfinity.com/formmaker">
						<input options="dynamic" size="10">text</input>
						<style class="defaultBackground dateControl" options="static" style="" />
						<element_style class="textbox" options="static" style="" />
						<date_picker class="datePickerIcon" content="" required="false" type="normal" />
						<label class="label" options="static" required="true" style="" type="static" value="Certification Date">
							<container class="labelBackground labelControl" options="static" />
						</label>
						<container />
					</field>
					<constraints validate="true" xmlns="http://www.hyfinity.com/formmaker">
						<type>date</type>
						<required>false</required>
						<enumeration use_for_output="false" />
					</constraints>
					<error xmlns="http://www.hyfinity.com/formmaker">
						<hint class="hintIcon" style="" use="false">Enter a hint here.</hint>
						<server class="errorIcon" retain="false" style="" use="false" />
					</error>
					<data_formats xmlns="http://www.hyfinity.com/formmaker">
						<date data="yyyy-MM-dd" display="MM/dd/yyyy" />
					</data_formats>
					<palette_ref control="Date" xmlns="http://www.hyfinity.com/formmaker" />
					<accessibility xmlns="http://www.hyfinity.com/formmaker">
						<alt>Certification Date</alt>
						<tab_index>0</tab_index>
					</accessibility>
				</fm:element>
			</fm:group>
			<fm:element disable="false" disable_method="read_only" generate="true" hide="false" name="PD_SUPV_SIG">
				<field xmlns="http://www.hyfinity.com/formmaker">
					<input options="dynamic">hidden</input>
					<style class="hide" options="static" style="" />
					<element_style class="hide" options="static" style="" />
					<date_picker class="" content="" required="false" type="normal" />
					<label class="hide" options="static" required="false" style="" type="static" value="Hidden Label">
						<container class="hide" options="static" style="" />
					</label>
					<container />
				</field>
				<constraints validate="false" xmlns="http://www.hyfinity.com/formmaker">
					<type>string</type>
					<required>false</required>
					<enumeration use_for_output="false" />
				</constraints>
				<error xmlns="http://www.hyfinity.com/formmaker">
					<hint class="hintIcon" style="" use="false">Enter a hint here.</hint>
					<server class="errorIcon" retain="false" style="" use="false" />
				</error>
				<palette_ref control="Hidden" xmlns="http://www.hyfinity.com/formmaker" />
			</fm:element>
		</fm:group>
		<fm:custom name="spacer_2" type="spacer">
			<fm:code>
				<div style="height: 21px; width: 150px;" xmlns=""></div>
			</fm:code>
			<fm:description />
			<palette_ref control="Spacer" xmlns="http://www.hyfinity.com/formmaker" />
		</fm:custom>
		<fm:custom name="spacer_3" type="spacer">
			<fm:code>
				<div style="height: 21px; width: 150px;" xmlns=""></div>
			</fm:code>
			<fm:description />
			<palette_ref control="Spacer" xmlns="http://www.hyfinity.com/formmaker" />
		</fm:custom>
		<fm:group border_styling="false" compatability="false" fieldset="false" gen_method="layout" hide="false" label_position="left" name="actofc_group" submit_if_hidden="true">
			<label class="label" options="static" position="outside_group" position_override="top" required="false" style="" type="static" value="Layout Group" xmlns="http://www.hyfinity.com/formmaker">
				<container class="groupLabelBackground" options="static" style="">
					<content_alignment distribution="vertical" />
				</container>
			</label>
			<style class="" options="static" style="" xmlns="http://www.hyfinity.com/formmaker" />
			<fm:content_alignment distribution="vertical" halign="left" valign="top" />
			<fm:sizing height="fit_to_content" width="fully_expand" />
			<palette_ref control="Layout Group" xmlns="http://www.hyfinity.com/formmaker" />
			<fm:group border_styling="false" compatability="false" fieldset="false" gen_method="grid" hide="false" label_position="left" name="actofc_check_grid" submit_if_hidden="true">
				<label class="label" options="static" position="outside_group" position_override="top" required="false" style="" type="static" value="Layout Grid" xmlns="http://www.hyfinity.com/formmaker">
					<container class="groupLabelBackground" options="static" style="">
						<content_alignment distribution="vertical" />
					</container>
				</label>
				<style class="" options="static" style="" xmlns="http://www.hyfinity.com/formmaker" />
				<grid_structure cols="2" rows="1" xmlns="http://www.hyfinity.com/formmaker">
					<grid_component col="1" name="PD_CLS_SPEC_CERT" row="1" />
					<grid_component col="2" name="clsf_cert_text" row="1" />
				</grid_structure>
				<fm:content_alignment distribution="vertical" halign="left" valign="top" />
				<fm:sizing height="fit_to_content" width="fully_expand" />
				<palette_ref control="Layout Grid" xmlns="http://www.hyfinity.com/formmaker" />
				<fm:element disable="false" disable_method="disabled" generate="true" hide="false" name="PD_CLS_SPEC_CERT">
					<field xmlns="http://www.hyfinity.com/formmaker">
						<input caption="true" options="static" unchecked_value="false">checkbox</input>
						<style class="defaultBackground checkboxControl" options="static" style="" />
						<element_style class="checkbox" options="static" style="" />
						<date_picker class="" content="" required="false" type="normal" />
						<label class="label" options="static" required="false" style="" type="static" value="Classification/Job Grading Certification">
							<container class="labelBackground labelControl" options="static" />
						</label>
						<container>
							<content_alignment halign="left" valign="top" />
							<sizing width="fit_to_content" />
						</container>
					</field>
					<constraints validate="true" xmlns="http://www.hyfinity.com/formmaker">
						<type>string</type>
						<required>false</required>
						<enumeration use_for_output="false" />
					</constraints>
					<error xmlns="http://www.hyfinity.com/formmaker">
						<hint class="hintIcon" style="" use="false">Enter a hint here.</hint>
						<server class="errorIcon" retain="false" style="" use="false" />
					</error>
					<palette_ref control="Checkbox" xmlns="http://www.hyfinity.com/formmaker" />
					<accessibility xmlns="http://www.hyfinity.com/formmaker">
						<alt>Classification/Job Grading Certification: I certify that this position has been classified/graded as required by Title 5, U.S. Code, in conformance with standards published by the U.S. Office of Personnel Management or, if no published standards apply directly, consistently with the most applicable published standards.</alt>
						<tab_index>0</tab_index>
					</accessibility>
					<custom_attributes xmlns="http://www.hyfinity.com/formmaker">
						<attribute name="label508" type="custom" value="Classification/Job Grading Certification checkbox" />
					</custom_attributes>
				</fm:element>
				<fm:custom name="clsf_cert_text" type="custom">
					<fm:code>
						<label class="cmsNoteNormal" for="PD_CLS_SPEC_CERT" xmlns="">
							<span class="cmsNoteBold">Classification/Job Grading Certification</span>: I certify that this position has been classified/graded as required by Title 5, U.S. Code, in conformance with standards published by the U.S. Office of Personnel Management or, if no published standards apply directly, consistently with the most applicable published standards.
</label>
					</fm:code>
					<fm:description>Enter a description.</fm:description>
					<palette_ref control="Custom" xmlns="http://www.hyfinity.com/formmaker" />
				</fm:custom>
			</fm:group>
			<fm:custom name="spacer_4" type="spacer">
				<fm:code>
					<div style="height: 21px; width: 150px;" xmlns=""></div>
				</fm:code>
				<fm:description />
				<palette_ref control="Spacer" xmlns="http://www.hyfinity.com/formmaker" />
			</fm:custom>
			<fm:group border_styling="false" compatability="false" fieldset="false" gen_method="grid" hide="false" label_position="top" name="actofc_info_grid" submit_if_hidden="true">
				<label class="label" options="static" position="outside_group" position_override="top" required="false" style="" type="static" value="Layout Grid" xmlns="http://www.hyfinity.com/formmaker">
					<container class="groupLabelBackground" options="static" style="">
						<content_alignment distribution="vertical" />
					</container>
				</label>
				<style class="" options="static" style="" xmlns="http://www.hyfinity.com/formmaker" />
				<grid_structure cols="3" rows="1" xmlns="http://www.hyfinity.com/formmaker">
					<grid_component col="1" name="PD_CLS_SPEC_NAME" row="1" />
					<grid_component col="3" name="PD_CLS_SPEC_DT" row="1" />
					<grid_component col="2" name="PD_CLS_SPEC_TITLE" row="1" />
				</grid_structure>
				<fm:content_alignment distribution="vertical" halign="left" valign="top" />
				<fm:sizing height="fit_to_content" width="fit_to_content" />
				<palette_ref control="Layout Grid" xmlns="http://www.hyfinity.com/formmaker" />
				<fm:element disable="false" disable_method="read_only" generate="true" hide="false" name="PD_CLS_SPEC_NAME">
					<field xmlns="http://www.hyfinity.com/formmaker">
						<input options="dynamic" size="40">text</input>
						<style class="defaultBackground textboxControl" options="static" style="width : 400px;" />
						<element_style class="textbox" options="static" style="" />
						<date_picker class="datePickerIcon" content="" required="false" type="normal" />
						<label class="label" options="static" required="true" style="" type="static" value="Name of Official Taking Action">
							<container class="labelBackground labelControl" options="static" style="width : 400px;">
								<sizing width="custom" />
							</container>
						</label>
						<container>
							<sizing width="custom" />
						</container>
					</field>
					<constraints validate="true" xmlns="http://www.hyfinity.com/formmaker">
						<type>string</type>
						<required>false</required>
						<enumeration use_for_output="false" />
					</constraints>
					<error xmlns="http://www.hyfinity.com/formmaker">
						<hint class="hintIcon" style="" use="false">Enter a hint here.</hint>
						<server class="errorIcon" retain="false" style="" use="false" />
					</error>
					<palette_ref control="Text Box" xmlns="http://www.hyfinity.com/formmaker" />
					<accessibility xmlns="http://www.hyfinity.com/formmaker">
						<alt>Name of Official Taking Action</alt>
						<tab_index>0</tab_index>
					</accessibility>
				</fm:element>
				<fm:element disable="false" disable_method="read_only" generate="true" hide="false" name="PD_CLS_SPEC_TITLE">
					<field xmlns="http://www.hyfinity.com/formmaker">
						<input expandable="true" max="2" min="1" options="dynamic" size="50">textarea</input>
						<style class="defaultBackground textareaControl" options="static" style="width : 500px;" />
						<element_style class="textbox" options="static" style="" />
						<date_picker class="datePickerIcon" content="" required="false" type="normal" />
						<label class="label" options="static" required="true" style="" type="static" value="Title of Official Taking Action">
							<container class="labelBackground labelControl" options="static" style="width : 500px;">
								<sizing width="custom" />
							</container>
						</label>
						<container>
							<sizing width="custom" />
						</container>
					</field>
					<constraints validate="true" xmlns="http://www.hyfinity.com/formmaker">
						<type>string</type>
						<required>true</required>
						<maxLength>140</maxLength>
						<enumeration use_for_output="false" />
					</constraints>
					<error xmlns="http://www.hyfinity.com/formmaker">
						<hint class="hintIcon" style="" use="false">Enter a hint here.</hint>
						<server class="errorIcon" retain="false" style="" use="false" />
					</error>
					<palette_ref control="Text Area" xmlns="http://www.hyfinity.com/formmaker" />
					<accessibility xmlns="http://www.hyfinity.com/formmaker">
						<alt>Type Title of Official Taking Action</alt>
						<tab_index>0</tab_index>
					</accessibility>
					<custom_attributes xmlns="http://www.hyfinity.com/formmaker">
						<attribute name="maxLength" type="custom" value="140" />
					</custom_attributes>
				</fm:element>
				<fm:element disable="false" disable_method="read_only" generate="true" hide="false" name="PD_CLS_SPEC_DT">
					<field xmlns="http://www.hyfinity.com/formmaker">
						<input options="dynamic" size="10">text</input>
						<style class="defaultBackground dateControl" options="static" style="" />
						<element_style class="textbox" options="static" style="" />
						<date_picker class="datePickerIcon" content="" required="false" type="normal" />
						<label class="label" options="static" required="true" style="" type="static" value="Certification Date">
							<container class="labelBackground labelControl" options="static" />
						</label>
						<container />
					</field>
					<constraints validate="true" xmlns="http://www.hyfinity.com/formmaker">
						<type>date</type>
						<required>false</required>
						<enumeration use_for_output="false" />
					</constraints>
					<error xmlns="http://www.hyfinity.com/formmaker">
						<hint class="hintIcon" style="" use="false">Enter a hint here.</hint>
						<server class="errorIcon" retain="false" style="" use="false" />
					</error>
					<data_formats xmlns="http://www.hyfinity.com/formmaker">
						<date data="yyyy-MM-dd" display="MM/dd/yyyy" />
					</data_formats>
					<palette_ref control="Date" xmlns="http://www.hyfinity.com/formmaker" />
					<accessibility xmlns="http://www.hyfinity.com/formmaker">
						<alt>Certification Date</alt>
						<tab_index>0</tab_index>
					</accessibility>
				</fm:element>
			</fm:group>
			<fm:element disable="false" disable_method="read_only" generate="true" hide="false" name="PD_CLS_SPEC_SIG">
				<field xmlns="http://www.hyfinity.com/formmaker">
					<input options="dynamic">hidden</input>
					<style class="hide" options="static" style="" />
					<element_style class="hide" options="static" style="" />
					<date_picker class="" content="" required="false" type="normal" />
					<label class="hide" options="static" required="false" style="" type="static" value="Hidden Label">
						<container class="hide" options="static" style="" />
					</label>
					<container />
				</field>
				<constraints validate="false" xmlns="http://www.hyfinity.com/formmaker">
					<type>string</type>
					<required>false</required>
					<enumeration use_for_output="false" />
				</constraints>
				<error xmlns="http://www.hyfinity.com/formmaker">
					<hint class="hintIcon" style="" use="false">Enter a hint here.</hint>
					<server class="errorIcon" retain="false" style="" use="false" />
				</error>
				<palette_ref control="Hidden" xmlns="http://www.hyfinity.com/formmaker" />
			</fm:element>
		</fm:group>
	</fm:group>
	<fm:group border_styling="false" compatability="false" fieldset="false" gen_method="layout" hide="false" label_position="left" name="hidden_apr_group" submit_if_hidden="true">
		<label class="label" options="static" position="outside_group" position_override="top" required="false" style="" type="static" value="Layout Group" xmlns="http://www.hyfinity.com/formmaker">
			<container class="groupLabelBackground" options="static" style="">
				<content_alignment distribution="vertical" />
			</container>
		</label>
		<style class="hide" options="static" style="" xmlns="http://www.hyfinity.com/formmaker" />
		<fm:content_alignment distribution="vertical" halign="left" valign="top" />
		<fm:sizing height="fit_to_content" width="fully_expand" />
		<palette_ref control="Layout Group" xmlns="http://www.hyfinity.com/formmaker" />
	</fm:group>
</fm:structure>
