<?xml version="1.0" encoding="UTF-8"?>
<eForm xmlns="http://www.hyfinity.com/mvc" xmlns:mvc="http://www.hyfinity.com/mvc">
	<Control>
		<action>loadSAMApproval</action>
		<Page />
		<Controller />
	</Control>
	<Data>
		<formData>
			<sessioninfo />
			<procid />
			<actseq />
			<workseq />
			<appseq />
			<isarchive />
			<readOnly />
			<approvalDGHOCheck />
			<approvalDGHOValue />
			<approvalDGHO />
			<approvalTABGCheck />
			<approvalTABGValue />
			<approvalTABG />
			<approvalOHCCheck />
			<approvalOHCValue />
			<approvalOHC />
			<approvalOHCCheck />
			<approvalOHCValue />
			<approvalOHC />
			<approvalOHCResponseDate />
			<approvalOHCCheck />
			<approvalOHCValue />
			<approvalOHC />
			<approvalOHCResponseDate />
			<approvalSOCheck />
			<approvalSOValue />
			<approvalSO />
			<approverNotes />
			<approvalSOResponseDate />
			<approvalDGHOResponseDate />
			<approvalTABGResponseDate />
			<approvalOHCResponseDate />
			<approvalCOCCheck />
			<approvalCOCValue />
			<approvalCOC />
			<approvalSOActing />
			<approvalCOCActing />
			<approvalDGHOActing />
			<approvalTABGActing />
			<approvalOHCActing />
		</formData>
	</Data>
</eForm>
