<?xml version="1.0" encoding="UTF-8"?>
<eForm xmlns="http://www.hyfinity.com/mvc" xmlns:mvc="http://www.hyfinity.com/mvc">
	<Control>
		<action />
		<Page />
		<Controller />
	</Control>
	<Data>
		<formData>
			<CI_ACTION_TYPE />
			<CI_ADMIN_INVESTIGATORY_LEAVE />
			<CI_ADMIN_NOTICE_LEAVE />
			<CI_LEAVE_START_DT />
			<leave_length />
			<CI_APPROVAL_NAME_SRCH />
			<CI_LEAVE_START_DT_2 />
			<leave_length_2 />
			<CI_APPROVAL_NAME_2_SRCH />
			<CI_PROP_ACTION_ISSUED_DT />
			<CI_ORAL_PREZ_REQUESTED />
			<CI_ORAL_PREZ_DT />
			<CI_ORAL_RESPONSE_SUBMITTED />
			<CI_RESPONSE_DUE_DT />
			<CI_WRITTEN_RESPONSE_SUBMITTED_DT />
			<CI_POS_TITLE />
			<CI_PPLAN />
			<CI_SERIES />
			<CI_CURRENT_INFO_GRADE />
			<CI_PROPOSED_PPLAN />
			<CI_PROPOSED_SERIES />
			<CI_PROPOSED_INFO_GRADE />
			<CI_PROPOSED_INFO_STEP />
			<CI_FINAL_PPLAN />
			<CI_FINAL_SERIES />
			<CI_FINAL_INFO_GRADE />
			<CI_FINAL_INFO_STEP />
			<CI_DEMO_FINAL_AGENCY_DECISION />
			<CI_COUNSEL_TYPE />
			<CI_COUNSEL_ISSUED_DT />
			<CI_RESTRICTION_ISSED_DT />
			<CI_SICK_LEAVE_REVIEWED_DT />
			<CI_SICK_LEAVE_REVIEWED_EXTENDED />
			<CI_SICK_LEAVE_REVIEWED_EXTENDED_DT />
			<CI_SICK_LEAVE_REVIEWED_REMOVED_DT />
			<CI_SICK_LEAVE_REVIEWED_DT_LIST />
			<_CI_SICK_LEAVE_REVIEWED_DT />
			<_CI_SICK_LEAVE_REVIEWED_EXTENDED />
			<_CI_SICK_LEAVE_REVIEWED_EXTENDED_DT />
			<_CI_SICK_LEAVE_REVIEWED_REMOVED_DT />
			<CI_SL_WARNING_DISCUSSION_DT />
			<CI_SL_WARNING_DISCUSSION_DT_LIST />
			<_CI_SL_WARNING_DISCUSSION_DT />
			<CI_SL_WARN_ISSUE />
			<CI_EFFECTIVE_DT />
			<CI_CURRENT_ADMIN_CODE />
			<CI_RE_ASSIGNMENT_CURR_ORG />
			<CI_FINAL_ADMIN_CODE_SRCH />
			<CI_RE_ASSIGNMENT_FINAL_ORG />
			<CI_EMP_NOTICE_LEAVE_PLACED />
			<CI_REMOVAL_NOTICE_START_DT />
			<CI_REMOVAL_NOTICE_END_DT />
			<CI_REMOVAL_ORAL_PREZ_REQUESTED />
			<CI_REMOVAL_ORAL_PREZ_DT />
			<CI_REMOVAL_WRITTEN_RESPONSE />
			<CI_WRITTEN_RESPONSE_DUE_DT />
			<CI_WRITTEN_SUBMITTED_DT />
			<CI_RMVL_FINAL_AGENCY_DECISION />
			<CI_DECIDING_OFFCL_NAME_SRCH />
			<CI_SUSPENTION_TYPE />
			<CI_SUSP_PROP_ACTION_DT />
			<CI_SUSP_ORAL_PREZ_REQUESTED />
			<CI_SUSP_ORAL_PREZ_DT />
			<CI_SUSP_WRITTEN_RESP />
			<CI_SUSP_WRITTEN_RESP_DUE_DT />
			<CI_SUSP_WRITTEN_RESP_DT />
			<CI_SUSP_FINAL_AGENCY_DECISION />
			<CI_SUSP_DECIDING_OFFCL_NAME_SRCH />
			<CI_REPRIMAND_ISSUE_DT />
			<CI_EMP_APPEAL_DECISION />
			<CI_DECISION_ISSUED_DT />
			<CI_DEMO_FINAL_AGENCY_EFF_DT />
			<CI_NUMB_DAYS />
			<CI_REMOVAL_DATE_DECISION_ISSUED />
			<CI_REMOVAL_EFFECTIVE_DT />
			<CI_RMVL_NUMB_DAYS />
			<CI_SUSP_DECISION_ISSUED_DT />
			<CI_SUSP_EFFECTIVE_DECISION_DT />
			<CI_SUS_NUMB_DAYS />
			<CI_SUSP_SETTLMNT_AGMNT />
			<CI_RMVL_SETTLMNT_AGMNT />
			<CI_DEMO_SETTLMNT_AGMNT />
		</formData>
	</Data>
</eForm>
