<?xml version="1.0" encoding="UTF-8"?>
<eForm xmlns="http://www.hyfinity.com/mvc" xmlns:mvc="http://www.hyfinity.com/mvc">
	<Control>
		<action />
		<Page />
		<Controller />
	</Control>
	<Data>
		<formData>
			<GEN_PRIMARY_SPECIALIST />
			<GEN_SECONDARY_SPECIALIST />
			<GEN_CUSTOMER_SEARCH />
			<GEN_CUSTOMER />
			<GEN_CUSTOMER_ADMIN_CD_DESC />
			<GEN_CUSTOMER_BUS_CD />
			<GEN_CUSTOMER_PHONE />
			<GEN_EMPLOYEE_SEARCH />
			<GEN_EMPLOYEE />
			<GEN_EMPLOYEE_PHONE />
			<GEN_CASE_DESC />
			<GEN_CASE_STATUS />
			<GEN_CUST_INIT_CONTACT_DT />
			<GEN_RELATED_CASE_SEARCH />
			<GEN_RELATED_TO_CASE />
			<GEN_PRIMARY_REP />
			<GEN_CMS_PRIMARY_REP_SEARCH />
			<GEN_CMS_PRIMARY_REP_PHONE />
			<GEN_NON_CMS_PRIMARY_LNAME />
			<GEN_NON_CMS_PRIMARY_FNAME />
			<GEN_NON_CMS_PRIMARY_MNAME />
			<GEN_NON_CMS_PRIMARY_EMAIL />
			<GEN_NON_CMS_PRIMARY_PHONE />
			<GEN_NON_CMS_PRIMARY_ORG />
			<GEN_NON_CMS_PRIMARY_ADDR />
			<GEN_CASE_TYPE />
			<GEN_CASE_CATEGORY />
			<GEN_INVESTIGATION />
			<GEN_INVESTIGATE_START_DT />
			<GEN_INVESTIGATE_END_DT />
			<GEN_STD_CONDUCT />
			<GEN_STD_CONDUCT_TYPE />
			<GEN_EMPLOYEE_ID />
			<GEN_CUSTOMER_ID />
		</formData>
	</Data>
</eForm>
