<?xml version="1.0" encoding="UTF-8"?>
<inputControl exportedWithPermissions="false">
    <folder>/organizations/organization_1/Input_Controls/CMS/Primary_Specialist_Workload_Dashboard</folder>
    <name>Case_Status</name>
    <version>3</version>
    <label>Case_Status</label>
    <creationDate>2019-04-30T15:30:15.000-04:00</creationDate>
    <updateDate>2019-05-30T09:48:38.000-04:00</updateDate>
    <type>3</type>
    <mandatory>true</mandatory>
    <readOnly>false</readOnly>
    <visible>true</visible>
    <listOfValues>
        <localResource
            xmlns:xsi="http://www.w3.org/2001/XMLSchema-instance"
            exportedWithPermissions="false" xsi:type="listOfValues">
            <folder>/organizations/organization_1/Input_Controls/CMS/Primary_Specialist_Workload_Dashboard/Case_Status_files</folder>
            <name>ListOfValues</name>
            <version>3</version>
            <label>ListOfValues</label>
            <creationDate>2019-05-01T20:08:10.000-04:00</creationDate>
            <updateDate>2019-05-01T20:08:10.000-04:00</updateDate>
            <item>
                <itemLabel>All</itemLabel>
                <itemValue xmlns:java="http://java.sun.com" xsi:type="java:java.lang.String">All</itemValue>
            </item>
            <item>
                <itemLabel>Active</itemLabel>
                <itemValue xmlns:java="http://java.sun.com" xsi:type="java:java.lang.String">Active</itemValue>
            </item>
            <item>
                <itemLabel>Completed</itemLabel>
                <itemValue xmlns:java="http://java.sun.com" xsi:type="java:java.lang.String">Completed</itemValue>
            </item>
            <item>
                <itemLabel>Canceled</itemLabel>
                <itemValue xmlns:java="http://java.sun.com" xsi:type="java:java.lang.String">Canceled</itemValue>
            </item>
        </localResource>
    </listOfValues>
</inputControl>
