<?xml version="1.0" encoding="UTF-8"?>
<eForm xmlns="http://www.hyfinity.com/mvc" xmlns:mvc="http://www.hyfinity.com/mvc">
	<Control>
		<action />
		<Page />
		<Controller />
	</Control>
	<Data>
		<formData>
			<TR_PAID_AD />
			<TR_PAID_AD_SPECkpo />
			<TR_SCHL_PSTG />
			<TR_SOCIAL_MEDIA />
			<TR_OTHER />
			<TR_OTHER_SPEC />
			<TR_PAID_AD_SPEC />
			<TR_SCHL_PSTG_SPEC />
			<TR_SOCIAL_MEDIA_SPEC />
			<TR_PAID_AD_SEL />
			<TR_SCHL_PSTG_SEL />
			<TR_SOCIAL_MEDIA_SEL />
			<TR_SCHL_PSTG_SPEC_OTHR />
			<TR_PAID_AD_SPEC_OTHR />
			<TR_SOCIAL_MEDIA_SPEC_OTHR />
		</formData>
		<FORM_DATA xmlns="">
			<ID />
			<DOCUMENT>
				<TARGET_RECRUITMENT>
					<TR_PAID_AD />
					<TR_PAID_AD_SPEC />
					<TR_PAID_AD_SPEC_OTHR />
					<TR_SCHL_PSTG />
					<TR_SCHL_PSTG_SPEC />
					<TR_SCHL_PSTG_SPEC_OTHR />
					<TR_SOCIAL_MEDIA />
					<TR_SOCIAL_MEDIA_SPEC />
					<TR_SOCIAL_MEDIA_SPEC_OTHR />
					<TR_OTHER />
					<TR_OTHER_SPEC />
				</TARGET_RECRUITMENT>
			</DOCUMENT>
		</FORM_DATA>
		<WorkitemContext xmlns="">
			<SessionInfoXML />
			<Process>
				<ID />
				<Name />
				<Description />
				<State />
				<ProcessDefinitionID />
				<ProcessDefinitionName />
				<Deadline />
				<Initiator />
				<InitiatorName />
				<CreationDateTime />
				<CompleteDateTime />
				<ProcessVariables>
					<adminCode />
					<classSpecialist />
					<classificationType />
					<completedByERA />
					<execOfficer />
					<hrLiaison />
					<meetingAckResponse />
					<meetingApvResponse />
					<meetingDate />
					<meetingEmailRecipients />
					<meetingRecorders />
					<meetingResched />
					<posGrade />
					<posIs />
					<posLocation />
					<posNumber />
					<posPayPlan />
					<posSensitivity />
					<posSeries />
					<posSupervisor />
					<posTitle />
					<posWorkSchedule />
					<requestNum />
					<requestStatus />
					<requestType />
					<selectOfficial />
					<selectOfficialReviewReq />
					<staffSpecialist />
					<wihmode />
				</ProcessVariables>
				<CustomAttributes>
					<CustomAttribute>
						<Name />
						<CustomAttributeValueType />
						<Value />
						<Description />
					</CustomAttribute>
					<CustomAttribute>
						<Name />
						<CustomAttributeValueType />
						<Value />
						<Description />
					</CustomAttribute>
					<CustomAttribute>
						<Name />
						<CustomAttributeValueType />
						<Value />
						<Description />
					</CustomAttribute>
				</CustomAttributes>
			</Process>
			<Activity>
				<Sequence />
				<Name />
				<Description />
				<State />
				<CreationDateTime />
				<CompleteDateTime />
				<Responses>
					<Response>
						<Name />
						<IsDefault />
						<Rule />
					</Response>
					<Response>
						<Name />
						<IsDefault />
						<Rule />
					</Response>
					<Response>
						<Name />
						<IsDefault />
						<Rule />
					</Response>
				</Responses>
				<CustomAttributes>
					<CustomAttribute>
						<Name />
						<CustomAttributeValueType />
						<Value />
						<Description />
					</CustomAttribute>
					<CustomAttribute>
						<Name />
						<CustomAttributeValueType />
						<Value />
						<Description />
					</CustomAttribute>
					<CustomAttribute>
						<Name />
						<CustomAttributeValueType />
						<Value />
						<Description />
					</CustomAttribute>
				</CustomAttributes>
			</Activity>
			<Workitem>
				<Sequence />
				<Participant />
				<ParticipantName />
				<ParticipantType />
				<State />
				<CreationDateTime />
				<StartDateTime />
				<CompleteDateTime />
				<CheckedOutUser />
				<CheckedOutUserName />
				<Deadline />
			</Workitem>
			<User>
				<LoginID />
				<MemberID />
				<Name />
				<ShortName />
				<DepartmentName />
				<EmployeeCode />
				<Email />
				<JobTitle1 />
				<JobTitle2 />
				<JobTitle3 />
				<CustomAttribute1 />
				<CustomAttribute2 />
				<CustomAttribute3 />
				<CustomAttribute4 />
				<CustomAttribute5 />
				<UserGroups>
					<UserGroup>
						<ID />
						<Name />
						<Path />
					</UserGroup>
					<UserGroup>
						<ID />
						<Name />
						<Path />
					</UserGroup>
					<UserGroup>
						<ID />
						<Name />
						<Path />
					</UserGroup>
				</UserGroups>
			</User>
			<Application>
				<Name />
				<ApplicationState />
				<CheckOutState />
				<CheckedOutUser />
				<Updatable />
				<ViewType />
			</Application>
		</WorkitemContext>
	</Data>
</eForm>
