<?xml version="1.0" encoding="UTF-8"?>
<index desc="user 1 collection index file" id="collection_index" name="user1 collection index" xmlns="http://www.hyfinity.com/xstore">
	<entry desc="" docname="CMS/mvc/classification_gen/xsd_pool" id="CMS/mvc/classification_gen/xsd_pool" timestamp="" />
	<entry desc="" docname="CMS/mvc/classification_gen/logicsheet_pool" id="CMS/mvc/classification_gen/logicsheet_pool" timestamp="" />
	<entry desc="" docname="CMS/mvc/classification_gen/message_pool" id="CMS/mvc/classification_gen/message_pool" timestamp="" />
	<entry desc="" docname="CMS/mvc/classification_gen/other_resources_pool" id="CMS/mvc/classification_gen/other_resources_pool" timestamp="" />
	<entry desc="" docname="CMS/mvc/classification_gen/application" id="CMS/mvc/classification_gen/application" timestamp="" />
	<entry desc="" docname="CMS/mvc/classification_gen/formStructure" id="CMS/mvc/classification_gen/formStructure" timestamp="" />
	<entry desc="" docname="CMS/mvc/classification_gen/hyfinityBindings" id="CMS/mvc/classification_gen/hyfinityBindings" timestamp="" />
	<entry desc="" docname="CMS/mvc/classification_gen/xsl_pool" id="CMS/mvc/classification_gen/xsl_pool" timestamp="" />
	<entry desc="" docname="CMS/mvc/classification_gen/genDefaults" id="CMS/mvc/classification_gen/genDefaults" timestamp="" />
	<entry desc="" docname="CMS/mvc/classification_gen/L1_pattern_pool" id="CMS/mvc/classification_gen/L1_pattern_pool" timestamp="" />
	<entry desc="" docname="CMS/mvc/classification_gen/L1_pattern_instance_pool" id="CMS/mvc/classification_gen/L1_pattern_instance_pool" timestamp="" />
	<entry desc="" docname="CMS/mvc/classification_gen/L2_pattern_pool" id="CMS/mvc/classification_gen/L2_pattern_pool" timestamp="" />
	<entry desc="" docname="CMS/mvc/classification_gen/L2_pattern_instance_pool" id="CMS/mvc/classification_gen/L2_pattern_instance_pool" timestamp="" />
	<entry desc="" docname="CMS/mvc/classification_gen/L3_pattern_pool" id="CMS/mvc/classification_gen/L3_pattern_pool" timestamp="" />
	<entry desc="" docname="CMS/mvc/classification_gen/L3_pattern_instance_pool" id="CMS/mvc/classification_gen/L3_pattern_instance_pool" timestamp="" />
</index>
