<?xml version="1.0" encoding="UTF-8"?>
<index desc="hsguser/mvc/BizFlow/message_pool_pool" name="hsguser/mvc/BizFlow/message_pool_pool" xmlns="http://www.hyfinity.com/xstore">
	<entry desc="" docname="to_BizFlowEntry_page.xml" id="to_DummyStart_page" timestamp="" />
	<entry desc="" docname="calling_contactInfo_action.xml" id="calling_SearchDutyStation_action" timestamp="" />
	<entry desc="" docname="calling_LoadFormData_action.xml" id="calling_LoadFormData_action" timestamp="" />
	<entry desc="" docname="calling_searchParticipants_action.xml" id="calling_searchParticipants_action" timestamp="" />
	<entry desc="" docname="calling_getBusinessDayCount_action.xml" id="calling_getBusinessDayCount_action" timestamp="" />
	<entry desc="" docname="calling_loadERLRLookup_action.xml" id="calling_loadERLRLookup_action" timestamp="" />
	<entry desc="" docname="calling_reloadLookup_action.xml" id="calling_reloadLookup_action" timestamp="" />
	<entry desc="" docname="to_done_page.xml" id="to_FullPage_1_page" timestamp="" />
	<entry desc="" docname="calling_employeeCase_action.xml" id="calling_employeeCase_action" timestamp="" />
</index>
