<?xml version="1.0" encoding="UTF-8"?>
<xforms xmlns:mvc="http://www.hyfinity.com/mvc" xmlns="http://www.hyfinity.com/formmaker">
	<instance_configuration />
	<page />
	<group name="general_group" />
	<element name="CS_TITLE">
		<action name="bizflowEntry">
			<xform_xpath>enter_xpath_here</xform_xpath>
		</action>
		<fm:action name="general" xmlns:fm="http://www.hyfinity.com/formmaker">
			<xform_xpath>/mvc:eForm/mvc:Data/FORM_DATA/DOCUMENT/GENERAL/CS_TITLE</xform_xpath>
		</fm:action>
		<transform_xpath>/mvc:eForm/mvc:Data/FORM_DATA/DOCUMENT/GENERAL/CS_TITLE</transform_xpath>
		<description />
	</element>
	<element name="PD_ORG_POS_TITLE">
		<action name="bizflowEntry">
			<xform_xpath>enter_xpath_here</xform_xpath>
		</action>
		<fm:action name="general" xmlns:fm="http://www.hyfinity.com/formmaker">
			<xform_xpath>/mvc:eForm/mvc:Data/FORM_DATA/DOCUMENT/GENERAL/PD_ORG_POS_TITLE</xform_xpath>
		</fm:action>
		<transform_xpath>/mvc:eForm/mvc:Data/FORM_DATA/DOCUMENT/GENERAL/PD_ORG_POS_TITLE</transform_xpath>
		<description />
	</element>
	<element name="CS_PAY_PLAN_ID">
		<action name="bizflowEntry">
			<xform_xpath>enter_xpath_here</xform_xpath>
		</action>
		<fm:action name="general" xmlns:fm="http://www.hyfinity.com/formmaker">
			<xform_xpath>/mvc:eForm/mvc:Data/FORM_DATA/DOCUMENT/GENERAL/CS_PAY_PLAN_ID</xform_xpath>
		</fm:action>
		<transform_xpath>/mvc:eForm/mvc:Data/FORM_DATA/DOCUMENT/GENERAL/CS_PAY_PLAN_ID</transform_xpath>
		<repeat_xpath>/mvc:eForm/mvc:Data/lookup/record[LTYPE='PayPlan']</repeat_xpath>
		<value_xpath>NAME</value_xpath>
		<text_xpath>LABEL</text_xpath>
		<description />
	</element>
	<element name="SUBJECT_TO_IA">
		<action name="general">
			<xform_xpath>/mvc:eForm/mvc:Data/FORM_DATA/DOCUMENT/GENERAL/PD_SUBJECT_IA</xform_xpath>
		</action>
		<action name="bizflowEntry">
			<xform_xpath>enter_xpath_here</xform_xpath>
		</action>
		<transform_xpath>/mvc:eForm/mvc:Data/FORM_DATA/DOCUMENT/GENERAL/PD_SUBJECT_IA</transform_xpath>
		<description />
	</element>
	<element name="POS_SUPERVISORY">
		<action name="general">
			<xform_xpath>/mvc:eForm/mvc:Data/FORM_DATA/DOCUMENT/GENERAL/CS_SUPERVISORY</xform_xpath>
		</action>
		<action name="bizflowEntry">
			<xform_xpath>enter_xpath_here</xform_xpath>
		</action>
		<transform_xpath>/mvc:eForm/mvc:Data/FORM_DATA/DOCUMENT/GENERAL/CS_SUPERVISORY</transform_xpath>
		<repeat_xpath>/mvc:eForm/mvc:Data/lookup/record[LTYPE='PositionIs']</repeat_xpath>
		<value_xpath>ID</value_xpath>
		<text_xpath>LABEL</text_xpath>
		<description />
	</element>
	<element name="PD_PCA">
		<action name="bizflowEntry">
			<xform_xpath>enter_xpath_here</xform_xpath>
		</action>
		<fm:action name="general" xmlns:fm="http://www.hyfinity.com/formmaker">
			<xform_xpath>/mvc:eForm/mvc:Data/FORM_DATA/DOCUMENT/GENERAL/POS_INFORMATION/PD_PCA</xform_xpath>
		</fm:action>
		<transform_xpath>/mvc:eForm/mvc:Data/FORM_DATA/DOCUMENT/GENERAL/POS_INFORMATION/PD_PCA</transform_xpath>
		<description />
	</element>
	<element name="PD_PDP">
		<action name="bizflowEntry">
			<xform_xpath>enter_xpath_here</xform_xpath>
		</action>
		<fm:action name="general" xmlns:fm="http://www.hyfinity.com/formmaker">
			<xform_xpath>/mvc:eForm/mvc:Data/FORM_DATA/DOCUMENT/GENERAL/POS_INFORMATION/PD_PDP</xform_xpath>
		</fm:action>
		<transform_xpath>/mvc:eForm/mvc:Data/FORM_DATA/DOCUMENT/GENERAL/POS_INFORMATION/PD_PDP</transform_xpath>
		<description />
	</element>
	<element name="FTT">
		<action name="general">
			<xform_xpath>/mvc:eForm/mvc:Data/FORM_DATA/DOCUMENT/GENERAL/POS_INFORMATION/PD_FTT</xform_xpath>
		</action>
		<action name="bizflowEntry">
			<xform_xpath>enter_xpath_here</xform_xpath>
		</action>
		<transform_xpath>/mvc:eForm/mvc:Data/FORM_DATA/DOCUMENT/GENERAL/POS_INFORMATION/PD_FTT</transform_xpath>
		<description />
	</element>
	<element name="OUTSTATION">
		<action name="general">
			<xform_xpath>/mvc:eForm/mvc:Data/FORM_DATA/DOCUMENT/GENERAL/POS_INFORMATION/PD_OUTSTATION</xform_xpath>
		</action>
		<action name="bizflowEntry">
			<xform_xpath>enter_xpath_here</xform_xpath>
		</action>
		<transform_xpath>/mvc:eForm/mvc:Data/FORM_DATA/DOCUMENT/GENERAL/POS_INFORMATION/PD_OUTSTATION</transform_xpath>
		<description />
	</element>
	<element name="EMPLOYING_OFFICE_LOCATION">
		<action name="general">
			<xform_xpath>/mvc:eForm/mvc:Data/FORM_DATA/DOCUMENT/GENERAL/PD_EMPLOYING_OFFICE</xform_xpath>
		</action>
		<action name="bizflowEntry">
			<xform_xpath>enter_xpath_here</xform_xpath>
		</action>
		<transform_xpath>/mvc:eForm/mvc:Data/FORM_DATA/DOCUMENT/GENERAL/PD_EMPLOYING_OFFICE</transform_xpath>
		<repeat_xpath>/mvc:eForm/mvc:Data/lookup/record[LTYPE='EmployingOffice']</repeat_xpath>
		<value_xpath>ID</value_xpath>
		<text_xpath>LABEL</text_xpath>
		<description />
	</element>
	<element name="PD_REMARKS">
		<action name="bizflowEntry">
			<xform_xpath>enter_xpath_here</xform_xpath>
		</action>
		<fm:action name="general" xmlns:fm="http://www.hyfinity.com/formmaker">
			<xform_xpath>/mvc:eForm/mvc:Data/FORM_DATA/DOCUMENT/GENERAL/PD_REMARKS</xform_xpath>
		</fm:action>
		<transform_xpath>/mvc:eForm/mvc:Data/FORM_DATA/DOCUMENT/GENERAL/PD_REMARKS</transform_xpath>
		<description />
	</element>
	<element name="CS_ADMIN_CD_INPUT">
		<action name="bizflowEntry">
			<xform_xpath>enter_xpath_here</xform_xpath>
		</action>
		<description />
		<fm:transform_xpath xmlns:fm="http://www.hyfinity.com/formmaker">/mvc:eForm/mvc:Data/mvc:formData/mvc:CS_ADMIN_CD_INPUT</fm:transform_xpath>
		<fm:action name="general" xmlns:fm="http://www.hyfinity.com/formmaker">
			<xform_xpath>enter_xpath_here</xform_xpath>
		</fm:action>
	</element>
	<element name="PD_ORGANIZATION_DSP">
		<fm:action name="bizflowEntry" xmlns:fm="http://www.hyfinity.com/formmaker">
			<fm:xform_xpath>/mvc:eForm/mvc:Data/mvc:formData/mvc:output</fm:xform_xpath>
		</fm:action>
		<fm:action name="general" xmlns:fm="http://www.hyfinity.com/formmaker" />
		<transform_xpath>/mvc:eForm/mvc:Data/FORM_DATA/DOCUMENT/GENERAL/ORGANIZATION</transform_xpath>
		<description />
	</element>
	<element name="PD_SUB_ORG_1_DSP">
		<fm:action name="bizflowEntry" xmlns:fm="http://www.hyfinity.com/formmaker">
			<fm:xform_xpath>/mvc:eForm/mvc:Data/mvc:formData/mvc:output_2</fm:xform_xpath>
		</fm:action>
		<fm:action name="general" xmlns:fm="http://www.hyfinity.com/formmaker" />
		<transform_xpath>/mvc:eForm/mvc:Data/FORM_DATA/DOCUMENT/GENERAL/FIRST_SUB_ORGANIZATION</transform_xpath>
		<description />
	</element>
	<group name="HIDDEN_DATA_ELEMENTS" />
	<element name="GRADE_SOURCE">
		<action name="general">
			<xform_xpath>enter_xpath_here</xform_xpath>
		</action>
		<transform_xpath>/mvc:eForm/mvc:Data/mvc:formData/mvc:GRADE_SOURCE</transform_xpath>
		<repeat_xpath>/mvc:eForm/mvc:Data/gr_list/record</repeat_xpath>
		<value_xpath>GD_PAYPLAN_CD</value_xpath>
		<text_xpath>GRADE_DETAILS</text_xpath>
		<description />
	</element>
	<element name="PD_ORGANIZATION">
		<fm:action name="general" xmlns:fm="http://www.hyfinity.com/formmaker">
			<xform_xpath>/mvc:eForm/mvc:Data/FORM_DATA/DOCUMENT/GENERAL/PD_ORGANIZATION</xform_xpath>
		</fm:action>
		<transform_xpath>/mvc:eForm/mvc:Data/FORM_DATA/DOCUMENT/GENERAL/PD_ORGANIZATION</transform_xpath>
		<description />
	</element>
	<element name="PD_SUB_ORG_1">
		<fm:action name="general" xmlns:fm="http://www.hyfinity.com/formmaker">
			<xform_xpath>/mvc:eForm/mvc:Data/FORM_DATA/DOCUMENT/GENERAL/PD_SUB_ORG_1</xform_xpath>
		</fm:action>
		<transform_xpath>/mvc:eForm/mvc:Data/FORM_DATA/DOCUMENT/GENERAL/PD_SUB_ORG_1</transform_xpath>
		<description />
	</element>
	<element name="ORGANIZATION_SOURCE">
		<fm:action name="general" xmlns:fm="http://www.hyfinity.com/formmaker">
			<xform_xpath>/mvc:eForm/mvc:Data/mvc:formData/mvc:ORGANIZATION_SOURCE</xform_xpath>
		</fm:action>
		<transform_xpath>/mvc:eForm/mvc:Data/mvc:formData/mvc:ORGANIZATION_SOURCE</transform_xpath>
		<repeat_xpath>/mvc:eForm/mvc:Data/admin_lookup/record</repeat_xpath>
		<value_xpath>AC_ADMIN_CD</value_xpath>
		<text_xpath>AC_ADMIN_CD_DESCR</text_xpath>
		<description />
	</element>
	<element name="PD_SOPE">
		<fm:action name="general" xmlns:fm="http://www.hyfinity.com/formmaker">
			<xform_xpath>/mvc:eForm/mvc:Data/FORM_DATA/DOCUMENT/GENERAL/PD_SCOPE</xform_xpath>
		</fm:action>
		<transform_xpath>/mvc:eForm/mvc:Data/FORM_DATA/DOCUMENT/GENERAL/PD_SCOPE</transform_xpath>
		<repeat_xpath>/mvc:eForm/mvc:Data/lookup/record[LTYPE='PDScope']</repeat_xpath>
		<value_xpath>NAME</value_xpath>
		<text_xpath>LABEL</text_xpath>
		<description />
	</element>
	<element name="CS_GR_ID_1">
		<fm:action name="general" xmlns:fm="http://www.hyfinity.com/formmaker">
			<xform_xpath>/mvc:eForm/mvc:Data/FORM_DATA/DOCUMENT/GENERAL/CS_GR_ID_1</xform_xpath>
		</fm:action>
		<transform_xpath>/mvc:eForm/mvc:Data/FORM_DATA/DOCUMENT/GENERAL/CS_GR_ID_1</transform_xpath>
		<description />
	</element>
	<element name="CS_PD_NUMBER_JOBCD_1">
		<fm:action name="general" xmlns:fm="http://www.hyfinity.com/formmaker">
			<xform_xpath>/mvc:eForm/mvc:Data/FORM_DATA/DOCUMENT/GENERAL/CS_PD_NUMBER_JOBCD_1</xform_xpath>
		</fm:action>
		<transform_xpath>/mvc:eForm/mvc:Data/FORM_DATA/DOCUMENT/GENERAL/CS_PD_NUMBER_JOBCD_1</transform_xpath>
		<description />
	</element>
	<element name="CS_FLSA_DETERM_ID_1">
		<fm:action name="general" xmlns:fm="http://www.hyfinity.com/formmaker">
			<xform_xpath>/mvc:eForm/mvc:Data/FORM_DATA/DOCUMENT/GENERAL/CS_FLSA_DETERM_ID_1</xform_xpath>
		</fm:action>
		<transform_xpath>/mvc:eForm/mvc:Data/FORM_DATA/DOCUMENT/GENERAL/CS_FLSA_DETERM_ID_1</transform_xpath>
		<repeat_xpath>/mvc:eForm/mvc:Data/lookup/record[LTYPE='FairLaborStandardsAct']</repeat_xpath>
		<value_xpath>NAME</value_xpath>
		<text_xpath>LABEL</text_xpath>
		<description />
	</element>
	<element name="CS_GR_ID_2">
		<fm:action name="general" xmlns:fm="http://www.hyfinity.com/formmaker">
			<xform_xpath>/mvc:eForm/mvc:Data/FORM_DATA/DOCUMENT/GENERAL/CS_GR_ID_2</xform_xpath>
		</fm:action>
		<transform_xpath>/mvc:eForm/mvc:Data/FORM_DATA/DOCUMENT/GENERAL/CS_GR_ID_2</transform_xpath>
		<description />
	</element>
	<element name="CS_GR_ID_3">
		<fm:action name="general" xmlns:fm="http://www.hyfinity.com/formmaker">
			<xform_xpath>/mvc:eForm/mvc:Data/FORM_DATA/DOCUMENT/GENERAL/CS_GR_ID_3</xform_xpath>
		</fm:action>
		<transform_xpath>/mvc:eForm/mvc:Data/FORM_DATA/DOCUMENT/GENERAL/CS_GR_ID_3</transform_xpath>
		<description />
	</element>
	<element name="CS_GR_ID_4">
		<fm:action name="general" xmlns:fm="http://www.hyfinity.com/formmaker">
			<xform_xpath>/mvc:eForm/mvc:Data/FORM_DATA/DOCUMENT/GENERAL/CS_GR_ID_4</xform_xpath>
		</fm:action>
		<transform_xpath>/mvc:eForm/mvc:Data/FORM_DATA/DOCUMENT/GENERAL/CS_GR_ID_4</transform_xpath>
		<description />
	</element>
	<element name="CS_GR_ID_5">
		<fm:action name="general" xmlns:fm="http://www.hyfinity.com/formmaker">
			<xform_xpath>/mvc:eForm/mvc:Data/FORM_DATA/DOCUMENT/GENERAL/CS_GR_ID_5</xform_xpath>
		</fm:action>
		<transform_xpath>/mvc:eForm/mvc:Data/FORM_DATA/DOCUMENT/GENERAL/CS_GR_ID_5</transform_xpath>
		<description />
	</element>
	<element name="CS_PD_NUMBER_JOBCD_2">
		<fm:action name="general" xmlns:fm="http://www.hyfinity.com/formmaker">
			<xform_xpath>/mvc:eForm/mvc:Data/FORM_DATA/DOCUMENT/GENERAL/CS_PD_NUMBER_JOBCD_2</xform_xpath>
		</fm:action>
		<transform_xpath>/mvc:eForm/mvc:Data/FORM_DATA/DOCUMENT/GENERAL/CS_PD_NUMBER_JOBCD_2</transform_xpath>
		<description />
	</element>
	<element name="CS_PD_NUMBER_JOBCD_3">
		<fm:action name="general" xmlns:fm="http://www.hyfinity.com/formmaker">
			<xform_xpath>/mvc:eForm/mvc:Data/FORM_DATA/DOCUMENT/GENERAL/CS_PD_NUMBER_JOBCD_3</xform_xpath>
		</fm:action>
		<transform_xpath>/mvc:eForm/mvc:Data/FORM_DATA/DOCUMENT/GENERAL/CS_PD_NUMBER_JOBCD_3</transform_xpath>
		<description />
	</element>
	<element name="CS_PD_NUMBER_JOBCD_4">
		<fm:action name="general" xmlns:fm="http://www.hyfinity.com/formmaker">
			<xform_xpath>/mvc:eForm/mvc:Data/FORM_DATA/DOCUMENT/GENERAL/CS_PD_NUMBER_JOBCD_4</xform_xpath>
		</fm:action>
		<transform_xpath>/mvc:eForm/mvc:Data/FORM_DATA/DOCUMENT/GENERAL/CS_PD_NUMBER_JOBCD_4</transform_xpath>
		<description />
	</element>
	<element name="CS_PD_NUMBER_JOBCD_5">
		<fm:action name="general" xmlns:fm="http://www.hyfinity.com/formmaker">
			<xform_xpath>/mvc:eForm/mvc:Data/FORM_DATA/DOCUMENT/GENERAL/CS_PD_NUMBER_JOBCD_5</xform_xpath>
		</fm:action>
		<transform_xpath>/mvc:eForm/mvc:Data/FORM_DATA/DOCUMENT/GENERAL/CS_PD_NUMBER_JOBCD_5</transform_xpath>
		<description />
	</element>
	<element name="CS_FLSA_DETERM_ID_2">
		<fm:action name="general" xmlns:fm="http://www.hyfinity.com/formmaker">
			<xform_xpath>/mvc:eForm/mvc:Data/FORM_DATA/DOCUMENT/GENERAL/CS_FLSA_DETERM_ID_2</xform_xpath>
		</fm:action>
		<transform_xpath>/mvc:eForm/mvc:Data/FORM_DATA/DOCUMENT/GENERAL/CS_FLSA_DETERM_ID_2</transform_xpath>
		<repeat_xpath>/mvc:eForm/mvc:Data/lookup/record[LTYPE='FairLaborStandardsAct']</repeat_xpath>
		<value_xpath>NAME</value_xpath>
		<text_xpath>LABEL</text_xpath>
		<description />
	</element>
	<element name="CS_FLSA_DETERM_ID_3">
		<fm:action name="general" xmlns:fm="http://www.hyfinity.com/formmaker">
			<xform_xpath>/mvc:eForm/mvc:Data/FORM_DATA/DOCUMENT/GENERAL/CS_FLSA_DETERM_ID_3</xform_xpath>
		</fm:action>
		<transform_xpath>/mvc:eForm/mvc:Data/FORM_DATA/DOCUMENT/GENERAL/CS_FLSA_DETERM_ID_3</transform_xpath>
		<repeat_xpath>/mvc:eForm/mvc:Data/lookup/record[LTYPE='FairLaborStandardsAct']</repeat_xpath>
		<value_xpath>NAME</value_xpath>
		<text_xpath>LABEL</text_xpath>
		<description />
	</element>
	<element name="CS_FLSA_DETERM_ID_4">
		<fm:action name="general" xmlns:fm="http://www.hyfinity.com/formmaker">
			<xform_xpath>/mvc:eForm/mvc:Data/FORM_DATA/DOCUMENT/GENERAL/CS_FLSA_DETERM_ID_4</xform_xpath>
		</fm:action>
		<transform_xpath>/mvc:eForm/mvc:Data/FORM_DATA/DOCUMENT/GENERAL/CS_FLSA_DETERM_ID_4</transform_xpath>
		<repeat_xpath>/mvc:eForm/mvc:Data/lookup/record[LTYPE='FairLaborStandardsAct']</repeat_xpath>
		<value_xpath>NAME</value_xpath>
		<text_xpath>LABEL</text_xpath>
		<description />
	</element>
	<element name="CS_FLSA_DETERM_ID_5">
		<fm:action name="general" xmlns:fm="http://www.hyfinity.com/formmaker">
			<xform_xpath>/mvc:eForm/mvc:Data/FORM_DATA/DOCUMENT/GENERAL/CS_FLSA_DETERM_ID_5</xform_xpath>
		</fm:action>
		<transform_xpath>/mvc:eForm/mvc:Data/FORM_DATA/DOCUMENT/GENERAL/CS_FLSA_DETERM_ID_5</transform_xpath>
		<repeat_xpath>/mvc:eForm/mvc:Data/lookup/record[LTYPE='FairLaborStandardsAct']</repeat_xpath>
		<value_xpath>NAME</value_xpath>
		<text_xpath>LABEL</text_xpath>
		<description />
	</element>
	<group name="GRADE_GRID" />
	<element name="RMV_GR_ID_2">
		<fm:action name="general" xmlns:fm="http://www.hyfinity.com/formmaker">
			<fm:xform_xpath>/mvc:eForm/mvc:Data/mvc:formData/mvc:RMV_GR_ID_2</fm:xform_xpath>
		</fm:action>
		<fm:transform_xpath xmlns:fm="http://www.hyfinity.com/formmaker">/mvc:eForm/mvc:Data/mvc:formData/mvc:RMV_GR_ID_2</fm:transform_xpath>
	</element>
	<element name="RMV_GR_ID_3">
		<fm:action name="general" xmlns:fm="http://www.hyfinity.com/formmaker">
			<fm:xform_xpath>/mvc:eForm/mvc:Data/mvc:formData/mvc:RMV_GR_ID_3</fm:xform_xpath>
		</fm:action>
		<fm:transform_xpath xmlns:fm="http://www.hyfinity.com/formmaker">/mvc:eForm/mvc:Data/mvc:formData/mvc:RMV_GR_ID_3</fm:transform_xpath>
	</element>
	<element name="RMV_GR_ID_4">
		<fm:action name="general" xmlns:fm="http://www.hyfinity.com/formmaker">
			<fm:xform_xpath>/mvc:eForm/mvc:Data/mvc:formData/mvc:RMV_GR_ID_4</fm:xform_xpath>
		</fm:action>
		<fm:transform_xpath xmlns:fm="http://www.hyfinity.com/formmaker">/mvc:eForm/mvc:Data/mvc:formData/mvc:RMV_GR_ID_4</fm:transform_xpath>
	</element>
	<element name="RMV_GR_ID_5">
		<fm:action name="general" xmlns:fm="http://www.hyfinity.com/formmaker">
			<fm:xform_xpath>/mvc:eForm/mvc:Data/mvc:formData/mvc:RMV_GR_ID_5</fm:xform_xpath>
		</fm:action>
		<fm:transform_xpath xmlns:fm="http://www.hyfinity.com/formmaker">/mvc:eForm/mvc:Data/mvc:formData/mvc:RMV_GR_ID_5</fm:transform_xpath>
	</element>
	<element name="ADD_GR">
		<fm:transform_xpath xmlns:fm="http://www.hyfinity.com/formmaker">/mvc:eForm/mvc:Data/mvc:formData/mvc:ADD_GR</fm:transform_xpath>
		<fm:action name="general" xmlns:fm="http://www.hyfinity.com/formmaker">
			<fm:xform_xpath>/mvc:eForm/mvc:Data/mvc:formData/mvc:ADD_GR</fm:xform_xpath>
		</fm:action>
	</element>
	<element name="CS_CLASSIFICATION_DT_1">
		<fm:action name="general" xmlns:fm="http://www.hyfinity.com/formmaker">
			<xform_xpath>/mvc:eForm/mvc:Data/FORM_DATA/DOCUMENT/GENERAL/CS_CLASSIFICATION_DT_1</xform_xpath>
		</fm:action>
		<transform_xpath>/mvc:eForm/mvc:Data/FORM_DATA/DOCUMENT/GENERAL/CS_CLASSIFICATION_DT_1</transform_xpath>
		<description />
	</element>
	<element name="CS_CLASSIFICATION_DT_2">
		<fm:action name="general" xmlns:fm="http://www.hyfinity.com/formmaker">
			<xform_xpath>/mvc:eForm/mvc:Data/FORM_DATA/DOCUMENT/GENERAL/CS_CLASSIFICATION_DT_2</xform_xpath>
		</fm:action>
		<transform_xpath>/mvc:eForm/mvc:Data/FORM_DATA/DOCUMENT/GENERAL/CS_CLASSIFICATION_DT_2</transform_xpath>
		<description />
	</element>
	<element name="CS_CLASSIFICATION_DT_3">
		<fm:action name="general" xmlns:fm="http://www.hyfinity.com/formmaker">
			<xform_xpath>/mvc:eForm/mvc:Data/FORM_DATA/DOCUMENT/GENERAL/CS_CLASSIFICATION_DT_3</xform_xpath>
		</fm:action>
		<transform_xpath>/mvc:eForm/mvc:Data/FORM_DATA/DOCUMENT/GENERAL/CS_CLASSIFICATION_DT_3</transform_xpath>
		<description />
	</element>
	<element name="CS_CLASSIFICATION_DT_4">
		<fm:action name="general" xmlns:fm="http://www.hyfinity.com/formmaker">
			<xform_xpath>/mvc:eForm/mvc:Data/FORM_DATA/DOCUMENT/GENERAL/CS_CLASSIFICATION_DT_4</xform_xpath>
		</fm:action>
		<transform_xpath>/mvc:eForm/mvc:Data/FORM_DATA/DOCUMENT/GENERAL/CS_CLASSIFICATION_DT_4</transform_xpath>
		<description />
	</element>
	<element name="CS_CLASSIFICATION_DT_5">
		<fm:action name="general" xmlns:fm="http://www.hyfinity.com/formmaker">
			<xform_xpath>/mvc:eForm/mvc:Data/FORM_DATA/DOCUMENT/GENERAL/CS_CLASSIFICATION_DT_5</xform_xpath>
		</fm:action>
		<transform_xpath>/mvc:eForm/mvc:Data/FORM_DATA/DOCUMENT/GENERAL/CS_CLASSIFICATION_DT_5</transform_xpath>
		<description />
	</element>
	<group name="AC_GRID" />
	<element name="PD_SUB_ORG_2_DSP">
		<fm:action name="general" xmlns:fm="http://www.hyfinity.com/formmaker">
			<fm:xform_xpath>/mvc:eForm/mvc:Data/mvc:formData/mvc:PD_SUB_ORG_2_DSP</fm:xform_xpath>
		</fm:action>
		<transform_xpath>/mvc:eForm/mvc:Data/FORM_DATA/DOCUMENT/GENERAL/FIRST_SUB_ORGANIZATION</transform_xpath>
		<description />
	</element>
	<element name="PD_SUB_ORG_3_DSP">
		<fm:action name="general" xmlns:fm="http://www.hyfinity.com/formmaker">
			<fm:xform_xpath>/mvc:eForm/mvc:Data/mvc:formData/mvc:PD_SUB_ORG_3_DSP</fm:xform_xpath>
		</fm:action>
		<transform_xpath>/mvc:eForm/mvc:Data/FORM_DATA/DOCUMENT/GENERAL/FIRST_SUB_ORGANIZATION</transform_xpath>
		<description />
	</element>
	<element name="PD_SUB_ORG_4_DSP">
		<fm:action name="general" xmlns:fm="http://www.hyfinity.com/formmaker">
			<fm:xform_xpath>/mvc:eForm/mvc:Data/mvc:formData/mvc:PD_SUB_ORG_4_DSP</fm:xform_xpath>
		</fm:action>
		<transform_xpath>/mvc:eForm/mvc:Data/FORM_DATA/DOCUMENT/GENERAL/FIRST_SUB_ORGANIZATION</transform_xpath>
		<description />
	</element>
	<element name="PD_SUB_ORG_5_DSP">
		<fm:action name="general" xmlns:fm="http://www.hyfinity.com/formmaker">
			<fm:xform_xpath>/mvc:eForm/mvc:Data/mvc:formData/mvc:PD_SUB_ORG_5_DSP</fm:xform_xpath>
		</fm:action>
		<transform_xpath>/mvc:eForm/mvc:Data/FORM_DATA/DOCUMENT/GENERAL/FIRST_SUB_ORGANIZATION</transform_xpath>
		<description />
	</element>
	<element name="PD_SUB_ORG_2">
		<fm:action name="general" xmlns:fm="http://www.hyfinity.com/formmaker">
			<xform_xpath>/mvc:eForm/mvc:Data/FORM_DATA/DOCUMENT/GENERAL/PD_SUB_ORG_2</xform_xpath>
		</fm:action>
		<transform_xpath>/mvc:eForm/mvc:Data/FORM_DATA/DOCUMENT/GENERAL/PD_SUB_ORG_2</transform_xpath>
		<description />
	</element>
	<element name="PD_SUB_ORG_3">
		<fm:action name="general" xmlns:fm="http://www.hyfinity.com/formmaker">
			<xform_xpath>/mvc:eForm/mvc:Data/FORM_DATA/DOCUMENT/GENERAL/PD_SUB_ORG_3</xform_xpath>
		</fm:action>
		<transform_xpath>/mvc:eForm/mvc:Data/FORM_DATA/DOCUMENT/GENERAL/PD_SUB_ORG_3</transform_xpath>
		<description />
	</element>
	<element name="PD_SUB_ORG_4">
		<fm:action name="general" xmlns:fm="http://www.hyfinity.com/formmaker">
			<xform_xpath>/mvc:eForm/mvc:Data/FORM_DATA/DOCUMENT/GENERAL/PD_SUB_ORG_4</xform_xpath>
		</fm:action>
		<transform_xpath>/mvc:eForm/mvc:Data/FORM_DATA/DOCUMENT/GENERAL/PD_SUB_ORG_4</transform_xpath>
		<description />
	</element>
	<element name="PD_SUB_ORG_5">
		<fm:action name="general" xmlns:fm="http://www.hyfinity.com/formmaker">
			<xform_xpath>/mvc:eForm/mvc:Data/FORM_DATA/DOCUMENT/GENERAL/PD_SUB_ORG_5</xform_xpath>
		</fm:action>
		<transform_xpath>/mvc:eForm/mvc:Data/FORM_DATA/DOCUMENT/GENERAL/PD_SUB_ORG_5</transform_xpath>
		<description />
	</element>
	<element name="CS_PERFORMANCE_LEVEL">
		<fm:action name="general" xmlns:fm="http://www.hyfinity.com/formmaker">
			<xform_xpath>/mvc:eForm/mvc:Data/FORM_DATA/DOCUMENT/GENERAL/CS_PERFORMANCE_LEVEL</xform_xpath>
		</fm:action>
		<transform_xpath>/mvc:eForm/mvc:Data/FORM_DATA/DOCUMENT/GENERAL/CS_PERFORMANCE_LEVEL</transform_xpath>
		<description />
	</element>
	<element name="CS_SR_ID">
		<fm:action name="general" xmlns:fm="http://www.hyfinity.com/formmaker">
			<xform_xpath>/mvc:eForm/mvc:Data/FORM_DATA/DOCUMENT/GENERAL/CS_SR_ID</xform_xpath>
		</fm:action>
		<transform_xpath>/mvc:eForm/mvc:Data/FORM_DATA/DOCUMENT/GENERAL/CS_SR_ID</transform_xpath>
		<repeat_xpath>/mvc:eForm/mvc:Data/lookup/record[LTYPE='OccupationalSeries']</repeat_xpath>
		<value_xpath>NAME</value_xpath>
		<text_xpath>LABEL</text_xpath>
		<description />
	</element>
	<group name="pos_condition_grid" />
	<element name="PD_INCUMBENCY">
		<fm:action name="general" xmlns:fm="http://www.hyfinity.com/formmaker">
			<xform_xpath>/mvc:eForm/mvc:Data/FORM_DATA/DOCUMENT/GENERAL/POS_INFORMATION/PD_INCUMBENCY</xform_xpath>
		</fm:action>
		<transform_xpath>/mvc:eForm/mvc:Data/FORM_DATA/DOCUMENT/GENERAL/POS_INFORMATION/PD_INCUMBENCY</transform_xpath>
		<description />
	</element>
	<group name="payplan_series_group" />
	<group name="loc_org_grid" />
	<group name="postype_group" />
	<group name="incumbency_group" />
	<group name="pos_detail_group" />
	<group name="remark_group" />
	<group name="pca_group" />
	<group name="pdp_group" />
	<element name="CS_ADMIN_CD">
		<fm:action name="general" xmlns:fm="http://www.hyfinity.com/formmaker">
			<xform_xpath>/mvc:eForm/mvc:Data/FORM_DATA/DOCUMENT/GENERAL/CS_ADMIN_CD</xform_xpath>
		</fm:action>
		<transform_xpath>/mvc:eForm/mvc:Data/FORM_DATA/DOCUMENT/GENERAL/CS_ADMIN_CD</transform_xpath>
		<description />
	</element>
</xforms>
