<?xml version="1.0" encoding="UTF-8"?>
<fm:structure xmlns:fm="http://www.hyfinity.com/formmaker">
	<form_details xmlns="http://www.hyfinity.com/formmaker">
		<error_highlight_method alert="false" as_you_type="true" validation_mode="all">bubble</error_highlight_method>
		<hint_display_method>tooltip</hint_display_method>
		<top_level_message class="topLevelMessage" required="false" style="" />
		<mark_mandatory class="mandatory" location="after_label" required="true" style=""> * </mark_mandatory>
		<description>Enter a description.</description>
		<page_background_style class="" style="" />
		<page_content_style class="" style="" />
		<page_events>
			<events>
				<event id="onbeforeload">
					<action id="FunctionCall">
						<param name="Function" option="Static" value="require" />
						<param name="Parameters" option="Script" value="[&quot;dijit/form/CurrencyTextBox&quot;]" />
					</action>
				</event>
			</events>
		</page_events>
	</form_details>
	<fm:group border_styling="false" compatability="false" fieldset="false" gen_method="layout" hide="false" label_position="left" name="group_panel_tab_info" submit_if_hidden="true">
		<label class="label" options="static" position="outside_group" position_override="top" required="false" style="" type="static" value="Layout Group" xmlns="http://www.hyfinity.com/formmaker">
			<container class="groupLabelBackground" options="static" style="">
				<content_alignment distribution="vertical" />
			</container>
		</label>
		<style class="" options="static" style="" xmlns="http://www.hyfinity.com/formmaker" />
		<fm:content_alignment distribution="vertical" halign="left" valign="top" />
		<fm:sizing height="fit_to_content" width="fully_expand" />
		<fm:palette_ref control="Layout Group" />
		<fm:custom name="custom_control_2" type="custom">
			<fm:code>
				<div class="controlRow" xmlns="">
					<span class="labelBackground labelControl expandWidth">
						<label class="label require-field-note" id="lbl_panel_tab_info" tabindex="0">All fields marked with an asterisk are required</label>
					</span>
				</div>
			</fm:code>
			<fm:description>Enter a description.</fm:description>
			<fm:palette_ref control="Custom" />
		</fm:custom>
	</fm:group>
	<fm:custom name="custom_control_reason" type="custom">
		<fm:code>
			<div class="controlRow" xmlns="">
				<span id="panel_mssage_header" style="font-weight:bold;with:90%;word-wrap:break-word;"></span>
			</div>
		</fm:code>
		<fm:description>Enter a description.</fm:description>
		<palette_ref control="Custom" xmlns="http://www.hyfinity.com/formmaker" />
	</fm:custom>
	<fm:group border_styling="false" compatability="false" fieldset="false" gen_method="layout" hide="false" label_position="left" name="group_panel_dates" submit_if_hidden="true">
		<label class="label" options="static" position="outside_group" position_override="top" required="false" style="" type="static" value="Layout Group" xmlns="http://www.hyfinity.com/formmaker">
			<container class="groupLabelBackground" options="static" style="">
				<content_alignment distribution="vertical" />
			</container>
		</label>
		<style class="" options="static" style="" xmlns="http://www.hyfinity.com/formmaker" />
		<fm:content_alignment distribution="horizontal" halign="left" valign="top" />
		<fm:sizing height="fit_to_content" width="fully_expand" />
		<fm:palette_ref control="Layout Group" />
		<fm:element disable="false" disable_method="read_only" generate="true" hide="false" name="panelDateOfMeeting">
			<field xmlns="http://www.hyfinity.com/formmaker">
				<input options="dynamic" size="10">text</input>
				<style class="defaultBackground dateControl" options="static" style="" />
				<element_style class="textbox calendar_mask" options="static" style="" />
				<date_picker class="datePickerIcon" content="" required="true" type="normal" />
				<label class="label" options="static" position_override="top" required="true" style="" type="static" value="Date of Meeting">
					<container class="labelBackground labelControl" options="static">
						<content_alignment halign="left" valign="middle" />
						<sizing width="custom" />
					</container>
				</label>
				<container>
					<sizing width="custom" />
				</container>
			</field>
			<constraints validate="true" xmlns="http://www.hyfinity.com/formmaker">
				<type>date</type>
				<required>true</required>
				<fm:enumeration use_for_output="false" />
			</constraints>
			<error xmlns="http://www.hyfinity.com/formmaker">
				<hint class="hintIcon" style="" use="false">Enter a hint here.</hint>
				<server class="errorIcon" retain="false" style="" use="false" />
			</error>
			<data_formats xmlns="http://www.hyfinity.com/formmaker">
				<date data="yyyy-MM-dd" display="MM/dd/yyyy" />
			</data_formats>
			<fm:palette_ref control="Date" />
			<fm:events />
			<accessibility xmlns="http://www.hyfinity.com/formmaker">
				<alt>Click the calendar icon to select a date or type the date as mm/dd/yyyy</alt>
			</accessibility>
			<custom_attributes xmlns="http://www.hyfinity.com/formmaker">
				<attribute name="maxlength" type="custom" value="10" />
			</custom_attributes>
		</fm:element>
		<fm:custom name="spacer_47" type="spacer">
			<fm:code>
				<div style="height: 21px; width: 20px;" xmlns=""></div>
			</fm:code>
			<fm:description>Enter a description.</fm:description>
			<palette_ref control="Spacer" xmlns="http://www.hyfinity.com/formmaker" />
		</fm:custom>
		<fm:element disable="false" disable_method="read_only" generate="true" hide="false" name="panelDateOfRecommendation">
			<field xmlns="http://www.hyfinity.com/formmaker">
				<input options="dynamic" size="10">text</input>
				<style class="defaultBackground dateControl" options="static" style="" />
				<element_style class="textbox calendar_mask" options="static" style="" />
				<date_picker class="datePickerIcon" content="" required="true" type="normal" />
				<label class="label" options="static" position_override="top" required="true" style="" type="static" value="Date of Recommendation">
					<container class="labelBackground labelControl" options="static">
						<content_alignment halign="left" valign="middle" />
						<sizing width="custom" />
					</container>
				</label>
				<container>
					<sizing width="custom" />
				</container>
			</field>
			<constraints validate="true" xmlns="http://www.hyfinity.com/formmaker">
				<type>date</type>
				<required>true</required>
				<fm:enumeration use_for_output="false" />
			</constraints>
			<error xmlns="http://www.hyfinity.com/formmaker">
				<hint class="hintIcon" style="" use="false">Enter a hint here.</hint>
				<server class="errorIcon" retain="false" style="" use="false" />
			</error>
			<data_formats xmlns="http://www.hyfinity.com/formmaker">
				<date data="yyyy-MM-dd" display="MM/dd/yyyy" />
			</data_formats>
			<fm:palette_ref control="Date" />
			<fm:events />
			<accessibility xmlns="http://www.hyfinity.com/formmaker">
				<alt>Click the calendar icon to select a date or type the date as mm/dd/yyyy</alt>
			</accessibility>
		</fm:element>
	</fm:group>
	<fm:group border_styling="false" compatability="false" fieldset="false" gen_method="layout" hide="false" label_position="top" name="group_panelMember" submit_if_hidden="true">
		<label class="label" options="static" position="outside_group" position_override="top" required="false" style="" type="static" value="Panels" xmlns="http://www.hyfinity.com/formmaker">
			<container class="groupLabelBackground" options="static" style="">
				<content_alignment distribution="vertical" halign="left" valign="middle" />
				<sizing height="custom" width="fully_expand" />
			</container>
		</label>
		<style class="borderedGroup borderedGroup2" options="static" style="padding-top : 10px; padding-right : 10px; padding-bottom : 10px; padding-left : 10px;" xmlns="http://www.hyfinity.com/formmaker" />
		<fm:content_alignment distribution="vertical" halign="left" valign="top" />
		<fm:sizing height="fit_to_content" width="fully_expand" />
		<fm:palette_ref control="Bordered Group" />
		<fm:group border_styling="false" compatability="false" fieldset="false" gen_method="layout" hide="false" label_position="top" name="panel_selection_group" submit_if_hidden="true">
			<label class="label" options="static" position="outside_group" position_override="top" required="false" style="" type="static" value="Layout Group" xmlns="http://www.hyfinity.com/formmaker">
				<container class="groupLabelBackground" options="static" style="">
					<content_alignment distribution="vertical" />
				</container>
			</label>
			<style class="" options="static" style="background-color : #ebebeb; padding-top : 10px; padding-right : 10px; padding-bottom : 10px; padding-left : 10px; border-top-left-radius : 5 px; border-top-right-radius : 5 px; border-bottom-right-radius : 5 px; border-bottom-left-radius : 5 px;" xmlns="http://www.hyfinity.com/formmaker" />
			<fm:content_alignment distribution="horizontal" halign="left" valign="middle" wrap="true" />
			<fm:sizing height="fit_to_content" width="fully_expand" />
			<palette_ref control="Layout Group" xmlns="http://www.hyfinity.com/formmaker" />
			<fm:element disable="false" disable_method="read_only" generate="true" hide="false" name="panelMemberNameSearch">
				<field xmlns="http://www.hyfinity.com/formmaker">
					<input options="static">text</input>
					<style class="defaultBackground textboxControl" options="static" style="" />
					<element_style class="textbox" options="static" style="width: 200px;" />
					<date_picker class="datePickerIcon" content="" required="false" type="normal" />
					<label class="label" options="static" position_override="top" required="true" style="" type="static" value="Search a Panel Member">
						<container class="labelBackground labelControl" options="static">
							<sizing width="custom" />
						</container>
					</label>
					<container />
				</field>
				<constraints validate="true" xmlns="http://www.hyfinity.com/formmaker">
					<type>string</type>
					<required>false</required>
					<enumeration use_for_output="false">
						<include value="empInfo">Employee Info</include>
					</enumeration>
				</constraints>
				<error xmlns="http://www.hyfinity.com/formmaker">
					<hint class="hintIcon" style="" use="false">Enter a hint here.</hint>
					<server class="errorIcon" retain="false" style="" use="false" />
				</error>
				<palette_ref control="Text Box" xmlns="http://www.hyfinity.com/formmaker" />
				<accessibility xmlns="http://www.hyfinity.com/formmaker">
					<alt>Start typing the name of the panel and select it from the typeahead.</alt>
				</accessibility>
				<custom_attributes xmlns="http://www.hyfinity.com/formmaker">
					<attribute name="panelSearchField" type="custom" value="true" />
					<attribute name="placeholder" type="custom" value="Type name or email to search" />
				</custom_attributes>
			</fm:element>
			<fm:custom name="spacer_42" type="spacer">
				<fm:code>
					<div style="height: 21px; width: 20px;" xmlns=""></div>
				</fm:code>
				<fm:description>Enter a description.</fm:description>
				<palette_ref control="Spacer" xmlns="http://www.hyfinity.com/formmaker" />
			</fm:custom>
			<fm:element disable="false" disable_method="read_only" generate="true" hide="false" name="selectedPanelNameComponent">
				<field xmlns="http://www.hyfinity.com/formmaker">
					<input options="dynamic">text</input>
					<style class="defaultBackground textboxControl" options="static" style="" />
					<element_style class="textbox" options="static" style="width: 550px;" />
					<date_picker class="datePickerIcon" content="" required="false" type="normal" />
					<label class="label" options="static" required="true" style="" type="static" value="Name / Component">
						<container class="labelBackground labelControl" options="static" />
					</label>
					<container />
				</field>
				<constraints validate="true" xmlns="http://www.hyfinity.com/formmaker">
					<type>string</type>
					<required>false</required>
					<enumeration use_for_output="false" />
				</constraints>
				<error xmlns="http://www.hyfinity.com/formmaker">
					<hint class="hintIcon" style="" use="false">Enter a hint here.</hint>
					<server class="errorIcon" retain="false" style="" use="false" />
				</error>
				<palette_ref control="Text Box" xmlns="http://www.hyfinity.com/formmaker" />
				<disable method="read_only" required="true" xmlns="http://www.hyfinity.com/formmaker">
					<check id="field_value_condition">
						<param name="FieldToCheck" option="Static" value="1" />
						<param name="Comparison" option="==" />
						<param name="CheckValue" option="Static" value="1" />
					</check>
				</disable>
				<custom_attributes xmlns="http://www.hyfinity.com/formmaker">
					<attribute name="panelSearchField" type="custom" value="true" />
				</custom_attributes>
				<accessibility xmlns="http://www.hyfinity.com/formmaker">
					<alt>Selected panel name and component</alt>
				</accessibility>
			</fm:element>
			<fm:custom name="spacer_43" type="spacer">
				<fm:code>
					<div style="height: 21px; width: 20px;" xmlns=""></div>
				</fm:code>
				<fm:description>Enter a description.</fm:description>
				<palette_ref control="Spacer" xmlns="http://www.hyfinity.com/formmaker" />
			</fm:custom>
			<fm:element disable="false" disable_method="disabled" generate="true" hide="false" name="selectedPanelRole">
				<field xmlns="http://www.hyfinity.com/formmaker">
					<input dropdown_default="Select One" options="static">select</input>
					<style class="defaultBackground selectControl" options="static" style="" />
					<element_style class="select" options="static" style="width : 140px;" />
					<date_picker class="" content="" required="false" type="normal" />
					<label class="label" options="static" position_override="top" required="true" style="" type="static" value="Panel Role">
						<container class="labelBackground labelControl" options="static" />
					</label>
					<container />
				</field>
				<constraints validate="true" xmlns="http://www.hyfinity.com/formmaker">
					<type>string</type>
					<required>false</required>
					<enumeration use_for_output="false">
						<include value="Chair">Chair</include>
						<include value="Member">Member</include>
						<include value="Alternate">Alternate</include>
					</enumeration>
				</constraints>
				<error xmlns="http://www.hyfinity.com/formmaker">
					<hint class="hintIcon" style="" use="false">Enter a hint here.</hint>
					<server class="errorIcon" retain="false" style="" use="false" />
				</error>
				<palette_ref control="Select Box" xmlns="http://www.hyfinity.com/formmaker" />
				<accessibility xmlns="http://www.hyfinity.com/formmaker">
					<alt>Click to select the panel member's role</alt>
				</accessibility>
				<custom_attributes xmlns="http://www.hyfinity.com/formmaker">
					<attribute name="panelSearchField" type="custom" value="true" />
				</custom_attributes>
			</fm:element>
			<fm:custom name="spacer_44" type="spacer">
				<fm:code>
					<div style="height: 21px; width: 20px;" xmlns=""></div>
				</fm:code>
				<fm:description>Enter a description.</fm:description>
				<palette_ref control="Spacer" xmlns="http://www.hyfinity.com/formmaker" />
			</fm:custom>
			<fm:element disable="false" disable_method="disabled" generate="true" hide="false" name="selectedPanelVotingStatus">
				<field xmlns="http://www.hyfinity.com/formmaker">
					<input dropdown_default="Select One" options="static">select</input>
					<style class="defaultBackground selectControl" options="static" style="" />
					<element_style class="select" options="static" style="width : 140px;" />
					<date_picker class="" content="" required="false" type="normal" />
					<label class="label" options="static" position_override="top" required="true" style="" type="static" value="Voting Status">
						<container class="labelBackground labelControl" options="static" />
					</label>
					<container />
				</field>
				<constraints validate="true" xmlns="http://www.hyfinity.com/formmaker">
					<type>string</type>
					<required>false</required>
					<enumeration use_for_output="false">
						<include value="Voting">Voting</include>
						<include value="Non-voting">Non-voting</include>
					</enumeration>
				</constraints>
				<error xmlns="http://www.hyfinity.com/formmaker">
					<hint class="hintIcon" style="" use="false">Enter a hint here.</hint>
					<server class="errorIcon" retain="false" style="" use="false" />
				</error>
				<palette_ref control="Select Box" xmlns="http://www.hyfinity.com/formmaker" />
				<accessibility xmlns="http://www.hyfinity.com/formmaker">
					<alt>Click to select the panel member voting status</alt>
				</accessibility>
				<custom_attributes xmlns="http://www.hyfinity.com/formmaker">
					<attribute name="panelSearchField" type="custom" value="true" />
				</custom_attributes>
			</fm:element>
			<fm:custom name="spacer_45" type="spacer">
				<fm:code>
					<div style="height: 21px; width: 20px;" xmlns=""></div>
				</fm:code>
				<fm:description>Enter a description.</fm:description>
				<palette_ref control="Spacer" xmlns="http://www.hyfinity.com/formmaker" />
			</fm:custom>
			<fm:element disable="false" disable_method="disabled" generate="true" hide="false" name="selectedPanelRecommendedCompensation">
				<field xmlns="http://www.hyfinity.com/formmaker">
					<input dropdown_default="Select One" options="static">select</input>
					<style class="defaultBackground selectControl" options="static" style="" />
					<element_style class="select" options="static" style="width : 330px;" />
					<date_picker class="" content="" required="false" type="normal" />
					<label class="label" options="static" position_override="top" required="true" style="" type="static" value="Panel Recommended Compensation">
						<container class="labelBackground labelControl" options="static" />
					</label>
					<container />
				</field>
				<constraints validate="true" xmlns="http://www.hyfinity.com/formmaker">
					<type>string</type>
					<required>false</required>
					<enumeration use_for_output="false">
						<include value="Concurrence w/ Panel Recommended Compensation">Concurrence w/ Panel Recommended Compensation</include>
						<include value="Non-concurrence w/ Panel Recommended Compensation">Non-concurrence w/ Panel Recommended Compensation</include>
					</enumeration>
				</constraints>
				<error xmlns="http://www.hyfinity.com/formmaker">
					<hint class="hintIcon" style="" use="false">Enter a hint here.</hint>
					<server class="errorIcon" retain="false" style="" use="false" />
				</error>
				<palette_ref control="Select Box" xmlns="http://www.hyfinity.com/formmaker" />
				<accessibility xmlns="http://www.hyfinity.com/formmaker">
					<alt>Click to indicate recommended compensation when enabled</alt>
				</accessibility>
				<custom_attributes xmlns="http://www.hyfinity.com/formmaker">
					<attribute name="panelSearchField" type="custom" value="true" />
				</custom_attributes>
			</fm:element>
			<fm:custom name="spacer_46" type="spacer">
				<fm:code>
					<div style="height: 21px; width: 20px;" xmlns=""></div>
				</fm:code>
				<fm:description>Enter a description.</fm:description>
				<palette_ref control="Spacer" xmlns="http://www.hyfinity.com/formmaker" />
			</fm:custom>
			<fm:element disable="false" disable_method="disabled" generate="true" hide="false" name="button_AddPanel">
				<field xmlns="http://www.hyfinity.com/formmaker">
					<input caption="Add Member" options="static">htmlButton</input>
					<style class="defaultBackground buttonControl" options="static" style="" />
					<element_style class="button" options="static" style="" />
					<date_picker class="" content="" required="false" type="normal" />
					<label class="label" options="static" position_override="top" required="true" style="display:block;color:white;" type="static" value=".">
						<container class="labelBackground labelControl" options="static" />
					</label>
					<container />
				</field>
				<constraints validate="false" xmlns="http://www.hyfinity.com/formmaker">
					<type>string</type>
					<required>false</required>
					<enumeration use_for_output="false" />
				</constraints>
				<error xmlns="http://www.hyfinity.com/formmaker">
					<hint class="hintIcon" style="" use="false">Enter a hint here.</hint>
					<server class="errorIcon" retain="false" style="" use="false" />
				</error>
				<palette_ref control="Button (Standard)" xmlns="http://www.hyfinity.com/formmaker" />
				<disable required="true" xmlns="http://www.hyfinity.com/formmaker">
					<check id="field_value_condition">
						<param name="FieldToCheck" option="Static" value="1" />
						<param name="Comparison" option="==" />
						<param name="CheckValue" option="Static" value="1" />
					</check>
				</disable>
				<accessibility xmlns="http://www.hyfinity.com/formmaker">
					<alt>Click to add panel member information</alt>
				</accessibility>
			</fm:element>
		</fm:group>
		<fm:element disable="false" disable_method="read_only" generate="true" hide="false" name="selectedPanelMemberName">
			<field xmlns="http://www.hyfinity.com/formmaker">
				<input options="dynamic">hidden</input>
				<style class="hide" options="static" style="" />
				<element_style class="hide" options="static" style="" />
				<date_picker class="" content="" required="false" type="normal" />
				<fm:label class="hide" options="static" required="false" style="" type="static" value="Panel Member Name">
					<fm:container class="hide" options="static" style="" />
				</fm:label>
				<container />
			</field>
			<constraints validate="false" xmlns="http://www.hyfinity.com/formmaker">
				<type>string</type>
				<required>false</required>
				<enumeration use_for_output="false" />
			</constraints>
			<error xmlns="http://www.hyfinity.com/formmaker">
				<hint class="hintIcon" style="" use="false">Enter a hint here.</hint>
				<server class="errorIcon" retain="false" style="" use="false" />
			</error>
			<palette_ref control="Hidden" xmlns="http://www.hyfinity.com/formmaker" />
		</fm:element>
		<fm:element disable="false" disable_method="read_only" generate="true" hide="false" name="selectedPanelComponent">
			<fm:field>
				<fm:input options="dynamic">hidden</fm:input>
				<fm:label class="hide" options="static" required="false" style="" type="static" value="Panel Component">
					<fm:container class="hide" options="static" style="" />
				</fm:label>
				<fm:style class="hide" options="static" style="" />
				<fm:element_style class="hide" options="static" style="" />
				<fm:disabled_style class="disabled" options="static" style="" />
				<date_picker class="" content="" popup="false" required="false" type="normal" xmlns="http://www.hyfinity.com/formmaker" />
				<container xmlns="http://www.hyfinity.com/formmaker" />
			</fm:field>
			<fm:constraints validate="false">
				<type xmlns="http://www.hyfinity.com/formmaker">string</type>
				<enumeration use_for_output="false" xmlns="http://www.hyfinity.com/formmaker" />
				<required xmlns="http://www.hyfinity.com/formmaker">false</required>
			</fm:constraints>
			<fm:error create_container="false">
				<hint class="hintIcon" style="" use="false" xmlns="http://www.hyfinity.com/formmaker">Enter a hint here.</hint>
				<server class="errorIcon" retain="false" style="" use="false" xmlns="http://www.hyfinity.com/formmaker" />
			</fm:error>
			<palette_ref control="Hidden" xmlns="http://www.hyfinity.com/formmaker" />
		</fm:element>
		<fm:element disable="false" disable_method="read_only" generate="true" hide="false" name="selectedPanelHHSID">
			<fm:field>
				<fm:input options="dynamic">hidden</fm:input>
				<fm:label class="hide" options="static" required="false" style="" type="static" value="Panel HHSID">
					<fm:container class="hide" options="static" style="" />
				</fm:label>
				<fm:style class="hide" options="static" style="" />
				<fm:element_style class="hide" options="static" style="" />
				<fm:disabled_style class="disabled" options="static" style="" />
				<date_picker class="" content="" popup="false" required="false" type="normal" xmlns="http://www.hyfinity.com/formmaker" />
				<container xmlns="http://www.hyfinity.com/formmaker" />
			</fm:field>
			<fm:constraints validate="false">
				<type xmlns="http://www.hyfinity.com/formmaker">string</type>
				<enumeration use_for_output="false" xmlns="http://www.hyfinity.com/formmaker" />
				<required xmlns="http://www.hyfinity.com/formmaker">false</required>
			</fm:constraints>
			<fm:error create_container="false">
				<hint class="hintIcon" style="" use="false" xmlns="http://www.hyfinity.com/formmaker">Enter a hint here.</hint>
				<server class="errorIcon" retain="false" style="" use="false" xmlns="http://www.hyfinity.com/formmaker" />
			</fm:error>
			<palette_ref control="Hidden" xmlns="http://www.hyfinity.com/formmaker" />
		</fm:element>
		<fm:element disable="false" disable_method="read_only" generate="true" hide="false" name="selectedPanelAdminCode">
			<fm:field>
				<fm:input options="dynamic">hidden</fm:input>
				<fm:label class="hide" options="static" required="false" style="" type="static" value="Panel Admin Code">
					<fm:container class="hide" options="static" style="" />
				</fm:label>
				<fm:style class="hide" options="static" style="" />
				<fm:element_style class="hide" options="static" style="" />
				<fm:disabled_style class="disabled" options="static" style="" />
				<date_picker class="" content="" popup="false" required="false" type="normal" xmlns="http://www.hyfinity.com/formmaker" />
				<container xmlns="http://www.hyfinity.com/formmaker" />
			</fm:field>
			<fm:constraints validate="false">
				<type xmlns="http://www.hyfinity.com/formmaker">string</type>
				<enumeration use_for_output="false" xmlns="http://www.hyfinity.com/formmaker" />
				<required xmlns="http://www.hyfinity.com/formmaker">false</required>
			</fm:constraints>
			<fm:error create_container="false">
				<hint class="hintIcon" style="" use="false" xmlns="http://www.hyfinity.com/formmaker">Enter a hint here.</hint>
				<server class="errorIcon" retain="false" style="" use="false" xmlns="http://www.hyfinity.com/formmaker" />
			</fm:error>
			<palette_ref control="Hidden" xmlns="http://www.hyfinity.com/formmaker" />
		</fm:element>
		<fm:element disable="false" disable_method="read_only" generate="true" hide="false" name="selectedPanelEmail">
			<field xmlns="http://www.hyfinity.com/formmaker">
				<input options="dynamic">hidden</input>
				<style class="hide" options="static" style="" />
				<element_style class="hide" options="static" style="" />
				<date_picker class="" content="" required="false" type="normal" />
				<fm:label class="hide" options="static" required="false" style="" type="static" value="Panel Email">
					<fm:container class="hide" options="static" style="" />
				</fm:label>
				<container />
			</field>
			<constraints validate="false" xmlns="http://www.hyfinity.com/formmaker">
				<type>string</type>
				<required>false</required>
				<enumeration use_for_output="false" />
			</constraints>
			<error xmlns="http://www.hyfinity.com/formmaker">
				<hint class="hintIcon" style="" use="false">Enter a hint here.</hint>
				<server class="errorIcon" retain="false" style="" use="false" />
			</error>
			<palette_ref control="Hidden" xmlns="http://www.hyfinity.com/formmaker" />
		</fm:element>
		<fm:group border_styling="false" compatability="false" fieldset="false" gen_method="layout" hide="false" label_position="left" name="selected_panels_group" submit_if_hidden="true">
			<label class="label" options="static" position="outside_group" position_override="top" required="false" style="" type="static" value="Layout Group" xmlns="http://www.hyfinity.com/formmaker">
				<container class="groupLabelBackground" options="static" style="">
					<content_alignment distribution="vertical" />
				</container>
			</label>
			<style class="" options="static" style="" xmlns="http://www.hyfinity.com/formmaker" />
			<fm:content_alignment distribution="vertical" halign="left" valign="top" />
			<fm:sizing height="custom" width="fully_expand" />
			<palette_ref control="Layout Group" xmlns="http://www.hyfinity.com/formmaker" />
			<fm:custom name="custom_control" type="custom">
				<fm:code>
					<div class="customControl borderedGroup" id="pdpPanelBox" xmlns="">
						<table class="table table-striped table-hover table-condensed margin-no" id="pdpPanelTable" style="width:100%">
							<tr class="table-header groupLabelBackground">
								<th class="groupLabelBackground labelControl">
									<span class="label">Name</span>
								</th>
								<th class="groupLabelBackground labelControl">
									<span class="label">Component</span>
								</th>
								<th class="groupLabelBackground labelControl">
									<span class="label">Panel Role</span>
								</th>
								<th class="groupLabelBackground labelControl">
									<span class="label">Voting Status</span>
								</th>
								<th class="groupLabelBackground labelControl">
									<span class="label">Panel Recommended Compensation</span>
								</th>
								<th class="groupLabelBackground labelControl" style="text-align:center;width:80px;" />
							</tr>
							<tr style="display:none;">
								<td colspan="6" />
							</tr>
							<tr id="pdpPanelTableNoRecordRow">
								<td align="center" colspan="6">
									<span style="color:red" tabindex="0">No record found. Please add a panel member.</span>
								</td>
							</tr>
						</table>
					</div>
				</fm:code>
				<fm:description>Enter a description.</fm:description>
				<fm:palette_ref control="Custom" />
			</fm:custom>
		</fm:group>
		<fm:custom name="spacer_3" type="spacer">
			<fm:code>
				<div style="height: 21px; width: 150px;" xmlns=""></div>
			</fm:code>
			<fm:description>Enter a description.</fm:description>
			<palette_ref control="Spacer" xmlns="http://www.hyfinity.com/formmaker" />
		</fm:custom>
		<fm:group border_styling="false" compatability="false" fieldset="false" gen_method="layout" hide="false" label_position="left" name="panelQuorumReached_group" submit_if_hidden="true">
			<label class="label" options="static" position="outside_group" position_override="top" required="false" style="" type="static" value="Layout Group" xmlns="http://www.hyfinity.com/formmaker">
				<container class="groupLabelBackground" options="static" style="">
					<content_alignment distribution="vertical" />
				</container>
			</label>
			<style class="" options="static" style="" xmlns="http://www.hyfinity.com/formmaker" />
			<fm:content_alignment distribution="vertical" halign="center" valign="top" />
			<fm:sizing height="fit_to_content" width="fully_expand" />
			<palette_ref control="Layout Group" xmlns="http://www.hyfinity.com/formmaker" />
			<fm:element disable="false" disable_method="disabled" generate="true" hide="false" name="selectPanelQuorumReached">
				<field xmlns="http://www.hyfinity.com/formmaker">
					<input dropdown_default="Select One" options="static">select</input>
					<style class="defaultBackground selectControl" options="static" style="" />
					<element_style class="select  " options="static" style="width : 200px;" />
					<date_picker class="" content="" required="false" type="normal" />
					<label class="label wrapText" options="static" position_override="left" required="true" style="width : 200px;" type="static" value="Quorum Reached (0 Voting Members)">
						<container class="labelBackground labelControl" options="static" />
					</label>
					<container />
				</field>
				<constraints validate="true" xmlns="http://www.hyfinity.com/formmaker">
					<type>string</type>
					<required>false</required>
					<enumeration use_for_output="false">
						<include value="Y">Yes</include>
						<include value="N">No</include>
					</enumeration>
				</constraints>
				<error xmlns="http://www.hyfinity.com/formmaker">
					<hint class="hintIcon" style="" use="false">Enter a hint here.</hint>
					<server class="errorIcon" retain="false" style="" use="false" />
				</error>
				<palette_ref control="Select Box" xmlns="http://www.hyfinity.com/formmaker" />
				<accessibility xmlns="http://www.hyfinity.com/formmaker">
					<alt>Click to indicate whether a quorum has been reached</alt>
				</accessibility>
			</fm:element>
		</fm:group>
	</fm:group>
	<fm:custom name="spacer_4" type="spacer">
		<fm:code>
			<div style="height: 21px; width: 150px;" xmlns=""></div>
		</fm:code>
		<fm:description>Enter a description.</fm:description>
		<palette_ref control="Spacer" xmlns="http://www.hyfinity.com/formmaker" />
	</fm:custom>
	<fm:group border_styling="false" compatability="false" fieldset="false" gen_method="layout" hide="false" label_position="top" name="group_panel_amounts" submit_if_hidden="true">
		<label class="label wrapText" options="static" position="outside_group" position_override="top" required="true" style="" type="static" value="In addition to the physician’s base salary (not including locality pay), the panel recommends that the physician’s total compensation include the following:" xmlns="http://www.hyfinity.com/formmaker">
			<container class="groupLabelBackground" options="static" style="">
				<content_alignment distribution="vertical" />
			</container>
		</label>
		<style class="" options="static" style="" xmlns="http://www.hyfinity.com/formmaker" />
		<fm:content_alignment distribution="vertical" halign="left" valign="top" />
		<fm:sizing height="fit_to_content" width="fully_expand" />
		<palette_ref control="Layout Group" xmlns="http://www.hyfinity.com/formmaker" />
		<fm:group border_styling="false" compatability="false" fieldset="false" gen_method="layout" hide="false" label_position="left" name="layout_group_6" submit_if_hidden="true">
			<label class="label" options="static" position="outside_group" position_override="top" required="false" style="" type="static" value="Layout Group" xmlns="http://www.hyfinity.com/formmaker">
				<container class="groupLabelBackground" options="static" style="">
					<content_alignment distribution="vertical" />
				</container>
			</label>
			<style class="" options="static" style="" xmlns="http://www.hyfinity.com/formmaker" />
			<fm:content_alignment distribution="vertical" halign="left" valign="top" wrap="true" />
			<fm:sizing height="fit_to_content" width="fully_expand" />
			<fm:palette_ref control="Layout Group" />
			<fm:custom name="custom_control_3" type="custom">
				<fm:code>
					<span style="font-weight:bold;display:none;with:90%;word-wrap:break-word;" xmlns="">
In addition to the physician’s base salary (not including locality pay), 
the panel recommends that the physician’s total compensation include the following:
</span>
				</fm:code>
				<fm:description>Enter a description.</fm:description>
				<palette_ref control="Custom" xmlns="http://www.hyfinity.com/formmaker" />
			</fm:custom>
		</fm:group>
		<fm:custom name="spacer_5" type="spacer">
			<fm:code>
				<div style="height: 21px; width: 150px;" xmlns=""></div>
			</fm:code>
			<fm:description>Enter a description.</fm:description>
			<palette_ref control="Spacer" xmlns="http://www.hyfinity.com/formmaker" />
		</fm:custom>
		<fm:group border_styling="false" compatability="false" fieldset="false" gen_method="grid" hide="false" label_position="left" name="group_panel_salaries" submit_if_hidden="true">
			<label class="label" options="static" position="outside_group" position_override="top" required="false" style="" type="static" value="Layout Grid" xmlns="http://www.hyfinity.com/formmaker">
				<container class="groupLabelBackground" options="static" style="">
					<content_alignment distribution="vertical" />
				</container>
			</label>
			<style class="" options="static" style="" xmlns="http://www.hyfinity.com/formmaker" />
			<grid_structure cols="3" rows="3" xmlns="http://www.hyfinity.com/formmaker">
				<grid_component col="1" name="checkPanelCurrentSalary" row="1" />
				<grid_component col="2" name="panelCurrentSalaryGP" row="1" />
				<grid_component col="1" name="checkPanelPDPAmount" row="2" />
				<grid_component col="2" name="panelPDPAmount" row="2" />
				<grid_component col="1" name="panelRecommendedAnnualSalary_lbl" row="3" />
				<grid_component col="2" name="panelRecommendedAnnualSalary" row="3" />
			</grid_structure>
			<fm:content_alignment distribution="vertical" halign="left" valign="top" />
			<fm:sizing height="fit_to_content" width="fully_expand" />
			<palette_ref control="Layout Grid" xmlns="http://www.hyfinity.com/formmaker" />
			<fm:element disable="false" disable_method="disabled" generate="true" hide="false" name="checkPanelCurrentSalary">
				<field xmlns="http://www.hyfinity.com/formmaker">
					<input caption="true" options="static" unchecked_value="false">checkbox</input>
					<style class="defaultBackground checkboxControl" options="static" style="width : 30px;" />
					<element_style class="checkbox" options="static" style="" />
					<date_picker class="" content="" required="false" type="normal" />
					<label class="label" options="static" position_override="right" required="true" style="" type="static" value="Current Salary -GP-">
						<container class="labelBackground labelControl" options="static" style="width : 250px;">
							<content_alignment halign="right" valign="middle" />
							<sizing width="custom" />
						</container>
					</label>
					<container>
						<sizing width="custom" />
					</container>
				</field>
				<constraints validate="true" xmlns="http://www.hyfinity.com/formmaker">
					<type>string</type>
					<required>false</required>
					<enumeration use_for_output="false" />
				</constraints>
				<error xmlns="http://www.hyfinity.com/formmaker">
					<hint class="hintIcon" style="" use="false">Enter a hint here.</hint>
					<server class="errorIcon" retain="false" style="" use="false" />
				</error>
				<palette_ref control="Checkbox" xmlns="http://www.hyfinity.com/formmaker" />
				<accessibility xmlns="http://www.hyfinity.com/formmaker">
					<alt>Check the checkbox to type an amount Current Salary -GP-</alt>
				</accessibility>
			</fm:element>
			<fm:element disable="false" disable_method="read_only" generate="true" hide="false" name="panelCurrentSalaryGP">
				<field xmlns="http://www.hyfinity.com/formmaker">
					<input options="static" size="16">text</input>
					<style class="defaultBackground currencyControl" options="static" style="" />
					<element_style class="textbox currency_mask" options="static" style="" />
					<date_picker class="datePickerIcon" content="" required="false" type="normal" />
					<label class="label" options="static" required="false" style="" type="static" value="Edit">
						<container class="labelBackground labelControl" options="static" />
					</label>
					<container>
						<content_alignment halign="left" valign="middle" />
					</container>
				</field>
				<constraints validate="true" xmlns="http://www.hyfinity.com/formmaker">
					<type>number</type>
					<required>false</required>
					<enumeration use_for_output="false" />
				</constraints>
				<error xmlns="http://www.hyfinity.com/formmaker">
					<hint class="hintIcon" style="" use="false">Enter a hint here.</hint>
					<server class="errorIcon" retain="false" style="" use="false" />
				</error>
				<custom_attributes xmlns="http://www.hyfinity.com/formmaker">
					<attribute name="data-dojo-type" type="custom" value="dijit.form.CurrencyTextBox" />
					<attribute name="data-dojo-props" type="custom" value="currency:&quot;USD&quot;" />
				</custom_attributes>
				<palette_ref control="Amount (Currency)" xmlns="http://www.hyfinity.com/formmaker" />
				<disable method="read_only" required="false" xmlns="http://www.hyfinity.com/formmaker">
					<check id="field_value_condition">
						<param name="FieldToCheck" option="PageField" value="checkCurrentSalary" />
						<param name="Comparison" option="==" />
						<param name="CheckValue" option="Static" value="false" />
					</check>
				</disable>
				<accessibility xmlns="http://www.hyfinity.com/formmaker">
					<alt>Type an amount of Current Salary -GP-</alt>
				</accessibility>
			</fm:element>
			<fm:element disable="false" disable_method="disabled" generate="true" hide="false" name="checkPanelPDPAmount">
				<field xmlns="http://www.hyfinity.com/formmaker">
					<input caption="true" options="static" unchecked_value="false">checkbox</input>
					<style class="defaultBackground checkboxControl" options="static" style="" />
					<element_style class="checkbox" options="static" style="" />
					<date_picker class="" content="" required="false" type="normal" />
					<label class="label" options="static" position_override="right" required="true" style="" type="static" value="PDP in the amount of">
						<container class="labelBackground labelControl" options="static" style="width : 250px;">
							<content_alignment halign="right" valign="middle" />
							<sizing width="custom" />
						</container>
					</label>
					<container>
						<sizing width="custom" />
					</container>
				</field>
				<constraints validate="true" xmlns="http://www.hyfinity.com/formmaker">
					<type>string</type>
					<required>false</required>
					<enumeration use_for_output="false" />
				</constraints>
				<error xmlns="http://www.hyfinity.com/formmaker">
					<hint class="hintIcon" style="" use="false">Enter a hint here.</hint>
					<server class="errorIcon" retain="false" style="" use="false" />
				</error>
				<palette_ref control="Checkbox" xmlns="http://www.hyfinity.com/formmaker" />
				<accessibility xmlns="http://www.hyfinity.com/formmaker">
					<alt>Check the checkbox to type an amount PDP in the amount of</alt>
				</accessibility>
			</fm:element>
			<fm:element disable="false" disable_method="read_only" generate="true" hide="false" name="panelPDPAmount">
				<field xmlns="http://www.hyfinity.com/formmaker">
					<input options="static" size="16">text</input>
					<style class="defaultBackground currencyControl" options="static" style="" />
					<element_style class="textbox currency_mask" options="static" style="" />
					<date_picker class="datePickerIcon" content="" required="false" type="normal" />
					<label class="label" options="static" required="false" style="" type="static" value="Edit">
						<container class="labelBackground labelControl" options="static" />
					</label>
					<container />
				</field>
				<constraints validate="true" xmlns="http://www.hyfinity.com/formmaker">
					<type>number</type>
					<required>false</required>
					<enumeration use_for_output="false" />
				</constraints>
				<error xmlns="http://www.hyfinity.com/formmaker">
					<hint class="hintIcon" style="" use="false">Enter a hint here.</hint>
					<server class="errorIcon" retain="false" style="" use="false" />
				</error>
				<custom_attributes xmlns="http://www.hyfinity.com/formmaker">
					<attribute name="data-dojo-type" type="custom" value="dijit.form.CurrencyTextBox" />
					<attribute name="data-dojo-props" type="custom" value="currency:&quot;USD&quot;" />
				</custom_attributes>
				<palette_ref control="Amount (Currency)" xmlns="http://www.hyfinity.com/formmaker" />
				<disable method="read_only" required="false" xmlns="http://www.hyfinity.com/formmaker">
					<check id="field_value_condition">
						<param name="FieldToCheck" option="PageField" value="checkPDPAmount" />
						<param name="Comparison" option="==" />
						<param name="CheckValue" option="Static" value="false" />
					</check>
				</disable>
				<accessibility xmlns="http://www.hyfinity.com/formmaker">
					<alt>Type an amount of PDP in the amount of</alt>
				</accessibility>
			</fm:element>
			<fm:element disable="false" disable_method="read_only" generate="true" hide="false" name="panelRecommendedAnnualSalary_lbl">
				<field xmlns="http://www.hyfinity.com/formmaker">
					<input caption="Panel’s Recommended Annual Salary" options="static">output</input>
					<style class="defaultBackground outputControl" options="static" style="" />
					<element_style class="output hide" options="static" style="" />
					<date_picker class="datePickerIcon" content="" required="false" type="normal" />
					<label class="label" options="static" position_override="right" required="true" style="" type="static" value="Panel’s Recommended Annual Salary">
						<container class="labelBackground labelControl" options="static" style="width : 250px;">
							<content_alignment halign="right" valign="middle" />
							<sizing width="custom" />
						</container>
					</label>
					<container>
						<sizing width="custom" />
					</container>
				</field>
				<constraints validate="false" xmlns="http://www.hyfinity.com/formmaker">
					<type>number</type>
					<required>false</required>
					<enumeration use_for_output="false" />
				</constraints>
				<error xmlns="http://www.hyfinity.com/formmaker">
					<hint class="hintIcon" style="" use="false">Enter a hint here.</hint>
					<server class="errorIcon" retain="false" style="" use="false" />
				</error>
				<palette_ref control="Output" xmlns="http://www.hyfinity.com/formmaker" />
				<disable method="read_only" required="false" xmlns="http://www.hyfinity.com/formmaker">
					<check id="field_value_condition">
						<param name="FieldToCheck" option="Static" value="1" />
						<param name="Comparison" option="==" />
						<param name="CheckValue" option="Static" value="1" />
					</check>
				</disable>
			</fm:element>
			<fm:element disable="false" disable_method="read_only" generate="true" hide="false" name="panelRecommendedAnnualSalary">
				<field xmlns="http://www.hyfinity.com/formmaker">
					<input options="static" size="16">text</input>
					<style class="defaultBackground currencyControl" options="static" style="" />
					<element_style class="textbox currency_mask" options="static" style="" />
					<date_picker class="datePickerIcon" content="" required="false" type="normal" />
					<label class="label" options="static" position_override="left" required="false" style="" type="static" value="Panel’s Recommended Annual Salary">
						<container class="labelBackground labelControl" options="static" />
					</label>
					<container />
				</field>
				<constraints validate="true" xmlns="http://www.hyfinity.com/formmaker">
					<type>number</type>
					<required>false</required>
					<enumeration use_for_output="false" />
				</constraints>
				<error xmlns="http://www.hyfinity.com/formmaker">
					<hint class="hintIcon" style="" use="false">Enter a hint here.</hint>
					<server class="errorIcon" retain="false" style="" use="false" />
				</error>
				<custom_attributes xmlns="http://www.hyfinity.com/formmaker">
					<attribute name="data-dojo-type" type="custom" value="dijit.form.CurrencyTextBox" />
					<attribute name="data-dojo-props" type="custom" value="currency:&quot;USD&quot;" />
				</custom_attributes>
				<palette_ref control="Amount (Currency)" xmlns="http://www.hyfinity.com/formmaker" />
				<disable method="read_only" required="true" xmlns="http://www.hyfinity.com/formmaker">
					<check id="field_value_condition">
						<param name="FieldToCheck" option="Static" value="1" />
						<param name="Comparison" option="==" />
						<param name="CheckValue" option="Static" value="1" />
					</check>
				</disable>
			</fm:element>
		</fm:group>
		<fm:group border_styling="false" compatability="false" fieldset="false" gen_method="layout" hide="false" label_position="left" name="layout_group_8" submit_if_hidden="true">
			<label class="label" options="static" position="outside_group" position_override="top" required="false" style="" type="static" value="Layout Group" xmlns="http://www.hyfinity.com/formmaker">
				<container class="groupLabelBackground" options="static" style="" />
			</label>
			<style class="" options="static" style="" xmlns="http://www.hyfinity.com/formmaker" />
			<fm:content_alignment distribution="horizontal" halign="left" valign="top" />
			<fm:sizing height="fit_to_content" width="fully_expand" />
			<palette_ref control="Layout Group" xmlns="http://www.hyfinity.com/formmaker" />
		</fm:group>
		<fm:group border_styling="false" compatability="false" fieldset="false" gen_method="layout" hide="false" label_position="left" name="layout_group_9" submit_if_hidden="true">
			<label class="label" options="static" position="outside_group" position_override="top" required="false" style="" type="static" value="Layout Group" xmlns="http://www.hyfinity.com/formmaker">
				<container class="groupLabelBackground" options="static" style="">
					<content_alignment distribution="vertical" />
				</container>
			</label>
			<style class="" options="static" style="" xmlns="http://www.hyfinity.com/formmaker" />
			<fm:content_alignment distribution="horizontal" halign="left" valign="top" />
			<fm:sizing height="fit_to_content" width="fully_expand" />
			<palette_ref control="Layout Group" xmlns="http://www.hyfinity.com/formmaker" />
		</fm:group>
		<fm:custom name="spacer_6" type="spacer">
			<fm:code>
				<div style="height: 21px; width: 150px;" xmlns=""></div>
			</fm:code>
			<fm:description>Enter a description.</fm:description>
			<palette_ref control="Spacer" xmlns="http://www.hyfinity.com/formmaker" />
		</fm:custom>
		<fm:group border_styling="false" compatability="false" fieldset="false" gen_method="layout" hide="false" label_position="left" name="layout_group_7" submit_if_hidden="true">
			<label class="label" options="static" position="outside_group" position_override="top" required="false" style="" type="static" value="Layout Group" xmlns="http://www.hyfinity.com/formmaker">
				<container class="groupLabelBackground" options="static" style="" />
			</label>
			<style class="" options="static" style="" xmlns="http://www.hyfinity.com/formmaker" />
			<fm:content_alignment distribution="vertical" halign="left" valign="top" />
			<fm:sizing height="fit_to_content" width="fully_expand" />
			<palette_ref control="Layout Group" xmlns="http://www.hyfinity.com/formmaker" />
		</fm:group>
	</fm:group>
</fm:structure>
