<?xml version="1.0" encoding="UTF-8"?>
<fm:structure xmlns:fm="http://www.hyfinity.com/formmaker">
	<form_details xmlns="http://www.hyfinity.com/formmaker">
		<error_highlight_method alert="false" as_you_type="true" validation_mode="all">bubble</error_highlight_method>
		<hint_display_method>tooltip</hint_display_method>
		<top_level_message class="topLevelMessage" required="false" style="" />
		<mark_mandatory class="mandatory" location="after_label" required="true" style=""> * </mark_mandatory>
		<description>Enter a description.</description>
		<page_background_style class="" style="" />
		<page_content_style class="" style="" />
	</form_details>
	<fm:group border_styling="false" compatability="false" fieldset="false" gen_method="layout" hide="false" label_position="left" name="layout_group_4" submit_if_hidden="true">
		<fm:label class="label" options="static" position="outside_group" position_override="top" required="false" style="" type="static" value="Layout Group">
			<fm:container class="groupLabelBackground" options="static" style="" />
		</fm:label>
		<style class="" options="static" style="" xmlns="http://www.hyfinity.com/formmaker" />
		<fm:content_alignment distribution="vertical" halign="left" valign="top" />
		<fm:sizing height="fit_to_content" width="fully_expand" />
		<fm:palette_ref control="Layout Group" />
		<fm:custom name="custom_control_2" type="custom">
			<fm:code>
				<div class="controlRow" xmlns="">
					<span class="labelBackground labelControl expandWidth">
						<label class="label require-field-note" tabindex="0">All fields marked with an asterisk are required</label>
					</span>
				</div>
			</fm:code>
			<fm:description>Enter a description.</fm:description>
			<fm:palette_ref control="Custom" />
		</fm:custom>
	</fm:group>
	<fm:group border_styling="false" compatability="false" fieldset="false" gen_method="layout" hide="false" label_position="left" name="layout_group_1" submit_if_hidden="true">
		<label class="label" options="static" position="outside_group" position_override="top" required="false" style="" type="static" value="Layout Group" xmlns="http://www.hyfinity.com/formmaker">
			<container class="groupLabelBackground" options="static" style="">
				<content_alignment distribution="vertical" />
			</container>
		</label>
		<style class="" options="static" style="" xmlns="http://www.hyfinity.com/formmaker" />
		<fm:content_alignment distribution="horizontal" halign="left" valign="top" />
		<fm:sizing height="fit_to_content" width="fully_expand" />
		<fm:palette_ref control="Layout Group" />
		<fm:element disable="false" disable_method="read_only" generate="true" hide="false" name="panelDateOfMeeting">
			<field xmlns="http://www.hyfinity.com/formmaker">
				<input options="dynamic" size="10">text</input>
				<style class="defaultBackground dateControl" options="static" style="" />
				<element_style class="textbox" options="static" style="" />
				<date_picker class="datePickerIcon" content="" required="true" type="normal" />
				<label class="label" options="static" position_override="top" required="true" style="" type="static" value="Date of Meeting">
					<container class="labelBackground labelControl" options="static">
						<content_alignment halign="left" valign="middle" />
						<sizing width="custom" />
					</container>
				</label>
				<container>
					<sizing width="custom" />
				</container>
			</field>
			<constraints validate="true" xmlns="http://www.hyfinity.com/formmaker">
				<type>date</type>
				<required>false</required>
				<fm:enumeration use_for_output="false" />
			</constraints>
			<error xmlns="http://www.hyfinity.com/formmaker">
				<hint class="hintIcon" style="" use="false">Enter a hint here.</hint>
				<server class="errorIcon" retain="false" style="" use="false" />
			</error>
			<data_formats xmlns="http://www.hyfinity.com/formmaker">
				<date data="yyyy-MM-dd" display="MM/dd/yyyy" />
			</data_formats>
			<fm:palette_ref control="Date" />
			<fm:events />
			<accessibility xmlns="http://www.hyfinity.com/formmaker">
				<alt>Click the calendar icon to select a date or type the date as mm/dd/yyyy.</alt>
			</accessibility>
		</fm:element>
	</fm:group>
	<fm:custom name="spacer_2" type="spacer">
		<fm:code>
			<div style="height: 21px; width: 150px;" xmlns=""></div>
		</fm:code>
		<fm:description>Enter a description.</fm:description>
		<palette_ref control="Spacer" xmlns="http://www.hyfinity.com/formmaker" />
	</fm:custom>
	<fm:group border_styling="false" compatability="false" fieldset="false" gen_method="layout" hide="false" label_position="left" name="layout_group" submit_if_hidden="true">
		<label class="label" options="static" position="outside_group" position_override="top" required="false" style="" type="static" value="Layout Group" xmlns="http://www.hyfinity.com/formmaker">
			<container class="groupLabelBackground" options="static" style="" />
		</label>
		<style class="" options="static" style="" xmlns="http://www.hyfinity.com/formmaker" />
		<fm:content_alignment distribution="horizontal" halign="left" valign="bottom" />
		<fm:sizing height="fit_to_content" width="fully_expand" />
		<palette_ref control="Layout Group" xmlns="http://www.hyfinity.com/formmaker" />
		<fm:element disable="false" disable_method="read_only" generate="true" hide="false" name="panelMemberName">
			<field xmlns="http://www.hyfinity.com/formmaker">
				<input options="dynamic">text</input>
				<style class="defaultBackground textboxControl" options="static" style="" />
				<element_style class="textbox" options="static" style="width : 180px;" />
				<date_picker class="datePickerIcon" content="" required="false" type="normal" />
				<label class="label" options="static" position_override="top" required="true" style="" type="static" value="Panel Member Name">
					<container class="labelBackground labelControl" options="static" />
				</label>
				<container />
			</field>
			<constraints validate="true" xmlns="http://www.hyfinity.com/formmaker">
				<type>string</type>
				<required>false</required>
				<enumeration use_for_output="false" />
			</constraints>
			<error xmlns="http://www.hyfinity.com/formmaker">
				<hint class="hintIcon" style="" use="false">Enter a hint here.</hint>
				<server class="errorIcon" retain="false" style="" use="false" />
			</error>
			<palette_ref control="Text Box" xmlns="http://www.hyfinity.com/formmaker" />
		</fm:element>
		<fm:custom name="spacer_42" type="spacer">
			<fm:code>
				<div style="height: 21px; width: 20px;" xmlns=""></div>
			</fm:code>
			<fm:description>Enter a description.</fm:description>
			<palette_ref control="Spacer" xmlns="http://www.hyfinity.com/formmaker" />
		</fm:custom>
		<fm:element disable="false" disable_method="disabled" generate="true" hide="false" name="selectComponent">
			<field xmlns="http://www.hyfinity.com/formmaker">
				<input dropdown_default="Select One" options="static">select</input>
				<style class="defaultBackground selectControl" options="static" style="" />
				<element_style class="select" options="static" style="width : 300px;" />
				<date_picker class="" content="" required="false" type="normal" />
				<label class="label" options="static" position_override="top" required="true" style="" type="static" value="Component">
					<container class="labelBackground labelControl" options="static" />
				</label>
				<container />
			</field>
			<constraints validate="true" xmlns="http://www.hyfinity.com/formmaker">
				<type>string</type>
				<required>false</required>
				<enumeration use_for_output="false" />
			</constraints>
			<error xmlns="http://www.hyfinity.com/formmaker">
				<hint class="hintIcon" style="" use="false">Enter a hint here.</hint>
				<server class="errorIcon" retain="false" style="" use="false" />
			</error>
			<palette_ref control="Select Box" xmlns="http://www.hyfinity.com/formmaker" />
		</fm:element>
		<fm:custom name="spacer_43" type="spacer">
			<fm:code>
				<div style="height: 21px; width: 20px;" xmlns=""></div>
			</fm:code>
			<fm:description>Enter a description.</fm:description>
			<palette_ref control="Spacer" xmlns="http://www.hyfinity.com/formmaker" />
		</fm:custom>
		<fm:element disable="false" disable_method="disabled" generate="true" hide="false" name="selectPanelRole">
			<field xmlns="http://www.hyfinity.com/formmaker">
				<input dropdown_default="Select One" options="static">select</input>
				<style class="defaultBackground selectControl" options="static" style="" />
				<element_style class="select" options="static" style="width : 185px;" />
				<date_picker class="" content="" required="false" type="normal" />
				<label class="label" options="static" position_override="top" required="true" style="" type="static" value="Panel Role">
					<container class="labelBackground labelControl" options="static" />
				</label>
				<container />
			</field>
			<constraints validate="true" xmlns="http://www.hyfinity.com/formmaker">
				<type>string</type>
				<required>false</required>
				<enumeration use_for_output="false" />
			</constraints>
			<error xmlns="http://www.hyfinity.com/formmaker">
				<hint class="hintIcon" style="" use="false">Enter a hint here.</hint>
				<server class="errorIcon" retain="false" style="" use="false" />
			</error>
			<palette_ref control="Select Box" xmlns="http://www.hyfinity.com/formmaker" />
		</fm:element>
		<fm:custom name="spacer_44" type="spacer">
			<fm:code>
				<div style="height: 21px; width: 20px;" xmlns=""></div>
			</fm:code>
			<fm:description>Enter a description.</fm:description>
			<palette_ref control="Spacer" xmlns="http://www.hyfinity.com/formmaker" />
		</fm:custom>
		<fm:element disable="false" disable_method="disabled" generate="true" hide="false" name="selectVotingStatus">
			<field xmlns="http://www.hyfinity.com/formmaker">
				<input dropdown_default="Select One" options="static">select</input>
				<style class="defaultBackground selectControl" options="static" style="" />
				<element_style class="select" options="static" style="width : 185px;" />
				<date_picker class="" content="" required="false" type="normal" />
				<label class="label" options="static" position_override="top" required="true" style="" type="static" value="Voting Status">
					<container class="labelBackground labelControl" options="static" />
				</label>
				<container />
			</field>
			<constraints validate="true" xmlns="http://www.hyfinity.com/formmaker">
				<type>string</type>
				<required>false</required>
				<enumeration use_for_output="false" />
			</constraints>
			<error xmlns="http://www.hyfinity.com/formmaker">
				<hint class="hintIcon" style="" use="false">Enter a hint here.</hint>
				<server class="errorIcon" retain="false" style="" use="false" />
			</error>
			<palette_ref control="Select Box" xmlns="http://www.hyfinity.com/formmaker" />
		</fm:element>
		<fm:custom name="spacer_45" type="spacer">
			<fm:code>
				<div style="height: 21px; width: 20px;" xmlns=""></div>
			</fm:code>
			<fm:description>Enter a description.</fm:description>
			<palette_ref control="Spacer" xmlns="http://www.hyfinity.com/formmaker" />
		</fm:custom>
		<fm:element disable="false" disable_method="disabled" generate="true" hide="false" name="selectPanelRecommendedCompensation">
			<field xmlns="http://www.hyfinity.com/formmaker">
				<input dropdown_default="Select One" options="static">select</input>
				<style class="defaultBackground selectControl" options="static" style="" />
				<element_style class="select" options="static" style="width : 330px;" />
				<date_picker class="" content="" required="false" type="normal" />
				<label class="label" options="static" position_override="top" required="true" style="" type="static" value="Panel Recommended Compensation">
					<container class="labelBackground labelControl" options="static" />
				</label>
				<container />
			</field>
			<constraints validate="true" xmlns="http://www.hyfinity.com/formmaker">
				<type>string</type>
				<required>false</required>
				<enumeration use_for_output="false" />
			</constraints>
			<error xmlns="http://www.hyfinity.com/formmaker">
				<hint class="hintIcon" style="" use="false">Enter a hint here.</hint>
				<server class="errorIcon" retain="false" style="" use="false" />
			</error>
			<palette_ref control="Select Box" xmlns="http://www.hyfinity.com/formmaker" />
		</fm:element>
		<fm:custom name="spacer_46" type="spacer">
			<fm:code>
				<div style="height: 21px; width: 20px;" xmlns=""></div>
			</fm:code>
			<fm:description>Enter a description.</fm:description>
			<palette_ref control="Spacer" xmlns="http://www.hyfinity.com/formmaker" />
		</fm:custom>
		<fm:element disable="false" disable_method="disabled" generate="true" hide="false" name="addMemberBtn">
			<field xmlns="http://www.hyfinity.com/formmaker">
				<input caption="Add Member" options="static">htmlButton</input>
				<style class="defaultBackground buttonControl" options="static" style="" />
				<element_style class="button" options="static" style="" />
				<date_picker class="" content="" required="false" type="normal" />
				<label class="label" options="static" required="false" style="" type="static" value="Button Label">
					<container class="labelBackground labelControl" options="static" style="" />
				</label>
				<container />
			</field>
			<constraints validate="false" xmlns="http://www.hyfinity.com/formmaker">
				<type>string</type>
				<required>false</required>
				<enumeration use_for_output="false" />
			</constraints>
			<error xmlns="http://www.hyfinity.com/formmaker">
				<hint class="hintIcon" style="" use="false">Enter a hint here.</hint>
				<server class="errorIcon" retain="false" style="" use="false" />
			</error>
			<palette_ref control="Button (Standard)" xmlns="http://www.hyfinity.com/formmaker" />
		</fm:element>
	</fm:group>
	<fm:group border_styling="false" compatability="false" fieldset="false" gen_method="layout" hide="false" label_position="left" name="layout_group_2" submit_if_hidden="true">
		<label class="label" options="static" position="outside_group" position_override="top" required="false" style="" type="static" value="Layout Group" xmlns="http://www.hyfinity.com/formmaker">
			<container class="groupLabelBackground" options="static" style="" />
		</label>
		<style class="" options="static" style="" xmlns="http://www.hyfinity.com/formmaker" />
		<fm:content_alignment distribution="vertical" halign="left" valign="top" />
		<fm:sizing height="custom" width="fully_expand" />
		<palette_ref control="Layout Group" xmlns="http://www.hyfinity.com/formmaker" />
		<fm:group border_styling="false" compatability="false" conditional_display="false" control_field="" control_field_value="" fieldset="false" gen_method="container" hide="false" label_position="left" name="BasicTable_container_group" submit_if_hidden="true">
			<fm:repeat compatability="true" name="BasicTable">
				<vertical_scrolling num_rows="" required="false" xmlns="http://www.hyfinity.com/formmaker" />
				<column_styling alternate_styles="no" change_period="1" class1="firstColumn" class2="alternateColumn" style1="" style2="" xmlns="http://www.hyfinity.com/formmaker" />
				<row_styling alternate_styles="no" change_period="1" class1="firstRow" class2="alternateRow" style1="" style2="" xmlns="http://www.hyfinity.com/formmaker" />
				<style class="repeat wrapRowsOnPhone" options="static" style="" xmlns="http://www.hyfinity.com/formmaker" />
				<fm:group border_styling="false" compatability="true" conditional_display="false" control_field="" control_field_value="" fieldset="false" gen_method="table" hide="false" name="table_content" submit_if_hidden="true">
					<fm:element disable="false" disable_method="read_only" generate="true" hide="false" name="tablePanelMemberName">
						<field xmlns="http://www.hyfinity.com/formmaker">
							<input caption="Jane Doe" options="static">output</input>
							<style class="defaultBackground outputControl" options="static" style="" />
							<element_style class="output" options="static" style="" />
							<date_picker class="datePickerIcon" content="" required="false" type="normal" />
							<label class="label" options="static" required="true" style="width : 150px;" type="static" value="Name">
								<container class="labelBackground labelControl" options="static">
									<content_alignment halign="left" valign="middle" />
								</container>
							</label>
							<container />
						</field>
						<constraints validate="false" xmlns="http://www.hyfinity.com/formmaker">
							<type>string</type>
							<required>false</required>
							<enumeration use_for_output="false" />
						</constraints>
						<error xmlns="http://www.hyfinity.com/formmaker">
							<hint class="hintIcon" style="" use="false">Enter a hint here.</hint>
							<server class="errorIcon" retain="false" style="" use="false" />
						</error>
						<fm:palette_ref control="Output" />
					</fm:element>
					<fm:element disable="false" disable_method="read_only" generate="true" hide="false" name="tableComponent">
						<field xmlns="http://www.hyfinity.com/formmaker">
							<input caption="Chief Medical Officer CMS, Director CCSQ" options="static">output</input>
							<style class="defaultBackground outputControl" options="static" style="" />
							<element_style class="output" options="static" style="" />
							<date_picker class="datePickerIcon" content="" required="false" type="normal" />
							<label class="label" options="static" required="true" style="width : 300px;" type="static" value="Component">
								<container class="labelBackground labelControl" options="static">
									<content_alignment halign="left" valign="middle" />
								</container>
							</label>
							<container />
						</field>
						<constraints validate="false" xmlns="http://www.hyfinity.com/formmaker">
							<type>string</type>
							<required>false</required>
							<enumeration use_for_output="false" />
						</constraints>
						<error xmlns="http://www.hyfinity.com/formmaker">
							<hint class="hintIcon" style="" use="false">Enter a hint here.</hint>
							<server class="errorIcon" retain="false" style="" use="false" />
						</error>
						<fm:palette_ref control="Output" />
					</fm:element>
					<fm:element disable="false" disable_method="read_only" generate="true" hide="false" name="tablePanelRole">
						<field xmlns="http://www.hyfinity.com/formmaker">
							<input caption="PDP Chair" options="static">output</input>
							<style class="defaultBackground outputControl" options="static" style="" />
							<element_style class="output" options="static" style="" />
							<date_picker class="datePickerIcon" content="" required="false" type="normal" />
							<label class="label" options="static" required="true" style="width : 150px;" type="static" value="Panel Role">
								<container class="labelBackground labelControl" options="static" style="padding-right : 4px; padding-left : 4px;">
									<content_alignment halign="left" valign="middle" />
								</container>
							</label>
							<container />
						</field>
						<constraints validate="false" xmlns="http://www.hyfinity.com/formmaker">
							<type>string</type>
							<required>false</required>
							<enumeration use_for_output="false" />
						</constraints>
						<error xmlns="http://www.hyfinity.com/formmaker">
							<hint class="hintIcon" style="" use="false">Enter a hint here.</hint>
							<server class="errorIcon" retain="false" style="" use="false" />
						</error>
						<palette_ref control="Output" xmlns="http://www.hyfinity.com/formmaker" />
					</fm:element>
					<fm:element disable="false" disable_method="read_only" generate="true" hide="false" name="tableVotingStatus">
						<field xmlns="http://www.hyfinity.com/formmaker">
							<input caption="Voting Member" options="static">output</input>
							<style class="defaultBackground outputControl" options="static" style="" />
							<element_style class="output" options="static" style="" />
							<date_picker class="datePickerIcon" content="" required="false" type="normal" />
							<label class="label" options="static" required="true" style="width : 150px;" type="static" value="Voting Status">
								<container class="labelBackground labelControl" options="static">
									<content_alignment halign="left" valign="middle" />
								</container>
							</label>
							<container />
						</field>
						<constraints validate="false" xmlns="http://www.hyfinity.com/formmaker">
							<type>string</type>
							<required>false</required>
							<enumeration use_for_output="false" />
						</constraints>
						<error xmlns="http://www.hyfinity.com/formmaker">
							<hint class="hintIcon" style="" use="false">Enter a hint here.</hint>
							<server class="errorIcon" retain="false" style="" use="false" />
						</error>
						<palette_ref control="Output" xmlns="http://www.hyfinity.com/formmaker" />
					</fm:element>
					<fm:element disable="false" disable_method="read_only" generate="true" hide="false" name="tablePanelRecommendedCompensation">
						<field xmlns="http://www.hyfinity.com/formmaker">
							<input caption="Concur w/Panel Recommended Compensation" options="static">output</input>
							<style class="defaultBackground outputControl" options="static" style="" />
							<element_style class="output" options="static" style="" />
							<date_picker class="datePickerIcon" content="" required="false" type="normal" />
							<label class="label" options="static" required="true" style="width : 300px;" type="static" value="Panel Recommended Compensation">
								<container class="labelBackground labelControl" options="static">
									<content_alignment halign="left" valign="middle" />
								</container>
							</label>
							<container />
						</field>
						<constraints validate="false" xmlns="http://www.hyfinity.com/formmaker">
							<type>string</type>
							<required>false</required>
							<enumeration use_for_output="false" />
						</constraints>
						<error xmlns="http://www.hyfinity.com/formmaker">
							<hint class="hintIcon" style="" use="false">Enter a hint here.</hint>
							<server class="errorIcon" retain="false" style="" use="false" />
						</error>
						<palette_ref control="Output" xmlns="http://www.hyfinity.com/formmaker" />
					</fm:element>
					<fm:element disable="false" disable_method="disabled" generate="true" hide="false" name="tableDeleteBtn">
						<field xmlns="http://www.hyfinity.com/formmaker">
							<input caption="Delete" options="static">htmlButton</input>
							<style class="defaultBackground buttonControl" options="static" style="" />
							<element_style class="button" options="static" style="" />
							<date_picker class="" content="" required="false" type="normal" />
							<label class="label" options="static" required="false" style="" type="static" value="Button Label">
								<container class="labelBackground labelControl" options="static" />
							</label>
							<container />
						</field>
						<constraints validate="false" xmlns="http://www.hyfinity.com/formmaker">
							<type>string</type>
							<required>false</required>
							<enumeration use_for_output="false" />
						</constraints>
						<error xmlns="http://www.hyfinity.com/formmaker">
							<hint class="hintIcon" style="" use="false">Enter a hint here.</hint>
							<server class="errorIcon" retain="false" style="" use="false" />
						</error>
						<palette_ref control="Button (Standard)" xmlns="http://www.hyfinity.com/formmaker" />
					</fm:element>
					<label class="label" options="static" position="outside_group" position_override="top" required="false" style="" type="static" value="" xmlns="http://www.hyfinity.com/formmaker">
						<container class="groupLabelBackground" options="static" style="">
							<content_alignment distribution="vertical" halign="left" valign="middle" />
							<sizing height="custom" width="fully_expand" />
						</container>
					</label>
					<style class="repeatRow" options="static" style="" xmlns="http://www.hyfinity.com/formmaker" />
				</fm:group>
				<description xmlns="http://www.hyfinity.com/formmaker">Enter a description.</description>
			</fm:repeat>
			<label class="label" options="static" position="inside_group" position_override="top" required="true" style="" type="static" value="" xmlns="http://www.hyfinity.com/formmaker">
				<container class="groupLabelBackground" options="static" style="background-color : #ffffff;">
					<content_alignment distribution="vertical" halign="left" valign="middle" />
					<sizing height="custom" width="fully_expand" />
				</container>
			</label>
			<style class="basicTableContainer" options="static" style="" xmlns="http://www.hyfinity.com/formmaker" />
			<content_alignment distribution="vertical" halign="left" valign="top" xmlns="http://www.hyfinity.com/formmaker" />
			<sizing height="fit_to_content" width="fully_expand" xmlns="http://www.hyfinity.com/formmaker" />
			<palette_ref control="Basic Table" xmlns="http://www.hyfinity.com/formmaker" />
		</fm:group>
	</fm:group>
	<fm:custom name="spacer_3" type="spacer">
		<fm:code>
			<div style="height: 21px; width: 150px;" xmlns=""></div>
		</fm:code>
		<fm:description>Enter a description.</fm:description>
		<palette_ref control="Spacer" xmlns="http://www.hyfinity.com/formmaker" />
	</fm:custom>
	<fm:group border_styling="false" compatability="false" fieldset="false" gen_method="layout" hide="false" label_position="left" name="layout_group_3" submit_if_hidden="true">
		<label class="label" options="static" position="outside_group" position_override="top" required="false" style="" type="static" value="Layout Group" xmlns="http://www.hyfinity.com/formmaker">
			<container class="groupLabelBackground" options="static" style="" />
		</label>
		<style class="" options="static" style="" xmlns="http://www.hyfinity.com/formmaker" />
		<fm:content_alignment distribution="vertical" halign="center" valign="top" />
		<fm:sizing height="fit_to_content" width="fully_expand" />
		<palette_ref control="Layout Group" xmlns="http://www.hyfinity.com/formmaker" />
		<fm:element disable="false" disable_method="disabled" generate="true" hide="false" name="selectQuorumReached">
			<field xmlns="http://www.hyfinity.com/formmaker">
				<input dropdown_default="Select One" options="static">select</input>
				<style class="defaultBackground selectControl" options="static" style="" />
				<element_style class="select" options="static" style="width : 200px;" />
				<date_picker class="" content="" required="false" type="normal" />
				<label class="label wrapText" options="static" position_override="left" required="true" style="width : 140px;" type="static" value="Quorum Reached (3 Voting Members)">
					<container class="labelBackground labelControl" options="static" />
				</label>
				<container />
			</field>
			<constraints validate="true" xmlns="http://www.hyfinity.com/formmaker">
				<type>string</type>
				<required>false</required>
				<enumeration use_for_output="false">
					<include value="Yes">Yes</include>
					<include value="No">No</include>
				</enumeration>
			</constraints>
			<error xmlns="http://www.hyfinity.com/formmaker">
				<hint class="hintIcon" style="" use="false">Enter a hint here.</hint>
				<server class="errorIcon" retain="false" style="" use="false" />
			</error>
			<palette_ref control="Select Box" xmlns="http://www.hyfinity.com/formmaker" />
		</fm:element>
	</fm:group>
	<fm:custom name="spacer_4" type="spacer">
		<fm:code>
			<div style="height: 21px; width: 150px;" xmlns=""></div>
		</fm:code>
		<fm:description>Enter a description.</fm:description>
		<palette_ref control="Spacer" xmlns="http://www.hyfinity.com/formmaker" />
	</fm:custom>
	<fm:group border_styling="false" compatability="false" fieldset="false" gen_method="layout" hide="false" label_position="left" name="layout_group_5" submit_if_hidden="true">
		<label class="label" options="static" position="outside_group" position_override="top" required="false" style="" type="static" value="Layout Group" xmlns="http://www.hyfinity.com/formmaker">
			<container class="groupLabelBackground" options="static" style="" />
		</label>
		<style class="" options="static" style="" xmlns="http://www.hyfinity.com/formmaker" />
		<fm:content_alignment distribution="vertical" halign="left" valign="top" />
		<fm:sizing height="fit_to_content" width="fully_expand" />
		<palette_ref control="Layout Group" xmlns="http://www.hyfinity.com/formmaker" />
		<fm:group border_styling="false" compatability="false" fieldset="false" gen_method="layout" hide="false" label_position="left" name="layout_group_6" submit_if_hidden="true">
			<fm:label class="label" options="static" position="outside_group" position_override="top" required="false" style="" type="static" value="Layout Group">
				<fm:container class="groupLabelBackground" options="static" style="" />
			</fm:label>
			<style class="" options="static" style="" xmlns="http://www.hyfinity.com/formmaker" />
			<fm:content_alignment distribution="vertical" halign="left" valign="top" />
			<fm:sizing height="fit_to_content" width="fully_expand" />
			<fm:palette_ref control="Layout Group" />
			<fm:custom name="custom_control_3" type="custom">
				<fm:code>
					<div class="controlRow" xmlns="">
						<span class="labelBackground labelControl expandWidth">
							<label class="label require-field-note" tabindex="0">In addition to the physician’s base salary (not including locality pay), the panel
recommends that the physician’s total compensation include the following:</label>
						</span>
					</div>
				</fm:code>
				<fm:description>Enter a description.</fm:description>
				<fm:palette_ref control="Custom" />
			</fm:custom>
		</fm:group>
		<fm:custom name="spacer_5" type="spacer">
			<fm:code>
				<div style="height: 21px; width: 150px;" xmlns=""></div>
			</fm:code>
			<fm:description>Enter a description.</fm:description>
			<palette_ref control="Spacer" xmlns="http://www.hyfinity.com/formmaker" />
		</fm:custom>
		<fm:group border_styling="false" compatability="false" fieldset="false" gen_method="layout" hide="false" label_position="left" name="layout_group_8" submit_if_hidden="true">
			<label class="label" options="static" position="outside_group" position_override="top" required="false" style="" type="static" value="Layout Group" xmlns="http://www.hyfinity.com/formmaker">
				<container class="groupLabelBackground" options="static" style="" />
			</label>
			<style class="" options="static" style="" xmlns="http://www.hyfinity.com/formmaker" />
			<fm:content_alignment distribution="horizontal" halign="left" valign="top" />
			<fm:sizing height="fit_to_content" width="fully_expand" />
			<palette_ref control="Layout Group" xmlns="http://www.hyfinity.com/formmaker" />
			<fm:element disable="false" disable_method="disabled" generate="true" hide="false" name="checkCurrentSalary">
				<field xmlns="http://www.hyfinity.com/formmaker">
					<input caption="true" options="static" unchecked_value="false">checkbox</input>
					<style class="defaultBackground checkboxControl" options="static" style="" />
					<element_style class="checkbox" options="static" style="" />
					<date_picker class="" content="" required="false" type="normal" />
					<label class="label" options="static" position_override="right" required="true" style="width: 230px;" type="static" value="Current Salary - GP">
						<container class="labelBackground labelControl" options="static">
							<content_alignment halign="left" valign="middle" />
						</container>
					</label>
					<container />
				</field>
				<constraints validate="true" xmlns="http://www.hyfinity.com/formmaker">
					<type>string</type>
					<required>false</required>
					<enumeration use_for_output="false" />
				</constraints>
				<error xmlns="http://www.hyfinity.com/formmaker">
					<hint class="hintIcon" style="" use="false">Enter a hint here.</hint>
					<server class="errorIcon" retain="false" style="" use="false" />
				</error>
				<palette_ref control="Checkbox" xmlns="http://www.hyfinity.com/formmaker" />
			</fm:element>
			<fm:element disable="false" disable_method="read_only" generate="true" hide="false" name="currentSalary">
				<field xmlns="http://www.hyfinity.com/formmaker">
					<input options="dynamic">text</input>
					<style class="defaultBackground textboxControl" options="static" style="" />
					<element_style class="textbox" options="static" style="" />
					<date_picker class="datePickerIcon" content="" required="false" type="normal" />
					<label class="label" options="static" required="false" style="" type="static" value="Edit">
						<container class="labelBackground labelControl" options="static" style="" />
					</label>
					<container />
				</field>
				<constraints validate="true" xmlns="http://www.hyfinity.com/formmaker">
					<type>string</type>
					<required>false</required>
					<enumeration use_for_output="false" />
				</constraints>
				<error xmlns="http://www.hyfinity.com/formmaker">
					<hint class="hintIcon" style="" use="false">Enter a hint here.</hint>
					<server class="errorIcon" retain="false" style="" use="false" />
				</error>
				<palette_ref control="Text Box" xmlns="http://www.hyfinity.com/formmaker" />
				<disable method="read_only" required="false" xmlns="http://www.hyfinity.com/formmaker">
					<check id="field_value_condition">
						<param name="FieldToCheck" option="PageField" value="checkCurrentSalary" />
						<param name="Comparison" option="==" />
						<param name="CheckValue" option="Static" value="false" />
					</check>
				</disable>
			</fm:element>
		</fm:group>
		<fm:group border_styling="false" compatability="false" fieldset="false" gen_method="layout" hide="false" label_position="left" name="layout_group_9" submit_if_hidden="true">
			<label class="label" options="static" position="outside_group" position_override="top" required="false" style="" type="static" value="Layout Group" xmlns="http://www.hyfinity.com/formmaker">
				<container class="groupLabelBackground" options="static" style="">
					<content_alignment distribution="vertical" />
				</container>
			</label>
			<style class="" options="static" style="" xmlns="http://www.hyfinity.com/formmaker" />
			<fm:content_alignment distribution="horizontal" halign="left" valign="top" />
			<fm:sizing height="fit_to_content" width="fully_expand" />
			<palette_ref control="Layout Group" xmlns="http://www.hyfinity.com/formmaker" />
			<fm:element disable="false" disable_method="disabled" generate="true" hide="false" name="checkPDPAmount">
				<field xmlns="http://www.hyfinity.com/formmaker">
					<input caption="true" options="static" unchecked_value="false">checkbox</input>
					<style class="defaultBackground checkboxControl" options="static" style="" />
					<element_style class="checkbox" options="static" style="" />
					<date_picker class="" content="" required="false" type="normal" />
					<label class="label" options="static" position_override="right" required="true" style="width: 230px;" type="static" value="PDP in the amount of">
						<container class="labelBackground labelControl" options="static">
							<content_alignment halign="left" valign="middle" />
						</container>
					</label>
					<container />
				</field>
				<constraints validate="true" xmlns="http://www.hyfinity.com/formmaker">
					<type>string</type>
					<required>false</required>
					<enumeration use_for_output="false" />
				</constraints>
				<error xmlns="http://www.hyfinity.com/formmaker">
					<hint class="hintIcon" style="" use="false">Enter a hint here.</hint>
					<server class="errorIcon" retain="false" style="" use="false" />
				</error>
				<palette_ref control="Checkbox" xmlns="http://www.hyfinity.com/formmaker" />
			</fm:element>
			<fm:element disable="false" disable_method="read_only" generate="true" hide="false" name="PDPAmount">
				<field xmlns="http://www.hyfinity.com/formmaker">
					<input options="dynamic">text</input>
					<style class="defaultBackground textboxControl" options="static" style="" />
					<element_style class="textbox" options="static" style="" />
					<date_picker class="datePickerIcon" content="" required="false" type="normal" />
					<label class="label" options="static" required="false" style="" type="static" value="Edit">
						<container class="labelBackground labelControl" options="static" style="" />
					</label>
					<container />
				</field>
				<constraints validate="true" xmlns="http://www.hyfinity.com/formmaker">
					<type>string</type>
					<required>false</required>
					<enumeration use_for_output="false" />
				</constraints>
				<error xmlns="http://www.hyfinity.com/formmaker">
					<hint class="hintIcon" style="" use="false">Enter a hint here.</hint>
					<server class="errorIcon" retain="false" style="" use="false" />
				</error>
				<palette_ref control="Text Box" xmlns="http://www.hyfinity.com/formmaker" />
				<disable method="read_only" required="false" xmlns="http://www.hyfinity.com/formmaker">
					<check id="field_value_condition">
						<param name="FieldToCheck" option="PageField" value="checkPDPAmount" />
						<param name="Comparison" option="==" />
						<param name="CheckValue" option="Static" value="false" />
					</check>
				</disable>
			</fm:element>
		</fm:group>
		<fm:custom name="spacer_6" type="spacer">
			<fm:code>
				<div style="height: 21px; width: 150px;" xmlns=""></div>
			</fm:code>
			<fm:description>Enter a description.</fm:description>
			<palette_ref control="Spacer" xmlns="http://www.hyfinity.com/formmaker" />
		</fm:custom>
		<fm:group border_styling="false" compatability="false" fieldset="false" gen_method="layout" hide="false" label_position="left" name="layout_group_7" submit_if_hidden="true">
			<label class="label" options="static" position="outside_group" position_override="top" required="false" style="" type="static" value="Layout Group" xmlns="http://www.hyfinity.com/formmaker">
				<container class="groupLabelBackground" options="static" style="" />
			</label>
			<style class="" options="static" style="" xmlns="http://www.hyfinity.com/formmaker" />
			<fm:content_alignment distribution="vertical" halign="left" valign="top" />
			<fm:sizing height="fit_to_content" width="fully_expand" />
			<palette_ref control="Layout Group" xmlns="http://www.hyfinity.com/formmaker" />
			<fm:element disable="false" disable_method="read_only" generate="true" hide="false" name="panelRecommendedAnnualSalary">
				<field xmlns="http://www.hyfinity.com/formmaker">
					<input options="dynamic">text</input>
					<style class="defaultBackground textboxControl" options="static" style="" />
					<element_style class="textbox" options="static" style="" />
					<date_picker class="datePickerIcon" content="" required="false" type="normal" />
					<label class="label" options="static" position_override="left" required="true" style="width: 261px;" type="static" value="Panel’s Recommended Annual Salary">
						<container class="labelBackground labelControl" options="static" />
					</label>
					<container />
				</field>
				<constraints validate="true" xmlns="http://www.hyfinity.com/formmaker">
					<type>string</type>
					<required>false</required>
					<enumeration use_for_output="false" />
				</constraints>
				<error xmlns="http://www.hyfinity.com/formmaker">
					<hint class="hintIcon" style="" use="false">Enter a hint here.</hint>
					<server class="errorIcon" retain="false" style="" use="false" />
				</error>
				<palette_ref control="Text Box" xmlns="http://www.hyfinity.com/formmaker" />
				<disable method="read_only" required="false" xmlns="http://www.hyfinity.com/formmaker">
					<check id="field_value_condition">
						<param name="FieldToCheck" option="Static" value="1" />
						<param name="Comparison" option="==" />
						<param name="CheckValue" option="Static" value="1" />
					</check>
				</disable>
			</fm:element>
		</fm:group>
	</fm:group>
</fm:structure>
