<?xml version="1.0" encoding="UTF-8"?>
<eForm xmlns="http://www.hyfinity.com/mvc" xmlns:mvc="http://www.hyfinity.com/mvc">
	<Control>
		<action />
		<Page />
		<Controller />
	</Control>
	<Data>
		<formData>
			<THRD_PRTY_HEARING_TIMING />
			<THRD_PRTY_APPEAL_TYPE />
			<THRD_PRTY_HEARING_REQUESTED />
			<THRD_PRTY_APPEAL_FILE_DT />
			<THRD_PRTY_ARBITRATOR_LAST_NAME />
			<THRD_PRTY_ARBITRATOR_FIRST_NAME />
			<THRD_PRTY_ARBITRATOR_EMAIL />
			<THRD_PRTY_ARBITRATOR_MIDDLE_NAME />
			<THRD_PRTY_ARBITRATOR_PHONE_NUMBER />
			<THRD_PRTY_ARBITRATOR_ORGANIZATION_AFFILIATION />
			<THRD_PRTY_ARBITRATOR_MAILING_ADDR />
			<THRD_PRTY_PREHEARING_DT />
			<THRD_PRTY_HEARING_DT />
			<THRD_PRTY_RESPONSE_TO_EXCEPTIONS_DUE />
			<THRD_PRTY_FINAL_FLRA_DECISION_DT />
			<THRD_PRTY_EXCEPTION_FILED />
			<THRD_PRTY_EXCEPTION_FILE_DT />
			<THRD_PRTY_FINAL_ARBITRATOR_DECISION_DT />
			<THRD_PRTY_PREHEARING_DT_SC />
			<THRD_PRTY_HEARING_DT_SC />
			<THRD_PRTY_POSTHEARING_BRIEF_DUE />
			<THRD_PRTY_ARBITRATOR_LAST_NAME_2 />
			<THRD_PRTY_ARBITRATOR_FIRST_NAME_2 />
			<THRD_PRTY_ARBITRATOR_MIDDLE_NAME_2 />
			<THRD_PRTY_ARBITRATOR_EMAIL_2 />
			<THRD_PRTY_ARBITRATOR_PHONE_NUMBER_2 />
			<THRD_PRTY_ARBITRATOR_ORGANIZATION_AFFILIATION_2 />
			<THRD_PRTY_ARBITRATOR_MAILING_ADDR_2 />
			<THRD_PRTY_ARBITRATOR_LAST_NAME_4 />
			<THRD_PRTY_ARBITRATOR_FIRST_NAME_4 />
			<THRD_PRTY_ARBITRATOR_MIDDLE_NAME_4 />
			<THRD_PRTY_ARBITRATOR_EMAIL_4 />
			<THRD_PRTY_ARBITRATOR_PHONE_NUMBER_4 />
			<THRD_PRTY_ARBITRATOR_ORGANIZATION_AFFILIATION_4 />
			<THRD_PRTY_ARBITRATOR_MAILING_ADDR_4 />
			<THRD_PRTY_ARBITRATION_INVOKED />
			<THRD_PRTY_STEP_DECISION_DT />
			<THRD_PRTY_ARBITRATOR_LAST_NAME_3 />
			<THRD_PRTY_ARBITRATOR_FIRST_NAME_3 />
			<THRD_PRTY_ARBITRATOR_MIDDLE_NAME_3 />
			<THRD_PRTY_ARBITRATOR_EMAIL_3 />
			<THRD_ERLR_ARBITRATOR_PHONE_NUMBER_3 />
			<THRD_PRTY_ARBITRATION_ORGANIZATION_AFFILIATION_3 />
			<THRD_PRTY_ARBITRATION_MAILING_ADDR_3 />
			<THRD_PRTY_PREHEARING_DT_2 />
			<THRD_PRTY_HEARING_DT_2 />
			<THRD_PRTY_POSTHEARING_BRIEF_DUE_2 />
			<THRD_PRTY_FINAL_ARBITRATOR_DECISION_DT_2 />
			<THRD_PRTY_EXCEPTION_FILED_2 />
			<THRD_PRTY_EXCEPTION_FILE_DT_2 />
			<THRD_PRTY_RESPONSE_TO_EXCEPTIONS_DUE_2 />
			<THRD_PRTY_FINAL_FLRA_DECISION_DT_2 />
			<THRD_PRTY_DT_SETTLEMENT_DISCUSSION />
			<THRD_PRTY_DT_PREHEARING_DISCLOSURE />
			<THRD_PRTY_DT_AGENCY_FILE_RESPONSE_DUE />
			<THRD_PRTY_PREHEARING_DT_MSPB />
			<THRD_PRTY_WAS_DISCOVERY_INITIATED />
			<THRD_PRTY_DT_DISCOVERY_DUE />
			<THRD_PRTY_HEARING_DT_MSPB />
			<THRD_PRTY_INITIAL_DECISION_DT_MSPB />
			<THRD_PRTY_WAS_PETITION_FILED_MSPB />
			<THRD_PRTY_FINAL_BOARD_DECISION_DT_MSPB />
			<THRD_PRTY_DT_SETTLEMENT_DISCUSSION_2 />
			<THRD_PRTY_DT_PREHEARING_DISCLOSURE_2 />
			<THRD_PRTY_DT_AGENCY_FILE_RESPONSE_DUE_2 />
			<THRD_PRTY_WAS_DECISION_APPEAL />
			<THRD_PRTY_HEARING_DT_FLRA />
			<THRD_PRTY_DECISION_DT_FLRA />
			<THRD_PRTY_INITIAL_DECISION_DT_MSPB_2 />
			<THRD_PRTY_FINAL_FLRA_DECISION_DT_FLRA />
			<THRD_PRTY_PREHEARING_CONF />
			<THRD_PRTY_PETITION_RV_DT />
		</formData>
	</Data>
</eForm>
