<?xml version="1.0" encoding="UTF-8"?>
<xforms xmlns:mvc="http://www.hyfinity.com/mvc" xmlns="http://www.hyfinity.com/formmaker">
	<instance_configuration />
	<page />
	<element name="physicianName">
		<transform_xpath>enter_xpath_here</transform_xpath>
		<fm:action name="loadPCADetails" xmlns:fm="http://www.hyfinity.com/formmaker">
			<xform_xpath>enter_xpath_here</xform_xpath>
		</fm:action>
	</element>
	<element name="organization">
		<transform_xpath>enter_xpath_here</transform_xpath>
		<action name="loadPCADetails">
			<xform_xpath>enter_xpath_here</xform_xpath>
		</action>
	</element>
	<element name="posDescNumber">
		<transform_xpath>enter_xpath_here</transform_xpath>
		<action name="loadPCADetails">
			<xform_xpath>enter_xpath_here</xform_xpath>
		</action>
	</element>
	<element name="title">
		<transform_xpath>enter_xpath_here</transform_xpath>
		<action name="loadPCADetails">
			<xform_xpath>enter_xpath_here</xform_xpath>
		</action>
	</element>
	<group name="layout_group_6" />
	<element name="licenseExpDate1">
		<fm:transform_xpath xmlns:fm="http://www.hyfinity.com/formmaker">/mvc:eForm/mvc:Data/mvc:formData/mvc:licenseExpDate1</fm:transform_xpath>
		<fm:action name="loadPCADetails" xmlns:fm="http://www.hyfinity.com/formmaker">
			<fm:xform_xpath>/mvc:eForm/mvc:Data/mvc:formData/mvc:licenseExpDate1</fm:xform_xpath>
		</fm:action>
	</element>
	<element name="lengthOfServed">
		<fm:transform_xpath xmlns:fm="http://www.hyfinity.com/formmaker">/mvc:eForm/mvc:Data/mvc:formData/mvc:lengthOfServed</fm:transform_xpath>
		<fm:action name="loadPCADetails" xmlns:fm="http://www.hyfinity.com/formmaker">
			<fm:xform_xpath>/mvc:eForm/mvc:Data/mvc:formData/mvc:lengthOfServed</fm:xform_xpath>
		</fm:action>
	</element>
	<group name="layout_group_9" />
	<element name="allowanceCategory">
		<fm:action name="loadPCADetails" xmlns:fm="http://www.hyfinity.com/formmaker">
			<fm:xform_xpath>/mvc:eForm/mvc:Data/mvc:formData/mvc:allowanceCategory</fm:xform_xpath>
		</fm:action>
		<transform_xpath>enter_xpath_here</transform_xpath>
		<description />
	</element>
	<element name="allowanceBoardCertification">
		<fm:action name="loadPCADetails" xmlns:fm="http://www.hyfinity.com/formmaker">
			<fm:xform_xpath>/mvc:eForm/mvc:Data/mvc:formData/mvc:allowanceBoardCertification</fm:xform_xpath>
		</fm:action>
		<transform_xpath>enter_xpath_here</transform_xpath>
		<description />
	</element>
	<element name="allowanceMultiYearAgreement">
		<fm:action name="loadPCADetails" xmlns:fm="http://www.hyfinity.com/formmaker">
			<fm:xform_xpath>/mvc:eForm/mvc:Data/mvc:formData/mvc:allowanceMultiYearAgreement</fm:xform_xpath>
		</fm:action>
		<transform_xpath>enter_xpath_here</transform_xpath>
		<description />
	</element>
	<element name="allowanceTotal">
		<fm:transform_xpath xmlns:fm="http://www.hyfinity.com/formmaker">/mvc:eForm/mvc:Data/mvc:formData/mvc:allowanceTotal</fm:transform_xpath>
		<fm:action name="loadPCADetails" xmlns:fm="http://www.hyfinity.com/formmaker">
			<fm:xform_xpath>/mvc:eForm/mvc:Data/mvc:formData/mvc:allowanceTotal</fm:xform_xpath>
		</fm:action>
	</element>
	<element name="totalPayablePCACalculation">
		<fm:transform_xpath xmlns:fm="http://www.hyfinity.com/formmaker">/mvc:eForm/mvc:Data/mvc:formData/mvc:totalPayablePCACalculation</fm:transform_xpath>
		<fm:action name="loadPCADetails" xmlns:fm="http://www.hyfinity.com/formmaker">
			<fm:xform_xpath>/mvc:eForm/mvc:Data/mvc:formData/mvc:totalPayablePCACalculation</fm:xform_xpath>
		</fm:action>
	</element>
	<group name="layout_group_11" />
	<group name="layout_group_12" />
	<group name="layout_group_13" />
	<group name="allowanceTotal_group" />
	<group name="layout_group_15" />
	<group name="layout_group" />
	<element name="lengthOfService">
		<fm:transform_xpath xmlns:fm="http://www.hyfinity.com/formmaker">/mvc:eForm/mvc:Data/mvc:formData/mvc:lengthOfService</fm:transform_xpath>
		<fm:action name="loadPCADetails" xmlns:fm="http://www.hyfinity.com/formmaker">
			<fm:xform_xpath>/mvc:eForm/mvc:Data/mvc:formData/mvc:lengthOfService</fm:xform_xpath>
		</fm:action>
	</element>
	<group name="layout_group_2" />
	<element name="otherSpeciality">
		<fm:action name="loadPCADetails" xmlns:fm="http://www.hyfinity.com/formmaker">
			<fm:xform_xpath>/mvc:eForm/mvc:Data/mvc:formData/mvc:otherSpeciality</fm:xform_xpath>
		</fm:action>
		<transform_xpath>/mvc:eForm/mvc:Data/mvc:formData/mvc:otherSpeciality</transform_xpath>
		<description />
	</element>
	<group name="otherSpeciality_group" />
	<element name="licenseState_ac">
		<transform_xpath>enter_xpath_here</transform_xpath>
		<fm:action name="loadPCADetails" xmlns:fm="http://www.hyfinity.com/formmaker">
			<fm:xform_xpath>/mvc:eForm/mvc:Data/mvc:formData/mvc:licenseState_ac</fm:xform_xpath>
		</fm:action>
	</element>
	<group name="licenseState1_group" />
	<element name="licenseExpDate2">
		<fm:transform_xpath xmlns:fm="http://www.hyfinity.com/formmaker">/mvc:eForm/mvc:Data/mvc:formData/mvc:licenseExpDate2</fm:transform_xpath>
		<fm:action name="loadPCADetails" xmlns:fm="http://www.hyfinity.com/formmaker">
			<fm:xform_xpath>/mvc:eForm/mvc:Data/mvc:formData/mvc:licenseExpDate2</fm:xform_xpath>
		</fm:action>
	</element>
	<group name="licenseState2_group" />
	<element name="detailRemarks">
		<fm:transform_xpath xmlns:fm="http://www.hyfinity.com/formmaker">/mvc:eForm/mvc:Data/mvc:formData/mvc:detailRemarks</fm:transform_xpath>
		<fm:action name="loadPCADetails" xmlns:fm="http://www.hyfinity.com/formmaker">
			<fm:xform_xpath>/mvc:eForm/mvc:Data/mvc:formData/mvc:detailRemarks</fm:xform_xpath>
		</fm:action>
	</element>
	<group name="layout_group_3" />
	<element name="allowanceMissionSpecificCriteria">
		<action name="loadPCADetails">
			<xform_xpath>enter_xpath_here</xform_xpath>
		</action>
	</element>
	<element name="boardCertSpecialty">
		<fm:transform_xpath xmlns:fm="http://www.hyfinity.com/formmaker">/mvc:eForm/mvc:Data/mvc:formData/mvc:boardCertSpecialty</fm:transform_xpath>
		<fm:action name="loadPCADetails" xmlns:fm="http://www.hyfinity.com/formmaker">
			<fm:xform_xpath>/mvc:eForm/mvc:Data/mvc:formData/mvc:boardCertSpecialty</fm:xform_xpath>
		</fm:action>
	</element>
	<group name="layout_group_5" />
	<group name="layout_group_4" />
	<group name="licenseState_ac_CUSTOMDISP" />
</xforms>
