<?xml version="1.0" encoding="UTF-8"?>
<xforms xmlns:mvc="http://www.hyfinity.com/mvc" xmlns="http://www.hyfinity.com/formmaker">
	<instance_configuration />
	<page />
	<group name="layout_group_1" />
	<element name="physicianName">
		<transform_xpath>enter_xpath_here</transform_xpath>
		<fm:action name="loadPCACoversheet" xmlns:fm="http://www.hyfinity.com/formmaker">
			<xform_xpath>enter_xpath_here</xform_xpath>
		</fm:action>
	</element>
	<element name="organization">
		<transform_xpath>enter_xpath_here</transform_xpath>
		<action name="loadPCACoversheet">
			<xform_xpath>enter_xpath_here</xform_xpath>
		</action>
	</element>
	<group name="layout_group_2" />
	<element name="posDescNumber">
		<transform_xpath>enter_xpath_here</transform_xpath>
		<action name="loadPCACoversheet">
			<xform_xpath>enter_xpath_here</xform_xpath>
		</action>
	</element>
	<element name="title">
		<transform_xpath>enter_xpath_here</transform_xpath>
		<action name="loadPCACoversheet">
			<xform_xpath>enter_xpath_here</xform_xpath>
		</action>
	</element>
	<element name="pca_physicianName">
		<transform_xpath>enter_xpath_here</transform_xpath>
		<action name="loadPCACoversheet">
			<xform_xpath>enter_xpath_here</xform_xpath>
		</action>
	</element>
	<element name="pca_organization">
		<transform_xpath>enter_xpath_here</transform_xpath>
		<action name="loadPCACoversheet">
			<xform_xpath>enter_xpath_here</xform_xpath>
		</action>
	</element>
	<element name="pca_posDescNumber">
		<transform_xpath>enter_xpath_here</transform_xpath>
		<action name="loadPCACoversheet">
			<xform_xpath>enter_xpath_here</xform_xpath>
		</action>
	</element>
	<element name="pca_title">
		<transform_xpath>enter_xpath_here</transform_xpath>
		<action name="loadPCACoversheet">
			<xform_xpath>enter_xpath_here</xform_xpath>
		</action>
	</element>
	<group name="layout_group_3" />
	<element name="pca_series">
		<transform_xpath>enter_xpath_here</transform_xpath>
		<action name="loadPCACoversheet">
			<xform_xpath>enter_xpath_here</xform_xpath>
		</action>
	</element>
	<element name="pca_grade">
		<transform_xpath>enter_xpath_here</transform_xpath>
		<action name="loadPCACoversheet">
			<xform_xpath>enter_xpath_here</xform_xpath>
		</action>
	</element>
	<group name="layout_group_4" />
	<element name="pca_dutyStation">
		<transform_xpath>enter_xpath_here</transform_xpath>
		<action name="loadPCACoversheet">
			<xform_xpath>enter_xpath_here</xform_xpath>
		</action>
	</element>
	<element name="pca_typeOfAppointment">
		<fm:action name="loadPCACoversheet" xmlns:fm="http://www.hyfinity.com/formmaker">
			<fm:xform_xpath>/mvc:eForm/mvc:Data/mvc:formData/mvc:pca_typeOfAppointment</fm:xform_xpath>
		</fm:action>
		<transform_xpath>enter_xpath_here</transform_xpath>
	</element>
	<group name="layout_group_5" />
	<element name="pca_tourOfDuty">
		<transform_xpath>enter_xpath_here</transform_xpath>
		<action name="loadPCACoversheet">
			<xform_xpath>enter_xpath_here</xform_xpath>
		</action>
	</element>
	<element name="pca_regScheduledHours">
		<transform_xpath>enter_xpath_here</transform_xpath>
		<action name="loadPCACoversheet">
			<xform_xpath>enter_xpath_here</xform_xpath>
		</action>
	</element>
	<group name="layout_group_6" />
	<element name="pca_licenseState">
		<fm:transform_xpath xmlns:fm="http://www.hyfinity.com/formmaker">/mvc:eForm/mvc:Data/mvc:formData/mvc:pca_licenseState</fm:transform_xpath>
		<fm:action name="loadPCACoversheet" xmlns:fm="http://www.hyfinity.com/formmaker">
			<fm:xform_xpath>/mvc:eForm/mvc:Data/mvc:formData/mvc:pca_licenseState</fm:xform_xpath>
		</fm:action>
	</element>
	<element name="pca_expDate">
		<fm:transform_xpath xmlns:fm="http://www.hyfinity.com/formmaker">/mvc:eForm/mvc:Data/mvc:formData/mvc:pca_expDate</fm:transform_xpath>
		<fm:action name="loadPCACoversheet" xmlns:fm="http://www.hyfinity.com/formmaker">
			<fm:xform_xpath>/mvc:eForm/mvc:Data/mvc:formData/mvc:pca_expDate</fm:xform_xpath>
		</fm:action>
	</element>
	<element name="pca_requireCertification">
		<fm:transform_xpath xmlns:fm="http://www.hyfinity.com/formmaker">/mvc:eForm/mvc:Data/mvc:formData/mvc:pca_requireCertification</fm:transform_xpath>
		<fm:action name="loadPCACoversheet" xmlns:fm="http://www.hyfinity.com/formmaker">
			<fm:xform_xpath>/mvc:eForm/mvc:Data/mvc:formData/mvc:pca_requireCertification</fm:xform_xpath>
		</fm:action>
	</element>
	<element name="pca_specialty">
		<fm:transform_xpath xmlns:fm="http://www.hyfinity.com/formmaker">/mvc:eForm/mvc:Data/mvc:formData/mvc:pca_specialty</fm:transform_xpath>
		<fm:action name="loadPCACoversheet" xmlns:fm="http://www.hyfinity.com/formmaker">
			<fm:xform_xpath>/mvc:eForm/mvc:Data/mvc:formData/mvc:pca_specialty</fm:xform_xpath>
		</fm:action>
	</element>
	<group name="layout_group_7" />
	<element name="pca_requireAdminApproval">
		<fm:transform_xpath xmlns:fm="http://www.hyfinity.com/formmaker">/mvc:eForm/mvc:Data/mvc:formData/mvc:pca_requireAdminApproval</fm:transform_xpath>
		<fm:action name="loadPCACoversheet" xmlns:fm="http://www.hyfinity.com/formmaker">
			<fm:xform_xpath>/mvc:eForm/mvc:Data/mvc:formData/mvc:pca_requireAdminApproval</fm:xform_xpath>
		</fm:action>
	</element>
	<group name="layout_group_8" />
	<element name="pca_servedAsGovPhysician">
		<fm:transform_xpath xmlns:fm="http://www.hyfinity.com/formmaker">/mvc:eForm/mvc:Data/mvc:formData/mvc:pca_servedAsGovPhysician</fm:transform_xpath>
		<fm:action name="loadPCACoversheet" xmlns:fm="http://www.hyfinity.com/formmaker">
			<fm:xform_xpath>/mvc:eForm/mvc:Data/mvc:formData/mvc:pca_servedAsGovPhysician</fm:xform_xpath>
		</fm:action>
	</element>
	<element name="pca_paidAmount">
		<fm:transform_xpath xmlns:fm="http://www.hyfinity.com/formmaker">/mvc:eForm/mvc:Data/mvc:formData/mvc:pca_paidAmount</fm:transform_xpath>
		<fm:action name="loadPCACoversheet" xmlns:fm="http://www.hyfinity.com/formmaker">
			<fm:xform_xpath>/mvc:eForm/mvc:Data/mvc:formData/mvc:pca_paidAmount</fm:xform_xpath>
		</fm:action>
	</element>
	<group name="layout_group_9" />
	<group name="layout_group_10" />
	<element name="pca_numberOfYears">
		<fm:transform_xpath xmlns:fm="http://www.hyfinity.com/formmaker">/mvc:eForm/mvc:Data/mvc:formData/mvc:pca_numberOfYears</fm:transform_xpath>
		<fm:action name="loadPCACoversheet" xmlns:fm="http://www.hyfinity.com/formmaker">
			<fm:xform_xpath>/mvc:eForm/mvc:Data/mvc:formData/mvc:pca_numberOfYears</fm:xform_xpath>
		</fm:action>
	</element>
	<element name="pca_hoursPerPayPeriod">
		<fm:transform_xpath xmlns:fm="http://www.hyfinity.com/formmaker">/mvc:eForm/mvc:Data/mvc:formData/mvc:pca_hoursPerPayPeriod</fm:transform_xpath>
		<fm:action name="loadPCACoversheet" xmlns:fm="http://www.hyfinity.com/formmaker">
			<fm:xform_xpath>/mvc:eForm/mvc:Data/mvc:formData/mvc:pca_hoursPerPayPeriod</fm:xform_xpath>
		</fm:action>
	</element>
	<element name="pca_AllowanceCategory">
		<fm:transform_xpath xmlns:fm="http://www.hyfinity.com/formmaker">/mvc:eForm/mvc:Data/mvc:formData/mvc:pca_AllowanceCategory</fm:transform_xpath>
		<fm:action name="loadPCACoversheet" xmlns:fm="http://www.hyfinity.com/formmaker">
			<fm:xform_xpath>/mvc:eForm/mvc:Data/mvc:formData/mvc:pca_AllowanceCategory</fm:xform_xpath>
		</fm:action>
	</element>
	<element name="pca_allowanceBoardCertification">
		<fm:transform_xpath xmlns:fm="http://www.hyfinity.com/formmaker">/mvc:eForm/mvc:Data/mvc:formData/mvc:pca_allowanceBoardCertification</fm:transform_xpath>
		<fm:action name="loadPCACoversheet" xmlns:fm="http://www.hyfinity.com/formmaker">
			<fm:xform_xpath>/mvc:eForm/mvc:Data/mvc:formData/mvc:pca_allowanceBoardCertification</fm:xform_xpath>
		</fm:action>
	</element>
	<element name="pca_allowanceMultiYearAgreement">
		<fm:transform_xpath xmlns:fm="http://www.hyfinity.com/formmaker">/mvc:eForm/mvc:Data/mvc:formData/mvc:pca_allowanceMultiYearAgreement</fm:transform_xpath>
		<fm:action name="loadPCACoversheet" xmlns:fm="http://www.hyfinity.com/formmaker">
			<fm:xform_xpath>/mvc:eForm/mvc:Data/mvc:formData/mvc:pca_allowanceMultiYearAgreement</fm:xform_xpath>
		</fm:action>
	</element>
	<element name="pca_allowanceMissionSpecificCriteria">
		<fm:transform_xpath xmlns:fm="http://www.hyfinity.com/formmaker">/mvc:eForm/mvc:Data/mvc:formData/mvc:pca_allowanceMissionSpecificCriteria</fm:transform_xpath>
		<fm:action name="loadPCACoversheet" xmlns:fm="http://www.hyfinity.com/formmaker">
			<fm:xform_xpath>/mvc:eForm/mvc:Data/mvc:formData/mvc:pca_allowanceMissionSpecificCriteria</fm:xform_xpath>
		</fm:action>
	</element>
	<element name="pca_total">
		<fm:transform_xpath xmlns:fm="http://www.hyfinity.com/formmaker">/mvc:eForm/mvc:Data/mvc:formData/mvc:pca_total</fm:transform_xpath>
		<fm:action name="loadPCACoversheet" xmlns:fm="http://www.hyfinity.com/formmaker">
			<fm:xform_xpath>/mvc:eForm/mvc:Data/mvc:formData/mvc:pca_total</fm:xform_xpath>
		</fm:action>
	</element>
	<element name="pca_totalPayablePCA">
		<fm:transform_xpath xmlns:fm="http://www.hyfinity.com/formmaker">/mvc:eForm/mvc:Data/mvc:formData/mvc:pca_totalPayablePCA</fm:transform_xpath>
		<fm:action name="loadPCACoversheet" xmlns:fm="http://www.hyfinity.com/formmaker">
			<fm:xform_xpath>/mvc:eForm/mvc:Data/mvc:formData/mvc:pca_totalPayablePCA</fm:xform_xpath>
		</fm:action>
	</element>
	<group name="layout_group_11" />
	<group name="layout_group_12" />
	<group name="layout_group_13" />
	<group name="layout_group_14" />
	<group name="layout_group_15" />
</xforms>
