<?xml version="1.0" encoding="UTF-8"?>
<xforms xmlns:mvc="http://www.hyfinity.com/mvc" xmlns="http://www.hyfinity.com/formmaker">
	<instance_configuration />
	<page />
	<group name="GI_main_body" />
	<group name="grievance_layout" />
	<group name="grievance_type_group" />
	<group name="grievance_Individual_group" />
	<element name="GI_FILING_DT">
		<fm:transform_xpath xmlns:fm="http://www.hyfinity.com/formmaker">/mvc:eForm/mvc:Data/mvc:formData/mvc:GI_FILING_DT</fm:transform_xpath>
		<fm:action name="grievance" xmlns:fm="http://www.hyfinity.com/formmaker">
			<fm:xform_xpath>/mvc:eForm/mvc:Data/mvc:formData/mvc:GI_FILING_DT</fm:xform_xpath>
		</fm:action>
	</element>
	<element name="GI_ADMIN_OFFCL_1_SRCH">
		<fm:transform_xpath xmlns:fm="http://www.hyfinity.com/formmaker">/mvc:eForm/mvc:Data/mvc:formData/mvc:GI_ADMIN_OFFCL_1_SRCH</fm:transform_xpath>
		<fm:action name="grievance" xmlns:fm="http://www.hyfinity.com/formmaker">
			<fm:xform_xpath>/mvc:eForm/mvc:Data/mvc:formData/mvc:GI_ADMIN_OFFCL_1_SRCH</fm:xform_xpath>
		</fm:action>
	</element>
	<element name="GI_ADMIN_STG_1_DECISION_DT">
		<fm:transform_xpath xmlns:fm="http://www.hyfinity.com/formmaker">/mvc:eForm/mvc:Data/mvc:formData/mvc:GI_ADMIN_STG_1_DECISION_DT</fm:transform_xpath>
		<fm:action name="grievance" xmlns:fm="http://www.hyfinity.com/formmaker">
			<fm:xform_xpath>/mvc:eForm/mvc:Data/mvc:formData/mvc:GI_ADMIN_STG_1_DECISION_DT</fm:xform_xpath>
		</fm:action>
	</element>
	<element name="GI_ADMIN_STG_1_ISSUE_DT">
		<fm:transform_xpath xmlns:fm="http://www.hyfinity.com/formmaker">/mvc:eForm/mvc:Data/mvc:formData/mvc:GI_ADMIN_STG_1_ISSUE_DT</fm:transform_xpath>
		<fm:action name="grievance" xmlns:fm="http://www.hyfinity.com/formmaker">
			<fm:xform_xpath>/mvc:eForm/mvc:Data/mvc:formData/mvc:GI_ADMIN_STG_1_ISSUE_DT</fm:xform_xpath>
		</fm:action>
	</element>
	<element name="GI_ADMIN_STG_2_RESP">
		<fm:transform_xpath xmlns:fm="http://www.hyfinity.com/formmaker">/mvc:eForm/mvc:Data/mvc:formData/mvc:GI_ADMIN_STG_2_RESP</fm:transform_xpath>
		<fm:action name="grievance" xmlns:fm="http://www.hyfinity.com/formmaker">
			<fm:xform_xpath>/mvc:eForm/mvc:Data/mvc:formData/mvc:GI_ADMIN_STG_2_RESP</fm:xform_xpath>
		</fm:action>
	</element>
	<element name="GI_ADMIN_OFFCL_2_SRCH">
		<fm:transform_xpath xmlns:fm="http://www.hyfinity.com/formmaker">/mvc:eForm/mvc:Data/mvc:formData/mvc:GI_ADMIN_OFFCL_2_SRCH</fm:transform_xpath>
		<fm:action name="grievance" xmlns:fm="http://www.hyfinity.com/formmaker">
			<fm:xform_xpath>/mvc:eForm/mvc:Data/mvc:formData/mvc:GI_ADMIN_OFFCL_2_SRCH</fm:xform_xpath>
		</fm:action>
	</element>
	<element name="GI_ADMIN_STG_2_DECISION_DT">
		<fm:transform_xpath xmlns:fm="http://www.hyfinity.com/formmaker">/mvc:eForm/mvc:Data/mvc:formData/mvc:GI_ADMIN_STG_2_DECISION_DT</fm:transform_xpath>
		<fm:action name="grievance" xmlns:fm="http://www.hyfinity.com/formmaker">
			<fm:xform_xpath>/mvc:eForm/mvc:Data/mvc:formData/mvc:GI_ADMIN_STG_2_DECISION_DT</fm:xform_xpath>
		</fm:action>
	</element>
	<element name="GI_ADMIN_STG_2_ISSUE_DT">
		<fm:transform_xpath xmlns:fm="http://www.hyfinity.com/formmaker">/mvc:eForm/mvc:Data/mvc:formData/mvc:GI_ADMIN_STG_2_ISSUE_DT</fm:transform_xpath>
		<fm:action name="grievance" xmlns:fm="http://www.hyfinity.com/formmaker">
			<fm:xform_xpath>/mvc:eForm/mvc:Data/mvc:formData/mvc:GI_ADMIN_STG_2_ISSUE_DT</fm:xform_xpath>
		</fm:action>
	</element>
	<group name="GI_COMMON_GROPUP" />
	<group name="somet" />
	<group name="layout_group_3" />
	<group name="layout_group_4" />
	<group name="GI_admin_stg2_group" />
	<group name="grievance_Negotiated_group" />
	<element name="GI_TYPE">
		<fm:action name="grievance" xmlns:fm="http://www.hyfinity.com/formmaker">
			<fm:xform_xpath>/mvc:eForm/mvc:Data/mvc:formData/mvc:GI_TYPE</fm:xform_xpath>
		</fm:action>
		<transform_xpath>/mvc:eForm/mvc:Data/mvc:formData/mvc:GI_TYPE</transform_xpath>
		<description />
	</element>
	<group name="layout_group_5" />
	<element name="GI_NEGOTIATED_GRIEVANCE_TYPE">
		<fm:transform_xpath xmlns:fm="http://www.hyfinity.com/formmaker">/mvc:eForm/mvc:Data/mvc:formData/mvc:GI_NEGOTIATED_GRIEVANCE_TYPE</fm:transform_xpath>
		<fm:action name="grievance" xmlns:fm="http://www.hyfinity.com/formmaker">
			<fm:xform_xpath>/mvc:eForm/mvc:Data/mvc:formData/mvc:GI_NEGOTIATED_GRIEVANCE_TYPE</fm:xform_xpath>
		</fm:action>
	</element>
	<group name="GI_Negotiated_grievance_group" />
	<group name="grievance_Union_Management_group" />
	<element name="GI_TIMELY_FILING">
		<fm:transform_xpath xmlns:fm="http://www.hyfinity.com/formmaker">/mvc:eForm/mvc:Data/mvc:formData/mvc:GI_TIMELY_FILING</fm:transform_xpath>
		<fm:action name="grievance" xmlns:fm="http://www.hyfinity.com/formmaker">
			<fm:xform_xpath>/mvc:eForm/mvc:Data/mvc:formData/mvc:GI_TIMELY_FILING</fm:xform_xpath>
		</fm:action>
	</element>
	<element name="GI_UM_GRIEVABILITY_SEL">
		<fm:action name="grievance" xmlns:fm="http://www.hyfinity.com/formmaker">
			<fm:xform_xpath>/mvc:eForm/mvc:Data/mvc:formData/mvc:GI_UM_GRIEVABILITY_SEL</fm:xform_xpath>
		</fm:action>
		<transform_xpath>/mvc:eForm/mvc:Data/mvc:formData/mvc:GI_UM_GRIEVABILITY_SEL</transform_xpath>
		<repeat_xpath>/mvc:eForm/mvc:Data/lookup/record[LTYPE='ERLRGrievability' and ACTIVE='1']</repeat_xpath>
		<value_xpath>ID</value_xpath>
		<text_xpath>LABEL</text_xpath>
		<description />
	</element>
	<element name="GI_MEETING_DT">
		<fm:transform_xpath xmlns:fm="http://www.hyfinity.com/formmaker">/mvc:eForm/mvc:Data/mvc:formData/mvc:GI_MEETING_DT</fm:transform_xpath>
		<fm:action name="grievance" xmlns:fm="http://www.hyfinity.com/formmaker">
			<fm:xform_xpath>/mvc:eForm/mvc:Data/mvc:formData/mvc:GI_MEETING_DT</fm:xform_xpath>
		</fm:action>
	</element>
	<element name="GI_GRIEVANCE_STATUS">
		<fm:transform_xpath xmlns:fm="http://www.hyfinity.com/formmaker">/mvc:eForm/mvc:Data/mvc:formData/mvc:GI_GRIEVANCE_STATUS</fm:transform_xpath>
		<fm:action name="grievance" xmlns:fm="http://www.hyfinity.com/formmaker">
			<fm:xform_xpath>/mvc:eForm/mvc:Data/mvc:formData/mvc:GI_GRIEVANCE_STATUS</fm:xform_xpath>
		</fm:action>
	</element>
	<element name="GI_ARBITRATION_DEADLINE_DT">
		<fm:transform_xpath xmlns:fm="http://www.hyfinity.com/formmaker">/mvc:eForm/mvc:Data/mvc:formData/mvc:GI_ARBITRATION_DEADLINE_DT</fm:transform_xpath>
		<fm:action name="grievance" xmlns:fm="http://www.hyfinity.com/formmaker">
			<fm:xform_xpath>/mvc:eForm/mvc:Data/mvc:formData/mvc:GI_ARBITRATION_DEADLINE_DT</fm:xform_xpath>
		</fm:action>
	</element>
	<element name="GI_ARBITRATION_REQUEST">
		<fm:transform_xpath xmlns:fm="http://www.hyfinity.com/formmaker">/mvc:eForm/mvc:Data/mvc:formData/mvc:GI_ARBITRATION_REQUEST</fm:transform_xpath>
		<fm:action name="grievance" xmlns:fm="http://www.hyfinity.com/formmaker">
			<fm:xform_xpath>/mvc:eForm/mvc:Data/mvc:formData/mvc:GI_ARBITRATION_REQUEST</fm:xform_xpath>
		</fm:action>
	</element>
	<group name="layout_group_2" />
	<group name="layout_group_6" />
	<group name="layout_group_7" />
	<group name="layout_group_8" />
	<element name="GI_IND_DECISION_ISSUE_DT">
		<fm:transform_xpath xmlns:fm="http://www.hyfinity.com/formmaker">/mvc:eForm/mvc:Data/mvc:formData/mvc:GI_IND_DECISION_ISSUE_DT</fm:transform_xpath>
		<fm:action name="grievance" xmlns:fm="http://www.hyfinity.com/formmaker">
			<fm:xform_xpath>/mvc:eForm/mvc:Data/mvc:formData/mvc:GI_IND_DECISION_ISSUE_DT</fm:xform_xpath>
		</fm:action>
	</element>
	<element name="GI_IND_STEP_1_DECISION_DT">
		<fm:transform_xpath xmlns:fm="http://www.hyfinity.com/formmaker">/mvc:eForm/mvc:Data/mvc:formData/mvc:GI_IND_STEP_1_DECISION_DT</fm:transform_xpath>
		<fm:action name="grievance" xmlns:fm="http://www.hyfinity.com/formmaker">
			<fm:xform_xpath>/mvc:eForm/mvc:Data/mvc:formData/mvc:GI_IND_STEP_1_DECISION_DT</fm:xform_xpath>
		</fm:action>
		<description />
	</element>
	<element name="GI_IND_MEETING_DT">
		<fm:transform_xpath xmlns:fm="http://www.hyfinity.com/formmaker">/mvc:eForm/mvc:Data/mvc:formData/mvc:GI_IND_MEETING_DT</fm:transform_xpath>
		<fm:action name="grievance" xmlns:fm="http://www.hyfinity.com/formmaker">
			<fm:xform_xpath>/mvc:eForm/mvc:Data/mvc:formData/mvc:GI_IND_MEETING_DT</fm:xform_xpath>
		</fm:action>
	</element>
	<group name="layout_group_9" />
	<element name="GI_IND_THIRD_PARTY_APPEAL_DT">
		<fm:transform_xpath xmlns:fm="http://www.hyfinity.com/formmaker">/mvc:eForm/mvc:Data/mvc:formData/mvc:GI_IND_THIRD_PARTY_APPEAL_DT</fm:transform_xpath>
		<fm:action name="grievance" xmlns:fm="http://www.hyfinity.com/formmaker">
			<fm:xform_xpath>/mvc:eForm/mvc:Data/mvc:formData/mvc:GI_IND_THIRD_PARTY_APPEAL_DT</fm:xform_xpath>
		</fm:action>
	</element>
	<element name="GI_IND_THIRD_APPEAL_REQUEST">
		<fm:transform_xpath xmlns:fm="http://www.hyfinity.com/formmaker">/mvc:eForm/mvc:Data/mvc:formData/mvc:GI_IND_THIRD_APPEAL_REQUEST</fm:transform_xpath>
		<fm:action name="grievance" xmlns:fm="http://www.hyfinity.com/formmaker">
			<fm:xform_xpath>/mvc:eForm/mvc:Data/mvc:formData/mvc:GI_IND_THIRD_APPEAL_REQUEST</fm:xform_xpath>
		</fm:action>
	</element>
	<group name="layout_group_13" />
	<group name="layout_group_14" />
	<group name="layout_group_15" />
	<group name="layout_group_16" />
	<group name="layout_group_17" />
	<element name="GI_IND_STEP_2_DECISION_ISSUE_DT">
		<fm:transform_xpath xmlns:fm="http://www.hyfinity.com/formmaker">/mvc:eForm/mvc:Data/mvc:formData/mvc:GI_IND_STEP_2_DECISION_ISSUE_DT</fm:transform_xpath>
		<fm:action name="grievance" xmlns:fm="http://www.hyfinity.com/formmaker">
			<fm:xform_xpath>/mvc:eForm/mvc:Data/mvc:formData/mvc:GI_IND_STEP_2_DECISION_ISSUE_DT</fm:xform_xpath>
		</fm:action>
	</element>
	<element name="GI_IND_STEP_2_DECISION_DUE_DT">
		<fm:transform_xpath xmlns:fm="http://www.hyfinity.com/formmaker">/mvc:eForm/mvc:Data/mvc:formData/mvc:GI_IND_STEP_2_DECISION_DUE_DT</fm:transform_xpath>
		<fm:action name="grievance" xmlns:fm="http://www.hyfinity.com/formmaker">
			<fm:xform_xpath>/mvc:eForm/mvc:Data/mvc:formData/mvc:GI_IND_STEP_2_DECISION_DUE_DT</fm:xform_xpath>
		</fm:action>
	</element>
	<element name="GI_IND_STEP_2_DEADLINE">
		<fm:transform_xpath xmlns:fm="http://www.hyfinity.com/formmaker">/mvc:eForm/mvc:Data/mvc:formData/mvc:GI_IND_STEP_2_DEADLINE</fm:transform_xpath>
		<fm:action name="grievance" xmlns:fm="http://www.hyfinity.com/formmaker">
			<fm:xform_xpath>/mvc:eForm/mvc:Data/mvc:formData/mvc:GI_IND_STEP_2_DEADLINE</fm:xform_xpath>
		</fm:action>
	</element>
	<group name="grievance_Union_Management_group" />
	<group name="grievance_Administrative_group" />
	<element name="GI_IND_MANAGER_SRCH">
		<fm:transform_xpath xmlns:fm="http://www.hyfinity.com/formmaker">/mvc:eForm/mvc:Data/mvc:formData/mvc:GI_IND_MANAGER_SRCH</fm:transform_xpath>
		<fm:action name="grievance" xmlns:fm="http://www.hyfinity.com/formmaker">
			<fm:xform_xpath>/mvc:eForm/mvc:Data/mvc:formData/mvc:GI_IND_MANAGER_SRCH</fm:xform_xpath>
		</fm:action>
	</element>
	<group name="manager_layout_group" />
	<element name="GI_STEP_2_REQUEST">
		<fm:transform_xpath xmlns:fm="http://www.hyfinity.com/formmaker">/mvc:eForm/mvc:Data/mvc:formData/mvc:GI_STEP_2_REQUEST</fm:transform_xpath>
		<fm:action name="grievance" xmlns:fm="http://www.hyfinity.com/formmaker">
			<fm:xform_xpath>/mvc:eForm/mvc:Data/mvc:formData/mvc:GI_STEP_2_REQUEST</fm:xform_xpath>
		</fm:action>
	</element>
	<group name="grievance_step2_request_group" />
	<group name="manager_layout_group" />
	<group name="non_manager_layout_group" />
	<element name="GI_TIMELY_FILING_2">
		<fm:action name="grievance" xmlns:fm="http://www.hyfinity.com/formmaker">
			<fm:xform_xpath>/mvc:eForm/mvc:Data/mvc:formData/mvc:GI_TIMELY_FILING_2</fm:xform_xpath>
		</fm:action>
		<fm:transform_xpath xmlns:fm="http://www.hyfinity.com/formmaker">/mvc:eForm/mvc:Data/mvc:formData/mvc:GI_TIMELY_FILING_2</fm:transform_xpath>
	</element>
	<element name="GI_FILING_DT_2">
		<fm:action name="grievance" xmlns:fm="http://www.hyfinity.com/formmaker">
			<fm:xform_xpath>/mvc:eForm/mvc:Data/mvc:formData/mvc:GI_FILING_DT_2</fm:xform_xpath>
		</fm:action>
		<fm:transform_xpath xmlns:fm="http://www.hyfinity.com/formmaker">/mvc:eForm/mvc:Data/mvc:formData/mvc:GI_FILING_DT_2</fm:transform_xpath>
	</element>
	<element name="GI_IND_STEP_2_MTG_DT">
		<fm:transform_xpath xmlns:fm="http://www.hyfinity.com/formmaker">/mvc:eForm/mvc:Data/mvc:formData/mvc:GI_IND_STEP_2_MTG_DT</fm:transform_xpath>
		<fm:action name="grievance" xmlns:fm="http://www.hyfinity.com/formmaker">
			<fm:xform_xpath>/mvc:eForm/mvc:Data/mvc:formData/mvc:GI_IND_STEP_2_MTG_DT</fm:xform_xpath>
		</fm:action>
		<description />
	</element>
	<group name="GI_IND_STEP_1_EXT_DUE_DT_LIST_group" />
	<group name="GI_IND_STEP_1_EXT_DUE_DT_LIST_action_group" />
	<group name="GI_IND_STEP_1_EXT_DUE_DT_LIST_display_field_group" />
	<group name="GI_IND_STEP_1_EXT_DUE_DT_LIST_input_dialog" />
	<group name="GI_IND_STEP_1_EXT_DUE_DT_LIST_history_dialog" />
	<element name="GI_IND_STEP_1_EXT_DUE_DT_LIST">
		<fm:transform_xpath xmlns:fm="http://www.hyfinity.com/formmaker">/mvc:eForm/mvc:Data/mvc:formData/mvc:GI_IND_STEP_1_EXT_DUE_DT_LIST</fm:transform_xpath>
		<fm:action name="grievance" xmlns:fm="http://www.hyfinity.com/formmaker">
			<xform_xpath>enter_xpath_here</xform_xpath>
		</fm:action>
	</element>
	<element name="_GI_IND_STEP_1_EXT_DUE_DT">
		<description />
		<fm:transform_xpath xmlns:fm="http://www.hyfinity.com/formmaker">/mvc:eForm/mvc:Data/mvc:formData/mvc:_GI_IND_STEP_1_EXT_DUE_DT</fm:transform_xpath>
		<fm:action name="grievance" xmlns:fm="http://www.hyfinity.com/formmaker">
			<xform_xpath>enter_xpath_here</xform_xpath>
		</fm:action>
	</element>
	<element name="_GI_IND_STEP_1_EXT_DUE_REASON">
		<fm:action name="grievance" xmlns:fm="http://www.hyfinity.com/formmaker">
			<xform_xpath>enter_xpath_here</xform_xpath>
		</fm:action>
		<transform_xpath>/mvc:eForm/mvc:Data/mvc:formData/mvc:_GI_IND_STEP_1_EXT_DUE_REASON</transform_xpath>
		<repeat_xpath>/mvc:eForm/mvc:Data/lookup/record[LTYPE='ERLRGIExtReason']</repeat_xpath>
		<value_xpath>NAME</value_xpath>
		<text_xpath>LABEL</text_xpath>
		<description />
	</element>
	<element name="GI_IND_STEP_1_EXT_DUE_DT">
		<fm:transform_xpath xmlns:fm="http://www.hyfinity.com/formmaker">/mvc:eForm/mvc:Data/mvc:formData/mvc:GI_IND_STEP_1_EXT_DUE_DT</fm:transform_xpath>
		<fm:action name="grievance" xmlns:fm="http://www.hyfinity.com/formmaker">
			<fm:xform_xpath>/mvc:eForm/mvc:Data/mvc:formData/mvc:GI_IND_STEP_1_EXT_DUE_DT</fm:xform_xpath>
		</fm:action>
	</element>
	<element name="GI_IND_STEP_1_EXT_DUE_DT_LIST_add_button">
		<description />
		<fm:transform_xpath xmlns:fm="http://www.hyfinity.com/formmaker">/mvc:eForm/mvc:Data/mvc:formData/mvc:GI_IND_STEP_1_EXT_DUE_DT_LIST_add_button</fm:transform_xpath>
		<fm:action name="grievance" xmlns:fm="http://www.hyfinity.com/formmaker">
			<fm:xform_xpath>/mvc:eForm/mvc:Data/mvc:formData/mvc:GI_IND_STEP_1_EXT_DUE_DT_LIST_add_button</fm:xform_xpath>
		</fm:action>
	</element>
	<element name="GI_IND_STEP_1_EXT_DUE_DT_LIST_history_link">
		<fm:transform_xpath xmlns:fm="http://www.hyfinity.com/formmaker">/mvc:eForm/mvc:Data/mvc:formData/mvc:GI_IND_STEP_1_EXT_DUE_DT_LIST_history_link</fm:transform_xpath>
		<fm:action name="grievance" xmlns:fm="http://www.hyfinity.com/formmaker">
			<fm:xform_xpath>/mvc:eForm/mvc:Data/mvc:formData/mvc:GI_IND_STEP_1_EXT_DUE_DT_LIST_history_link</fm:xform_xpath>
		</fm:action>
	</element>
	<element name="GI_IND_STEP_1_EXT_DUE_REASON">
		<fm:transform_xpath xmlns:fm="http://www.hyfinity.com/formmaker">/mvc:eForm/mvc:Data/mvc:formData/mvc:GI_IND_STEP_1_EXT_DUE_REASON</fm:transform_xpath>
		<fm:action name="grievance" xmlns:fm="http://www.hyfinity.com/formmaker">
			<fm:xform_xpath>/mvc:eForm/mvc:Data/mvc:formData/mvc:GI_IND_STEP_1_EXT_DUE_REASON</fm:xform_xpath>
		</fm:action>
	</element>
	<group name="GI_IND_STEP_2_EXT_DUE_DT_LIST_group" />
	<group name="GI_IND_STEP_2_EXT_DUE_DT_LIST_action_group" />
	<group name="GI_IND_STEP_2_EXT_DUE_DT_LIST_display_field_group" />
	<group name="GI_IND_STEP_2_EXT_DUE_DT_LIST_input_dialog" />
	<group name="GI_IND_STEP_2_EXT_DUE_DT_LIST_history_dialog" />
	<element name="GI_IND_STEP_2_EXT_DUE_DT_LIST">
		<fm:action name="grievance" xmlns:fm="http://www.hyfinity.com/formmaker">
			<xform_xpath>enter_xpath_here</xform_xpath>
		</fm:action>
		<transform_xpath>/mvc:eForm/mvc:Data/mvc:formData/mvc:GI_IND_STEP_2_EXT_DUE_DT_LIST</transform_xpath>
		<description />
	</element>
	<element name="_GI_IND_STEP_2_EXT_DUE_DT">
		<fm:action name="grievance" xmlns:fm="http://www.hyfinity.com/formmaker">
			<xform_xpath>enter_xpath_here</xform_xpath>
		</fm:action>
		<transform_xpath>/mvc:eForm/mvc:Data/mvc:formData/mvc:_GI_IND_STEP_2_EXT_DUE_DT</transform_xpath>
		<description />
	</element>
	<element name="_GI_IND_STEP_2_EXT_DUE_REASON">
		<fm:action name="grievance" xmlns:fm="http://www.hyfinity.com/formmaker">
			<xform_xpath>enter_xpath_here</xform_xpath>
		</fm:action>
		<transform_xpath>/mvc:eForm/mvc:Data/mvc:formData/mvc:_GI_IND_STEP_2_EXT_DUE_REASON</transform_xpath>
		<repeat_xpath>/mvc:eForm/mvc:Data/lookup/record[LTYPE='ERLRGIExtReason']</repeat_xpath>
		<value_xpath>NAME</value_xpath>
		<text_xpath>LABEL</text_xpath>
		<description />
	</element>
	<element name="GI_IND_STEP_2_EXT_DUE_DT">
		<fm:action name="grievance" xmlns:fm="http://www.hyfinity.com/formmaker">
			<fm:xform_xpath>/mvc:eForm/mvc:Data/mvc:formData/mvc:GI_IND_STEP_2_EXT_DUE_DT</fm:xform_xpath>
		</fm:action>
		<transform_xpath>/mvc:eForm/mvc:Data/mvc:formData/mvc:GI_IND_STEP_2_EXT_DUE_DT</transform_xpath>
		<description />
	</element>
	<element name="GI_IND_STEP_2_EXT_DUE_REASON">
		<fm:action name="grievance" xmlns:fm="http://www.hyfinity.com/formmaker">
			<fm:xform_xpath>/mvc:eForm/mvc:Data/mvc:formData/mvc:GI_IND_STEP_2_EXT_DUE_REASON</fm:xform_xpath>
		</fm:action>
		<transform_xpath>/mvc:eForm/mvc:Data/mvc:formData/mvc:GI_IND_STEP_2_EXT_DUE_REASON</transform_xpath>
		<description />
	</element>
	<element name="GI_IND_STEP_2_EXT_DUE_DT_LIST_add_button">
		<fm:transform_xpath xmlns:fm="http://www.hyfinity.com/formmaker">/mvc:eForm/mvc:Data/mvc:formData/mvc:GI_IND_STEP_2_EXT_DUE_DT_LIST_add_button</fm:transform_xpath>
		<fm:action name="grievance" xmlns:fm="http://www.hyfinity.com/formmaker">
			<fm:xform_xpath>/mvc:eForm/mvc:Data/mvc:formData/mvc:GI_IND_STEP_2_EXT_DUE_DT_LIST_add_button</fm:xform_xpath>
		</fm:action>
		<description />
	</element>
	<element name="GI_IND_STEP_2_EXT_DUE_DT_LIST_history_link">
		<fm:transform_xpath xmlns:fm="http://www.hyfinity.com/formmaker">/mvc:eForm/mvc:Data/mvc:formData/mvc:GI_IND_STEP_2_EXT_DUE_DT_LIST_history_link</fm:transform_xpath>
		<fm:action name="grievance" xmlns:fm="http://www.hyfinity.com/formmaker">
			<fm:xform_xpath>/mvc:eForm/mvc:Data/mvc:formData/mvc:GI_IND_STEP_2_EXT_DUE_DT_LIST_history_link</fm:xform_xpath>
		</fm:action>
		<description />
	</element>
</xforms>
