<?xml version="1.0" encoding="UTF-8"?>
<fm:structure xmlns:fm="http://www.hyfinity.com/formmaker">
	<fm:form_details xmlns="http://www.hyfinity.com/formmaker">
		<error_highlight_method alert="false" as_you_type="true" validation_mode="all">bubble</error_highlight_method>
		<hint_display_method>tooltip</hint_display_method>
		<top_level_message class="topLevelMessage" required="false" style="" />
		<mark_mandatory class="mandatory" location="after_label" required="true" style=""> * </mark_mandatory>
		<description>Enter a description.</description>
		<page_background_style class="" style="" />
		<page_content_style class="" style="" />
		<page_events>
			<events>
				<event id="onbeforeload">
					<action id="FunctionCall">
						<param name="Function" option="Static" value="require" />
						<param name="Parameters" option="Script" value="[&quot;dijit/form/CurrencyTextBox&quot;]" />
					</action>
				</event>
			</events>
		</page_events>
	</fm:form_details>
	<fm:group border_styling="false" compatability="false" fieldset="false" gen_method="layout" hide="false" label_position="left" name="layout_group_5" submit_if_hidden="true">
		<fm:label class="label" options="static" position="outside_group" position_override="top" required="false" style="" type="static" value="Layout Group" xmlns="http://www.hyfinity.com/formmaker">
			<container class="groupLabelBackground" options="static" style="">
				<content_alignment distribution="vertical" />
			</container>
		</fm:label>
		<fm:style class="" options="static" style="" xmlns="http://www.hyfinity.com/formmaker" />
		<fm:content_alignment distribution="vertical" halign="left" valign="top" />
		<fm:sizing height="fit_to_content" width="fully_expand" />
		<fm:palette_ref control="Layout Group" />
		<fm:custom name="custom_control" type="custom">
			<fm:code>
				<div class="controlRow" xmlns="">
					<span class="labelBackground labelControl expandWidth">
						<label class="label require-field-note" tabindex="0">All fields marked with an asterisk are required</label>
					</span>
				</div>
			</fm:code>
			<fm:description />
			<fm:palette_ref control="Custom" />
		</fm:custom>
	</fm:group>
	<fm:group border_styling="false" compatability="false" fieldset="false" gen_method="layout" hide="false" label_position="left" name="hrInitialSalary_group" submit_if_hidden="true">
		<fm:label class="label" options="static" position="outside_group" position_override="top" required="false" style="" type="static" value="Layout Group" xmlns="http://www.hyfinity.com/formmaker">
			<container class="groupLabelBackground" options="static" style="">
				<content_alignment distribution="vertical" />
			</container>
		</fm:label>
		<fm:style class="" options="static" style="" xmlns="http://www.hyfinity.com/formmaker" />
		<fm:content_alignment distribution="vertical" halign="left" valign="top" />
		<fm:sizing height="fit_to_content" width="fully_expand" />
		<fm:palette_ref control="Layout Group" />
		<fm:group border_styling="false" compatability="false" fieldset="false" gen_method="layout" hide="false" label_position="left" name="group_bordered" submit_if_hidden="true">
			<fm:label class="label" options="static" position="outside_group" position_override="top" required="true" style="" type="static" value="Initial Salary Offered by HR" xmlns="http://www.hyfinity.com/formmaker">
				<container class="groupLabelBackground" options="static" style="">
					<content_alignment distribution="vertical" halign="left" valign="middle" />
					<sizing height="custom" width="fully_expand" />
				</container>
			</fm:label>
			<fm:style class="borderedGroup borderedGroup2" options="static" style="" xmlns="http://www.hyfinity.com/formmaker" />
			<fm:content_alignment distribution="horizontal" halign="left" valign="top" />
			<fm:sizing height="fit_to_content" width="fully_expand" />
			<fm:palette_ref control="Bordered Group" />
			<fm:element disable="false" disable_method="read_only" generate="true" hide="false" name="hrInitialSalaryGrade">
				<fm:field xmlns="http://www.hyfinity.com/formmaker">
					<input options="static">text</input>
					<style class="defaultBackground textboxControl" options="static" style="" />
					<element_style class="textbox" options="static" style="width : 145px;" />
					<date_picker class="datePickerIcon" content="" required="false" type="normal" />
					<label class="label" options="static" position_override="top" required="true" style="" type="static" value="Grade">
						<container class="labelBackground labelControl" options="static" style="width: 160px;" />
					</label>
					<container />
				</fm:field>
				<fm:constraints validate="true" xmlns="http://www.hyfinity.com/formmaker">
					<type>string</type>
					<required>false</required>
					<enumeration use_for_output="false" />
				</fm:constraints>
				<fm:error xmlns="http://www.hyfinity.com/formmaker">
					<hint class="hintIcon" style="" use="false">Enter a hint here.</hint>
					<server class="errorIcon" retain="false" style="" use="false" />
				</fm:error>
				<fm:palette_ref control="Text Box" />
				<fm:disable method="read_only" required="false">
					<fm:check id="field_value_condition">
						<fm:param name="FieldToCheck" option="PageField" value="hrInitialSalaryGrade" />
						<fm:param name="Comparison" option="==" />
						<fm:param name="CheckValue" option="PageField" value="hrInitialSalaryGrade" />
					</fm:check>
				</fm:disable>
			</fm:element>
			<fm:element disable="false" disable_method="disabled" generate="true" hide="false" name="hrInitialSalaryStep">
				<fm:field xmlns="http://www.hyfinity.com/formmaker">
					<input options="static">select</input>
					<style class="defaultBackground selectControl" options="static" style="" />
					<element_style class="select" options="static" style="width : 150px;" />
					<date_picker class="" content="" required="false" type="normal" />
					<label class="label" options="static" position_override="top" required="true" style="" type="static" value="Step">
						<container class="labelBackground labelControl" options="static" />
					</label>
					<container />
				</fm:field>
				<fm:constraints validate="true" xmlns="http://www.hyfinity.com/formmaker">
					<type>string</type>
					<required>false</required>
					<enumeration use_for_output="false">
						<include value="1">1</include>
						<include value="2">2</include>
						<include value="3">3</include>
						<include value="4">4</include>
						<include value="5">5</include>
						<include value="6">6</include>
						<include value="7">7</include>
						<include value="8">8</include>
						<include value="9">9</include>
						<include value="10">10</include>
					</enumeration>
				</fm:constraints>
				<fm:error xmlns="http://www.hyfinity.com/formmaker">
					<hint class="hintIcon" style="" use="false">Enter a hint here.</hint>
					<server class="errorIcon" retain="false" style="" use="false" />
				</fm:error>
				<fm:palette_ref control="Select Box" />
				<fm:accessibility xmlns="http://www.hyfinity.com/formmaker">
					<alt>This field defaults to the step 1, click the dropdown list to select a value higher than 1.</alt>
				</fm:accessibility>
			</fm:element>
			<fm:element disable="false" disable_method="read_only" generate="true" hide="false" name="hrInitialSalarySalaryPerAnnum">
				<fm:field xmlns="http://www.hyfinity.com/formmaker">
					<input options="dynamic">text</input>
					<style class="defaultBackground currencyControl" options="static" style="" />
					<element_style class="textbox" options="static" style="width : 150px;" />
					<date_picker class="datePickerIcon" content="" required="false" type="normal" />
					<label class="label" options="static" position_override="top" required="true" style="" type="static" value="Salary (Per Annum)">
						<container class="labelBackground labelControl" options="static" />
					</label>
					<container />
				</fm:field>
				<fm:constraints validate="true" xmlns="http://www.hyfinity.com/formmaker">
					<type>number</type>
					<required>true</required>
					<minInclusive>0.00</minInclusive>
					<maxInclusive>9999999.00</maxInclusive>
					<enumeration use_for_output="false" />
				</fm:constraints>
				<fm:error xmlns="http://www.hyfinity.com/formmaker">
					<hint class="hintIcon" style="" use="false">Enter a hint here.</hint>
					<server class="errorIcon" retain="false" style="" use="false" />
				</fm:error>
				<fm:custom_attributes xmlns="http://www.hyfinity.com/formmaker">
					<attribute name="data-dojo-type" type="custom" value="dijit.form.CurrencyTextBox" />
					<attribute name="data-dojo-props" type="custom" value="currency:&quot;USD&quot;" />
				</fm:custom_attributes>
				<fm:palette_ref control="Amount (Currency)" />
			</fm:element>
			<fm:element disable="false" disable_method="disabled" generate="true" hide="false" name="hrInitialSalaryLocalityPayScale">
				<fm:field xmlns="http://www.hyfinity.com/formmaker">
					<input dropdown_default="Select One" options="static">select</input>
					<style class="defaultBackground selectControl" options="static" style="" />
					<element_style class="select" options="static" style="width : 350px;" />
					<date_picker class="" content="" required="false" type="normal" />
					<label class="label" options="static" position_override="top" required="true" style="" type="static" value="Locality Pay Scale">
						<container class="labelBackground labelControl" options="static" />
					</label>
					<container />
				</fm:field>
				<fm:constraints validate="true" xmlns="http://www.hyfinity.com/formmaker">
					<type>string</type>
					<required>true</required>
					<enumeration use_for_output="false" />
				</fm:constraints>
				<fm:error xmlns="http://www.hyfinity.com/formmaker">
					<hint class="hintIcon" style="" use="false">Enter a hint here.</hint>
					<server class="errorIcon" retain="false" style="" use="false" />
				</fm:error>
				<fm:palette_ref control="Select Box" />
			</fm:element>
		</fm:group>
	</fm:group>
	<fm:group border_styling="false" compatability="false" conditional_display="false" control_field="" control_field_value="" fieldset="false" gen_method="layout" hide="false" label_position="left" name="compontProposedSalary_group" submit_if_hidden="true">
		<fm:label class="label" options="static" position="outside_group" position_override="top" required="false" style="" type="static" value="Layout Group" xmlns="http://www.hyfinity.com/formmaker">
			<container class="groupLabelBackground" options="static" style="">
				<content_alignment distribution="vertical" />
			</container>
		</fm:label>
		<fm:style class="" options="static" style="" />
		<fm:content_alignment distribution="vertical" halign="left" valign="top" />
		<fm:sizing height="fit_to_content" width="fully_expand" />
		<fm:palette_ref control="Layout Group" />
		<fm:group border_styling="false" compatability="false" fieldset="false" gen_method="layout" hide="false" label_position="left" name="group_bordered_2" submit_if_hidden="true">
			<fm:label class="label" options="static" position="outside_group" position_override="top" required="true" style="" type="static" value="Component Proposed Salary" xmlns="http://www.hyfinity.com/formmaker">
				<container class="groupLabelBackground" options="static" style="">
					<content_alignment distribution="vertical" halign="left" valign="middle" />
					<sizing height="custom" width="fully_expand" />
				</container>
			</fm:label>
			<fm:style class="borderedGroup borderedGroup2" options="static" style="" xmlns="http://www.hyfinity.com/formmaker" />
			<fm:content_alignment distribution="vertical" halign="left" valign="top" />
			<fm:sizing height="fit_to_content" width="fully_expand" />
			<fm:palette_ref control="Bordered Group" xmlns="http://www.hyfinity.com/formmaker" />
			<fm:group border_styling="false" compatability="false" fieldset="false" gen_method="layout" hide="false" label_position="left" name="supportSAM_group" submit_if_hidden="true">
				<fm:label class="label" options="static" position="outside_group" position_override="top" required="false" style="" type="static" value="Layout Group" xmlns="http://www.hyfinity.com/formmaker">
					<container class="groupLabelBackground" options="static" style="">
						<content_alignment distribution="vertical" />
					</container>
				</fm:label>
				<fm:style class="" options="static" style="" xmlns="http://www.hyfinity.com/formmaker" />
				<fm:content_alignment distribution="vertical" halign="left" valign="top" />
				<fm:sizing height="fit_to_content" width="fully_expand" />
				<fm:palette_ref control="Layout Group" />
				<fm:element disable="false" disable_method="disabled" generate="true" hide="false" name="supportSAM">
					<fm:field xmlns="http://www.hyfinity.com/formmaker">
						<input dropdown_default="Select One" options="static">select</input>
						<style class="defaultBackground selectControl" options="static" style="" />
						<element_style class="select" options="static" style="width : 250px;" />
						<date_picker class="" content="" required="false" type="normal" />
						<label class="label" options="static" position_override="top" required="true" style="" type="static" value="Do you support the selectee's request for a salary above minimum?">
							<container class="labelBackground labelControl" options="static" />
						</label>
						<container />
					</fm:field>
					<fm:constraints validate="true" xmlns="http://www.hyfinity.com/formmaker">
						<type>string</type>
						<required>true</required>
						<enumeration use_for_output="false">
							<include value="Yes">Yes</include>
							<include value="No">No</include>
						</enumeration>
					</fm:constraints>
					<fm:error xmlns="http://www.hyfinity.com/formmaker">
						<hint class="hintIcon" style="" use="false">Enter a hint here.</hint>
						<server class="errorIcon" retain="false" style="" use="false" />
					</fm:error>
					<fm:palette_ref control="Select Box" />
					<fm:accessibility xmlns="http://www.hyfinity.com/formmaker">
						<alt>Click the dropdown list to indicate whether a Salary Above the Minimum is supported.</alt>
					</fm:accessibility>
				</fm:element>
			</fm:group>
			<fm:group border_styling="false" compatability="false" fieldset="false" gen_method="layout" hide="false" label_position="left" name="componentRcmdFields_group" submit_if_hidden="true">
				<fm:label class="label" options="static" position="outside_group" position_override="top" required="false" style="" type="static" value="Layout Group" xmlns="http://www.hyfinity.com/formmaker">
					<container class="groupLabelBackground" options="static" style="">
						<content_alignment distribution="vertical" />
					</container>
				</fm:label>
				<fm:style class="hidden" options="static" style="" xmlns="http://www.hyfinity.com/formmaker" />
				<fm:content_alignment distribution="horizontal" halign="left" valign="top" />
				<fm:sizing height="fit_to_content" width="fully_expand" />
				<fm:palette_ref control="Layout Group" xmlns="http://www.hyfinity.com/formmaker" />
				<fm:group border_styling="false" compatability="false" fieldset="false" gen_method="layout" hide="false" label_position="left" name="componentRcmdGrade_group" submit_if_hidden="true">
					<fm:label class="label" options="static" position="outside_group" position_override="top" required="false" style="" type="static" value="Layout Group" xmlns="http://www.hyfinity.com/formmaker">
						<container class="groupLabelBackground" options="static" style="">
							<content_alignment distribution="vertical" />
						</container>
					</fm:label>
					<fm:style class="overflow-hidden " options="static" style="width : 165px;" xmlns="http://www.hyfinity.com/formmaker" />
					<fm:content_alignment distribution="vertical" halign="left" valign="top" />
					<fm:sizing height="fit_to_content" width="custom" />
					<fm:palette_ref control="Layout Group" />
					<fm:element disable="false" disable_method="disabled" generate="true" hide="false" name="componentRcmdGrade">
						<fm:field xmlns="http://www.hyfinity.com/formmaker">
							<input dropdown_default="Select One" options="static">select</input>
							<style class="defaultBackground selectControl" options="static" style="" />
							<element_style class="select" options="static" style="width : 150px;" />
							<date_picker class="" content="" required="false" type="normal" />
							<label class="label" options="static" position_override="top" required="true" style="" type="static" value="Grade">
								<container class="labelBackground labelControl" options="static" />
							</label>
							<container />
						</fm:field>
						<fm:constraints validate="true" xmlns="http://www.hyfinity.com/formmaker">
							<type>string</type>
							<required>false</required>
							<enumeration use_for_output="false">
								<include value="00">00</include>
								<include value="01">01</include>
								<include value="02">02</include>
								<include value="03">03</include>
								<include value="04">04</include>
								<include value="05">05</include>
								<include value="06">06</include>
								<include value="07">07</include>
								<include value="08">08</include>
								<include value="09">09</include>
								<include value="10">10</include>
								<include value="11">11</include>
								<include value="12">12</include>
								<include value="13">13</include>
								<include value="14">14</include>
								<include value="15">15</include>
							</enumeration>
						</fm:constraints>
						<fm:error xmlns="http://www.hyfinity.com/formmaker">
							<hint class="hintIcon" style="" use="false">Enter a hint here.</hint>
							<server class="errorIcon" retain="false" style="" use="false" />
						</fm:error>
						<fm:palette_ref control="Select Box" xmlns="http://www.hyfinity.com/formmaker" />
						<fm:accessibility xmlns="http://www.hyfinity.com/formmaker">
							<alt>Grade information selected on the Position tab.</alt>
						</fm:accessibility>
						<fm:disable required="false">
							<fm:check id="field_value_condition">
								<fm:param name="FieldToCheck" option="PageField" value="componentRcmdGrade" />
								<fm:param name="Comparison" option="==" />
								<fm:param name="CheckValue" option="PageField" value="componentRcmdGrade" />
							</fm:check>
						</fm:disable>
					</fm:element>
				</fm:group>
				<fm:group border_styling="false" compatability="false" fieldset="false" gen_method="layout" hide="false" label_position="left" name="componentRcmdStep_group" submit_if_hidden="true">
					<fm:label class="label" options="static" position="outside_group" position_override="top" required="false" style="" type="static" value="Layout Group" xmlns="http://www.hyfinity.com/formmaker">
						<container class="groupLabelBackground" options="static" style="">
							<content_alignment distribution="vertical" />
						</container>
					</fm:label>
					<fm:style class="" options="static" style="" xmlns="http://www.hyfinity.com/formmaker" />
					<fm:content_alignment distribution="vertical" halign="left" valign="top" />
					<fm:sizing height="fit_to_content" width="custom" />
					<fm:palette_ref control="Layout Group" />
					<fm:element disable="false" disable_method="disabled" generate="true" hide="false" name="componentRcmdStep">
						<fm:field xmlns="http://www.hyfinity.com/formmaker">
							<input dropdown_default="Select One" options="static">select</input>
							<style class="defaultBackground selectControl" options="static" style="" />
							<element_style class="select" options="static" style="width : 150px;" />
							<date_picker class="" content="" required="false" type="normal" />
							<label class="label" options="static" position_override="top" required="true" style="" type="static" value="Step">
								<container class="labelBackground labelControl" options="static" />
							</label>
							<container />
						</fm:field>
						<fm:constraints validate="true" xmlns="http://www.hyfinity.com/formmaker">
							<type>string</type>
							<required>true</required>
							<enumeration use_for_output="false">
								<include value="2">2</include>
								<include value="3">3</include>
								<include value="4">4</include>
								<include value="5">5</include>
								<include value="6">6</include>
								<include value="7">7</include>
								<include value="8">8</include>
								<include value="9">9</include>
								<include value="10">10</include>
							</enumeration>
						</fm:constraints>
						<fm:error xmlns="http://www.hyfinity.com/formmaker">
							<hint class="hintIcon" style="" use="false">Enter a hint here.</hint>
							<server class="errorIcon" retain="false" style="" use="false" />
						</fm:error>
						<fm:palette_ref control="Select Box" xmlns="http://www.hyfinity.com/formmaker" />
						<fm:accessibility xmlns="http://www.hyfinity.com/formmaker">
							<alt>Select the step being requested for the selectee.</alt>
							<tab_index>0</tab_index>
						</fm:accessibility>
					</fm:element>
				</fm:group>
				<fm:element disable="false" disable_method="read_only" generate="true" hide="false" name="componentRcmdSalaryPerAnnum">
					<fm:field xmlns="http://www.hyfinity.com/formmaker">
						<input options="dynamic">text</input>
						<style class="defaultBackground currencyControl" options="static" style="" />
						<element_style class="textbox" options="static" style="width : 150px;" />
						<date_picker class="datePickerIcon" content="" required="false" type="normal" />
						<label class="label" options="static" position_override="top" required="true" style="" type="static" value="Salary (Per Annum)">
							<container class="labelBackground labelControl" options="static" />
						</label>
						<container />
					</fm:field>
					<fm:constraints validate="true" xmlns="http://www.hyfinity.com/formmaker">
						<type>number</type>
						<required>false</required>
						<minInclusive>0.00</minInclusive>
						<maxInclusive>9999999.00</maxInclusive>
						<enumeration use_for_output="false" />
					</fm:constraints>
					<fm:error xmlns="http://www.hyfinity.com/formmaker">
						<hint class="hintIcon" style="" use="false">Enter a hint here.</hint>
						<server class="errorIcon" retain="false" style="" use="false" />
						<message_override>You must specify a number value for this field.</message_override>
					</fm:error>
					<fm:custom_attributes xmlns="http://www.hyfinity.com/formmaker">
						<attribute name="data-dojo-type" type="custom" value="dijit.form.CurrencyTextBox" />
						<attribute name="data-dojo-props" type="custom" value="currency:&quot;USD&quot;" />
					</fm:custom_attributes>
					<fm:palette_ref control="Amount (Currency)" xmlns="http://www.hyfinity.com/formmaker" />
					<fm:accessibility xmlns="http://www.hyfinity.com/formmaker">
						<alt>Enter the selectee’s recommended annual salary.</alt>
						<tab_index>0</tab_index>
					</fm:accessibility>
				</fm:element>
				<fm:element disable="false" disable_method="read_only" generate="true" hide="false" name="componentRcmdLocalityPayScale">
					<fm:field xmlns="http://www.hyfinity.com/formmaker">
						<input options="dynamic">text</input>
						<style class="defaultBackground textboxControl" options="static" style="" />
						<element_style class="textbox" options="static" style="width : 350px;" />
						<date_picker class="datePickerIcon" content="" required="false" type="normal" />
						<label class="label" options="static" position_override="top" required="true" style="" type="static" value="Locality Pay Scale">
							<container class="labelBackground labelControl" options="static" />
						</label>
						<container />
					</fm:field>
					<fm:constraints validate="true" xmlns="http://www.hyfinity.com/formmaker">
						<type>string</type>
						<required>false</required>
						<enumeration use_for_output="false" />
					</fm:constraints>
					<fm:error xmlns="http://www.hyfinity.com/formmaker">
						<hint class="hintIcon" style="" use="false">Enter a hint here.</hint>
						<server class="errorIcon" retain="false" style="" use="false" />
					</fm:error>
					<fm:palette_ref control="Text Box" />
					<fm:disable method="read_only" required="false">
						<fm:check id="field_value_condition">
							<fm:param name="FieldToCheck" option="PageField" value="componentRcmdLocalityPayScale" />
							<fm:param name="Comparison" option="==" />
							<fm:param name="CheckValue" option="PageField" value="componentRcmdLocalityPayScale" />
						</fm:check>
					</fm:disable>
				</fm:element>
			</fm:group>
			<fm:group border_styling="false" compatability="false" fieldset="false" gen_method="layout" hide="false" label_position="left" name="PreviousSalary_updates_group" submit_if_hidden="true">
				<fm:label class="label" options="static" position="outside_group" position_override="top" required="false" style="" type="static" value="Layout Group" xmlns="http://www.hyfinity.com/formmaker">
					<container class="groupLabelBackground" options="static" style="">
						<content_alignment distribution="vertical" />
					</container>
				</fm:label>
				<fm:style class="hidden" options="static" style="" xmlns="http://www.hyfinity.com/formmaker" />
				<fm:content_alignment distribution="vertical" halign="left" valign="top" />
				<fm:sizing height="fit_to_content" width="fully_expand" />
				<fm:palette_ref control="Layout Group" />
				<fm:group border_styling="false" compatability="false" fieldset="true" gen_method="layout" hide="false" label_position="left" name="group_info" submit_if_hidden="true">
					<fm:label class="fieldsetGroupLabel " options="static" position="outside_group" position_override="top" required="true" style="color: black;" type="static" value="Previously Proposed Salary" xmlns="http://www.hyfinity.com/formmaker">
						<container class="fieldsetGroupLabelBackground" options="static" style="width:250px; border:0; color:black; margin:0;">
							<content_alignment distribution="vertical" />
						</container>
					</fm:label>
					<fm:style class="fieldsetGroup" options="static" style="" xmlns="http://www.hyfinity.com/formmaker" />
					<fm:content_alignment distribution="vertical" halign="left" valign="top" />
					<fm:sizing height="fit_to_content" width="fully_expand" />
					<fm:palette_ref control="Information Group" />
					<fm:custom name="custom_control_2" type="custom">
						<fm:code>
							<div class="customControl" xmlns="http://www.hyfinity.com/xfactory">
								<table class="table table-striped table-hover table-condensed margin-no" id="reviewPreviousSalary_history" width="100%">
									<tr>
										<th id="reviewPreviousSalary_historyGradeStepTh">Grade - Step</th>
										<th>Salary (Per Annum)</th>
										<th>Locality Pay Scale</th>
										<th>Created By</th>
										<th>Modified By</th>
										<th>User Group</th>
										<th>Date Modified</th>
									</tr>
								</table>
							</div>
						</fm:code>
						<fm:description>Enter a description.</fm:description>
						<fm:palette_ref control="Custom" />
					</fm:custom>
				</fm:group>
			</fm:group>
		</fm:group>
	</fm:group>
	<fm:group border_styling="false" compatability="false" fieldset="false" gen_method="layout" hide="false" label_position="left" name="selecteeECPackage_group" submit_if_hidden="true">
		<fm:label class="label" options="static" position="outside_group" position_override="top" required="false" style="" type="static" value="Layout Group" xmlns="http://www.hyfinity.com/formmaker">
			<container class="groupLabelBackground" options="static" style="">
				<content_alignment distribution="vertical" />
			</container>
		</fm:label>
		<fm:style class="" options="static" style="" xmlns="http://www.hyfinity.com/formmaker" />
		<fm:content_alignment distribution="vertical" halign="left" valign="top" />
		<fm:sizing height="fit_to_content" width="fully_expand" />
		<fm:palette_ref control="Layout Group" />
		<fm:group border_styling="false" compatability="false" fieldset="false" gen_method="layout" hide="false" label_position="left" name="group_bordered_1" submit_if_hidden="true">
			<fm:label class="label" options="static" position="outside_group" position_override="top" required="true" style="" type="static" value="Selectee's Existing Compensation Package" xmlns="http://www.hyfinity.com/formmaker">
				<container class="groupLabelBackground" options="static" style="">
					<content_alignment distribution="vertical" halign="left" valign="middle" />
					<sizing height="custom" width="fully_expand" />
				</container>
			</fm:label>
			<fm:style class="borderedGroup borderedGroup2" options="static" style="" xmlns="http://www.hyfinity.com/formmaker" />
			<fm:content_alignment distribution="vertical" halign="left" valign="top" />
			<fm:sizing height="fit_to_content" width="fully_expand" />
			<fm:palette_ref control="Bordered Group" xmlns="http://www.hyfinity.com/formmaker" />
			<fm:group border_styling="false" compatability="false" fieldset="false" gen_method="layout" hide="false" label_position="left" name="layout_group" submit_if_hidden="true">
				<fm:label class="label" options="static" position="outside_group" position_override="top" required="false" style="" type="static" value="Layout Group" xmlns="http://www.hyfinity.com/formmaker">
					<container class="groupLabelBackground" options="static" style="">
						<content_alignment distribution="vertical" />
					</container>
				</fm:label>
				<fm:style class="" options="static" style="" xmlns="http://www.hyfinity.com/formmaker" />
				<fm:content_alignment distribution="horizontal" halign="left" valign="top" />
				<fm:sizing height="fit_to_content" width="fully_expand" />
				<fm:palette_ref control="Layout Group" xmlns="http://www.hyfinity.com/formmaker" />
				<fm:element disable="false" disable_method="read_only" generate="true" hide="false" name="selecteeSalaryPerAnnum">
					<fm:field xmlns="http://www.hyfinity.com/formmaker">
						<input options="dynamic">text</input>
						<style class="defaultBackground currencyControl" options="static" style="width : 250px;" />
						<element_style class="textbox" options="static" style="width : 250px;" />
						<date_picker class="datePickerIcon" content="" required="false" type="normal" />
						<label class="label" options="static" position_override="top" required="true" style="" type="static" value="Salary (Per Annum)">
							<container class="labelBackground labelControl" options="static" style="width : 250px;">
								<sizing width="custom" />
							</container>
						</label>
						<container>
							<sizing width="custom" />
						</container>
					</fm:field>
					<fm:constraints validate="true" xmlns="http://www.hyfinity.com/formmaker">
						<type>number</type>
						<required>true</required>
						<minInclusive>0.00</minInclusive>
						<maxInclusive>9999999.00</maxInclusive>
						<enumeration use_for_output="false" />
					</fm:constraints>
					<fm:error xmlns="http://www.hyfinity.com/formmaker">
						<hint class="hintIcon" style="" use="false">Enter a hint here.</hint>
						<server class="errorIcon" retain="false" style="" use="false" />
						<message_override>You must specify a number value for this field.</message_override>
					</fm:error>
					<fm:custom_attributes xmlns="http://www.hyfinity.com/formmaker">
						<attribute name="data-dojo-type" type="custom" value="dijit.form.CurrencyTextBox" />
						<attribute name="data-dojo-props" type="custom" value="currency:&quot;USD&quot;" />
					</fm:custom_attributes>
					<fm:palette_ref control="Amount (Currency)" xmlns="http://www.hyfinity.com/formmaker" />
					<fm:accessibility xmlns="http://www.hyfinity.com/formmaker">
						<alt>Enter the selectee’s annual salary.</alt>
						<tab_index>0</tab_index>
					</fm:accessibility>
				</fm:element>
				<fm:element disable="false" disable_method="disabled" generate="true" hide="false" name="selecteeSalaryType">
					<fm:field xmlns="http://www.hyfinity.com/formmaker">
						<input dropdown_default="Select One" options="static">select</input>
						<style class="defaultBackground selectControl" options="static" style="" />
						<element_style class="select" options="static" style="width : 250px;" />
						<date_picker class="" content="" required="false" type="normal" />
						<label class="label" options="static" position_override="top" required="true" style="" type="static" value="Salary Type">
							<container class="labelBackground labelControl" options="static" />
						</label>
						<container />
					</fm:field>
					<fm:constraints validate="true" xmlns="http://www.hyfinity.com/formmaker">
						<type>string</type>
						<required>true</required>
						<enumeration use_for_output="false">
							<include value="Competing Job Offer">Competing Job Offer</include>
							<include value="Existing Salary">Existing Salary</include>
							<include value="Recent Salary">Recent Salary</include>
						</enumeration>
					</fm:constraints>
					<fm:error xmlns="http://www.hyfinity.com/formmaker">
						<hint class="hintIcon" style="" use="false">Enter a hint here.</hint>
						<server class="errorIcon" retain="false" style="" use="false" />
					</fm:error>
					<fm:palette_ref control="Select Box" xmlns="http://www.hyfinity.com/formmaker" />
					<fm:accessibility xmlns="http://www.hyfinity.com/formmaker">
						<alt>Select the selectee’s salary type.</alt>
						<tab_index>0</tab_index>
					</fm:accessibility>
				</fm:element>
			</fm:group>
			<fm:group border_styling="false" compatability="false" fieldset="false" gen_method="layout" hide="false" label_position="left" name="layout_group_2" submit_if_hidden="true">
				<fm:label class="label" options="static" position="outside_group" position_override="top" required="false" style="" type="static" value="Layout Group" xmlns="http://www.hyfinity.com/formmaker">
					<container class="groupLabelBackground" options="static" style="" />
				</fm:label>
				<fm:style class="" options="static" style="" xmlns="http://www.hyfinity.com/formmaker" />
				<fm:content_alignment distribution="horizontal" halign="left" valign="top" />
				<fm:sizing height="fit_to_content" width="fully_expand" />
				<fm:palette_ref control="Layout Group" xmlns="http://www.hyfinity.com/formmaker" />
				<fm:element disable="false" disable_method="read_only" generate="true" hide="false" name="selecteeBonus">
					<fm:field xmlns="http://www.hyfinity.com/formmaker">
						<input options="dynamic">text</input>
						<style class="defaultBackground currencyControl" options="static" style="width : 250px;" />
						<element_style class="textbox" options="static" style="width : 250px;" />
						<date_picker class="datePickerIcon" content="" required="false" type="normal" />
						<label class="label" options="static" position_override="top" required="true" style="" type="static" value="Bonus (2 year average)">
							<container class="labelBackground labelControl" options="static" style="width : 250px;">
								<sizing width="custom" />
							</container>
						</label>
						<container>
							<sizing width="custom" />
						</container>
					</fm:field>
					<fm:constraints validate="true" xmlns="http://www.hyfinity.com/formmaker">
						<type>number</type>
						<required>false</required>
						<minInclusive>0.00</minInclusive>
						<maxInclusive>9999999.00</maxInclusive>
						<enumeration use_for_output="false" />
					</fm:constraints>
					<fm:error xmlns="http://www.hyfinity.com/formmaker">
						<hint class="hintIcon" style="" use="false">Enter a hint here.</hint>
						<server class="errorIcon" retain="false" style="" use="false" />
						<message_override>You must specify a number value for this field.</message_override>
					</fm:error>
					<fm:custom_attributes xmlns="http://www.hyfinity.com/formmaker">
						<attribute name="data-dojo-type" type="custom" value="dijit.form.CurrencyTextBox" />
						<attribute name="data-dojo-props" type="custom" value="currency:&quot;USD&quot;" />
					</fm:custom_attributes>
					<fm:palette_ref control="Amount (Currency)" xmlns="http://www.hyfinity.com/formmaker" />
					<fm:accessibility xmlns="http://www.hyfinity.com/formmaker">
						<alt>Enter the two year average of the selectee’s bonus.</alt>
						<tab_index>0</tab_index>
					</fm:accessibility>
				</fm:element>
				<fm:element disable="false" disable_method="read_only" generate="true" hide="false" name="selecteeBenefits">
					<fm:field xmlns="http://www.hyfinity.com/formmaker">
						<input expandable="true" max="10" min="2" options="dynamic" size="83">textarea</input>
						<style class="defaultBackground textareaControl" options="static" style="" />
						<element_style class="textbox" options="static" style="" />
						<date_picker class="datePickerIcon" content="" required="false" type="normal" />
						<label class="label" options="static" position_override="top" required="true" style="" type="static" value="Benefits">
							<container class="labelBackground labelControl" options="static" />
						</label>
						<container />
					</fm:field>
					<fm:constraints validate="true" xmlns="http://www.hyfinity.com/formmaker">
						<type>string</type>
						<required>false</required>
						<enumeration use_for_output="false" />
					</fm:constraints>
					<fm:error xmlns="http://www.hyfinity.com/formmaker">
						<hint class="hintIcon" style="" use="false">Enter a hint here.</hint>
						<server class="errorIcon" retain="false" style="" use="false" />
					</fm:error>
					<fm:palette_ref control="Text Area" xmlns="http://www.hyfinity.com/formmaker" />
					<fm:accessibility xmlns="http://www.hyfinity.com/formmaker">
						<alt>Enter relevant information about the selectee’s benefits package.</alt>
						<tab_index>0</tab_index>
					</fm:accessibility>
					<fm:custom_attributes xmlns="http://www.hyfinity.com/formmaker">
						<attribute name="maxlength" type="custom" value="500" />
					</fm:custom_attributes>
				</fm:element>
			</fm:group>
			<fm:group border_styling="false" compatability="false" fieldset="false" gen_method="layout" hide="false" label_position="left" name="layout_group_3" submit_if_hidden="true">
				<fm:label class="label" options="static" position="outside_group" position_override="top" required="false" style="" type="static" value="Layout Group" xmlns="http://www.hyfinity.com/formmaker">
					<container class="groupLabelBackground" options="static" style="" />
				</fm:label>
				<fm:style class="" options="static" style="" xmlns="http://www.hyfinity.com/formmaker" />
				<fm:content_alignment distribution="horizontal" halign="left" valign="top" />
				<fm:sizing height="fit_to_content" width="fully_expand" />
				<fm:palette_ref control="Layout Group" xmlns="http://www.hyfinity.com/formmaker" />
				<fm:element disable="false" disable_method="read_only" generate="true" hide="false" name="selecteeTotalCompensation">
					<fm:field xmlns="http://www.hyfinity.com/formmaker">
						<input default="0" options="dynamic">text</input>
						<style class="defaultBackground currencyControl" options="static" style="width : 250px;" />
						<element_style class="textbox" options="static" style="width : 250px;" />
						<date_picker class="datePickerIcon" content="" required="false" type="normal" />
						<label class="label" options="static" position_override="top" required="true" style="" type="static" value="Total Compensation">
							<container class="labelBackground labelControl" options="static" style="width : 250px;">
								<sizing width="custom" />
							</container>
						</label>
						<container>
							<sizing width="custom" />
						</container>
					</fm:field>
					<fm:constraints validate="true" xmlns="http://www.hyfinity.com/formmaker">
						<type>number</type>
						<required>false</required>
						<minInclusive>0.00</minInclusive>
						<maxInclusive>9999999.00</maxInclusive>
						<enumeration use_for_output="false" />
					</fm:constraints>
					<fm:error xmlns="http://www.hyfinity.com/formmaker">
						<hint class="hintIcon" style="" use="false">Enter a hint here.</hint>
						<server class="errorIcon" retain="false" style="" use="false" />
					</fm:error>
					<fm:custom_attributes xmlns="http://www.hyfinity.com/formmaker">
						<attribute name="data-dojo-type" type="custom" value="dijit.form.CurrencyTextBox" />
						<attribute name="data-dojo-props" type="custom" value="currency:&quot;USD&quot;" />
					</fm:custom_attributes>
					<fm:palette_ref control="Amount (Currency)" xmlns="http://www.hyfinity.com/formmaker" />
					<fm:disable method="read_only" required="true" xmlns="http://www.hyfinity.com/formmaker">
						<check id="field_value_condition">
							<param name="FieldToCheck" option="PageField" value="selecteeTotalCompensation" />
							<param name="Comparison" option="==" />
							<param name="CheckValue" option="PageField" value="selecteeTotalCompensation" />
						</check>
					</fm:disable>
					<fm:accessibility xmlns="http://www.hyfinity.com/formmaker">
						<alt>This generates the total compensation entered based on the salary per annum and the bonus.</alt>
					</fm:accessibility>
				</fm:element>
			</fm:group>
			<fm:group border_styling="false" compatability="false" fieldset="false" gen_method="layout" hide="false" label_position="left" name="layout_group_4" submit_if_hidden="true">
				<fm:label class="label" options="static" position="outside_group" position_override="top" required="false" style="" type="static" value="Layout Group" xmlns="http://www.hyfinity.com/formmaker">
					<container class="groupLabelBackground" options="static" style="">
						<content_alignment distribution="vertical" />
					</container>
				</fm:label>
				<fm:style class="" options="static" style="" xmlns="http://www.hyfinity.com/formmaker" />
				<fm:content_alignment distribution="horizontal" halign="left" valign="top" />
				<fm:sizing height="fit_to_content" width="fully_expand" />
				<fm:palette_ref control="Layout Group" />
				<fm:element disable="false" disable_method="read_only" generate="true" hide="false" name="dateSupDocRequested">
					<fm:field xmlns="http://www.hyfinity.com/formmaker">
						<input options="dynamic" size="10">text</input>
						<style class="defaultBackground dateControl" options="static" style="width : 190px;" />
						<element_style class="textbox" options="static" style="" />
						<date_picker class="datePickerIcon" content="" required="true" type="normal" />
						<label class="label" options="static" position_override="top" required="true" style="" type="static" value="Date Supporting Documents Requested">
							<container class="labelBackground labelControl" options="static" style="width : 190px;">
								<sizing width="custom" />
							</container>
						</label>
						<container>
							<sizing width="custom" />
						</container>
					</fm:field>
					<fm:constraints validate="true" xmlns="http://www.hyfinity.com/formmaker">
						<type>date</type>
						<required>false</required>
						<enumeration use_for_output="false" />
					</fm:constraints>
					<fm:error xmlns="http://www.hyfinity.com/formmaker">
						<hint class="hintIcon" style="" use="false">Enter a hint here.</hint>
						<server class="errorIcon" retain="false" style="" use="false" />
						<message_override>This value must not be a future date and a valid date in the format MM/DD/YYYY.</message_override>
					</fm:error>
					<fm:data_formats xmlns="http://www.hyfinity.com/formmaker">
						<date data="yyyy-MM-dd" display="MM/dd/yyyy" />
					</fm:data_formats>
					<fm:palette_ref control="Date" />
					<fm:accessibility xmlns="http://www.hyfinity.com/formmaker">
						<alt>Click the calendar icon or type to enter the date as mm/dd/yyyy.</alt>
					</fm:accessibility>
				</fm:element>
				<fm:element disable="false" disable_method="read_only" generate="true" hide="false" name="dateSupDocReceived">
					<fm:field xmlns="http://www.hyfinity.com/formmaker">
						<input options="dynamic" size="10">text</input>
						<style class="defaultBackground dateControl" options="static" style="width : 190px;" />
						<element_style class="textbox" options="static" style="" />
						<date_picker class="datePickerIcon" content="" required="true" type="normal" />
						<label class="label" options="static" position_override="top" required="true" style="" type="static" value="Date Supporting Documents Received">
							<container class="labelBackground labelControl" options="static" style="width : 190px;">
								<sizing width="custom" />
							</container>
						</label>
						<container>
							<sizing width="custom" />
						</container>
					</fm:field>
					<fm:constraints validate="true" xmlns="http://www.hyfinity.com/formmaker">
						<type>date</type>
						<required>false</required>
						<enumeration use_for_output="false" />
					</fm:constraints>
					<fm:error xmlns="http://www.hyfinity.com/formmaker">
						<hint class="hintIcon" style="" use="false">Enter a hint here.</hint>
						<server class="errorIcon" retain="false" style="" use="false" />
						<message_override>This value must not be a future date and a valid date in the format MM/DD/YYYY.</message_override>
					</fm:error>
					<fm:data_formats xmlns="http://www.hyfinity.com/formmaker">
						<date data="yyyy-MM-dd" display="MM/dd/yyyy" />
					</fm:data_formats>
					<fm:palette_ref control="Date" />
					<fm:accessibility xmlns="http://www.hyfinity.com/formmaker">
						<alt>Click the calendar icon or type to enter the date as mm/dd/yyyy.</alt>
					</fm:accessibility>
				</fm:element>
			</fm:group>
		</fm:group>
	</fm:group>
	<fm:group border_styling="false" compatability="false" fieldset="false" gen_method="layout" hide="false" label_position="left" name="cocDirector_group" submit_if_hidden="true">
		<fm:label class="label" options="static" position="outside_group" position_override="top" required="false" style="" type="static" value="" xmlns="http://www.hyfinity.com/formmaker">
			<container class="groupLabelBackground" options="static" style="">
				<content_alignment distribution="vertical" halign="left" valign="top" />
				<sizing height="custom" width="fully_expand" />
			</container>
		</fm:label>
		<fm:style class="" options="static" style="" xmlns="http://www.hyfinity.com/formmaker" />
		<fm:content_alignment distribution="vertical" halign="left" valign="top" />
		<fm:sizing height="fit_to_content" width="fully_expand" />
		<fm:palette_ref control="Bordered Group" />
		<fm:group border_styling="false" compatability="false" fieldset="false" gen_method="layout" hide="false" label_position="left" name="cocDirector_group_bordered" submit_if_hidden="true">
			<fm:label class="label" options="static" position="outside_group" position_override="top" required="true" style="" type="static" value="Center/Office/Consortium Director Designation" xmlns="http://www.hyfinity.com/formmaker">
				<container class="groupLabelBackground" options="static" style="">
					<content_alignment distribution="vertical" halign="left" valign="middle" />
					<sizing width="fully_expand" />
				</container>
			</fm:label>
			<fm:style class="borderedGroup borderedGroup2" options="static" style="" xmlns="http://www.hyfinity.com/formmaker" />
			<fm:content_alignment distribution="vertical" halign="left" valign="top" />
			<fm:sizing height="fit_to_content" width="fully_expand" />
			<fm:palette_ref control="Layout Group" />
			<fm:group border_styling="false" compatability="false" fieldset="false" gen_method="layout" hide="false" label_position="left" name="layout_group_6" submit_if_hidden="true">
				<fm:label class="label" options="static" position="outside_group" position_override="top" required="false" style="" type="static" value="Layout Group" xmlns="http://www.hyfinity.com/formmaker">
					<container class="groupLabelBackground" options="static" style="">
						<content_alignment distribution="vertical" />
					</container>
				</fm:label>
				<fm:style class="" options="static" style="" xmlns="http://www.hyfinity.com/formmaker" />
				<fm:content_alignment distribution="horizontal" halign="left" valign="top" />
				<fm:sizing height="fit_to_content" width="fully_expand" />
				<fm:palette_ref control="Layout Group" xmlns="http://www.hyfinity.com/formmaker" />
				<fm:element disable="false" disable_method="read_only" generate="true" hide="false" name="cocDirector_ac">
					<fm:field xmlns="http://www.hyfinity.com/formmaker">
						<input options="dynamic">text</input>
						<style class="defaultBackground textboxControl" options="static" style="" />
						<element_style class="textbox" options="static" style="width : 350px;" />
						<date_picker class="datePickerIcon" content="" required="false" type="normal" />
						<label class="label" options="static" position_override="top" required="true" style="" type="static" value="Center/Office/Consortium Director">
							<container class="labelBackground labelControl" options="static">
								<sizing width="custom" />
							</container>
						</label>
						<container>
							<sizing width="custom" />
						</container>
					</fm:field>
					<fm:constraints validate="true" xmlns="http://www.hyfinity.com/formmaker">
						<type>string</type>
						<required>true</required>
						<enumeration use_for_output="false" />
					</fm:constraints>
					<fm:error xmlns="http://www.hyfinity.com/formmaker">
						<hint class="hintIcon" style="" use="false" />
						<server class="errorIcon" retain="false" style="" use="false" />
					</fm:error>
					<fm:palette_ref control="Text Box" />
					<fm:accessibility xmlns="http://www.hyfinity.com/formmaker">
						<alt>Type the name of the Center/Office/Consortium Director and select from the list of suggested names</alt>
					</fm:accessibility>
				</fm:element>
			</fm:group>
		</fm:group>
	</fm:group>
</fm:structure>
