<?xml version="1.0" encoding="UTF-8"?>
<fm:structure xmlns:fm="http://www.hyfinity.com/formmaker">
	<form_details xmlns="http://www.hyfinity.com/formmaker">
		<error_highlight_method alert="false" as_you_type="true" validation_mode="all">bubble</error_highlight_method>
		<hint_display_method>tooltip</hint_display_method>
		<top_level_message class="topLevelMessage" required="false" style="" />
		<mark_mandatory class="mandatory" location="after_label" required="true" style=""> * </mark_mandatory>
		<description>Enter a description.</description>
		<page_background_style class="" style="" />
		<page_content_style class="" style="" />
		<page_events>
			<events>
				<event id="onbeforeload">
					<action id="FunctionCall">
						<param name="Function" option="Static" value="require" />
						<param name="Parameters" option="Script" value="[&quot;dijit/form/CurrencyTextBox&quot;]" />
					</action>
				</event>
			</events>
		</page_events>
	</form_details>
	<fm:group border_styling="false" compatability="false" fieldset="false" gen_method="layout" hide="false" label_position="left" name="group_bordered" submit_if_hidden="true">
		<label class="label" options="static" position="outside_group" position_override="top" required="true" style="" type="static" value="Selectee's Existing Compensation Package" xmlns="http://www.hyfinity.com/formmaker">
			<container class="groupLabelBackground" options="static" style="">
				<content_alignment distribution="vertical" halign="left" valign="middle" />
				<sizing height="custom" width="fully_expand" />
			</container>
		</label>
		<style class="borderedGroup borderedGroup2" options="static" style="" xmlns="http://www.hyfinity.com/formmaker" />
		<fm:content_alignment distribution="vertical" halign="left" valign="top" />
		<fm:sizing height="fit_to_content" width="fully_expand" />
		<palette_ref control="Bordered Group" xmlns="http://www.hyfinity.com/formmaker" />
		<fm:group border_styling="false" compatability="false" fieldset="false" gen_method="layout" hide="false" label_position="left" name="layout_group" submit_if_hidden="true">
			<label class="label" options="static" position="outside_group" position_override="top" required="false" style="" type="static" value="Layout Group" xmlns="http://www.hyfinity.com/formmaker">
				<container class="groupLabelBackground" options="static" style="" />
			</label>
			<style class="" options="static" style="" xmlns="http://www.hyfinity.com/formmaker" />
			<fm:content_alignment distribution="horizontal" halign="left" valign="top" />
			<fm:sizing height="fit_to_content" width="fully_expand" />
			<palette_ref control="Layout Group" xmlns="http://www.hyfinity.com/formmaker" />
			<fm:element disable="false" disable_method="read_only" generate="true" hide="false" name="salaryPerAnnum">
				<field xmlns="http://www.hyfinity.com/formmaker">
					<input options="dynamic">text</input>
					<style class="defaultBackground currencyControl" options="static" style="width : 250px;" />
					<element_style class="textbox" options="static" style="width : 250px;" />
					<date_picker class="datePickerIcon" content="" required="false" type="normal" />
					<label class="label" options="static" position_override="top" required="true" style="" type="static" value="Salary (Per Annum)">
						<container class="labelBackground labelControl" options="static" style="width : 250px;">
							<sizing width="custom" />
						</container>
					</label>
					<container>
						<sizing width="custom" />
					</container>
				</field>
				<constraints validate="true" xmlns="http://www.hyfinity.com/formmaker">
					<type>number</type>
					<required>false</required>
					<minInclusive>0.00</minInclusive>
					<maxInclusive>9999999.00</maxInclusive>
					<enumeration use_for_output="false" />
				</constraints>
				<error xmlns="http://www.hyfinity.com/formmaker">
					<hint class="hintIcon" style="" use="false">Enter a hint here.</hint>
					<server class="errorIcon" retain="false" style="" use="false" />
					<message_override>Enter number only.</message_override>
				</error>
				<custom_attributes xmlns="http://www.hyfinity.com/formmaker">
					<attribute name="data-dojo-type" type="custom" value="dijit.form.CurrencyTextBox" />
					<attribute name="data-dojo-props" type="custom" value="currency:&quot;USD&quot;" />
				</custom_attributes>
				<palette_ref control="Amount (Currency)" xmlns="http://www.hyfinity.com/formmaker" />
				<accessibility xmlns="http://www.hyfinity.com/formmaker">
					<alt>Enter salary amount (number only).</alt>
				</accessibility>
			</fm:element>
			<fm:element disable="false" disable_method="disabled" generate="true" hide="false" name="salaryType">
				<field xmlns="http://www.hyfinity.com/formmaker">
					<input dropdown_default="Select One" options="static">select</input>
					<style class="defaultBackground selectControl" options="static" style="" />
					<element_style class="select" options="static" style="width : 250px;" />
					<date_picker class="" content="" required="false" type="normal" />
					<label class="label" options="static" position_override="top" required="true" style="" type="static" value="Salary Type">
						<container class="labelBackground labelControl" options="static" />
					</label>
					<container />
				</field>
				<constraints validate="true" xmlns="http://www.hyfinity.com/formmaker">
					<type>string</type>
					<required>false</required>
					<enumeration use_for_output="false">
						<include value="Competing Job Offer">Competing Job Offer</include>
						<include value="Existing Salary">Existing Salary</include>
						<include value="Recent Salary">Recent Salary</include>
					</enumeration>
				</constraints>
				<error xmlns="http://www.hyfinity.com/formmaker">
					<hint class="hintIcon" style="" use="false">Enter a hint here.</hint>
					<server class="errorIcon" retain="false" style="" use="false" />
				</error>
				<palette_ref control="Select Box" xmlns="http://www.hyfinity.com/formmaker" />
			</fm:element>
		</fm:group>
		<fm:group border_styling="false" compatability="false" fieldset="false" gen_method="layout" hide="false" label_position="left" name="layout_group_2" submit_if_hidden="true">
			<label class="label" options="static" position="outside_group" position_override="top" required="false" style="" type="static" value="Layout Group" xmlns="http://www.hyfinity.com/formmaker">
				<container class="groupLabelBackground" options="static" style="" />
			</label>
			<style class="" options="static" style="" xmlns="http://www.hyfinity.com/formmaker" />
			<fm:content_alignment distribution="horizontal" halign="left" valign="top" />
			<fm:sizing height="fit_to_content" width="fully_expand" />
			<palette_ref control="Layout Group" xmlns="http://www.hyfinity.com/formmaker" />
			<fm:element disable="false" disable_method="read_only" generate="true" hide="false" name="bonus">
				<field xmlns="http://www.hyfinity.com/formmaker">
					<input options="dynamic">text</input>
					<style class="defaultBackground currencyControl" options="static" style="width : 250px;" />
					<element_style class="textbox" options="static" style="width : 250px;" />
					<date_picker class="datePickerIcon" content="" required="false" type="normal" />
					<label class="label" options="static" position_override="top" required="true" style="" type="static" value="Bonus (2 year average)">
						<container class="labelBackground labelControl" options="static" style="width : 250px;">
							<sizing width="custom" />
						</container>
					</label>
					<container>
						<sizing width="custom" />
					</container>
				</field>
				<constraints validate="true" xmlns="http://www.hyfinity.com/formmaker">
					<type>number</type>
					<required>false</required>
					<minInclusive>0.00</minInclusive>
					<maxInclusive>9999999.00</maxInclusive>
					<enumeration use_for_output="false" />
				</constraints>
				<error xmlns="http://www.hyfinity.com/formmaker">
					<hint class="hintIcon" style="" use="false">Enter a hint here.</hint>
					<server class="errorIcon" retain="false" style="" use="false" />
					<message_override>Enter number only.</message_override>
				</error>
				<custom_attributes xmlns="http://www.hyfinity.com/formmaker">
					<attribute name="data-dojo-type" type="custom" value="dijit.form.CurrencyTextBox" />
					<attribute name="data-dojo-props" type="custom" value="currency:&quot;USD&quot;" />
				</custom_attributes>
				<palette_ref control="Amount (Currency)" xmlns="http://www.hyfinity.com/formmaker" />
				<accessibility xmlns="http://www.hyfinity.com/formmaker">
					<alt>Enter bonus amount (number only).</alt>
				</accessibility>
			</fm:element>
			<fm:element disable="false" disable_method="read_only" generate="true" hide="false" name="benefits">
				<field xmlns="http://www.hyfinity.com/formmaker">
					<input expandable="true" max="10" min="2" options="dynamic" size="40">textarea</input>
					<style class="defaultBackground textareaControl" options="static" style="" />
					<element_style class="textbox" options="static" style="" />
					<date_picker class="datePickerIcon" content="" required="false" type="normal" />
					<label class="label" options="static" position_override="top" required="true" style="" type="static" value="Benefits">
						<container class="labelBackground labelControl" options="static" />
					</label>
					<container />
				</field>
				<constraints validate="true" xmlns="http://www.hyfinity.com/formmaker">
					<type>string</type>
					<required>false</required>
					<enumeration use_for_output="false" />
				</constraints>
				<error xmlns="http://www.hyfinity.com/formmaker">
					<hint class="hintIcon" style="" use="false">Enter a hint here.</hint>
					<server class="errorIcon" retain="false" style="" use="false" />
				</error>
				<palette_ref control="Text Area" xmlns="http://www.hyfinity.com/formmaker" />
			</fm:element>
		</fm:group>
		<fm:group border_styling="false" compatability="false" fieldset="false" gen_method="layout" hide="false" label_position="left" name="layout_group_3" submit_if_hidden="true">
			<label class="label" options="static" position="outside_group" position_override="top" required="false" style="" type="static" value="Layout Group" xmlns="http://www.hyfinity.com/formmaker">
				<container class="groupLabelBackground" options="static" style="" />
			</label>
			<style class="" options="static" style="" xmlns="http://www.hyfinity.com/formmaker" />
			<fm:content_alignment distribution="horizontal" halign="left" valign="top" />
			<fm:sizing height="fit_to_content" width="fully_expand" />
			<palette_ref control="Layout Group" xmlns="http://www.hyfinity.com/formmaker" />
			<fm:element disable="false" disable_method="read_only" generate="true" hide="false" name="totalCompensation">
				<field xmlns="http://www.hyfinity.com/formmaker">
					<input options="dynamic">text</input>
					<style class="defaultBackground currencyControl" options="static" style="width : 250px;" />
					<element_style class="textbox" options="static" style="width : 250px;" />
					<date_picker class="datePickerIcon" content="" required="false" type="normal" />
					<label class="label" options="static" position_override="top" required="true" style="" type="static" value="Total Compensation">
						<container class="labelBackground labelControl" options="static" style="width : 250px;">
							<sizing width="custom" />
						</container>
					</label>
					<container>
						<sizing width="custom" />
					</container>
				</field>
				<constraints validate="true" xmlns="http://www.hyfinity.com/formmaker">
					<type>number</type>
					<required>false</required>
					<minInclusive>0.00</minInclusive>
					<maxInclusive>9999999.00</maxInclusive>
					<enumeration use_for_output="false" />
				</constraints>
				<error xmlns="http://www.hyfinity.com/formmaker">
					<hint class="hintIcon" style="" use="false">Enter a hint here.</hint>
					<server class="errorIcon" retain="false" style="" use="false" />
				</error>
				<custom_attributes xmlns="http://www.hyfinity.com/formmaker">
					<attribute name="data-dojo-type" type="custom" value="dijit.form.CurrencyTextBox" />
					<attribute name="data-dojo-props" type="custom" value="currency:&quot;USD&quot;" />
				</custom_attributes>
				<palette_ref control="Amount (Currency)" xmlns="http://www.hyfinity.com/formmaker" />
				<disable method="read_only" required="true" xmlns="http://www.hyfinity.com/formmaker">
					<check id="field_value_condition">
						<param name="FieldToCheck" option="PageField" value="totalCompensation" />
						<param name="Comparison" option="==" />
						<param name="CheckValue" option="PageField" value="totalCompensation" />
					</check>
				</disable>
				<accessibility xmlns="http://www.hyfinity.com/formmaker">
					<alt>The field is auto-generated.</alt>
				</accessibility>
			</fm:element>
		</fm:group>
	</fm:group>
	<fm:group border_styling="false" compatability="false" fieldset="false" gen_method="layout" hide="false" label_position="left" name="group_bordered_2" submit_if_hidden="true">
		<label class="label" options="static" position="outside_group" position_override="top" required="true" style="" type="static" value="Component Recommended Salary" xmlns="http://www.hyfinity.com/formmaker">
			<container class="groupLabelBackground" options="static" style="">
				<content_alignment distribution="vertical" halign="left" valign="middle" />
				<sizing height="custom" width="fully_expand" />
			</container>
		</label>
		<style class="borderedGroup borderedGroup2" options="static" style="" xmlns="http://www.hyfinity.com/formmaker" />
		<fm:content_alignment distribution="vertical" halign="left" valign="top" />
		<fm:sizing height="fit_to_content" width="fully_expand" />
		<palette_ref control="Bordered Group" xmlns="http://www.hyfinity.com/formmaker" />
		<fm:group border_styling="false" compatability="false" fieldset="false" gen_method="layout" hide="false" label_position="left" name="layout_group_4" submit_if_hidden="true">
			<label class="label" options="static" position="outside_group" position_override="top" required="false" style="" type="static" value="Layout Group" xmlns="http://www.hyfinity.com/formmaker">
				<container class="groupLabelBackground" options="static" style="" />
			</label>
			<style class="" options="static" style="" xmlns="http://www.hyfinity.com/formmaker" />
			<fm:content_alignment distribution="horizontal" halign="left" valign="top" />
			<fm:sizing height="fit_to_content" width="fully_expand" />
			<palette_ref control="Layout Group" xmlns="http://www.hyfinity.com/formmaker" />
			<fm:element disable="false" disable_method="disabled" generate="true" hide="false" name="recommGrade">
				<field xmlns="http://www.hyfinity.com/formmaker">
					<input dropdown_default="Select One" options="static">select</input>
					<style class="defaultBackground selectControl" options="static" style="" />
					<element_style class="select" options="static" style="width : 150px;" />
					<date_picker class="" content="" required="false" type="normal" />
					<label class="label" options="static" position_override="top" required="true" style="" type="static" value="Grade">
						<container class="labelBackground labelControl" options="static" />
					</label>
					<container />
				</field>
				<constraints validate="true" xmlns="http://www.hyfinity.com/formmaker">
					<type>string</type>
					<required>false</required>
					<enumeration use_for_output="false">
						<include value="1">1</include>
						<include value="2">2</include>
						<include value="3">3</include>
						<include value="4">4</include>
						<include value="5">5</include>
						<include value="6">6</include>
						<include value="7">7</include>
						<include value="8">8</include>
						<include value="9">9</include>
						<include value="10">10</include>
						<include value="11">11</include>
						<include value="12">12</include>
						<include value="13">13</include>
						<include value="14">14</include>
						<include value="15">15</include>
					</enumeration>
				</constraints>
				<error xmlns="http://www.hyfinity.com/formmaker">
					<hint class="hintIcon" style="" use="false">Enter a hint here.</hint>
					<server class="errorIcon" retain="false" style="" use="false" />
				</error>
				<palette_ref control="Select Box" xmlns="http://www.hyfinity.com/formmaker" />
			</fm:element>
			<fm:element disable="false" disable_method="disabled" generate="true" hide="false" name="recommStep">
				<field xmlns="http://www.hyfinity.com/formmaker">
					<input dropdown_default="Select One" options="static">select</input>
					<style class="defaultBackground selectControl" options="static" style="" />
					<element_style class="select" options="static" style="width : 150px;" />
					<date_picker class="" content="" required="false" type="normal" />
					<label class="label" options="static" position_override="top" required="true" style="" type="static" value="Step">
						<container class="labelBackground labelControl" options="static" />
					</label>
					<container />
				</field>
				<constraints validate="true" xmlns="http://www.hyfinity.com/formmaker">
					<type>string</type>
					<required>false</required>
					<enumeration use_for_output="false">
						<include value="1">1</include>
						<include value="2">2</include>
						<include value="3">3</include>
						<include value="4">4</include>
						<include value="5">5</include>
						<include value="6">6</include>
						<include value="7">7</include>
						<include value="8">8</include>
						<include value="9">9</include>
						<include value="10">10</include>
					</enumeration>
				</constraints>
				<error xmlns="http://www.hyfinity.com/formmaker">
					<hint class="hintIcon" style="" use="false">Enter a hint here.</hint>
					<server class="errorIcon" retain="false" style="" use="false" />
				</error>
				<palette_ref control="Select Box" xmlns="http://www.hyfinity.com/formmaker" />
			</fm:element>
			<fm:element disable="false" disable_method="read_only" generate="true" hide="false" name="recommSalaryPerAnnum">
				<field xmlns="http://www.hyfinity.com/formmaker">
					<input options="dynamic">text</input>
					<style class="defaultBackground currencyControl" options="static" style="" />
					<element_style class="textbox" options="static" style="width : 150px;" />
					<date_picker class="datePickerIcon" content="" required="false" type="normal" />
					<label class="label" options="static" position_override="top" required="true" style="" type="static" value="Salary (Per Annum)">
						<container class="labelBackground labelControl" options="static" />
					</label>
					<container />
				</field>
				<constraints validate="true" xmlns="http://www.hyfinity.com/formmaker">
					<type>number</type>
					<required>false</required>
					<minInclusive>0.00</minInclusive>
					<maxInclusive>9999999.00</maxInclusive>
					<enumeration use_for_output="false" />
				</constraints>
				<error xmlns="http://www.hyfinity.com/formmaker">
					<hint class="hintIcon" style="" use="false">Enter a hint here.</hint>
					<server class="errorIcon" retain="false" style="" use="false" />
					<message_override>Enter number only.</message_override>
				</error>
				<custom_attributes xmlns="http://www.hyfinity.com/formmaker">
					<attribute name="data-dojo-type" type="custom" value="dijit.form.CurrencyTextBox" />
					<attribute name="data-dojo-props" type="custom" value="currency:&quot;USD&quot;" />
				</custom_attributes>
				<palette_ref control="Amount (Currency)" xmlns="http://www.hyfinity.com/formmaker" />
				<accessibility xmlns="http://www.hyfinity.com/formmaker">
					<alt>Enter recommended salary (number only).</alt>
				</accessibility>
			</fm:element>
			<fm:element disable="false" disable_method="read_only" generate="true" hide="false" name="recommLocalityPayScale">
				<field xmlns="http://www.hyfinity.com/formmaker">
					<input options="dynamic">text</input>
					<style class="defaultBackground textboxControl" options="static" style="" />
					<element_style class="textbox" options="static" style="width : 150px;" />
					<date_picker class="datePickerIcon" content="" required="false" type="normal" />
					<label class="label" options="static" position_override="top" required="true" style="" type="static" value="Locality Pay Scale">
						<container class="labelBackground labelControl" options="static" />
					</label>
					<container />
				</field>
				<constraints validate="true" xmlns="http://www.hyfinity.com/formmaker">
					<type>string</type>
					<required>false</required>
					<enumeration use_for_output="false" />
				</constraints>
				<error xmlns="http://www.hyfinity.com/formmaker">
					<hint class="hintIcon" style="" use="false">Enter a hint here.</hint>
					<server class="errorIcon" retain="false" style="" use="false" />
				</error>
				<palette_ref control="Text Box" xmlns="http://www.hyfinity.com/formmaker" />
			</fm:element>
		</fm:group>
	</fm:group>
</fm:structure>
