<?xml version="1.0" encoding="UTF-8"?>
<xforms xmlns="http://www.hyfinity.com/formmaker" xmlns:mvc="http://www.hyfinity.com/mvc">
	<instance_configuration />
	<page />
	<group name="IR_main_body" />
	<group name="layout_group_5" />
	<element name="IR_REQUESTER">
		<fm:action name="information_request" xmlns:fm="http://www.hyfinity.com/formmaker">
			<xform_xpath>enter_xpath_here</xform_xpath>
		</fm:action>
		<transform_xpath>/mvc:eForm/mvc:Data/mvc:formData/mvc:IR_REQUESTER</transform_xpath>
		<description />
	</element>
	<element name="IR_REASONABLY_AVAILABLE_AND_NECESSARY">
		<fm:transform_xpath xmlns:fm="http://www.hyfinity.com/formmaker">/mvc:eForm/mvc:Data/mvc:formData/mvc:IR_REASONABLY_AVAILABLE_AND_NECESSARY</fm:transform_xpath>
		<fm:action name="information_request" xmlns:fm="http://www.hyfinity.com/formmaker">
			<xform_xpath>enter_xpath_here</xform_xpath>
		</fm:action>
	</element>
	<element name="IR_CMS_REQUESTER_NAME_SEARCH">
		<description />
		<fm:transform_xpath xmlns:fm="http://www.hyfinity.com/formmaker">/mvc:eForm/mvc:Data/mvc:formData/mvc:IR_CMS_REQUESTER_NAME_SEARCH</fm:transform_xpath>
		<fm:action name="information_request" xmlns:fm="http://www.hyfinity.com/formmaker">
			<xform_xpath>enter_xpath_here</xform_xpath>
		</fm:action>
	</element>
	<element name="IR_SUBMIT_DT">
		<fm:transform_xpath xmlns:fm="http://www.hyfinity.com/formmaker">/mvc:eForm/mvc:Data/mvc:formData/mvc:IR_SUBMIT_DT</fm:transform_xpath>
		<fm:action name="information_request" xmlns:fm="http://www.hyfinity.com/formmaker">
			<xform_xpath>enter_xpath_here</xform_xpath>
		</fm:action>
	</element>
	<element name="IR_CMS_REQUESTER_PHONE">
		<fm:action name="information_request" xmlns:fm="http://www.hyfinity.com/formmaker">
			<xform_xpath>enter_xpath_here</xform_xpath>
		</fm:action>
		<transform_xpath>/mvc:eForm/mvc:Data/mvc:formData/mvc:IR_CMS_REQUESTER_PHONE</transform_xpath>
		<description />
	</element>
	<element name="IR_MEET_PARTICULARIZED_NEED_STANDARD">
		<fm:transform_xpath xmlns:fm="http://www.hyfinity.com/formmaker">/mvc:eForm/mvc:Data/mvc:formData/mvc:IR_MEET_PARTICULARIZED_NEED_STANDARD</fm:transform_xpath>
		<fm:action name="information_request" xmlns:fm="http://www.hyfinity.com/formmaker">
			<xform_xpath>enter_xpath_here</xform_xpath>
		</fm:action>
	</element>
	<element name="IR_PROTECTED_FROM_DISCLOSURE_BY_LAW">
		<fm:transform_xpath xmlns:fm="http://www.hyfinity.com/formmaker">/mvc:eForm/mvc:Data/mvc:formData/mvc:IR_PROTECTED_FROM_DISCLOSURE_BY_LAW</fm:transform_xpath>
		<fm:action name="information_request" xmlns:fm="http://www.hyfinity.com/formmaker">
			<xform_xpath>enter_xpath_here</xform_xpath>
		</fm:action>
	</element>
	<group name="layout_group" />
	<group name="layout_group_18" />
	<group name="layout_group_19" />
	<group name="layout_group_20" />
	<group name="layout_group_21" />
	<group name="layout_group_22" />
	<element name="IR_MAINTAINED_BY_AGENCY">
		<fm:transform_xpath xmlns:fm="http://www.hyfinity.com/formmaker">/mvc:eForm/mvc:Data/mvc:formData/mvc:IR_MAINTAINED_BY_AGENCY</fm:transform_xpath>
		<fm:action name="information_request" xmlns:fm="http://www.hyfinity.com/formmaker">
			<xform_xpath>enter_xpath_here</xform_xpath>
		</fm:action>
	</element>
	<element name="IR_COLLECTIVE_BARGAINING_UNIT">
		<fm:transform_xpath xmlns:fm="http://www.hyfinity.com/formmaker">/mvc:eForm/mvc:Data/mvc:formData/mvc:IR_COLLECTIVE_BARGAINING_UNIT</fm:transform_xpath>
		<fm:action name="information_request" xmlns:fm="http://www.hyfinity.com/formmaker">
			<xform_xpath>enter_xpath_here</xform_xpath>
		</fm:action>
	</element>
	<element name="IR_APPROVE">
		<fm:transform_xpath xmlns:fm="http://www.hyfinity.com/formmaker">/mvc:eForm/mvc:Data/mvc:formData/mvc:IR_APPROVE</fm:transform_xpath>
		<fm:action name="information_request" xmlns:fm="http://www.hyfinity.com/formmaker">
			<xform_xpath>enter_xpath_here</xform_xpath>
		</fm:action>
	</element>
	<group name="ir_provide_dt_group" />
	<group name="ir_provide_dt_action_group" />
	<group name="ir_provide_dt_history_group" />
	<element name="IR_PROVIDE_DT">
		<description />
		<fm:transform_xpath xmlns:fm="http://www.hyfinity.com/formmaker">/mvc:eForm/mvc:Data/mvc:formData/mvc:IR_PROVIDE_DT</fm:transform_xpath>
		<fm:action name="information_request" xmlns:fm="http://www.hyfinity.com/formmaker">
			<fm:xform_xpath>/mvc:eForm/mvc:Data/mvc:formData/mvc:IR_PROVIDE_DT</fm:xform_xpath>
		</fm:action>
	</element>
	<element name="btnIRProvideAddDt">
		<description />
		<fm:transform_xpath xmlns:fm="http://www.hyfinity.com/formmaker">/mvc:eForm/mvc:Data/mvc:formData/mvc:btnIRProvideAddDt</fm:transform_xpath>
		<fm:action name="information_request" xmlns:fm="http://www.hyfinity.com/formmaker">
			<fm:xform_xpath>/mvc:eForm/mvc:Data/mvc:formData/mvc:btnIRProvideAddDt</fm:xform_xpath>
		</fm:action>
	</element>
	<group name="ir_not_approved_layout_group" />
	<group name="ir_layout_group_10" />
	<group name="ir_denial_notice_dt_action_group" />
	<group name="ir_provide_dt_history_group_2" />
	<group name="layout_group_23" />
	<element name="IR_DENIAL_NOTICE_REASON">
		<fm:transform_xpath xmlns:fm="http://www.hyfinity.com/formmaker">/mvc:eForm/mvc:Data/mvc:formData/mvc:IR_DENIAL_NOTICE_REASON</fm:transform_xpath>
		<fm:action name="information_request" xmlns:fm="http://www.hyfinity.com/formmaker">
			<xform_xpath>enter_xpath_here</xform_xpath>
		</fm:action>
	</element>
	<element name="IR_APPEAL_DENIAL">
		<fm:transform_xpath xmlns:fm="http://www.hyfinity.com/formmaker">/mvc:eForm/mvc:Data/mvc:formData/mvc:IR_APPEAL_DENIAL</fm:transform_xpath>
		<fm:action name="information_request" xmlns:fm="http://www.hyfinity.com/formmaker">
			<xform_xpath>enter_xpath_here</xform_xpath>
		</fm:action>
	</element>
	<element name="IR_DENIAL_NOTICE_DT">
		<description />
		<fm:transform_xpath xmlns:fm="http://www.hyfinity.com/formmaker">/mvc:eForm/mvc:Data/mvc:formData/mvc:IR_DENIAL_NOTICE_DT</fm:transform_xpath>
		<fm:action name="information_request" xmlns:fm="http://www.hyfinity.com/formmaker">
			<fm:xform_xpath>/mvc:eForm/mvc:Data/mvc:formData/mvc:IR_DENIAL_NOTICE_DT</fm:xform_xpath>
		</fm:action>
	</element>
	<element name="btnIRDenialNoticeAddDt">
		<description />
		<fm:transform_xpath xmlns:fm="http://www.hyfinity.com/formmaker">/mvc:eForm/mvc:Data/mvc:formData/mvc:btnIRDenialNoticeAddDt</fm:transform_xpath>
		<fm:action name="information_request" xmlns:fm="http://www.hyfinity.com/formmaker">
			<fm:xform_xpath>/mvc:eForm/mvc:Data/mvc:formData/mvc:btnIRDenialNoticeAddDt</fm:xform_xpath>
		</fm:action>
	</element>
	<group name="layout_group_4" />
	<group name="ir_cms_requester_layout_group" />
	<element name="IR_NON_CMS_REQUESTER_LAST_NAME">
		<fm:action name="information_request" xmlns:fm="http://www.hyfinity.com/formmaker">
			<xform_xpath>enter_xpath_here</xform_xpath>
		</fm:action>
		<transform_xpath>/mvc:eForm/mvc:Data/mvc:formData/mvc:IR_NON_CMS_REQUESTER_LAST_NAME</transform_xpath>
		<description />
	</element>
	<element name="IR_NON_CMS_REQUESTER_PHONE">
		<description />
		<fm:transform_xpath xmlns:fm="http://www.hyfinity.com/formmaker">/mvc:eForm/mvc:Data/mvc:formData/mvc:IR_NON_CMS_REQUESTER_PHONE</fm:transform_xpath>
		<fm:action name="information_request" xmlns:fm="http://www.hyfinity.com/formmaker">
			<xform_xpath>enter_xpath_here</xform_xpath>
		</fm:action>
	</element>
	<element name="IR_NON_CMS_REQUESTER_FIRST_NAME">
		<description />
		<fm:transform_xpath xmlns:fm="http://www.hyfinity.com/formmaker">/mvc:eForm/mvc:Data/mvc:formData/mvc:IR_NON_CMS_REQUESTER_FIRST_NAME</fm:transform_xpath>
		<fm:action name="information_request" xmlns:fm="http://www.hyfinity.com/formmaker">
			<xform_xpath>enter_xpath_here</xform_xpath>
		</fm:action>
	</element>
	<element name="IR_NON_CMS_REQUESTER_EMAIL">
		<description />
		<fm:transform_xpath xmlns:fm="http://www.hyfinity.com/formmaker">/mvc:eForm/mvc:Data/mvc:formData/mvc:IR_NON_CMS_REQUESTER_EMAIL</fm:transform_xpath>
		<fm:action name="information_request" xmlns:fm="http://www.hyfinity.com/formmaker">
			<xform_xpath>enter_xpath_here</xform_xpath>
		</fm:action>
	</element>
	<element name="IR_NON_CMS_REQUESTER_ORGANIZATION_AFFILIATION">
		<description />
		<fm:transform_xpath xmlns:fm="http://www.hyfinity.com/formmaker">/mvc:eForm/mvc:Data/mvc:formData/mvc:IR_NON_CMS_REQUESTER_ORGANIZATION_AFFILIATION</fm:transform_xpath>
		<fm:action name="information_request" xmlns:fm="http://www.hyfinity.com/formmaker">
			<xform_xpath>enter_xpath_here</xform_xpath>
		</fm:action>
	</element>
	<group name="ir_non_cms_requester_layout_group" />
	<group name="layout_group_3" />
	<group name="layout_group_6" />
	<element name="IR_CMS_REQUESTER_NAME">
		<fm:transform_xpath xmlns:fm="http://www.hyfinity.com/formmaker">/mvc:eForm/mvc:Data/mvc:formData/mvc:IR_CMS_REQUESTER_NAME</fm:transform_xpath>
		<fm:action name="information_request" xmlns:fm="http://www.hyfinity.com/formmaker">
			<fm:xform_xpath>/mvc:eForm/mvc:Data/mvc:formData/mvc:IR_CMS_REQUESTER_NAME</fm:xform_xpath>
		</fm:action>
	</element>
	<group name="ir_appeal_denial_note_group" />
	<group name="layout_group_9" />
	<group name="ir_denial_notice_dt_group" />
	<group name="layout_group_7" />
</xforms>
