<?xml version="1.0" encoding="UTF-8"?>
<index desc="user 1 collection index file" id="collection_index" name="user1 collection index" xmlns="http://www.hyfinity.com/xstore">
	<entry desc="" docname="CMS/mvc/StratConMain/xsd_pool" id="CMS/mvc/StratConMain/xsd_pool" timestamp="" />
	<entry desc="" docname="CMS/mvc/StratConMain/logicsheet_pool" id="CMS/mvc/StratConMain/logicsheet_pool" timestamp="" />
	<entry desc="" docname="CMS/mvc/StratConMain/message_pool" id="CMS/mvc/StratConMain/message_pool" timestamp="" />
	<entry desc="" docname="CMS/mvc/StratConMain/other_resources_pool" id="CMS/mvc/StratConMain/other_resources_pool" timestamp="" />
	<entry desc="" docname="CMS/mvc/StratConMain/application" id="CMS/mvc/StratConMain/application" timestamp="" />
	<entry desc="" docname="CMS/mvc/StratConMain/formStructure" id="CMS/mvc/StratConMain/formStructure" timestamp="" />
	<entry desc="" docname="CMS/mvc/StratConMain/hyfinityBindings" id="CMS/mvc/StratConMain/hyfinityBindings" timestamp="" />
	<entry desc="" docname="CMS/mvc/StratConMain/xsl_pool" id="CMS/mvc/StratConMain/xsl_pool" timestamp="" />
	<entry desc="" docname="CMS/mvc/StratConMain/genDefaults" id="CMS/mvc/StratConMain/genDefaults" timestamp="" />
	<entry desc="" docname="CMS/mvc/StratConMain/L1_pattern_pool" id="CMS/mvc/StratConMain/L1_pattern_pool" timestamp="" />
	<entry desc="" docname="CMS/mvc/StratConMain/L1_pattern_instance_pool" id="CMS/mvc/StratConMain/L1_pattern_instance_pool" timestamp="" />
	<entry desc="" docname="CMS/mvc/StratConMain/L2_pattern_pool" id="CMS/mvc/StratConMain/L2_pattern_pool" timestamp="" />
	<entry desc="" docname="CMS/mvc/StratConMain/L2_pattern_instance_pool" id="CMS/mvc/StratConMain/L2_pattern_instance_pool" timestamp="" />
	<entry desc="" docname="CMS/mvc/StratConMain/L3_pattern_pool" id="CMS/mvc/StratConMain/L3_pattern_pool" timestamp="" />
	<entry desc="" docname="CMS/mvc/StratConMain/L3_pattern_instance_pool" id="CMS/mvc/StratConMain/L3_pattern_instance_pool" timestamp="" />
</index>
