<?xml version="1.0" encoding="UTF-8"?>
<inputControl exportedWithPermissions="false">
    <folder>/organizations/organization_1/Input_Controls/CMS/Hiring_Timeline</folder>
    <name>DAYS</name>
    <version>4</version>
    <label>Business or Calendar Days?</label>
    <creationDate>2019-05-29T12:46:31.000-04:00</creationDate>
    <updateDate>2019-05-29T14:51:46.000-04:00</updateDate>
    <type>3</type>
    <mandatory>true</mandatory>
    <readOnly>false</readOnly>
    <visible>true</visible>
    <listOfValues>
        <localResource
            xmlns:xsi="http://www.w3.org/2001/XMLSchema-instance"
            exportedWithPermissions="false" xsi:type="listOfValues">
            <folder>/organizations/organization_1/Input_Controls/CMS/Hiring_Timeline/DAYS_files</folder>
            <name>DAYS</name>
            <version>2</version>
            <label>DAYS</label>
            <creationDate>2019-05-29T14:50:16.000-04:00</creationDate>
            <updateDate>2019-05-29T14:50:16.000-04:00</updateDate>
            <item>
                <itemLabel>Business</itemLabel>
                <itemValue xmlns:java="http://java.sun.com" xsi:type="java:java.lang.String">business</itemValue>
            </item>
            <item>
                <itemLabel>Calendar</itemLabel>
                <itemValue xmlns:java="http://java.sun.com" xsi:type="java:java.lang.String">calendar</itemValue>
            </item>
        </localResource>
    </listOfValues>
</inputControl>
