<?xml version="1.0" encoding="UTF-8"?>
<inputControl exportedWithPermissions="false">
    <folder>/organizations/organization_1/Input_Controls/CMS/Hiring_Timeline</folder>
    <name>REQUEST_NUMBER</name>
    <version>1</version>
    <label>NEIL Request Number</label>
    <creationDate>2019-05-29T12:45:25.000-04:00</creationDate>
    <updateDate>2019-05-29T14:47:37.000-04:00</updateDate>
    <type>2</type>
    <mandatory>true</mandatory>
    <readOnly>false</readOnly>
    <visible>true</visible>
    <dataType>
        <localResource
            xmlns:xsi="http://www.w3.org/2001/XMLSchema-instance"
            exportedWithPermissions="false" xsi:type="dataType">
            <folder>/organizations/organization_1/Input_Controls/CMS/Hiring_Timeline/REQUEST_NUMBER_files</folder>
            <name>REQUEST_NUMBER</name>
            <version>1</version>
            <label>REQUEST_NUMBER</label>
            <creationDate>2019-05-29T14:47:37.000-04:00</creationDate>
            <updateDate>2019-05-29T14:47:37.000-04:00</updateDate>
            <type>1</type>
            <strictMin>false</strictMin>
            <strictMax>false</strictMax>
        </localResource>
    </dataType>
</inputControl>
