<?xml version="1.0" encoding="UTF-8"?>
<hy:rulebase cache="false" context="/" disable="true" forward_chain="false" return="/" xmlns:hy="http://www.hyfinity.com/xengine" xmlns:mvc="http://www.hyfinity.com/mvc" xmlns:xg="http://www.hyfinity.com/xgate">
	<hy:rule base="custom" desc="" disable="false" id="AdmOrgList" priority="10">
		<hy:head>
			<hy:result disable="false" id="getAdmOrg">
				<hy:operator>SQL</hy:operator>
				<hy:target action="Query" name="mvc-StratCon_AUT-workflowDB-Database" update="append">
					<hy:params>
						<hy:param name="sql_statement" type="java.lang.String">SELECT AC_ADMIN_CD,AC_ADMIN_CD_DESCR
  FROM HHS_CMS_HR.ADMIN_CODES
 WHERE LOWER(AC_ADMIN_CD)  LIKE LOWER(CONCAT($searchAdmOff,'%'))
 ORDER BY AC_ADMIN_CD, AC_ADMIN_CD_DESCR;</hy:param>
						<hy:param name="to_location" type="com.hyfinity.xpath.XPath">/mvc:eForm/mvc:Data</hy:param>
						<hy:param name="$searchAdmOff" type="string">/mvc:eForm/mvc:Control/mvc:searchAdmOff</hy:param>
					</hy:params>
				</hy:target>
			</hy:result>
			<hy:result disable="false" id="renameAdmOrg">
				<hy:operator>Rename</hy:operator>
				<hy:target action="rename" name="factbase" update="">
					<hy:params>
						<hy:param name="location" type="com.hyfinity.xpath.XPath">/mvc:eForm/mvc:Data/sql_result[last()]/statement</hy:param>
						<hy:param name="new_name" type="java.lang.String">admorg_list</hy:param>
						<hy:param name="new_namespace" type="java.lang.String" />
					</hy:params>
				</hy:target>
			</hy:result>
			<hy:result disable="false" id="moveAdminOrg">
				<hy:operator>Move</hy:operator>
				<hy:target action="add" name="factbase" update="correct_replace">
					<hy:params>
						<hy:param name="from_location" type="com.hyfinity.xpath.XPath">/mvc:eForm/mvc:Data/sql_result[last()]/admorg_list</hy:param>
						<hy:param name="to_location" type="com.hyfinity.xpath.XPath">/mvc:eForm/mvc:Data/sql_result[last()]</hy:param>
					</hy:params>
				</hy:target>
			</hy:result>
		</hy:head>
		<hy:body>
			<hy:clause id="SearchAdmOff" multiple="false">
				<hy:operator>Read</hy:operator>
				<hy:target action="eval" name="factbase">
					<hy:params>
						<hy:param name="xpath_expression" type="com.hyfinity.xpath.XPath">/mvc:eForm/mvc:Control/mvc:searchAdmOff != ''</hy:param>
					</hy:params>
				</hy:target>
			</hy:clause>
		</hy:body>
	</hy:rule>
	<hy:rule base="modified" desc="Writes the page xsl information to be used for screen display" disable="false" id="write_XML" priority="30">
		<hy:head>
			<hy:result disable="false" id="write_XML">
				<hy:operator>Write</hy:operator>
				<hy:target action="write" name="factbase" update="append">
					<hy:params>
						<hy:param name="xpath_to_value" type="com.hyfinity.xpath.XPath">/mvc:eForm/mvc:Data/admorg_list</hy:param>
						<hy:param name="to_location" type="com.hyfinity.xpath.XPath">/mvc:eForm/mvc:Control/mvc:Page</hy:param>
					</hy:params>
				</hy:target>
			</hy:result>
		</hy:head>
		<hy:body />
	</hy:rule>
	<hy:rule base="custom" desc="" disable="false" id="OrgAdminList" priority="10">
		<hy:head>
			<hy:result disable="false" id="getAdmOrg">
				<hy:operator>SQL</hy:operator>
				<hy:target action="Query" name="mvc-StratCon_AUT-workflowDB-Database" update="append">
					<hy:params>
						<hy:param name="sql_statement" type="java.lang.String">SELECT AC_ADMIN_CD,AC_ADMIN_CD_DESCR
FROM HHS_CMS_HR.ADMIN_CODES
WHERE LOWER(AC_ADMIN_CD_DESCR)  LIKE LOWER(CONCAT($searchOrg,'%'))
ORDER BY AC_ADMIN_CD_DESCR, AC_ADMIN_CD;</hy:param>
						<hy:param name="to_location" type="com.hyfinity.xpath.XPath">/mvc:eForm/mvc:Data</hy:param>
						<hy:param name="$searchOrg" type="string">/mvc:eForm/mvc:Control/mvc:searchOrg</hy:param>
					</hy:params>
				</hy:target>
			</hy:result>
			<hy:result disable="false" id="renameAdmOrg">
				<hy:operator>Rename</hy:operator>
				<hy:target action="rename" name="factbase" update="">
					<hy:params>
						<hy:param name="location" type="com.hyfinity.xpath.XPath">/mvc:eForm/mvc:Data/sql_result[last()]/statement</hy:param>
						<hy:param name="new_name" type="java.lang.String">admorg_list</hy:param>
						<hy:param name="new_namespace" type="java.lang.String" />
					</hy:params>
				</hy:target>
			</hy:result>
			<hy:result disable="false" id="moveAdminOrg">
				<hy:operator>Move</hy:operator>
				<hy:target action="add" name="factbase" update="correct_replace">
					<hy:params>
						<hy:param name="from_location" type="com.hyfinity.xpath.XPath">/mvc:eForm/mvc:Data/sql_result[last()]/admorg_list</hy:param>
						<hy:param name="to_location" type="com.hyfinity.xpath.XPath">/mvc:eForm/mvc:Data/sql_result[last()]</hy:param>
					</hy:params>
				</hy:target>
			</hy:result>
		</hy:head>
		<hy:body>
			<hy:clause id="SearchOrg" multiple="false">
				<hy:operator>Read</hy:operator>
				<hy:target action="eval" name="factbase">
					<hy:params>
						<hy:param name="xpath_expression" type="com.hyfinity.xpath.XPath">/mvc:eForm/mvc:Control/mvc:searchOrg != ''</hy:param>
					</hy:params>
				</hy:target>
			</hy:clause>
		</hy:body>
	</hy:rule>
	<hy:rule base="custom" desc="" disable="false" id="Search By AdminCode" priority="10">
		<hy:head>
			<hy:result disable="false" id="getAdmOrg">
				<hy:operator>SQL</hy:operator>
				<hy:target action="Query" name="mvc-StratCon_AUT-workflowDB-Database" update="append">
					<hy:params>
						<hy:param name="sql_statement" type="java.lang.String">SELECT AC_ADMIN_CD AS CODE,AC_ADMIN_CD_DESCR AS NAME
  FROM HHS_CMS_HR.ADMIN_CODES
 WHERE AC_ADMIN_CD LIKE $searchAdmOff
 ORDER BY AC_ADMIN_CD</hy:param>
						<hy:param name="to_location" type="com.hyfinity.xpath.XPath">/mvc:eForm/mvc:Data</hy:param>
						<hy:param name="$searchAdmOff" type="string">/mvc:eForm/mvc:Control/mvc:searchAdminCode</hy:param>
					</hy:params>
				</hy:target>
			</hy:result>
			<hy:result disable="false" id="renameAdmOrg">
				<hy:operator>Rename</hy:operator>
				<hy:target action="rename" name="factbase" update="">
					<hy:params>
						<hy:param name="location" type="com.hyfinity.xpath.XPath">/mvc:eForm/mvc:Data/sql_result[last()]/statement</hy:param>
						<hy:param name="new_name" type="java.lang.String">admorg_list</hy:param>
						<hy:param name="new_namespace" type="java.lang.String" />
					</hy:params>
				</hy:target>
			</hy:result>
			<hy:result disable="false" id="moveAdminOrg">
				<hy:operator>Move</hy:operator>
				<hy:target action="add" name="factbase" update="correct_replace">
					<hy:params>
						<hy:param name="from_location" type="com.hyfinity.xpath.XPath">/mvc:eForm/mvc:Data/sql_result[last()]/admorg_list</hy:param>
						<hy:param name="to_location" type="com.hyfinity.xpath.XPath">/mvc:eForm/mvc:Data/sql_result[last()]</hy:param>
					</hy:params>
				</hy:target>
			</hy:result>
		</hy:head>
		<hy:body>
			<hy:clause id="SearchAdminCode" multiple="false">
				<hy:operator>Read</hy:operator>
				<hy:target action="eval" name="factbase">
					<hy:params>
						<hy:param name="xpath_expression" type="com.hyfinity.xpath.XPath">/mvc:eForm/mvc:Control/mvc:searchAdminCode != ''</hy:param>
					</hy:params>
				</hy:target>
			</hy:clause>
		</hy:body>
	</hy:rule>
	<hy:rule base="custom" desc="" disable="false" id="Search By OrgName" priority="10">
		<hy:head>
			<hy:result disable="false" id="getAdmOrg">
				<hy:operator>SQL</hy:operator>
				<hy:target action="Query" name="mvc-StratCon_AUT-workflowDB-Database" update="append">
					<hy:params>
						<hy:param name="sql_statement" type="java.lang.String">SELECT AC_ADMIN_CD AS CODE,AC_ADMIN_CD_DESCR AS NAME
FROM HHS_CMS_HR.ADMIN_CODES
WHERE AC_ADMIN_CD_DESCR LIKE $searchOrg
ORDER BY AC_ADMIN_CD_DESCR;</hy:param>
						<hy:param name="to_location" type="com.hyfinity.xpath.XPath">/mvc:eForm/mvc:Data</hy:param>
						<hy:param name="$searchOrg" type="string">/mvc:eForm/mvc:Control/mvc:searchOrgName</hy:param>
					</hy:params>
				</hy:target>
			</hy:result>
			<hy:result disable="false" id="renameAdmOrg">
				<hy:operator>Rename</hy:operator>
				<hy:target action="rename" name="factbase" update="">
					<hy:params>
						<hy:param name="location" type="com.hyfinity.xpath.XPath">/mvc:eForm/mvc:Data/sql_result[last()]/statement</hy:param>
						<hy:param name="new_name" type="java.lang.String">admorg_list</hy:param>
						<hy:param name="new_namespace" type="java.lang.String" />
					</hy:params>
				</hy:target>
			</hy:result>
			<hy:result disable="false" id="moveAdminOrg">
				<hy:operator>Move</hy:operator>
				<hy:target action="add" name="factbase" update="correct_replace">
					<hy:params>
						<hy:param name="from_location" type="com.hyfinity.xpath.XPath">/mvc:eForm/mvc:Data/sql_result[last()]/admorg_list</hy:param>
						<hy:param name="to_location" type="com.hyfinity.xpath.XPath">/mvc:eForm/mvc:Data/sql_result[last()]</hy:param>
					</hy:params>
				</hy:target>
			</hy:result>
		</hy:head>
		<hy:body>
			<hy:clause id="SearchOrg" multiple="false">
				<hy:operator>Read</hy:operator>
				<hy:target action="eval" name="factbase">
					<hy:params>
						<hy:param name="xpath_expression" type="com.hyfinity.xpath.XPath">/mvc:eForm/mvc:Control/mvc:searchOrgName != ''</hy:param>
					</hy:params>
				</hy:target>
			</hy:clause>
		</hy:body>
	</hy:rule>
</hy:rulebase>
