<?xml version="1.0" encoding="UTF-8"?>
<eForm xmlns="http://www.hyfinity.com/mvc" xmlns:mvc="http://www.hyfinity.com/mvc">
	<Control>
		<action />
		<Page />
		<Controller />
		<procid />
	</Control>
	<Data>
		<lookupString xmlns="" />
		<userGroups xmlns="" />
		<FORM_DATA xmlns="">
			<ID />
			<DOCUMENT>
				<POSITION>
					<POS_ID />
					<POS_CNDT_LAST_NM />
					<POS_CNDT_FIRST_NM />
					<POS_CNDT_MIDDLE_NM />
					<POS_BGT_APR_OFM />
					<POS_SPNSR_ORG_NM />
					<POS_SPNSR_ORG_FUND_PC />
					<POS_JOB_REQ_NUMBER />
					<POS_JOB_REQ_CREATE_DT />
					<POS_TITLE />
					<POS_PAY_PLAN_ID />
					<POS_SERIES />
					<POS_DESC_NUMBER_1 />
					<POS_CLASSIFICATION_DT_1 />
					<POS_GRADE_1 />
					<POS_DESC_NUMBER_2 />
					<POS_CLASSIFICATION_DT_2 />
					<POS_GRADE_2 />
					<POS_DESC_NUMBER_3 />
					<POS_CLASSIFICATION_DT_3 />
					<POS_GRADE_3 />
					<POS_DESC_NUMBER_4 />
					<POS_CLASSIFICATION_DT_4 />
					<POS_GRADE_4 />
					<POS_DESC_NUMBER_5 />
					<POS_CLASSIFICATION_DT_5 />
					<POS_GRADE_5 />
					<POS_MED_OFFICERS_ID />
					<POS_PERFORMANCE_LEVEL />
					<POS_SUPERVISORY />
					<POS_SKILL />
					<POS_GRADES_ADVERTISED />
					<POS_LOCATION />
					<POS_LOCATION_DSCR />
					<POS_VACANCIES />
					<POS_REPORT_SUPERVISOR />
					<POS_CAN />
					<POS_VICE />
					<POS_VICE_NAME />
					<POS_DAYS_ADVERTISED />
					<POS_AT_ID />
					<POS_NTE />
					<POS_WORK_SCHED_ID />
					<POS_HOURS_PER_WEEK />
					<POS_SEC_ID />
					<POS_CE_FINANCIAL_DISC />
					<POS_CE_FINANCIAL_TYPE_ID />
					<POS_CE_PE_PHYSICAL />
					<POS_CE_DRUG_TEST />
					<POS_CE_IMMUN />
					<POS_CE_TRAVEL />
					<POS_CE_TRAVEL_PER />
					<POS_CE_LIC />
					<POS_CE_LIC_INFO />
					<POS_REMARKS />
					<POS_PROC_REQ_TYPE />
					<POS_RECRUIT_OFFICE_ID />
					<POS_REQ_ID />
					<POS_REQ_CREATE_NOTIFY_DT />
					<POS_SO_ID />
					<POS_ASSOC_DESCR_NUMBERS />
					<POS_PROMOTE_POTENTIAL />
					<POS_VICE_EMPL_ID />
					<POS_SR_ID />
					<POS_GR_ID />
					<POS_PROC_ID />
					<POS_AC_ID />
					<POS_STATUS_ID />
					<POS_SC_REQUESTED />
					<SG_ID />
					<PD_ID />
					<GRADE_ADVERTISED>
						<POS_GA_1 />
						<POS_GA_2 />
						<POS_GA_3 />
						<POS_GA_4 />
						<POS_GA_5 />
						<POS_GA_6 />
						<POS_GA_7 />
						<POS_GA_8 />
						<POS_GA_9 />
						<POS_GA_10 />
						<POS_GA_11 />
						<POS_GA_12 />
						<POS_GA_13 />
						<POS_GA_14 />
						<POS_GA_15 />
					</GRADE_ADVERTISED>
					<POS_DUAL_EMPLMT />
				</POSITION>
				<PROCESS_VARIABLE>
					<adminCode />
					<cancelReason />
					<classSpecialist />
					<classificationType />
					<completedByERA />
					<execOfficer />
					<hrLiaison />
					<meetingAckResponse />
					<meetingApvResponse />
					<meetingDate />
					<meetingEmailRecipients />
					<meetingRecorders />
					<meetingResched />
					<posGrade />
					<posIs />
					<posLocation />
					<posNumber />
					<posPayPlan />
					<posSensitivity />
					<posSeries />
					<posSupervisor />
					<posTitle />
					<posWorkSchedule />
					<requestNum />
					<requestStatus />
					<requestStatusDate />
					<requestType />
					<selectOfficial />
					<selectOfficialReviewReq />
					<staffSpecialist />
					<returnToSOFromClassSpec />
					<returnToSOFromStaffSpec />
					<worksheetFeedbackClassSpec />
					<worksheetFeedbackSelectOfficial />
					<worksheetFeedbackStaffSpec />
				</PROCESS_VARIABLE>
			</DOCUMENT>
		</FORM_DATA>
		<formData>
			<tab_control />
			<WIH_exit_requested />
			<WIH_save_requested />
			<WIH_complete_requested />
			<h_witemParticipantID />
			<h_witemParticipantName />
			<h_userGroups />
			<h_currentUserMemberID />
			<h_currentUserName />
			<isarchive />
			<appseq />
			<workseq />
			<actseq />
			<procid />
			<sessioninfo />
			<initiatorName />
			<readOnly />
			<sessioninfo2 />
			<procid2 />
			<actseq2 />
			<workseq2 />
			<appseq2 />
			<isarchive2 />
			<readOnly2 />
			<pv_requestStatus />
			<pv_selectOfficialReviewReq />
			<pv_meetingResched />
			<pv_meetingAckResponse />
			<pv_meetingApvResponse />
			<h_creationdate />
			<h_lookupXMLString />
			<output_requestStatus />
			<h_requestNumber />
			<pv_returnToSOFromClassSpec />
			<pv_returnToSOFromStaffSpec />
			<pv_worksheetFeedbackClassSpec />
			<pv_worksheetFeedbackSelectOfficial />
			<pv_worksheetFeedbackStaffSpec />
			<pv_requestStatusDate />
			<h_now />
			<h_ProcessDefinitionName />
			<h_definitionName />
			<pv_CancelReason />
			<POS_CE_TRAVEL_PER />
			<POS_CNDT_LAST_NM />
			<POS_CNDT_FIRST_NM />
			<POS_BGT_APR_OFM />
			<POS_HOURS_PER_WEEK_PART />
			<POS_CNDT_MIDDLE_NM />
			<POS_DUAL_EMPLMT />
			<POS_SPNSR_ORG_NM />
			<POS_SPNSR_ORG_FUND_PC />
			<GLA_select_SEL />
			<GLA_select />
			<POS_STD_PD_TYPE />
		</formData>
		<WorkitemContext xmlns="">
			<SessionInfoXML />
			<Process>
				<ID />
				<Name />
				<Description />
				<State />
				<ProcessDefinitionID />
				<ProcessDefinitionName />
				<Deadline />
				<Initiator />
				<InitiatorName />
				<CreationDateTime />
				<CompleteDateTime />
				<ProcessVariables xmlns:xs="http://www.w3.org/2001/XMLSchema">
					<adminCode />
					<cancelReason />
					<classSpecialist />
					<classificationType />
					<completedByERA />
					<execOfficer />
					<hrLiaison />
					<meetingAckResponse />
					<meetingApvResponse />
					<meetingDate />
					<meetingEmailRecipients />
					<meetingRecorders />
					<meetingResched />
					<posGrade />
					<posIs />
					<posLocation />
					<posNumber />
					<posPayPlan />
					<posSensitivity />
					<posSeries />
					<posSupervisor />
					<posTitle />
					<posWorkSchedule />
					<requestNum />
					<requestStatus />
					<requestStatusDate />
					<requestType />
					<selectOfficial />
					<selectOfficialReviewReq />
					<staffSpecialist />
				</ProcessVariables>
				<CustomAttributes>
					<CustomAttribute>
						<Name />
						<CustomAttributeValueType />
						<Value />
						<Description />
					</CustomAttribute>
					<CustomAttribute>
						<Name />
						<CustomAttributeValueType />
						<Value />
						<Description />
					</CustomAttribute>
					<CustomAttribute>
						<Name />
						<CustomAttributeValueType />
						<Value />
						<Description />
					</CustomAttribute>
				</CustomAttributes>
			</Process>
			<Activity>
				<Sequence />
				<Name />
				<Description />
				<State />
				<CreationDateTime />
				<CompleteDateTime />
				<Responses>
					<Response>
						<Name />
						<IsDefault />
						<Rule />
					</Response>
					<Response>
						<Name />
						<IsDefault />
						<Rule />
					</Response>
					<Response>
						<Name />
						<IsDefault />
						<Rule />
					</Response>
				</Responses>
				<CustomAttributes>
					<CustomAttribute>
						<Name />
						<CustomAttributeValueType />
						<Value />
						<Description />
					</CustomAttribute>
					<CustomAttribute>
						<Name />
						<CustomAttributeValueType />
						<Value />
						<Description />
					</CustomAttribute>
					<CustomAttribute>
						<Name />
						<CustomAttributeValueType />
						<Value />
						<Description />
					</CustomAttribute>
				</CustomAttributes>
			</Activity>
			<Workitem>
				<Sequence />
				<Participant />
				<ParticipantName />
				<ParticipantType />
				<State />
				<CreationDateTime />
				<StartDateTime />
				<CompleteDateTime />
				<CheckedOutUser />
				<CheckedOutUserName />
				<Deadline />
			</Workitem>
			<User>
				<LoginID />
				<MemberID />
				<Name />
				<ShortName />
				<DepartmentName />
				<EmployeeCode />
				<Email />
				<JobTitle1 />
				<JobTitle2 />
				<JobTitle3 />
				<CustomAttribute1 />
				<CustomAttribute2 />
				<CustomAttribute3 />
				<CustomAttribute4 />
				<CustomAttribute5 />
				<UserGroups>
					<UserGroup>
						<ID />
						<Name />
						<Path />
					</UserGroup>
					<UserGroup>
						<ID />
						<Name />
						<Path />
					</UserGroup>
					<UserGroup>
						<ID />
						<Name />
						<Path />
					</UserGroup>
				</UserGroups>
			</User>
			<Application>
				<Name />
				<ApplicationState />
				<CheckOutState />
				<CheckedOutUser />
				<Updatable />
				<ViewType />
			</Application>
		</WorkitemContext>
		<lookup xmlns="">
			<status>
				<record_count />
			</status>
			<record>
				<ID />
				<PARENTID />
				<LTYPE />
				<LABEL />
				<ACTIVE />
				<DISPORDER />
			</record>
		</lookup>
	</Data>
</eForm>
