<?xml version="1.0" encoding="UTF-8"?>
<user>
    <username>smithc</username>
    <fullName>smithc</fullName>
    <password>ENC&lt;441EF90FB19BE5C3E4B322E91A8E89B5&gt;</password>
    <externallyDefined>true</externallyDefined>
    <enabled>true</enabled>
    <role tenantId="organization_1">ROLE_DESIGNER</role>
    <role>ROLE_USER</role>
    <role tenantId="organization_1">ROLE_CMS_0000000114</role>
    <role tenantId="organization_1">ROLE_USER</role>
    <tenantId>organization_1</tenantId>
</user>
