<?xml version="1.0" encoding="UTF-8"?>
<index desc="hsguser/mvc/BizFlow/L2_pattern_instance_pool_pool" name="hsguser/mvc/BizFlow/L2_pattern_instance_pool_pool" xmlns="http://www.hyfinity.com/xstore">
	<entry desc="" docname="GetWICDetails.xml" id="GetWICDetails" timestamp="" />
	<entry desc="" docname="SaveWICDetails.xml" id="SaveWICDetails" timestamp="" />
	<entry desc="" docname="ManagerSearch.xml" id="ManagerSearch" timestamp="" />
	<entry desc="" docname="FormData.xml" id="FormData" timestamp="" />
	<entry desc="" docname="contactInfo.xml" id="contactInfo" timestamp="" />
	<entry desc="" docname="SearchParticipants.xml" id="SearchParticipants" timestamp="" />
	<entry desc="" docname="BusinessDayCount.xml" id="BusinessDayCount" timestamp="" />
	<entry desc="" docname="ERLRLookup.xml" id="ERLRLookup" timestamp="" />
	<entry desc="" docname="ReloadLookup.xml" id="ReloadLookup" timestamp="" />
</index>
