<?xml version="1.0" encoding="UTF-8"?>
<inputControl exportedWithPermissions="false">
    <folder>/organizations/organization_1/Input_Controls/CMS/ERLR_Dashboard</folder>
    <name>DATE_RANGE_TO</name>
    <version>2</version>
    <label>Date Range To</label>
    <creationDate>2019-05-08T13:46:29.000-04:00</creationDate>
    <updateDate>2019-07-10T11:31:21.000-04:00</updateDate>
    <type>2</type>
    <mandatory>true</mandatory>
    <readOnly>false</readOnly>
    <visible>true</visible>
    <dataType>
        <localResource
            xmlns:xsi="http://www.w3.org/2001/XMLSchema-instance"
            exportedWithPermissions="false" xsi:type="dataType">
            <folder>/organizations/organization_1/Input_Controls/CMS/ERLR_Dashboard/DATE_RANGE_TO_files</folder>
            <name>Initial_Contact_Date_To</name>
            <version>2</version>
            <label>Initial Contact Date To</label>
            <creationDate>2019-05-08T13:46:29.000-04:00</creationDate>
            <updateDate>2019-05-08T13:46:29.000-04:00</updateDate>
            <type>1</type>
            <strictMin>false</strictMin>
            <strictMax>false</strictMax>
        </localResource>
    </dataType>
</inputControl>
