<?xml version="1.0" encoding="UTF-8"?>
<eForm xmlns="http://www.hyfinity.com/mvc" xmlns:mvc="http://www.hyfinity.com/mvc">
	<Control>
		<action />
		<Page />
		<Controller />
	</Control>
	<Data>
		<formData>
			<WGI_DTR_EMP_REQ_RECON />
			<WGI_DTR_RECON_REQ_DT />
			<WGI_DTR_RECON_ISSUE_DT />
			<WGI_DTR_DENIED />
			<WGI_DTR_DENIAL_ISSUE_TO_EMP_DT />
			<WGI_DTR_DENIAL_ISSUED_DT />
			<WGI_EMP_APPEAL_DECISION />
			<WGI_REVIEW_DTR_NOTICE_ISSUED_DT />
			<WGI_REVIEW_DTR_FAVORABLE />
			<WGI_REVIEW_RECON_REQ_DT />
			<WGI_REVIEW_RECON_ISSUE_DT />
			<WGI_REVIEW_DENIED />
			<WGI_REVIEW_EMP_REQ_RECON />
		</formData>
	</Data>
</eForm>
