<?xml version="1.0" encoding="UTF-8"?>
<index desc="hsguser/mvc/BizFlow/L2_pattern_instance_pool_pool" name="hsguser/mvc/BizFlow/L2_pattern_instance_pool_pool" xmlns="http://www.hyfinity.com/xstore">
	<entry desc="" docname="GetWICDetails.xml" id="GetWICDetails" timestamp="" />
	<entry desc="" docname="SaveWICDetails.xml" id="SaveWICDetails" timestamp="" />
	<entry desc="" docname="PeopleSearch.xml" id="PeopleSearch" timestamp="" />
	<entry desc="" docname="AdmOffOrgSearch.xml" id="AdmOffOrgSearch" timestamp="" />
	<entry desc="" docname="DutyStationSearch.xml" id="DutyStationSearch" timestamp="" />
	<entry desc="" docname="OrganizationLevels.xml" id="OrganizationLevels" timestamp="" />
	<entry desc="" docname="PeopleSearch_NameEmail.xml" id="PeopleSearch_NameEmail" timestamp="" />
	<entry desc="" docname="UserGroupMemberSearch_NameTitle.xml" id="UserGroupMemberSearch_NameTitle" timestamp="" />
</index>
