<?xml version="1.0" encoding="UTF-8"?>
<fm:structure xmlns:fm="http://www.hyfinity.com/formmaker">
	<form_details xmlns="http://www.hyfinity.com/formmaker">
		<error_highlight_method alert="false" as_you_type="true" validation_mode="all">bubble</error_highlight_method>
		<hint_display_method>tooltip</hint_display_method>
		<top_level_message class="topLevelMessage" required="false" style="" />
		<mark_mandatory class="mandatory" location="after_label" required="true" style=""> * </mark_mandatory>
		<description>Enter a description.</description>
		<page_background_style class="" style="" />
		<page_content_style class="" style="" />
		<page_events>
			<events>
				<event id="onbeforeload">
					<action id="FunctionCall">
						<param name="Function" option="Static" value="require" />
						<param name="Parameters" option="Script" value="[&quot;dijit/form/FilteringSelect&quot;]" />
					</action>
					<action id="CustomScript">
						<param name="Script" option="Script">generalBind();</param>
					</action>
				</event>
			</events>
		</page_events>
		<external_events />
	</form_details>
	<fm:group border_styling="false" compatability="false" fieldset="false" gen_method="layout" hide="false" label_position="left" name="stracon_general_group" submit_if_hidden="true">
		<label class="label" options="static" position="outside_group" position_override="top" required="false" style="" type="static" value="Layout Group" xmlns="http://www.hyfinity.com/formmaker">
			<container class="groupLabelBackground" options="static" style="" />
		</label>
		<style class="" options="static" style="" xmlns="http://www.hyfinity.com/formmaker" />
		<fm:content_alignment distribution="vertical" halign="left" valign="top" />
		<fm:sizing height="fit_to_content" width="fully_expand" />
		<palette_ref control="Layout Group" xmlns="http://www.hyfinity.com/formmaker" />
		<fm:group border_styling="false" compatability="false" fieldset="false" gen_method="layout" hide="false" label_position="top" name="header_admin_code_org_name" submit_if_hidden="true">
			<label class="label" options="static" position="outside_group" position_override="top" required="false" style="" type="static" value="Layout Group" xmlns="http://www.hyfinity.com/formmaker">
				<container class="groupLabelBackground" options="static" style="">
					<content_alignment distribution="vertical" />
				</container>
			</label>
			<style class="" options="static" style="" xmlns="http://www.hyfinity.com/formmaker" />
			<fm:content_alignment distribution="horizontal" halign="left" valign="top" />
			<fm:sizing height="fit_to_content" width="fully_expand" />
			<palette_ref control="Layout Group" xmlns="http://www.hyfinity.com/formmaker" />
			<fm:group border_styling="false" compatability="false" fieldset="false" gen_method="layout" hide="false" label_position="top" name="admin_code_section" submit_if_hidden="true">
				<label class="label" options="static" position="outside_group" position_override="top" required="false" style="" type="static" value="Layout Group" xmlns="http://www.hyfinity.com/formmaker">
					<container class="groupLabelBackground" options="static" style="">
						<content_alignment distribution="vertical" />
					</container>
				</label>
				<style class="" options="static" style="" xmlns="http://www.hyfinity.com/formmaker" />
				<fm:content_alignment distribution="vertical" halign="left" valign="top" />
				<fm:sizing height="fit_to_content" width="fit_to_content" />
				<palette_ref control="Layout Group" xmlns="http://www.hyfinity.com/formmaker" />
				<fm:element disable="false" disable_method="read_only" generate="true" hide="false" name="SG_ADMIN_CD_INPUT">
					<field xmlns="http://www.hyfinity.com/formmaker">
						<input options="dynamic">text</input>
						<style class="defaultBackground textboxControl" options="static" style="" />
						<element_style class="textbox" options="static" style="" />
						<date_picker class="datePickerIcon" content="" required="false" type="normal" />
						<label class="label" options="static" required="true" style="" type="static" value="Administrative Code">
							<container class="labelBackground labelControl" options="static" />
						</label>
						<container />
					</field>
					<constraints validate="true" xmlns="http://www.hyfinity.com/formmaker">
						<type>string</type>
						<required>true</required>
						<enumeration use_for_output="false" />
					</constraints>
					<error xmlns="http://www.hyfinity.com/formmaker">
						<hint class="hintIcon" style="" use="false">Enter a hint here.</hint>
						<server class="errorIcon" retain="false" style="" use="false" />
					</error>
					<palette_ref control="Text Box" xmlns="http://www.hyfinity.com/formmaker" />
					<accessibility xmlns="http://www.hyfinity.com/formmaker">
						<alt>Begin typing the Administration code and select an option from the list.</alt>
						<tab_index>20</tab_index>
					</accessibility>
				</fm:element>
				<fm:custom name="AO_DISPLAY" type="custom">
					<fm:code>
						<div class="customControl" style="position:relative;z-index:15000;!important" xmlns="">
							<ul class="hidden nobullet autocomplete_ul" id="SG_AC_DISP" />
						</div>
						<div id="SG_ADMIN_CD_INPUT_LIST" xmlns=""></div>
					</fm:code>
					<fm:description>Enter a description.</fm:description>
					<palette_ref control="Custom" xmlns="http://www.hyfinity.com/formmaker" />
				</fm:custom>
			</fm:group>
			<fm:group border_styling="false" compatability="false" fieldset="false" gen_method="layout" hide="false" label_position="top" name="org_name_section" submit_if_hidden="true">
				<label class="label" options="static" position="outside_group" position_override="top" required="false" style="" type="static" value="Layout Group" xmlns="http://www.hyfinity.com/formmaker">
					<container class="groupLabelBackground" options="static" style="">
						<content_alignment distribution="vertical" />
					</container>
				</label>
				<style class="" options="static" style="" xmlns="http://www.hyfinity.com/formmaker" />
				<fm:content_alignment distribution="vertical" halign="left" valign="top" />
				<fm:sizing height="fit_to_content" width="fit_to_content" />
				<palette_ref control="Layout Group" xmlns="http://www.hyfinity.com/formmaker" />
				<fm:element disable="false" disable_method="read_only" generate="true" hide="false" name="SG_ORG_NAME">
					<field xmlns="http://www.hyfinity.com/formmaker">
						<input options="dynamic">text</input>
						<style class="defaultBackground textboxControl" options="static" style="" />
						<element_style class="textbox contactsLeft" options="static" style="" />
						<date_picker class="datePickerIcon" content="" required="false" type="normal" />
						<label class="label" options="static" required="true" style="" type="static" value="Organization Name">
							<container class="labelBackground labelControl general_right" options="static" />
						</label>
						<container />
					</field>
					<constraints validate="true" xmlns="http://www.hyfinity.com/formmaker">
						<type>string</type>
						<required>true</required>
						<enumeration use_for_output="false" />
					</constraints>
					<error xmlns="http://www.hyfinity.com/formmaker">
						<hint class="hintIcon" style="" use="false">Enter a hint here.</hint>
						<server class="errorIcon" retain="false" style="" use="false" />
					</error>
					<palette_ref control="Text Box" xmlns="http://www.hyfinity.com/formmaker" />
					<accessibility xmlns="http://www.hyfinity.com/formmaker">
						<alt>Begin typing the Organization name and select one from the list</alt>
						<tab_index>30</tab_index>
					</accessibility>
				</fm:element>
				<fm:custom name="ON_DISPLAY" type="custom">
					<fm:code>
						<div class="customControl" xmlns="">
							<ul class="hidden nobullet autocomplete_ul" id="SG_ON_DISP" />
						</div>
						<div id="SG_ORG_NAME_LIST" xmlns=""></div>
					</fm:code>
					<fm:description>Enter a description.</fm:description>
					<palette_ref control="Custom" xmlns="http://www.hyfinity.com/formmaker" />
				</fm:custom>
			</fm:group>
		</fm:group>
		<fm:group border_styling="false" compatability="false" fieldset="false" gen_method="layout" hide="false" label_position="left" name="request_type_class_type_section" submit_if_hidden="true">
			<label class="label" options="static" position="outside_group" position_override="top" required="false" style="" type="static" value="Layout Group" xmlns="http://www.hyfinity.com/formmaker">
				<container class="groupLabelBackground" options="static" style="">
					<content_alignment distribution="vertical" />
				</container>
			</label>
			<style class="" options="static" style="" xmlns="http://www.hyfinity.com/formmaker" />
			<fm:content_alignment distribution="vertical" halign="left" valign="top" />
			<fm:sizing height="fit_to_content" width="fully_expand" />
			<palette_ref control="Layout Group" xmlns="http://www.hyfinity.com/formmaker" />
			<fm:group border_styling="false" compatability="false" fieldset="false" gen_method="layout" hide="false" label_position="top" name="layout_group" submit_if_hidden="true">
				<label class="label" options="static" position="outside_group" position_override="top" required="false" style="" type="static" value="Layout Group" xmlns="http://www.hyfinity.com/formmaker">
					<container class="groupLabelBackground" options="static" style="">
						<content_alignment distribution="vertical" />
					</container>
				</label>
				<style class="general_line_item" options="static" style="" xmlns="http://www.hyfinity.com/formmaker" />
				<fm:content_alignment distribution="vertical" halign="left" valign="top" />
				<fm:sizing height="fit_to_content" width="fully_expand" />
				<palette_ref control="Layout Group" xmlns="http://www.hyfinity.com/formmaker" />
				<fm:group border_styling="false" compatability="false" fieldset="false" gen_method="layout" hide="false" label_position="top" name="layout_group_RT_CT" submit_if_hidden="true">
					<label class="label" options="static" position="outside_group" position_override="top" required="false" style="" type="static" value="Layout Group" xmlns="http://www.hyfinity.com/formmaker">
						<container class="groupLabelBackground" options="static" style="">
							<content_alignment distribution="vertical" />
						</container>
					</label>
					<style class="" options="static" style="" xmlns="http://www.hyfinity.com/formmaker" />
					<fm:content_alignment distribution="horizontal" halign="left" valign="top" />
					<fm:sizing height="fit_to_content" width="fully_expand" />
					<palette_ref control="Layout Group" xmlns="http://www.hyfinity.com/formmaker" />
					<fm:element disable="false" disable_method="disabled" generate="true" hide="false" name="SG_RT_ID">
						<field xmlns="http://www.hyfinity.com/formmaker">
							<input dropdown_default="Select One" options="dynamic">select</input>
							<style class="defaultBackground selectControl" options="static" style="" />
							<element_style class="select contactsLeft" options="static" style="" />
							<date_picker class="" content="" required="false" type="normal" />
							<label class="label req contactLabel" options="static" required="true" style="" type="static" value="Request Type">
								<container class="labelBackground labelControl general_left" options="static">
									<content_alignment halign="left" valign="top" />
								</container>
							</label>
							<container />
						</field>
						<constraints validate="true" xmlns="http://www.hyfinity.com/formmaker">
							<type>string</type>
							<required>true</required>
							<enumeration use_for_output="false" />
						</constraints>
						<error xmlns="http://www.hyfinity.com/formmaker">
							<hint class="hintIcon" style="" use="false">Enter a hint here.</hint>
							<server class="errorIcon" retain="false" style="" use="false" />
						</error>
						<palette_ref control="Select Box" xmlns="http://www.hyfinity.com/formmaker" />
						<accessibility xmlns="http://www.hyfinity.com/formmaker">
							<alt>Select The Request Type</alt>
							<tab_index>100</tab_index>
						</accessibility>
					</fm:element>
					<fm:custom name="spacer_3" type="spacer">
						<fm:code>
							<div style="height: 21px; width: 20px;" xmlns=""></div>
						</fm:code>
						<fm:description>Enter a description.</fm:description>
						<palette_ref control="Spacer" xmlns="http://www.hyfinity.com/formmaker" />
					</fm:custom>
					<fm:group border_styling="false" compatability="false" fieldset="false" gen_method="layout" hide="false" label_position="top" name="layout_group_CT" submit_if_hidden="true">
						<label class="label" options="static" position="outside_group" position_override="top" required="false" style="" type="static" value="Layout Group" xmlns="http://www.hyfinity.com/formmaker">
							<container class="groupLabelBackground" options="static" style="">
								<content_alignment distribution="vertical" />
							</container>
						</label>
						<style class="" options="static" style="" xmlns="http://www.hyfinity.com/formmaker" />
						<fm:content_alignment distribution="vertical" halign="left" valign="top" />
						<fm:sizing height="fit_to_content" width="fully_expand" />
						<palette_ref control="Layout Group" xmlns="http://www.hyfinity.com/formmaker" />
						<fm:element disable="false" disable_method="disabled" generate="true" hide="false" name="SG_CT_ID">
							<field xmlns="http://www.hyfinity.com/formmaker">
								<input dropdown_default="Select One" options="dynamic">select</input>
								<style class="defaultBackground selectControl" options="static" style="" />
								<element_style class="select" options="static" style="" />
								<date_picker class="" content="" required="false" type="normal" />
								<label class="label" options="static" required="true" style="" type="static" value="Classification Type">
									<container class="labelBackground labelControl " options="static" />
								</label>
								<container />
							</field>
							<constraints validate="true" xmlns="http://www.hyfinity.com/formmaker">
								<type>string</type>
								<required>true</required>
								<enumeration use_for_output="false" />
							</constraints>
							<error xmlns="http://www.hyfinity.com/formmaker">
								<hint class="hintIcon" style="" use="false">Enter a hint here.</hint>
								<server class="errorIcon" retain="false" style="" use="false" />
							</error>
							<palette_ref control="Select Box" xmlns="http://www.hyfinity.com/formmaker" />
							<accessibility xmlns="http://www.hyfinity.com/formmaker">
								<alt>Select the Classification type.</alt>
								<tab_index>110</tab_index>
							</accessibility>
						</fm:element>
					</fm:group>
				</fm:group>
				<fm:group border_styling="false" compatability="false" fieldset="false" gen_method="layout" hide="false" label_position="top" name="layout_group_AT" submit_if_hidden="true">
					<label class="label" options="static" position="outside_group" position_override="top" required="false" style="" type="static" value="Layout Group" xmlns="http://www.hyfinity.com/formmaker">
						<container class="groupLabelBackground" options="static" style="">
							<content_alignment distribution="vertical" />
						</container>
					</label>
					<style class="" options="static" style="" xmlns="http://www.hyfinity.com/formmaker" />
					<fm:content_alignment distribution="horizontal" halign="left" valign="top" />
					<fm:sizing height="fit_to_content" width="fully_expand" />
					<palette_ref control="Layout Group" xmlns="http://www.hyfinity.com/formmaker" />
					<fm:element disable="false" disable_method="disabled" generate="true" hide="false" name="SG_AT_ID">
						<field xmlns="http://www.hyfinity.com/formmaker">
							<input dropdown_default="Select One" options="dynamic">select</input>
							<style class="defaultBackground selectControl" options="static" style="" />
							<element_style class="select contactsLeft" options="static" style="" />
							<date_picker class="" content="" required="false" type="normal" />
							<label class="label" options="static" required="true" style="" type="static" value="Appointment Type">
								<container class="labelBackground labelControl" options="static" />
							</label>
							<container />
						</field>
						<constraints validate="true" xmlns="http://www.hyfinity.com/formmaker">
							<type>string</type>
							<required>true</required>
							<enumeration use_for_output="false">
								<include value="ListItem1">List Item 1</include>
								<include value="ListItem2">List Item 2</include>
								<include value="ListItem3">List Item 3</include>
							</enumeration>
						</constraints>
						<error xmlns="http://www.hyfinity.com/formmaker">
							<hint class="hintIcon" style="" use="false">Enter a hint here.</hint>
							<server class="errorIcon" retain="false" style="" use="false" />
						</error>
						<palette_ref control="Select Box" xmlns="http://www.hyfinity.com/formmaker" />
						<accessibility xmlns="http://www.hyfinity.com/formmaker">
							<tab_index>112</tab_index>
						</accessibility>
					</fm:element>
					<fm:custom name="spacer_8" type="spacer">
						<fm:code>
							<div style="height: 21px; width: 20px;" xmlns=""></div>
						</fm:code>
						<fm:description />
						<palette_ref control="Spacer" xmlns="http://www.hyfinity.com/formmaker" />
					</fm:custom>
					<fm:group border_styling="false" compatability="false" fieldset="false" gen_method="layout" hide="false" label_position="top" name="layout_group_SAT" submit_if_hidden="true">
						<label class="label" options="static" position="outside_group" position_override="top" required="false" style="" type="static" value="Layout Group" xmlns="http://www.hyfinity.com/formmaker">
							<container class="groupLabelBackground" options="static" style="">
								<content_alignment distribution="vertical" />
							</container>
						</label>
						<style class="" options="static" style="" xmlns="http://www.hyfinity.com/formmaker" />
						<fm:content_alignment distribution="vertical" halign="left" valign="top" />
						<fm:sizing height="fit_to_content" width="custom" />
						<palette_ref control="Layout Group" xmlns="http://www.hyfinity.com/formmaker" />
						<fm:element disable="false" disable_method="disabled" generate="true" hide="false" name="SG_SAT_ID">
							<field xmlns="http://www.hyfinity.com/formmaker">
								<input dropdown_default="Select One" options="dynamic">select</input>
								<style class="defaultBackground selectControl" options="static" style="" />
								<element_style class="select contactsLeft" options="static" style="" />
								<date_picker class="" content="" required="false" type="normal" />
								<label class="label" options="static" required="true" style="" type="static" value="Schedule A Type">
									<container class="labelBackground labelControl" options="static" />
								</label>
								<container />
							</field>
							<constraints validate="true" xmlns="http://www.hyfinity.com/formmaker">
								<type>string</type>
								<required>true</required>
								<enumeration use_for_output="false">
									<include value="ListItem1">List Item 1</include>
									<include value="ListItem2">List Item 2</include>
									<include value="ListItem3">List Item 3</include>
								</enumeration>
							</constraints>
							<error xmlns="http://www.hyfinity.com/formmaker">
								<hint class="hintIcon" style="" use="false">Enter a hint here.</hint>
								<server class="errorIcon" retain="false" style="" use="false" />
							</error>
							<palette_ref control="Select Box" xmlns="http://www.hyfinity.com/formmaker" />
							<accessibility xmlns="http://www.hyfinity.com/formmaker">
								<tab_index>114</tab_index>
							</accessibility>
						</fm:element>
					</fm:group>
					<fm:group border_styling="false" compatability="false" fieldset="false" gen_method="layout" hide="false" label_position="top" name="layout_group_VOL" submit_if_hidden="true">
						<label class="label" options="static" position="outside_group" position_override="top" required="false" style="" type="static" value="Layout Group" xmlns="http://www.hyfinity.com/formmaker">
							<container class="groupLabelBackground" options="static" style="">
								<content_alignment distribution="vertical" />
							</container>
						</label>
						<style class="" options="static" style="" xmlns="http://www.hyfinity.com/formmaker" />
						<fm:content_alignment distribution="vertical" halign="left" valign="top" />
						<fm:sizing height="fit_to_content" width="custom" />
						<palette_ref control="Layout Group" xmlns="http://www.hyfinity.com/formmaker" />
						<fm:element disable="false" disable_method="disabled" generate="true" hide="false" name="SG_VT_ID">
							<field xmlns="http://www.hyfinity.com/formmaker">
								<input dropdown_default="Select One" options="dynamic">select</input>
								<style class="defaultBackground selectControl" options="static" style="" />
								<element_style class="select contactsLeft" options="static" style="" />
								<date_picker class="" content="" required="false" type="normal" />
								<label class="label" options="static" required="true" style="" type="static" value="Volunteer Type">
									<container class="labelBackground labelControl" options="static" />
								</label>
								<container />
							</field>
							<constraints validate="true" xmlns="http://www.hyfinity.com/formmaker">
								<type>string</type>
								<required>true</required>
								<enumeration use_for_output="false">
									<include value="ListItem1">List Item 1</include>
									<include value="ListItem2">List Item 2</include>
									<include value="ListItem3">List Item 3</include>
								</enumeration>
							</constraints>
							<error xmlns="http://www.hyfinity.com/formmaker">
								<hint class="hintIcon" style="" use="false">Enter a hint here.</hint>
								<server class="errorIcon" retain="false" style="" use="false" />
							</error>
							<palette_ref control="Select Box" xmlns="http://www.hyfinity.com/formmaker" />
							<accessibility xmlns="http://www.hyfinity.com/formmaker">
								<tab_index>116</tab_index>
							</accessibility>
						</fm:element>
					</fm:group>
				</fm:group>
			</fm:group>
			<fm:group border_styling="false" compatability="false" fieldset="false" gen_method="layout" hide="false" label_position="top" name="layout_group_so" submit_if_hidden="true">
				<label class="label" options="static" position="outside_group" position_override="top" required="false" style="" type="static" value="Layout Group" xmlns="http://www.hyfinity.com/formmaker">
					<container class="groupLabelBackground" options="static" style="">
						<content_alignment distribution="vertical" />
					</container>
				</label>
				<style class="general_line_item" options="static" style="" xmlns="http://www.hyfinity.com/formmaker" />
				<fm:content_alignment distribution="horizontal" halign="left" valign="top" />
				<fm:sizing height="fit_to_content" width="fully_expand" />
				<palette_ref control="Layout Group" xmlns="http://www.hyfinity.com/formmaker" />
				<fm:element disable="false" disable_method="disabled" generate="true" hide="false" name="SG_SO_ID">
					<field xmlns="http://www.hyfinity.com/formmaker">
						<input dropdown_default="Select One" options="dynamic">select</input>
						<style class="defaultBackground selectControl" options="static" style="" />
						<element_style class="select contactsLeft" options="static" style="" />
						<date_picker class="" content="" required="false" type="normal" />
						<label class="label req contactLabel" options="static" required="true" style="" type="static" value="Selecting Official">
							<container class="labelBackground labelControl general_left" options="static" />
						</label>
						<container />
					</field>
					<constraints validate="true" xmlns="http://www.hyfinity.com/formmaker">
						<type>string</type>
						<required>true</required>
						<enumeration use_for_output="false" />
					</constraints>
					<error xmlns="http://www.hyfinity.com/formmaker">
						<hint class="hintIcon" style="" use="false">Enter a hint here.</hint>
						<server class="errorIcon" retain="false" style="" use="false" />
					</error>
					<palette_ref control="Select Box" xmlns="http://www.hyfinity.com/formmaker" />
					<accessibility xmlns="http://www.hyfinity.com/formmaker">
						<alt>Select a Selecting Officail</alt>
						<tab_index>120</tab_index>
					</accessibility>
				</fm:element>
				<fm:custom name="spacer_4" type="spacer">
					<fm:code>
						<div style="height: 21px; width: 20px;" xmlns=""></div>
					</fm:code>
					<fm:description />
					<palette_ref control="Spacer" xmlns="http://www.hyfinity.com/formmaker" />
				</fm:custom>
				<fm:element disable="false" disable_method="read_only" generate="true" hide="false" name="selecting_official_detail">
					<field xmlns="http://www.hyfinity.com/formmaker">
						<input options="dynamic">output</input>
						<style class="defaultBackground outputControl" options="static" style="" />
						<element_style class="output contactsRight" options="static" style="" />
						<date_picker class="datePickerIcon" content="" required="false" type="normal" />
						<label class="label" options="static" required="true" style="" type="static" value="Organization/Title">
							<container class="labelBackground labelControl " options="static" />
						</label>
						<container />
					</field>
					<constraints validate="false" xmlns="http://www.hyfinity.com/formmaker">
						<type>string</type>
						<required>false</required>
						<enumeration use_for_output="false" />
					</constraints>
					<error xmlns="http://www.hyfinity.com/formmaker">
						<hint class="hintIcon" style="" use="false">Enter a hint here.</hint>
						<server class="errorIcon" retain="false" style="" use="false" />
					</error>
					<palette_ref control="Output" xmlns="http://www.hyfinity.com/formmaker" />
					<accessibility xmlns="http://www.hyfinity.com/formmaker">
						<tab_index>130</tab_index>
					</accessibility>
				</fm:element>
			</fm:group>
			<fm:group border_styling="false" compatability="false" fieldset="false" gen_method="layout" hide="false" label_position="top" name="layout_group_xo" submit_if_hidden="true">
				<label class="label" options="static" position="outside_group" position_override="top" required="false" style="" type="static" value="Layout Group" xmlns="http://www.hyfinity.com/formmaker">
					<container class="groupLabelBackground" options="static" style="">
						<content_alignment distribution="vertical" />
					</container>
				</label>
				<style class="general_line_item" options="static" style="" xmlns="http://www.hyfinity.com/formmaker" />
				<fm:content_alignment distribution="horizontal" halign="left" valign="top" />
				<fm:sizing height="fit_to_content" width="fully_expand" />
				<palette_ref control="Layout Group" xmlns="http://www.hyfinity.com/formmaker" />
				<fm:element disable="false" disable_method="disabled" generate="true" hide="false" name="SG_XO_ID">
					<field xmlns="http://www.hyfinity.com/formmaker">
						<input dropdown_default="Select One" options="dynamic">select</input>
						<style class="defaultBackground selectControl" options="static" style="" />
						<element_style class="select contactsLeft" options="static" style="" />
						<date_picker class="" content="" required="false" type="normal" />
						<label class="label req contactLabel" options="static" required="true" style="" type="static" value="Executive Officer (XO)">
							<container class="labelBackground labelControl general_left" options="static" />
						</label>
						<container />
					</field>
					<constraints validate="true" xmlns="http://www.hyfinity.com/formmaker">
						<type>string</type>
						<required>true</required>
						<enumeration use_for_output="false" />
					</constraints>
					<error xmlns="http://www.hyfinity.com/formmaker">
						<hint class="hintIcon" style="" use="false">Enter a hint here.</hint>
						<server class="errorIcon" retain="false" style="" use="false" />
					</error>
					<palette_ref control="Select Box" xmlns="http://www.hyfinity.com/formmaker" />
					<accessibility xmlns="http://www.hyfinity.com/formmaker">
						<alt>Select an Executive Officer</alt>
						<tab_index>140</tab_index>
					</accessibility>
				</fm:element>
				<fm:custom name="spacer_5" type="spacer">
					<fm:code>
						<div style="height: 21px; width: 20px;" xmlns=""></div>
					</fm:code>
					<fm:description />
					<palette_ref control="Spacer" xmlns="http://www.hyfinity.com/formmaker" />
				</fm:custom>
				<fm:element disable="false" disable_method="read_only" generate="true" hide="false" name="executive_office_detail">
					<field xmlns="http://www.hyfinity.com/formmaker">
						<input options="dynamic">output</input>
						<style class="defaultBackground outputControl" options="static" style="" />
						<element_style class="output contactsRight" options="static" style="" />
						<date_picker class="datePickerIcon" content="" required="false" type="normal" />
						<label class="label" options="static" required="true" style="" type="static" value="Organization/Title">
							<container class="labelBackground labelControl " options="static" />
						</label>
						<container />
					</field>
					<constraints validate="false" xmlns="http://www.hyfinity.com/formmaker">
						<type>string</type>
						<required>false</required>
						<enumeration use_for_output="false" />
					</constraints>
					<error xmlns="http://www.hyfinity.com/formmaker">
						<hint class="hintIcon" style="" use="false">Enter a hint here.</hint>
						<server class="errorIcon" retain="false" style="" use="false" />
					</error>
					<palette_ref control="Output" xmlns="http://www.hyfinity.com/formmaker" />
					<accessibility xmlns="http://www.hyfinity.com/formmaker">
						<tab_index>150</tab_index>
					</accessibility>
				</fm:element>
			</fm:group>
			<fm:group border_styling="false" compatability="false" fieldset="false" gen_method="layout" hide="false" label_position="top" name="layout_group_hrl" submit_if_hidden="true">
				<label class="label" options="static" position="outside_group" position_override="top" required="false" style="" type="static" value="Layout Group" xmlns="http://www.hyfinity.com/formmaker">
					<container class="groupLabelBackground" options="static" style="">
						<content_alignment distribution="vertical" />
					</container>
				</label>
				<style class="general_line_item" options="static" style="" xmlns="http://www.hyfinity.com/formmaker" />
				<fm:content_alignment distribution="horizontal" halign="left" valign="top" />
				<fm:sizing height="fit_to_content" width="fully_expand" />
				<palette_ref control="Layout Group" xmlns="http://www.hyfinity.com/formmaker" />
				<fm:element disable="false" disable_method="disabled" generate="true" hide="false" name="SG_HRL_ID">
					<field xmlns="http://www.hyfinity.com/formmaker">
						<input dropdown_default="Select One" options="dynamic">select</input>
						<style class="defaultBackground selectControl" options="static" style="" />
						<element_style class="select contactsLeft" options="static" style="" />
						<date_picker class="" content="" required="false" type="normal" />
						<label class="label req contactLabel" options="static" required="true" style="" type="static" value="HR Liaison">
							<container class="labelBackground labelControl general_left" options="static" />
						</label>
						<container />
					</field>
					<constraints validate="true" xmlns="http://www.hyfinity.com/formmaker">
						<type>string</type>
						<required>false</required>
						<enumeration use_for_output="false" />
					</constraints>
					<error xmlns="http://www.hyfinity.com/formmaker">
						<hint class="hintIcon" style="" use="false">Enter a hint here.</hint>
						<server class="errorIcon" retain="false" style="" use="false" />
					</error>
					<palette_ref control="Select Box" xmlns="http://www.hyfinity.com/formmaker" />
					<accessibility xmlns="http://www.hyfinity.com/formmaker">
						<alt>Select an HR Liaison</alt>
						<tab_index>160</tab_index>
					</accessibility>
				</fm:element>
				<fm:custom name="spacer_6" type="spacer">
					<fm:code>
						<div style="height: 21px; width: 20px;" xmlns=""></div>
					</fm:code>
					<fm:description />
					<palette_ref control="Spacer" xmlns="http://www.hyfinity.com/formmaker" />
				</fm:custom>
				<fm:element disable="false" disable_method="read_only" generate="true" hide="false" name="hr_liaison_detail">
					<field xmlns="http://www.hyfinity.com/formmaker">
						<input options="dynamic">output</input>
						<style class="defaultBackground outputControl" options="static" style="" />
						<element_style class="output contactsRight" options="static" style="" />
						<date_picker class="datePickerIcon" content="" required="false" type="normal" />
						<label class="label" options="static" required="true" style="" type="static" value="Organization/Title">
							<container class="labelBackground labelControl " options="static" />
						</label>
						<container />
					</field>
					<constraints validate="false" xmlns="http://www.hyfinity.com/formmaker">
						<type>string</type>
						<required>false</required>
						<enumeration use_for_output="false" />
					</constraints>
					<error xmlns="http://www.hyfinity.com/formmaker">
						<hint class="hintIcon" style="" use="false">Enter a hint here.</hint>
						<server class="errorIcon" retain="false" style="" use="false" />
					</error>
					<palette_ref control="Output" xmlns="http://www.hyfinity.com/formmaker" />
					<accessibility xmlns="http://www.hyfinity.com/formmaker">
						<tab_index>170</tab_index>
					</accessibility>
				</fm:element>
			</fm:group>
			<fm:group border_styling="false" compatability="false" fieldset="false" gen_method="layout" hide="false" label_position="top" name="layout_group_staffspecialist" submit_if_hidden="true">
				<label class="label" options="static" position="outside_group" position_override="top" required="false" style="" type="static" value="Layout Group" xmlns="http://www.hyfinity.com/formmaker">
					<container class="groupLabelBackground" options="static" style="">
						<content_alignment distribution="vertical" />
					</container>
				</label>
				<style class="general_line_item" options="static" style="" xmlns="http://www.hyfinity.com/formmaker" />
				<fm:content_alignment distribution="horizontal" halign="left" valign="top" />
				<fm:sizing height="fit_to_content" width="fully_expand" />
				<palette_ref control="Layout Group" xmlns="http://www.hyfinity.com/formmaker" />
				<fm:element disable="false" disable_method="disabled" generate="true" hide="false" name="SG_SS_ID">
					<field xmlns="http://www.hyfinity.com/formmaker">
						<input dropdown_default="Select One" options="dynamic">select</input>
						<style class="defaultBackground selectControl" options="static" style="" />
						<element_style class="select contactsLeft" options="static" style="" />
						<date_picker class="" content="" required="false" type="normal" />
						<label class="label req contactLabel" options="static" required="true" style="" type="static" value="HR Staffing Specialist">
							<container class="labelBackground labelControl general_left" options="static" />
						</label>
						<container />
					</field>
					<constraints validate="true" xmlns="http://www.hyfinity.com/formmaker">
						<type>string</type>
						<required>true</required>
						<enumeration use_for_output="false" />
					</constraints>
					<error xmlns="http://www.hyfinity.com/formmaker">
						<hint class="hintIcon" style="" use="false">Enter a hint here.</hint>
						<server class="errorIcon" retain="false" style="" use="false" />
					</error>
					<palette_ref control="Select Box" xmlns="http://www.hyfinity.com/formmaker" />
					<accessibility xmlns="http://www.hyfinity.com/formmaker">
						<alt>Select an HR Staffing Specialist</alt>
						<tab_index>180</tab_index>
					</accessibility>
				</fm:element>
				<fm:custom name="spacer" type="spacer">
					<fm:code>
						<div style="height: 21px; width: 150px;" xmlns=""></div>
					</fm:code>
					<fm:description />
					<palette_ref control="Spacer" xmlns="http://www.hyfinity.com/formmaker" />
				</fm:custom>
			</fm:group>
			<fm:group border_styling="false" compatability="false" fieldset="false" gen_method="layout" hide="false" label_position="top" name="layout_group_specialProgram" submit_if_hidden="true">
				<label class="label" options="static" position="outside_group" position_override="top" required="false" style="" type="static" value="Layout Group" xmlns="http://www.hyfinity.com/formmaker">
					<container class="groupLabelBackground" options="static" style="">
						<content_alignment distribution="vertical" />
					</container>
				</label>
				<style class="general_line_item" options="static" style="" xmlns="http://www.hyfinity.com/formmaker" />
				<fm:content_alignment distribution="horizontal" halign="left" valign="top" />
				<fm:sizing height="fit_to_content" width="fully_expand" />
				<palette_ref control="Layout Group" xmlns="http://www.hyfinity.com/formmaker" />
				<fm:element disable="false" disable_method="disabled" generate="true" hide="false" name="SG_SP_ID">
					<field xmlns="http://www.hyfinity.com/formmaker">
						<input dropdown_default="Select One" options="dynamic">select</input>
						<style class="defaultBackground selectControl" options="static" style="" />
						<element_style class="select contactsLeft" options="static" style="" />
						<date_picker class="" content="" required="false" type="normal" />
						<label class="label req contactLabel" options="static" required="true" style="" type="static" value="Special Program Staffing Specialist">
							<container class="labelBackground labelControl general_left" options="static" />
						</label>
						<container />
					</field>
					<constraints validate="true" xmlns="http://www.hyfinity.com/formmaker">
						<type>string</type>
						<required>true</required>
						<enumeration use_for_output="false" />
					</constraints>
					<error xmlns="http://www.hyfinity.com/formmaker">
						<hint class="hintIcon" style="" use="false">Enter a hint here.</hint>
						<server class="errorIcon" retain="false" style="" use="false" />
					</error>
					<palette_ref control="Select Box" xmlns="http://www.hyfinity.com/formmaker" />
					<accessibility xmlns="http://www.hyfinity.com/formmaker">
						<alt>Select an HR Staffing Specialist</alt>
						<tab_index>180</tab_index>
					</accessibility>
				</fm:element>
				<fm:custom name="spacer_7" type="spacer">
					<fm:code>
						<div style="height: 21px; width: 150px;" xmlns="http://www.hyfinity.com/xfactory"></div>
					</fm:code>
					<fm:description />
					<palette_ref control="Spacer" xmlns="http://www.hyfinity.com/formmaker" />
				</fm:custom>
			</fm:group>
			<fm:group border_styling="false" compatability="false" fieldset="false" gen_method="layout" hide="false" label_position="top" name="layout_group_classSpecialist" submit_if_hidden="true">
				<label class="label" options="static" position="outside_group" position_override="top" required="false" style="" type="static" value="Layout Group" xmlns="http://www.hyfinity.com/formmaker">
					<container class="groupLabelBackground" options="static" style="" />
				</label>
				<style class="general_line_item" options="static" style="" xmlns="http://www.hyfinity.com/formmaker" />
				<fm:content_alignment distribution="horizontal" halign="left" valign="top" />
				<fm:sizing height="fit_to_content" width="fully_expand" />
				<palette_ref control="Layout Group" xmlns="http://www.hyfinity.com/formmaker" />
				<fm:element disable="false" disable_method="disabled" generate="true" hide="false" name="SG_CS_ID">
					<field xmlns="http://www.hyfinity.com/formmaker">
						<input dropdown_default="Select One" options="dynamic">select</input>
						<style class="defaultBackground selectControl" options="static" style="" />
						<element_style class="select contactsLeft" options="static" style="" />
						<date_picker class="" content="" required="false" type="normal" />
						<label class="label req contactLabel" options="static" required="true" style="" type="static" value="HR Classification Specialist">
							<container class="labelBackground labelControl general_left" options="static" />
						</label>
						<container />
					</field>
					<constraints validate="true" xmlns="http://www.hyfinity.com/formmaker">
						<type>string</type>
						<required>true</required>
						<enumeration use_for_output="false" />
					</constraints>
					<error xmlns="http://www.hyfinity.com/formmaker">
						<hint class="hintIcon" style="" use="false">Enter a hint here.</hint>
						<server class="errorIcon" retain="false" style="" use="false" />
					</error>
					<palette_ref control="Select Box" xmlns="http://www.hyfinity.com/formmaker" />
					<accessibility xmlns="http://www.hyfinity.com/formmaker">
						<alt>Select an HR Classification Specialist</alt>
						<tab_index>190</tab_index>
					</accessibility>
				</fm:element>
				<fm:custom name="spacer_2" type="spacer">
					<fm:code>
						<div style="height: 21px; width: 150px;" xmlns=""></div>
					</fm:code>
					<fm:description />
					<palette_ref control="Spacer" xmlns="http://www.hyfinity.com/formmaker" />
				</fm:custom>
			</fm:group>
		</fm:group>
		<fm:group border_styling="false" compatability="false" fieldset="false" gen_method="layout" hide="false" label_position="top" name="certificates" submit_if_hidden="true">
			<label class="label" options="static" position="outside_group" position_override="top" required="false" style="" type="static" value="CERTIFICATES" xmlns="http://www.hyfinity.com/formmaker">
				<container class="groupLabelBackground" options="static" style="" />
			</label>
			<style class="" options="static" style="" xmlns="http://www.hyfinity.com/formmaker" />
			<fm:content_alignment distribution="vertical" halign="left" valign="top" />
			<fm:sizing height="fit_to_content" width="fully_expand" />
			<palette_ref control="Layout Group" xmlns="http://www.hyfinity.com/formmaker" />
			<fm:group border_styling="false" compatability="false" fieldset="false" gen_method="grid" hide="false" label_position="top" name="layout_grid" submit_if_hidden="true">
				<label class="label" options="static" position="outside_group" position_override="top" required="false" style="" type="static" value="Layout Grid" xmlns="http://www.hyfinity.com/formmaker">
					<container class="groupLabelBackground" options="static" style="">
						<content_alignment distribution="vertical" />
					</container>
				</label>
				<style class="" options="static" style="" xmlns="http://www.hyfinity.com/formmaker" />
				<grid_structure cols="2" rows="2" xmlns="http://www.hyfinity.com/formmaker">
					<grid_component col="1" name="SG_OTHER_CERT" row="2" />
					<grid_component col="1" name="OTHER_CERT_DIV" row="1" />
				</grid_structure>
				<fm:content_alignment distribution="vertical" halign="left" valign="top" />
				<fm:sizing height="fit_to_content" width="fully_expand" />
				<palette_ref control="Layout Grid" xmlns="http://www.hyfinity.com/formmaker" />
				<fm:custom name="OTHER_CERT_DIV" type="custom">
					<fm:code>
						<div class="customControl" id="OTHER_CERT_DIV" xmlns="">
							<br />
							<span class="cmsNote">In addition to Selecting Official and XO/HR Liaison, the following individual(s) need access to certificates.</span>
							<br />
							<input id="certSearch" name="certSearch" tabindex="200" type="text" />
							<ul class="nobullet autocomplete_ul" id="certSearch_display" />
						</div>
						<div id="certSearch_LIST" xmlns=""></div>
					</fm:code>
					<fm:description>Enter a description.</fm:description>
					<palette_ref control="Custom" xmlns="http://www.hyfinity.com/formmaker" />
				</fm:custom>
				<fm:element disable="false" disable_method="read_only" generate="true" hide="false" name="SG_OTHER_CERT">
					<field xmlns="http://www.hyfinity.com/formmaker">
						<input options="dynamic">hidden</input>
						<style class="hide" options="static" style="" />
						<element_style class="hide" options="static" style="" />
						<date_picker class="" content="" required="false" type="normal" />
						<label class="hide" options="static" required="false" style="" type="static" value="Hidden Label">
							<container class="hide" options="static" style="" />
						</label>
						<container />
					</field>
					<constraints validate="false" xmlns="http://www.hyfinity.com/formmaker">
						<type>string</type>
						<required>false</required>
						<enumeration use_for_output="false" />
					</constraints>
					<error xmlns="http://www.hyfinity.com/formmaker">
						<hint class="hintIcon" style="" use="false">Enter a hint here.</hint>
						<server class="errorIcon" retain="false" style="" use="false" />
					</error>
					<palette_ref control="Hidden" xmlns="http://www.hyfinity.com/formmaker" />
				</fm:element>
			</fm:group>
			<fm:custom name="COMMISSIONED_NOTE" type="custom">
				<fm:code>
					<div class="customControl cmsNote" id="COMMISSIONED_NOTE" xmlns="http://www.hyfinity.com/xfactory">
						<strong>NOTE: For Commissioned Corps please email <a href="mailto:DSRWS-CC@cms.hhs.gov" tabindex="210">DSRWS-CC@cms.hhs.gov</a> to request Commissioned Corps applications.</strong>
					</div>
				</fm:code>
				<fm:description>Enter a description.</fm:description>
				<palette_ref control="Custom" xmlns="http://www.hyfinity.com/formmaker" />
			</fm:custom>
			<fm:group border_styling="false" compatability="false" fieldset="false" gen_method="layout" hide="false" label_position="left" name="layout_group_so_agree" submit_if_hidden="true">
				<label class="label" options="static" position="outside_group" position_override="top" required="false" style="" type="static" value="Layout Group" xmlns="http://www.hyfinity.com/formmaker">
					<container class="groupLabelBackground" options="static" style="">
						<content_alignment distribution="vertical" />
					</container>
				</label>
				<style class="" options="static" style="" xmlns="http://www.hyfinity.com/formmaker" />
				<fm:content_alignment distribution="vertical" halign="left" valign="top" />
				<fm:sizing height="fit_to_content" width="fully_expand" />
				<palette_ref control="Layout Group" xmlns="http://www.hyfinity.com/formmaker" />
				<fm:element disable="false" disable_method="disabled" generate="true" hide="false" name="selecting_official_agree">
					<field xmlns="http://www.hyfinity.com/formmaker">
						<input caption="true" options="static" unchecked_value="false">checkbox</input>
						<style class="defaultBackground checkboxControl" options="static" style="" />
						<element_style class="checkbox" options="static" style="" />
						<date_picker class="" content="" required="false" type="normal" />
						<label class="label req" options="static" position_override="right" required="true" style="" type="static" value="I, the Selecting Official, understand that I will have a strategic consultation in order to expedite the time-to-hire and help meet the 110-day hiring goal.">
							<container class="labelBackground labelControl" options="static">
								<sizing width="fully_expand" />
							</container>
						</label>
						<container />
					</field>
					<constraints validate="true" xmlns="http://www.hyfinity.com/formmaker">
						<type>string</type>
						<required>true</required>
						<enumeration use_for_output="false" />
					</constraints>
					<error xmlns="http://www.hyfinity.com/formmaker">
						<hint class="hintIcon" style="" use="false">Enter a hint here.</hint>
						<server class="errorIcon" retain="false" style="" use="false" />
					</error>
					<palette_ref control="Checkbox" xmlns="http://www.hyfinity.com/formmaker" />
					<accessibility xmlns="http://www.hyfinity.com/formmaker">
						<alt>Selecting Official agrees to 110 day hiring goal.</alt>
						<tab_index>300</tab_index>
					</accessibility>
				</fm:element>
			</fm:group>
		</fm:group>
	</fm:group>
	<fm:group border_styling="false" compatability="false" fieldset="false" gen_method="layout" hide="false" label_position="left" name="hidden_fields" submit_if_hidden="true">
		<label class="label" options="static" position="outside_group" position_override="top" required="false" style="" type="static" value="Layout Group" xmlns="http://www.hyfinity.com/formmaker">
			<container class="groupLabelBackground" options="static" style="" />
		</label>
		<style class="" options="static" style="" xmlns="http://www.hyfinity.com/formmaker" />
		<fm:content_alignment distribution="vertical" halign="left" valign="top" />
		<fm:sizing height="fit_to_content" width="fully_expand" />
		<palette_ref control="Layout Group" xmlns="http://www.hyfinity.com/formmaker" />
		<fm:group border_styling="false" compatability="false" fieldset="false" gen_method="grid" hide="false" label_position="left" name="STRATCON_GEN_layout_grid_3" submit_if_hidden="true">
			<label class="label" options="static" position="outside_group" position_override="top" required="false" style="" type="static" value="Layout Grid" xmlns="http://www.hyfinity.com/formmaker">
				<container class="groupLabelBackground" options="static" style="">
					<content_alignment distribution="vertical" />
				</container>
			</label>
			<style class="hide" options="static" style="" xmlns="http://www.hyfinity.com/formmaker" />
			<grid_structure cols="4" rows="8" xmlns="http://www.hyfinity.com/formmaker">
				<grid_component col="1" name="selecting_official_titleorg" row="1" />
				<grid_component col="2" name="executive_office_titleorg" row="1" />
				<grid_component col="1" name="hr_liaison_titleorg" row="3" />
				<grid_component col="2" name="hr_staffing_specialis_titleorg" row="3" />
				<grid_component col="1" name="hr_classification_specialist_titleorg" row="5" />
				<grid_component col="1" name="classification_type_data" row="6" />
				<grid_component col="2" name="classification_type_parent" row="5" />
				<grid_component col="1" name="layout_grid_2" row="2" />
				<grid_component col="2" name="layout_grid_5" row="2" />
				<grid_component col="1" name="layout_grid_6" row="4" />
				<grid_component col="2" name="OTHER_CERT_DATA" row="4" />
				<grid_component col="1" colspan="3" name="layout_grid_7" row="7" />
			</grid_structure>
			<fm:content_alignment distribution="vertical" halign="left" valign="top" />
			<fm:sizing height="fit_to_content" width="fully_expand" />
			<palette_ref control="Layout Grid" xmlns="http://www.hyfinity.com/formmaker" />
			<fm:element disable="false" disable_method="disabled" generate="true" hide="false" name="selecting_official_titleorg">
				<field xmlns="http://www.hyfinity.com/formmaker">
					<input options="dynamic">select</input>
					<style class="defaultBackground selectControl" options="static" style="" />
					<element_style class="select" options="static" style="" />
					<date_picker class="" content="" required="false" type="normal" />
					<label class="label" options="static" required="true" style="" type="static" value="Selecting Official Data">
						<container class="labelBackground labelControl" options="static" />
					</label>
					<container />
				</field>
				<constraints validate="true" xmlns="http://www.hyfinity.com/formmaker">
					<type>string</type>
					<required>false</required>
					<enumeration use_for_output="false" />
				</constraints>
				<error xmlns="http://www.hyfinity.com/formmaker">
					<hint class="hintIcon" style="" use="false">Enter a hint here.</hint>
					<server class="errorIcon" retain="false" style="" use="false" />
				</error>
				<palette_ref control="Select Box" xmlns="http://www.hyfinity.com/formmaker" />
			</fm:element>
			<fm:element disable="false" disable_method="disabled" generate="true" hide="false" name="executive_office_titleorg">
				<field xmlns="http://www.hyfinity.com/formmaker">
					<input options="dynamic">select</input>
					<style class="defaultBackground selectControl" options="static" style="" />
					<element_style class="select" options="static" style="" />
					<date_picker class="" content="" required="false" type="normal" />
					<label class="label" options="static" required="true" style="" type="static" value="XO Data">
						<container class="labelBackground labelControl" options="static" />
					</label>
					<container />
				</field>
				<constraints validate="true" xmlns="http://www.hyfinity.com/formmaker">
					<type>string</type>
					<required>false</required>
					<enumeration use_for_output="false" />
				</constraints>
				<error xmlns="http://www.hyfinity.com/formmaker">
					<hint class="hintIcon" style="" use="false">Enter a hint here.</hint>
					<server class="errorIcon" retain="false" style="" use="false" />
				</error>
				<palette_ref control="Select Box" xmlns="http://www.hyfinity.com/formmaker" />
			</fm:element>
			<fm:group border_styling="false" compatability="false" fieldset="false" gen_method="grid" hide="false" label_position="left" name="layout_grid_2" submit_if_hidden="true">
				<label class="label" options="static" position="outside_group" position_override="top" required="false" style="" type="static" value="Layout Grid" xmlns="http://www.hyfinity.com/formmaker">
					<container class="groupLabelBackground" options="static" style="" />
				</label>
				<style class="" options="static" style="" xmlns="http://www.hyfinity.com/formmaker" />
				<grid_structure cols="2" rows="1" xmlns="http://www.hyfinity.com/formmaker">
					<grid_component col="1" name="SG_SO_TITLE" row="1" />
					<grid_component col="2" name="SG_SO_ORG" row="1" />
				</grid_structure>
				<fm:content_alignment distribution="vertical" halign="left" valign="top" />
				<fm:sizing height="fit_to_content" width="fully_expand" />
				<palette_ref control="Layout Grid" xmlns="http://www.hyfinity.com/formmaker" />
				<fm:element disable="false" disable_method="read_only" generate="true" hide="false" name="SG_SO_TITLE">
					<field xmlns="http://www.hyfinity.com/formmaker">
						<input options="dynamic">text</input>
						<style class="defaultBackground textboxControl" options="static" style="" />
						<element_style class="textbox" options="static" style="" />
						<date_picker class="datePickerIcon" content="" required="false" type="normal" />
						<label class="label" options="static" required="true" style="" type="static" value="SO Title">
							<container class="labelBackground labelControl" options="static" />
						</label>
						<container />
					</field>
					<constraints validate="true" xmlns="http://www.hyfinity.com/formmaker">
						<type>string</type>
						<required>false</required>
						<enumeration use_for_output="false" />
					</constraints>
					<error xmlns="http://www.hyfinity.com/formmaker">
						<hint class="hintIcon" style="" use="false">Enter a hint here.</hint>
						<server class="errorIcon" retain="false" style="" use="false" />
					</error>
					<palette_ref control="Text Box" xmlns="http://www.hyfinity.com/formmaker" />
				</fm:element>
				<fm:element disable="false" disable_method="read_only" generate="true" hide="false" name="SG_SO_ORG">
					<field xmlns="http://www.hyfinity.com/formmaker">
						<input options="dynamic">text</input>
						<style class="defaultBackground textboxControl" options="static" style="" />
						<element_style class="textbox" options="static" style="" />
						<date_picker class="datePickerIcon" content="" required="false" type="normal" />
						<label class="label" options="static" required="true" style="" type="static" value="SO ORG">
							<container class="labelBackground labelControl" options="static" />
						</label>
						<container />
					</field>
					<constraints validate="true" xmlns="http://www.hyfinity.com/formmaker">
						<type>string</type>
						<required>false</required>
						<enumeration use_for_output="false" />
					</constraints>
					<error xmlns="http://www.hyfinity.com/formmaker">
						<hint class="hintIcon" style="" use="false">Enter a hint here.</hint>
						<server class="errorIcon" retain="false" style="" use="false" />
					</error>
					<palette_ref control="Text Box" xmlns="http://www.hyfinity.com/formmaker" />
				</fm:element>
			</fm:group>
			<fm:group border_styling="false" compatability="false" fieldset="false" gen_method="grid" hide="false" label_position="left" name="layout_grid_5" submit_if_hidden="true">
				<label class="label" options="static" position="outside_group" position_override="top" required="false" style="" type="static" value="Layout Grid" xmlns="http://www.hyfinity.com/formmaker">
					<container class="groupLabelBackground" options="static" style="" />
				</label>
				<style class="" options="static" style="" xmlns="http://www.hyfinity.com/formmaker" />
				<grid_structure cols="2" rows="1" xmlns="http://www.hyfinity.com/formmaker">
					<grid_component col="1" name="SG_XO_TITLE" row="1" />
					<grid_component col="2" name="SG_XO_ORG" row="1" />
				</grid_structure>
				<fm:content_alignment distribution="vertical" halign="left" valign="top" />
				<fm:sizing height="fit_to_content" width="fully_expand" />
				<palette_ref control="Layout Grid" xmlns="http://www.hyfinity.com/formmaker" />
				<fm:element disable="false" disable_method="read_only" generate="true" hide="false" name="SG_XO_TITLE">
					<field xmlns="http://www.hyfinity.com/formmaker">
						<input options="dynamic">text</input>
						<style class="defaultBackground textboxControl" options="static" style="" />
						<element_style class="textbox" options="static" style="" />
						<date_picker class="datePickerIcon" content="" required="false" type="normal" />
						<label class="label" options="static" required="true" style="" type="static" value="XO Title">
							<container class="labelBackground labelControl" options="static" />
						</label>
						<container />
					</field>
					<constraints validate="true" xmlns="http://www.hyfinity.com/formmaker">
						<type>string</type>
						<required>false</required>
						<enumeration use_for_output="false" />
					</constraints>
					<error xmlns="http://www.hyfinity.com/formmaker">
						<hint class="hintIcon" style="" use="false">Enter a hint here.</hint>
						<server class="errorIcon" retain="false" style="" use="false" />
					</error>
					<palette_ref control="Text Box" xmlns="http://www.hyfinity.com/formmaker" />
				</fm:element>
				<fm:element disable="false" disable_method="read_only" generate="true" hide="false" name="SG_XO_ORG">
					<field xmlns="http://www.hyfinity.com/formmaker">
						<input options="dynamic">text</input>
						<style class="defaultBackground textboxControl" options="static" style="" />
						<element_style class="textbox" options="static" style="" />
						<date_picker class="datePickerIcon" content="" required="false" type="normal" />
						<label class="label" options="static" required="true" style="" type="static" value="XO Org">
							<container class="labelBackground labelControl" options="static" />
						</label>
						<container />
					</field>
					<constraints validate="true" xmlns="http://www.hyfinity.com/formmaker">
						<type>string</type>
						<required>false</required>
						<enumeration use_for_output="false" />
					</constraints>
					<error xmlns="http://www.hyfinity.com/formmaker">
						<hint class="hintIcon" style="" use="false">Enter a hint here.</hint>
						<server class="errorIcon" retain="false" style="" use="false" />
					</error>
					<palette_ref control="Text Box" xmlns="http://www.hyfinity.com/formmaker" />
				</fm:element>
			</fm:group>
			<fm:element disable="false" disable_method="disabled" generate="true" hide="false" name="hr_liaison_titleorg">
				<field xmlns="http://www.hyfinity.com/formmaker">
					<input options="dynamic">select</input>
					<style class="defaultBackground selectControl" options="static" style="" />
					<element_style class="select" options="static" style="" />
					<date_picker class="" content="" required="false" type="normal" />
					<label class="label" options="static" required="true" style="" type="static" value="HR Liaison Data">
						<container class="labelBackground labelControl" options="static" />
					</label>
					<container />
				</field>
				<constraints validate="true" xmlns="http://www.hyfinity.com/formmaker">
					<type>string</type>
					<required>false</required>
					<enumeration use_for_output="false" />
				</constraints>
				<error xmlns="http://www.hyfinity.com/formmaker">
					<hint class="hintIcon" style="" use="false">Enter a hint here.</hint>
					<server class="errorIcon" retain="false" style="" use="false" />
				</error>
				<palette_ref control="Select Box" xmlns="http://www.hyfinity.com/formmaker" />
			</fm:element>
			<fm:element disable="false" disable_method="disabled" generate="true" hide="false" name="hr_staffing_specialis_titleorg">
				<field xmlns="http://www.hyfinity.com/formmaker">
					<input options="dynamic">select</input>
					<style class="defaultBackground selectControl" options="static" style="" />
					<element_style class="select" options="static" style="" />
					<date_picker class="" content="" required="false" type="normal" />
					<label class="label" options="static" required="true" style="" type="static" value="HR Staffing Specialist Data">
						<container class="labelBackground labelControl" options="static" />
					</label>
					<container />
				</field>
				<constraints validate="true" xmlns="http://www.hyfinity.com/formmaker">
					<type>string</type>
					<required>false</required>
					<enumeration use_for_output="false" />
				</constraints>
				<error xmlns="http://www.hyfinity.com/formmaker">
					<hint class="hintIcon" style="" use="false">Enter a hint here.</hint>
					<server class="errorIcon" retain="false" style="" use="false" />
				</error>
				<palette_ref control="Select Box" xmlns="http://www.hyfinity.com/formmaker" />
			</fm:element>
			<fm:group border_styling="false" compatability="false" fieldset="false" gen_method="grid" hide="false" label_position="left" name="layout_grid_6" submit_if_hidden="true">
				<label class="label" options="static" position="outside_group" position_override="top" required="false" style="" type="static" value="Layout Grid" xmlns="http://www.hyfinity.com/formmaker">
					<container class="groupLabelBackground" options="static" style="" />
				</label>
				<style class="" options="static" style="" xmlns="http://www.hyfinity.com/formmaker" />
				<grid_structure cols="2" rows="1" xmlns="http://www.hyfinity.com/formmaker">
					<grid_component col="1" name="SG_HRL_TITLE" row="1" />
					<grid_component col="2" name="SG_HRL_ORG" row="1" />
				</grid_structure>
				<fm:content_alignment distribution="vertical" halign="left" valign="top" />
				<fm:sizing height="fit_to_content" width="fully_expand" />
				<palette_ref control="Layout Grid" xmlns="http://www.hyfinity.com/formmaker" />
				<fm:element disable="false" disable_method="read_only" generate="true" hide="false" name="SG_HRL_TITLE">
					<field xmlns="http://www.hyfinity.com/formmaker">
						<input options="dynamic">text</input>
						<style class="defaultBackground textboxControl" options="static" style="" />
						<element_style class="textbox" options="static" style="" />
						<date_picker class="datePickerIcon" content="" required="false" type="normal" />
						<label class="label" options="static" required="true" style="" type="static" value="HR Liaison Title">
							<container class="labelBackground labelControl" options="static" />
						</label>
						<container />
					</field>
					<constraints validate="true" xmlns="http://www.hyfinity.com/formmaker">
						<type>string</type>
						<required>false</required>
						<enumeration use_for_output="false" />
					</constraints>
					<error xmlns="http://www.hyfinity.com/formmaker">
						<hint class="hintIcon" style="" use="false">Enter a hint here.</hint>
						<server class="errorIcon" retain="false" style="" use="false" />
					</error>
					<palette_ref control="Text Box" xmlns="http://www.hyfinity.com/formmaker" />
				</fm:element>
				<fm:element disable="false" disable_method="read_only" generate="true" hide="false" name="SG_HRL_ORG">
					<field xmlns="http://www.hyfinity.com/formmaker">
						<input options="dynamic">text</input>
						<style class="defaultBackground textboxControl" options="static" style="" />
						<element_style class="textbox" options="static" style="" />
						<date_picker class="datePickerIcon" content="" required="false" type="normal" />
						<label class="label" options="static" required="true" style="" type="static" value="HR Liaison ORG">
							<container class="labelBackground labelControl" options="static" />
						</label>
						<container />
					</field>
					<constraints validate="true" xmlns="http://www.hyfinity.com/formmaker">
						<type>string</type>
						<required>false</required>
						<enumeration use_for_output="false" />
					</constraints>
					<error xmlns="http://www.hyfinity.com/formmaker">
						<hint class="hintIcon" style="" use="false">Enter a hint here.</hint>
						<server class="errorIcon" retain="false" style="" use="false" />
					</error>
					<palette_ref control="Text Box" xmlns="http://www.hyfinity.com/formmaker" />
				</fm:element>
			</fm:group>
			<fm:element disable="false" disable_method="disabled" generate="true" hide="false" name="OTHER_CERT_DATA">
				<field xmlns="http://www.hyfinity.com/formmaker">
					<input options="dynamic">select</input>
					<style class="defaultBackground selectControl" options="static" style="" />
					<element_style class="select" options="static" style="" />
					<date_picker class="" content="" required="false" type="normal" />
					<label class="label" options="static" required="true" style="" type="static" value="Other Cert Data">
						<container class="labelBackground labelControl" options="static" />
					</label>
					<container />
				</field>
				<constraints validate="true" xmlns="http://www.hyfinity.com/formmaker">
					<type>string</type>
					<required>false</required>
					<enumeration use_for_output="false">
						<include value="ListItem1">List Item 1</include>
						<include value="ListItem2">List Item 2</include>
						<include value="ListItem3">List Item 3</include>
					</enumeration>
				</constraints>
				<error xmlns="http://www.hyfinity.com/formmaker">
					<hint class="hintIcon" style="" use="false">Enter a hint here.</hint>
					<server class="errorIcon" retain="false" style="" use="false" />
				</error>
				<palette_ref control="Select Box" xmlns="http://www.hyfinity.com/formmaker" />
			</fm:element>
			<fm:element disable="false" disable_method="disabled" generate="true" hide="false" name="hr_classification_specialist_titleorg">
				<field xmlns="http://www.hyfinity.com/formmaker">
					<input options="dynamic">select</input>
					<style class="defaultBackground selectControl" options="static" style="" />
					<element_style class="select" options="static" style="" />
					<date_picker class="" content="" required="false" type="normal" />
					<label class="label" options="static" required="true" style="" type="static" value="HR Classification Specialist Data">
						<container class="labelBackground labelControl" options="static" />
					</label>
					<container />
				</field>
				<constraints validate="true" xmlns="http://www.hyfinity.com/formmaker">
					<type>string</type>
					<required>false</required>
					<enumeration use_for_output="false" />
				</constraints>
				<error xmlns="http://www.hyfinity.com/formmaker">
					<hint class="hintIcon" style="" use="false">Enter a hint here.</hint>
					<server class="errorIcon" retain="false" style="" use="false" />
				</error>
				<palette_ref control="Select Box" xmlns="http://www.hyfinity.com/formmaker" />
			</fm:element>
			<fm:element disable="false" disable_method="disabled" generate="true" hide="false" name="classification_type_parent">
				<field xmlns="http://www.hyfinity.com/formmaker">
					<input multiple_selection="true" options="dynamic">select</input>
					<style class="defaultBackground multiSelectControl" options="static" style="" />
					<element_style class="select multiSelect" options="static" style="" />
					<date_picker class="" content="" required="false" type="normal" />
					<label class="label" options="static" required="true" style="" type="static" value="Classification Type Data">
						<container class="labelBackground labelControl" options="static" />
					</label>
					<container />
				</field>
				<constraints validate="true" xmlns="http://www.hyfinity.com/formmaker">
					<type>string</type>
					<required>false</required>
					<enumeration use_for_output="false">
						<include value="ListItem1">List Item 1</include>
						<include value="ListItem2">List Item 2</include>
						<include value="ListItem3">List Item 3</include>
					</enumeration>
				</constraints>
				<error xmlns="http://www.hyfinity.com/formmaker">
					<hint class="hintIcon" style="" use="false">Enter a hint here.</hint>
					<server class="errorIcon" retain="false" style="" use="false" />
				</error>
				<palette_ref control="Select Box - Multi" xmlns="http://www.hyfinity.com/formmaker" />
			</fm:element>
			<fm:element disable="false" disable_method="disabled" generate="true" hide="false" name="classification_type_data">
				<field xmlns="http://www.hyfinity.com/formmaker">
					<input options="dynamic">select</input>
					<style class="defaultBackground selectControl" options="static" style="" />
					<element_style class="select positionQuarter" options="static" style="" />
					<date_picker class="" content="" required="false" type="normal" />
					<label class="label req" options="static" required="true" style="" type="static" value="Classification Type">
						<container class="labelBackground labelControl" options="static" />
					</label>
					<container />
				</field>
				<constraints validate="true" xmlns="http://www.hyfinity.com/formmaker">
					<type>string</type>
					<required>false</required>
					<enumeration use_for_output="false" />
				</constraints>
				<error xmlns="http://www.hyfinity.com/formmaker">
					<hint class="hintIcon" style="" use="false">Enter a hint here.</hint>
					<server class="errorIcon" retain="false" style="" use="false" />
				</error>
				<palette_ref control="Select Box" xmlns="http://www.hyfinity.com/formmaker" />
			</fm:element>
			<fm:group border_styling="false" compatability="false" fieldset="false" gen_method="grid" hide="false" label_position="left" name="layout_grid_7" submit_if_hidden="true">
				<label class="label" options="static" position="outside_group" position_override="top" required="false" style="" type="static" value="Layout Grid" xmlns="http://www.hyfinity.com/formmaker">
					<container class="groupLabelBackground" options="static" style="" />
				</label>
				<style class="" options="static" style="" xmlns="http://www.hyfinity.com/formmaker" />
				<grid_structure cols="2" rows="2" xmlns="http://www.hyfinity.com/formmaker">
					<grid_component col="1" name="AC_ADMIN_CD" row="2" />
					<grid_component col="2" name="AC_ADMIN_CD_DESCR" row="2" />
					<grid_component col="1" name="SG_ADMIN_CD" row="1" />
				</grid_structure>
				<fm:content_alignment distribution="vertical" halign="left" valign="top" />
				<fm:sizing height="fit_to_content" width="fully_expand" />
				<palette_ref control="Layout Grid" xmlns="http://www.hyfinity.com/formmaker" />
				<fm:element disable="false" disable_method="read_only" generate="true" hide="false" name="SG_ADMIN_CD">
					<field xmlns="http://www.hyfinity.com/formmaker">
						<input options="dynamic">hidden</input>
						<style class="hide" options="static" style="" />
						<element_style class="hide" options="static" style="" />
						<date_picker class="" content="" required="false" type="normal" />
						<label class="hide" options="static" required="false" style="" type="static" value="Hidden Label">
							<container class="hide" options="static" style="" />
						</label>
						<container />
					</field>
					<constraints validate="false" xmlns="http://www.hyfinity.com/formmaker">
						<type>string</type>
						<required>false</required>
						<enumeration use_for_output="false" />
					</constraints>
					<error xmlns="http://www.hyfinity.com/formmaker">
						<hint class="hintIcon" style="" use="false">Enter a hint here.</hint>
						<server class="errorIcon" retain="false" style="" use="false" />
					</error>
					<palette_ref control="Hidden" xmlns="http://www.hyfinity.com/formmaker" />
				</fm:element>
				<fm:element disable="false" disable_method="read_only" generate="true" hide="false" name="AC_ADMIN_CD">
					<field xmlns="http://www.hyfinity.com/formmaker">
						<input options="dynamic">hidden</input>
						<style class="hide" options="static" style="" />
						<element_style class="hide" options="static" style="" />
						<date_picker class="" content="" required="false" type="normal" />
						<label class="hide" options="static" required="false" style="" type="static" value="Hidden Label">
							<container class="hide" options="static" style="" />
						</label>
						<container />
					</field>
					<constraints validate="false" xmlns="http://www.hyfinity.com/formmaker">
						<type>string</type>
						<required>false</required>
						<enumeration use_for_output="false" />
					</constraints>
					<error xmlns="http://www.hyfinity.com/formmaker">
						<hint class="hintIcon" style="" use="false">Enter a hint here.</hint>
						<server class="errorIcon" retain="false" style="" use="false" />
					</error>
					<palette_ref control="Hidden" xmlns="http://www.hyfinity.com/formmaker" />
				</fm:element>
				<fm:element disable="false" disable_method="read_only" generate="true" hide="false" name="AC_ADMIN_CD_DESCR">
					<field xmlns="http://www.hyfinity.com/formmaker">
						<input options="dynamic">hidden</input>
						<style class="hide" options="static" style="" />
						<element_style class="hide" options="static" style="" />
						<date_picker class="" content="" required="false" type="normal" />
						<label class="hide" options="static" required="false" style="" type="static" value="Hidden Label">
							<container class="hide" options="static" style="" />
						</label>
						<container />
					</field>
					<constraints validate="false" xmlns="http://www.hyfinity.com/formmaker">
						<type>string</type>
						<required>false</required>
						<enumeration use_for_output="false" />
					</constraints>
					<error xmlns="http://www.hyfinity.com/formmaker">
						<hint class="hintIcon" style="" use="false">Enter a hint here.</hint>
						<server class="errorIcon" retain="false" style="" use="false" />
					</error>
					<palette_ref control="Hidden" xmlns="http://www.hyfinity.com/formmaker" />
				</fm:element>
			</fm:group>
		</fm:group>
	</fm:group>
</fm:structure>
