<?xml version="1.0" encoding="UTF-8"?>
<eForm xmlns="http://www.hyfinity.com/mvc" xmlns:mvc="http://www.hyfinity.com/mvc">
	<Control>
		<action>performance_issue</action>
		<Page />
		<Controller />
	</Control>
	<Data>
		<formData>
			<sessioninfo />
			<procid />
			<actseq />
			<workseq />
			<appseq />
			<isarchive />
			<readOnly />
			<PI_ACTION_TYPE />
			<PI_PERF_COUNSEL_ISSUE_DT />
			<PI_GRV_DECISION />
			<PI_WRTN_NRTV_RVW_TYPE />
			<PI_dt_wrtn_narrative_reviewed />
			<PI_date_mngr_issued_review />
			<PI_critical_element />
			<PI_PIP_RSNBL_ACMDTN />
			<PI_PIP_START_DT />
			<PI_PIP_END_DT />
			<PIP_emp_notified />
			<PI_EXT_PIP_END_DT />
			<PIP_reason />
			<actual_pip_dt />
			<PIP_end_prior />
			<prior_reason />
			<PIP_succ_completed />
			<PIP_succ_complet_reason />
			<PMAP_signature />
			<PIP_proposed_acn />
			<PIP_oral_prop_dt />
			<PIP_oral_pres_resq />
			<PIP_oral_pres_dt />
			<PIP_written_resp_submit />
			<PIP_written_resp_due />
			<PIP_dt_written_submit />
			<PIP_final_agency_dt />
			<PIP_eff_action_dt />
			<PIP_decision_issued_dt />
			<PIP_deciding_official />
			<PIP_action_type />
			<PIP_grievance />
			<PIP_appeal_decision />
			<PI_proposed_action_dt />
			<PI_oral_Request />
			<PI_written_resp />
			<PI_decision_dt />
			<PI_oral_pres_dt />
			<PI_resp_due />
			<PI_written_resp_submit_dt />
			<PI_demotion_official />
			<PI_demotion_prop_title />
			<PI_demotion_prop_series />
			<PI_demotion_prop_pay_plan />
			<PI_demotion_prop_grade />
			<PI_demotion_prop_step />
			<PI_demotion_final_title />
			<PI_demotion_final_series />
			<PI_demotion_final_grade />
			<PI_demotion_final_pay_plan />
			<PI_demotion_final_step />
			<PI_demotion_appeal_decision />
			<PI_reassignment_notice_dt />
			<PI_reassignment_eff_dt />
			<PI_reassignment_final_code />
			<PI_removal_prop_action_dt />
			<PI_emp_notice_resp />
			<PI_removal_ntc_start_dt />
			<PI_removal_ntc_end_dt />
			<PI_removal_oral_prezn />
			<PI_removal_oral_prezn_dt />
			<PI_removal_resp_submit />
			<PI_removal_written_resp_due />
			<PI_removal_written_resp_submit_dt />
			<PI_removal_decision_issue_dt />
			<PI_removal_eff_dt />
			<PI_removal_official />
			<PI_removal_action_type />
			<PI_removal_appeal_decision />
			<PI_narrative_final_rating />
			<PI_PIP_EXT_DT />
			<PI_DMTN_FIN_AGCY_DECISION />
			<PI_DMTN_DECISION_OFC_NM />
			<PI_DMTN_DECISION_ISSUE_DT />
			<PI_DMTN_DECISION_EFF_DT />
			<PI_PIP_PMAP_RVW_SIGN_DT />
			<PI_PIP_FIN_AGCY_DECISION />
			<PI_RMV_FIN_AGCY_DECISION />
			<PI_WGI_WTHLD />
			<PI_WGI_RVW_DT />
			<PI_WNR_EMP_REQ_RECON />
			<PI_WNR_RECON_REQ_DT />
			<PI_WNR_RECON_ISSUE_DT />
			<PI_WGI_DENIED />
			<PI_WGI_DENIAL_ISSUE_DT />
			<PI_WGI_DENIAL_APPEAL />
			<PI_WNR_RVW_OFC_CONCUR_DT />
		</formData>
	</Data>
</eForm>
