<?xml version="1.0" encoding="UTF-8"?>
<eForm xmlns="http://www.hyfinity.com/mvc" xmlns:mvc="http://www.hyfinity.com/mvc">
	<Control>
		<action>performance_issue</action>
		<Page />
		<Controller />
	</Control>
	<Data>
		<formData>
			<sessioninfo />
			<procid />
			<actseq />
			<workseq />
			<appseq />
			<isarchive />
			<readOnly />
			<PI_ACTION_TYPE />
			<PI_PERF_COUNSEL_ISSUE_DT />
			<PI_CNSL_GRV_DECISION />
			<PI_WRTN_NRTV_RVW_TYPE />
			<PI_WNR_SPCLST_RVW_CMPLT_DT />
			<PI_WNR_MGR_RVW_RTNG_DT />
			<PI_WNR_CRITICAL_ELM />
			<PI_PIP_RSNBL_ACMDTN />
			<PI_PIP_START_DT />
			<PI_PIP_END_DT />
			<PI_PIP_EMPL_NOTIF_DT />
			<PI_PIP_EXT_END_DT />
			<PI_PIP_EXT_REASON />
			<PI_PIP_ACTUAL_DT />
			<PI_PIP_END_PRIOR_TO_PLAN />
			<PI_PIP_END_PRIOR_TO_PLAN_RSN />
			<PI_PIP_SUCCESS_CMPLT />
			<PI_PIP_NOT_CMPLT_RSN />
			<PI_PIP_PMAP_RTNG_SIGN_DT />
			<PI_PIP_PRPS_ACTN />
			<PI_PIP_PRPS_ISSUE_DT />
			<PI_PIP_ORAL_PRSNT_REQ />
			<PI_PIP_ORAL_PRSNT_DT />
			<PI_PIP_WRTN_RESP_SBMT />
			<PI_PIP_WRTN_RESP_DUE_DT />
			<PI_PIP_WRTN_SBMT_DT />
			<PI_PIP_FIN_AGCY_DECISION_DT />
			<PI_PIP_EFF_ACTN_DT />
			<PI_PIP_DECISION_ISSUE_DT />
			<PI_PIP_DECIDING_OFFICAL_SRCH />
			<PI_PIP_EMPL_GRIEVANCE />
			<PI_PIP_APPEAL_DECISION />
			<PI_DMTN_PRPS_ACTN_ISSUE_DT />
			<PI_DMTN_ORAL_PRSNT_REQ />
			<PI_DMTN_WRTN_RESP_SBMT />
			<PI_DMTN_DECISION_ISSUE_DT />
			<PI_DMTN_ORAL_PRSNT_DT />
			<PI_DMTN_WRTN_RESP_DUE_DT />
			<PI_DMTN_WRTN_RESP_SBMT_DT />
			<PI_DMTN_DECIDING_OFC_NM />
			<PI_DMTN_PRPS_POS_TITLE />
			<PI_DMTN_PRPS_JOB_SERIES />
			<PI_DMTN_PRPS_PAY_PLAN />
			<PI_DMTN_PRPS_GRADE />
			<PI_DMTN_PRP_STEP />
			<PI_DMTN_FIN_POS_TITLE />
			<PI_DMTN_FIN_JOB_SERIES />
			<PI_DMTN_FIN_GRADE />
			<PI_DMTN_FIN_PAY_PLAN />
			<PI_DMTN_FIN_STEP />
			<PI_DMTN_APPEAL_DECISION />
			<PI_REASGN_NOTICE_DT />
			<PI_REASGN_EFF_DT />
			<PI_REASGN_FIN_ADMIN_CD_SEARCH />
			<PI_RMV_PRPS_ACTN_ISSUE_DT />
			<PI_RMV_EMPL_NOTC_LEV />
			<PI_RMV_NOTC_LEV_START_DT />
			<PI_RMV_NOTC_LEV_END_DT />
			<PI_RMV_ORAL_PRSNT_REQ />
			<PI_RMV_ORAL_PRSNT_DT />
			<PI_RMV_WRTN_RESP_DUE_DT />
			<PI_RMV_WRTN_RESP_SBMT_DT />
			<PI_RMV_DECISION_ISSUE_DT />
			<PI_RMV_EFF_DT />
			<PI_RMV_FIN_DECIDING_OFC_SRCH />
			<PI_RMV_APPEAL_DECISION />
			<PI_WNR_FIN_RATING />
			<PI_DMTN_FIN_AGCY_DECISION />
			<PI_DMTN_FIN_DECIDING_OFC_SRCH />
			<PI_DMTN_FIN_DECISION_ISSUE_DT />
			<PI_DMTN_DECISION_EFF_DT />
			<PI_PIP_PMAP_RVW_SIGN_DT />
			<PI_PIP_FIN_AGCY_DECISION />
			<PI_RMV_FIN_AGCY_DECISION />
			<PI_WNR_WGI_WTHLD />
			<PI_WNR_WGI_RVW_DT />
			<PI_WNR_RVW_OFC_CONCUR_DT />
			<PI_PIP_NOT_CMPLT_OTHR_RSN />
			<PI_PIP_EXT_OTHR_RSN />
			<PI_PIP_WGI_WTHLD />
			<PI_PIP_WGI_RVW_DT />
			<PI_PIP_MEDDOC_RVW_OUTCOME />
			<PI_RMV_NUM_DAYS />
			<PI_DMTN_NUM_DAYS />
		</formData>
	</Data>
</eForm>
