<?xml version="1.0" encoding="UTF-8"?>
<eForm xmlns="http://www.hyfinity.com/mvc" xmlns:mvc="http://www.hyfinity.com/mvc">
	<Control>
		<action />
		<Page />
		<Controller />
	</Control>
	<Data>
		<formData>
			<PI_ACTION_TYPE />
			<PI_PERF_COUNSEL_ISSUE_DT />
			<PI_NEXT_WGI_DUE_DT />
			<PI_CNSL_GRV_DECISION />
			<PI_WRTN_NRTV_RVW_TYPE />
			<PI_dt_wrtn_narrative_reviewed />
			<PI_WNR_MGR_RVW_RTNG_DT />
			<PI_WNR_CRITICAL_ELM />
			<PI_PIP_RSNBL_ACMDTN />
			<PI_PIP_START_DT />
			<PI_PIP_END_DT />
			<PI_PIP_EMPL_NOTIF_DT />
			<PI_PIP_EXT_END_DT />
			<PI_PIP_EXT_REASON />
			<PI_PIP_ACTUAL_DT />
			<PI_PIP_END_PRIOR_TO_PLAN />
			<PI_PIP_END_PRIOR_TO_PLAN_RSN />
			<PI_PIP_SUCCESS_CMPLT />
			<PI_PIP_SUCCESS_CMPLT_RSN />
			<PI_PIP_PMAP_RTNG_SIGN_DT />
			<PI_PIP_PROPS_ACTN />
			<PI_PIP_PROPS_ISSUE_DT />
			<PI_PIP_ORAL_PRSNT_REQ />
			<PI_PIP_ORAL_PRSNT_DT />
			<PI_PIP_WRTN_RESP_SBMT />
			<PIP_written_resp_due />
			<PIP_dt_written_submit />
			<PIP_final_agency_dt />
			<PIP_eff_action_dt />
			<PIP_decision_issued_dt />
			<PIP_deciding_official />
			<PI_PIP_EMPL_GRIEVANCE />
			<PIP_appeal_decision />
			<PI_proposed_action_dt />
			<PI_DMTN_ORAL_PRSNT_REQ />
			<PI_DMTN_WRTN_RESP_SBMT />
			<PI_decision_dt />
			<PI_oral_pres_dt />
			<PI_resp_due />
			<PI_written_resp_submit_dt />
			<PI_demotion_official />
			<PI_demotion_pos_title />
			<PI_demotion_job_series />
			<PI_demotion_payplan />
			<PI_demotion_grade />
			<PI_demotion_prop_title />
			<PI_demotion_prop_series />
			<PI_demotion_prop_pay_plan />
			<PI_demotion_prop_grade />
			<PI_demotion_prop_step />
			<PI_demotion_final_title />
			<PI_demotion_final_series />
			<PI_demotion_final_grade />
			<PI_demotion_final_pay_plan />
			<PI_demotion_final_step />
			<PI_demotion_appeal_decision />
			<PI_REASGN_NOTICE_DT />
			<PI_REASGN_EFF_DT />
			<PI_REASGN_CUR_ADMIN_CD />
			<PI_REASGN_FIN_ADMIN_CD_SEARCH />
			<PI_removal_prop_action_dt />
			<PI_REMV_EMPL_NOTC_LEV />
			<PI_removal_ntc_start_dt />
			<PI_removal_ntc_end_dt />
			<PI_REMV_ORAL_PRSNT_REQ />
			<PI_removal_oral_prezn_dt />
			<PI_REMV_WRTN_RESP_SBMT />
			<PI_removal_written_resp_due />
			<PI_removal_written_resp_submit_dt />
			<PI_removal_decision_issue_dt />
			<PI_removal_eff_dt />
			<PI_removal_official />
			<PI_removal_appeal_decision />
			<PI_narrative_final_rating />
			<PI_PIP_EXT_DT />
			<PI_DMTN_FIN_AGCY_DECISION />
			<PI_DMTN_DECISION_OFC_NM />
			<PI_DMTN_DECISION_ISSUE_DT />
			<PI_DMTN_DECISION_EFF_DT />
			<PI_PIP_PMAP_RVW_SIGN_DT />
			<PI_PIP_FIN_AGCY_DECISION />
			<PI_REASGN_CUR_ORG_NM />
			<PI_REASGN_FIN_ORG_NM />
			<PI_RMV_FIN_AGCY_DECISION />
			<PI_WGI_WTHLD />
			<PI_WGI_RVW_DT />
			<PI_WNR_EMP_REQ_RECON />
			<PI_WNR_RECON_REQ_DT />
			<PI_WNR_RECON_ISSUE_DT />
			<PI_WGI_DENIED />
			<PI_WGI_DENIAL_ISSUE_DT />
			<PI_WGI_DENIAL_APPEAL />
			<PI_WNR_RVW_OFC_CONCUR_DT />
		</formData>
	</Data>
</eForm>
