<?xml version="1.0" encoding="UTF-8"?>
<index desc="user 1 collection index file" id="collection_index" name="user1 collection index" xmlns="http://www.hyfinity.com/xstore">
	<entry desc="" docname="CMS/mvc/StratCon_AUT/xsd_pool" id="CMS/mvc/StratCon_AUT/xsd_pool" timestamp="" />
	<entry desc="" docname="CMS/mvc/StratCon_AUT/logicsheet_pool" id="CMS/mvc/StratCon_AUT/logicsheet_pool" timestamp="" />
	<entry desc="" docname="CMS/mvc/StratCon_AUT/message_pool" id="CMS/mvc/StratCon_AUT/message_pool" timestamp="" />
	<entry desc="" docname="CMS/mvc/StratCon_AUT/other_resources_pool" id="CMS/mvc/StratCon_AUT/other_resources_pool" timestamp="" />
	<entry desc="" docname="CMS/mvc/StratCon_AUT/application" id="CMS/mvc/StratCon_AUT/application" timestamp="" />
	<entry desc="" docname="CMS/mvc/StratCon_AUT/formStructure" id="CMS/mvc/StratCon_AUT/formStructure" timestamp="" />
	<entry desc="" docname="CMS/mvc/StratCon_AUT/hyfinityBindings" id="CMS/mvc/StratCon_AUT/hyfinityBindings" timestamp="" />
	<entry desc="" docname="CMS/mvc/StratCon_AUT/xsl_pool" id="CMS/mvc/StratCon_AUT/xsl_pool" timestamp="" />
	<entry desc="" docname="CMS/mvc/StratCon_AUT/genDefaults" id="CMS/mvc/StratCon_AUT/genDefaults" timestamp="" />
	<entry desc="" docname="CMS/mvc/StratCon_AUT/L1_pattern_pool" id="CMS/mvc/StratCon_AUT/L1_pattern_pool" timestamp="" />
	<entry desc="" docname="CMS/mvc/StratCon_AUT/L1_pattern_instance_pool" id="CMS/mvc/StratCon_AUT/L1_pattern_instance_pool" timestamp="" />
	<entry desc="" docname="CMS/mvc/StratCon_AUT/L2_pattern_pool" id="CMS/mvc/StratCon_AUT/L2_pattern_pool" timestamp="" />
	<entry desc="" docname="CMS/mvc/StratCon_AUT/L2_pattern_instance_pool" id="CMS/mvc/StratCon_AUT/L2_pattern_instance_pool" timestamp="" />
	<entry desc="" docname="CMS/mvc/StratCon_AUT/L3_pattern_pool" id="CMS/mvc/StratCon_AUT/L3_pattern_pool" timestamp="" />
	<entry desc="" docname="CMS/mvc/StratCon_AUT/L3_pattern_instance_pool" id="CMS/mvc/StratCon_AUT/L3_pattern_instance_pool" timestamp="" />
</index>
