<?xml version="1.0" encoding="UTF-8"?>
<xforms xmlns:mvc="http://www.hyfinity.com/mvc" xmlns="http://www.hyfinity.com/formmaker">
	<instance_configuration />
	<page />
	<group name="group_bordered" />
	<element name="selecteeMeetEligibility">
		<fm:action name="loadSAMReview" xmlns:fm="http://www.hyfinity.com/formmaker">
			<fm:xform_xpath>/mvc:eForm/mvc:Data/mvc:formData/mvc:selecteeMeetEligibility</fm:xform_xpath>
		</fm:action>
		<transform_xpath>enter_xpath_here</transform_xpath>
		<description />
	</element>
	<group name="layout_group" />
	<element name="selecteeMeetCriteria">
		<fm:action name="loadSAMReview" xmlns:fm="http://www.hyfinity.com/formmaker">
			<fm:xform_xpath>/mvc:eForm/mvc:Data/mvc:formData/mvc:selecteeMeetCriteria</fm:xform_xpath>
		</fm:action>
		<transform_xpath>enter_xpath_here</transform_xpath>
		<description />
	</element>
	<group name="layout_group_2" />
	<element name="specialAgencyNeedReason">
		<fm:action name="loadSAMReview" xmlns:fm="http://www.hyfinity.com/formmaker">
			<fm:xform_xpath>/mvc:eForm/mvc:Data/mvc:formData/mvc:specialAgencyNeedReason</fm:xform_xpath>
		</fm:action>
		<transform_xpath>enter_xpath_here</transform_xpath>
		<description />
	</element>
	<element name="superiorQualificationReason">
		<fm:action name="loadSAMReview" xmlns:fm="http://www.hyfinity.com/formmaker">
			<fm:xform_xpath>/mvc:eForm/mvc:Data/mvc:formData/mvc:superiorQualificationReason</fm:xform_xpath>
		</fm:action>
		<transform_xpath>enter_xpath_here</transform_xpath>
		<description />
	</element>
	<group name="specialAgencyNeedReason_group" />
	<group name="superiorQualificationCriteria_group" />
	<element name="basicPayRateFactor">
		<fm:action name="loadSAMReview" xmlns:fm="http://www.hyfinity.com/formmaker">
			<fm:xform_xpath>/mvc:eForm/mvc:Data/mvc:formData/mvc:basicPayRateFactor</fm:xform_xpath>
		</fm:action>
		<transform_xpath>enter_xpath_here</transform_xpath>
		<description />
	</element>
	<group name="group_bordered_2" />
	<group name="layout_group_4" />
	<group name="group_bordered_3" />
	<element name="reviewRcmdGrade">
		<fm:action name="loadSAMDetails" xmlns:fm="http://www.hyfinity.com/formmaker">
			<fm:xform_xpath>/mvc:eForm/mvc:Data/mvc:formData/mvc:recommGrade</fm:xform_xpath>
		</fm:action>
		<fm:action name="loadSAMReview" xmlns:fm="http://www.hyfinity.com/formmaker">
			<xform_xpath>enter_xpath_here</xform_xpath>
		</fm:action>
		<transform_xpath>enter_xpath_here</transform_xpath>
		<description />
	</element>
	<element name="reviewRcmdStep">
		<fm:action name="loadSAMDetails" xmlns:fm="http://www.hyfinity.com/formmaker">
			<fm:xform_xpath>/mvc:eForm/mvc:Data/mvc:formData/mvc:recommStep</fm:xform_xpath>
		</fm:action>
		<fm:action name="loadSAMReview" xmlns:fm="http://www.hyfinity.com/formmaker">
			<xform_xpath>enter_xpath_here</xform_xpath>
		</fm:action>
		<transform_xpath>enter_xpath_here</transform_xpath>
		<description />
	</element>
	<element name="reviewRcmdSalaryPerAnnum">
		<fm:action name="loadSAMDetails" xmlns:fm="http://www.hyfinity.com/formmaker">
			<fm:xform_xpath>/mvc:eForm/mvc:Data/mvc:formData/mvc:recommSalaryPerAnnum</fm:xform_xpath>
		</fm:action>
		<fm:action name="loadSAMReview" xmlns:fm="http://www.hyfinity.com/formmaker">
			<xform_xpath>enter_xpath_here</xform_xpath>
		</fm:action>
		<transform_xpath>enter_xpath_here</transform_xpath>
		<description />
	</element>
	<group name="layout_group_5" />
	<element name="reviewRcmdPercentageDifference">
		<fm:action name="loadSAMReview" xmlns:fm="http://www.hyfinity.com/formmaker">
			<fm:xform_xpath>/mvc:eForm/mvc:Data/mvc:formData/mvc:reviewRcmdPercentageDifference</fm:xform_xpath>
		</fm:action>
		<transform_xpath>enter_xpath_here</transform_xpath>
		<description />
	</element>
	<group name="layout_group_6" />
	<group name="requireOHCApproval_group" />
	<group name="group_bordered_4" />
	<element name="requireOHCApproval">
		<description />
		<transform_xpath>enter_xpath_here</transform_xpath>
		<fm:action name="loadSAMReview" xmlns:fm="http://www.hyfinity.com/formmaker">
			<fm:xform_xpath>/mvc:eForm/mvc:Data/mvc:formData/mvc:requireOHCApproval</fm:xform_xpath>
		</fm:action>
	</element>
	<group name="layout_group_8" />
	<group name="layout_group_9" />
	<element name="reviewHRSpecialist">
		<fm:action name="loadSAMReview" xmlns:fm="http://www.hyfinity.com/formmaker">
			<fm:xform_xpath>/mvc:eForm/mvc:Data/mvc:formData/mvc:reviewHRSpecialist</fm:xform_xpath>
		</fm:action>
		<transform_xpath>enter_xpath_here</transform_xpath>
		<description />
	</element>
	<element name="hrSpecialistReviewDate">
		<fm:action name="loadSAMReview" xmlns:fm="http://www.hyfinity.com/formmaker">
			<fm:xform_xpath>/mvc:eForm/mvc:Data/mvc:formData/mvc:hrSpecialistReviewDate</fm:xform_xpath>
		</fm:action>
		<transform_xpath>enter_xpath_here</transform_xpath>
		<description />
	</element>
	<element name="qualifyingReappointment">
		<fm:action name="loadSAMReview" xmlns:fm="http://www.hyfinity.com/formmaker">
			<fm:xform_xpath>/mvc:eForm/mvc:Data/mvc:formData/mvc:qualifyingReappointment</fm:xform_xpath>
		</fm:action>
		<transform_xpath>enter_xpath_here</transform_xpath>
		<description />
	</element>
	<group name="qualifyingReappointment_group" />
	<element name="otherExceptions">
		<fm:action name="loadSAMReview" xmlns:fm="http://www.hyfinity.com/formmaker">
			<fm:xform_xpath>/mvc:eForm/mvc:Data/mvc:formData/mvc:otherExceptions</fm:xform_xpath>
		</fm:action>
		<transform_xpath>enter_xpath_here</transform_xpath>
		<description />
	</element>
	<group name="otherExceptions_group" />
	<group name="otherFactorsAsExplained_group" />
	<element name="specialAgencyNeedReasonEssential">
		<fm:action name="loadSAMReview" xmlns:fm="http://www.hyfinity.com/formmaker">
			<fm:xform_xpath>/mvc:eForm/mvc:Data/mvc:formData/mvc:specialAgencyNeedReasonEssential</fm:xform_xpath>
		</fm:action>
		<transform_xpath>enter_xpath_here</transform_xpath>
		<description />
	</element>
	<group name="specialAgencyNeedReasonEssential_group" />
	<element name="otherFactorsAsExplained">
		<fm:action name="loadSAMReview" xmlns:fm="http://www.hyfinity.com/formmaker">
			<fm:xform_xpath>/mvc:eForm/mvc:Data/mvc:formData/mvc:otherFactorsAsExplained</fm:xform_xpath>
		</fm:action>
		<transform_xpath>enter_xpath_here</transform_xpath>
		<description />
	</element>
	<element name="hrSpecialistNotSupportReason">
		<fm:action name="loadSAMReview" xmlns:fm="http://www.hyfinity.com/formmaker">
			<fm:xform_xpath>/mvc:eForm/mvc:Data/mvc:formData/mvc:hrSpecialistNotSupportReason</fm:xform_xpath>
		</fm:action>
		<transform_xpath>enter_xpath_here</transform_xpath>
		<description />
	</element>
	<group name="hrSpecialistNotSupportReason_group" />
	<group name="layout_group_3" />
	<element name="hrSpecialistReviewCertification">
		<fm:action name="loadSAMReview" xmlns:fm="http://www.hyfinity.com/formmaker">
			<fm:xform_xpath>/mvc:eForm/mvc:Data/mvc:formData/mvc:hrSpecialistReviewCertification</fm:xform_xpath>
		</fm:action>
		<transform_xpath>enter_xpath_here</transform_xpath>
		<description />
	</element>
	<element name="otherRelevantFactors">
		<fm:action name="loadSAMReview" xmlns:fm="http://www.hyfinity.com/formmaker">
			<fm:xform_xpath>/mvc:eForm/mvc:Data/mvc:formData/mvc:otherRelevantFactors</fm:xform_xpath>
		</fm:action>
		<transform_xpath>enter_xpath_here</transform_xpath>
		<description />
	</element>
	<group name="otherRelevantFactors_group" />
	<element name="reviewRcmdIncDecAmount">
		<fm:action name="loadSAMReview" xmlns:fm="http://www.hyfinity.com/formmaker">
			<fm:xform_xpath>/mvc:eForm/mvc:Data/mvc:formData/mvc:reviewRcmdIncDecAmount</fm:xform_xpath>
		</fm:action>
		<transform_xpath>enter_xpath_here</transform_xpath>
		<description />
	</element>
	<element name="reviewRcmdApprovalOHCDirector_ac">
		<description />
		<transform_xpath>enter_xpath_here</transform_xpath>
		<fm:action name="loadSAMReview" xmlns:fm="http://www.hyfinity.com/formmaker">
			<fm:xform_xpath>/mvc:eForm/mvc:Data/mvc:formData/mvc:reviewRcmdApprovalOHCDirector_ac</fm:xform_xpath>
		</fm:action>
	</element>
	<group name="reviewRcmdApprovalOHCDirector_group" />
	<group name="recommendedSalary_group" />
	<element name="reviewRcmdLocalityPayScale">
		<fm:transform_xpath xmlns:fm="http://www.hyfinity.com/formmaker">/mvc:eForm/mvc:Data/mvc:formData/mvc:reviewRcmdLocalityPayScale</fm:transform_xpath>
		<fm:action name="loadSAMReview" xmlns:fm="http://www.hyfinity.com/formmaker">
			<fm:xform_xpath>/mvc:eForm/mvc:Data/mvc:formData/mvc:reviewRcmdLocalityPayScale</fm:xform_xpath>
		</fm:action>
	</element>
	<group name="samReview_upper_group" />
</xforms>
