<?xml version="1.0" encoding="UTF-8"?>
<index desc="hsguser/mvc/BizFlow/L2_pattern_instance_pool_pool" name="hsguser/mvc/BizFlow/L2_pattern_instance_pool_pool" xmlns="http://www.hyfinity.com/xstore">
	<entry desc="" docname="GetWICDetails.xml" id="GetWICDetails" timestamp="" />
	<entry desc="" docname="SaveWICDetails.xml" id="SaveWICDetails" timestamp="" />
	<entry desc="" docname="SearchIncentives.xml" id="SearchIncentives" timestamp="" />
	<entry desc="" docname="SearchParticipants.xml" id="SearchParticipants" timestamp="" />
	<entry desc="" docname="SearchRequestNumbers.xml" id="SearchRequestNumbers" timestamp="" />
	<entry desc="" docname="CheckParticipant.xml" id="CheckParticipant" timestamp="" />
	<entry desc="" docname="SearchDutyStations.xml" id="SearchDutyStations" timestamp="" />
	<entry desc="" docname="SearchStates.xml" id="SearchStates" timestamp="" />
	<entry desc="" docname="SearchIncentivesJustHistory.xml" id="SearchIncentivesJustHistory" timestamp="" />
	<entry desc="" docname="SearchIncentivesLEJustHistory.xml" id="SearchIncentivesLEJustHistory" timestamp="" />
	<entry desc="" docname="AdmOffOrgSearch.xml" id="AdmOffOrgSearch" timestamp="" />
</index>
