<?xml version="1.0" encoding="UTF-8"?>
<fileResource exportedWithPermissions="true" dataFile="adhoc_toolbar_buttons_sprite.png.data">
    <folder>/organizations/organization_1/themes/pods_summer/images</folder>
    <name>adhoc_toolbar_buttons_sprite.png</name>
    <version>0</version>
    <label>adhoc_toolbar_buttons_sprite.png</label>
    <creationDate>2017-02-03T16:59:51.000-05:00</creationDate>
    <updateDate>2015-09-11T15:43:23.000-04:00</updateDate>
    <fileType>img</fileType>
</fileResource>
