<?xml version="1.0" encoding="UTF-8"?>
<xforms xmlns:mvc="http://www.hyfinity.com/mvc" xmlns="http://www.hyfinity.com/formmaker">
	<instance_configuration />
	<page />
	<group name="section_tr_group" />
	<group name="tr_select_group" />
	<group name="paid_ad_spec_group" />
	<group name="sch_univ_spec_group" />
	<group name="soc_med_spec_group" />
	<group name="other_spec_group" />
	<element name="TR_PAID_AD">
		<action name="bizflowEntry">
			<xform_xpath>enter_xpath_here</xform_xpath>
		</action>
		<action name="showTr">
			<xform_xpath>/mvc:eForm/mvc:Data/FORM_DATA/DOCUMENT/TARGET_RECRUITMENT/TR_PAID_AD</xform_xpath>
		</action>
		<transform_xpath>/mvc:eForm/mvc:Data/FORM_DATA/DOCUMENT/TARGET_RECRUITMENT/TR_PAID_AD</transform_xpath>
		<description />
	</element>
	<element name="TR_SCHL_PSTG">
		<action name="bizflowEntry">
			<xform_xpath>enter_xpath_here</xform_xpath>
		</action>
		<fm:action name="showTr" xmlns:fm="http://www.hyfinity.com/formmaker">
			<xform_xpath>/mvc:eForm/mvc:Data/FORM_DATA/DOCUMENT/TARGET_RECRUITMENT/TR_SCHL_PSTG</xform_xpath>
		</fm:action>
		<transform_xpath>/mvc:eForm/mvc:Data/FORM_DATA/DOCUMENT/TARGET_RECRUITMENT/TR_SCHL_PSTG</transform_xpath>
		<description />
	</element>
	<element name="TR_SOCIAL_MEDIA">
		<action name="bizflowEntry">
			<xform_xpath>enter_xpath_here</xform_xpath>
		</action>
		<action name="showTr">
			<xform_xpath>/mvc:eForm/mvc:Data/FORM_DATA/DOCUMENT/TARGET_RECRUITMENT/TR_SOCIAL_MEDIA</xform_xpath>
		</action>
		<transform_xpath>/mvc:eForm/mvc:Data/FORM_DATA/DOCUMENT/TARGET_RECRUITMENT/TR_SOCIAL_MEDIA</transform_xpath>
		<description />
	</element>
	<element name="TR_OTHER">
		<action name="bizflowEntry">
			<xform_xpath>enter_xpath_here</xform_xpath>
		</action>
		<action name="showTr">
			<xform_xpath>/mvc:eForm/mvc:Data/FORM_DATA/DOCUMENT/TARGET_RECRUITMENT/TR_OTHER</xform_xpath>
		</action>
		<transform_xpath>/mvc:eForm/mvc:Data/FORM_DATA/DOCUMENT/TARGET_RECRUITMENT/TR_OTHER</transform_xpath>
		<description />
	</element>
	<group name="hidden_tr_group" />
	<element name="TR_OTHER_SPEC">
		<fm:action name="showTr" xmlns:fm="http://www.hyfinity.com/formmaker">
			<xform_xpath>/mvc:eForm/mvc:Data/FORM_DATA/DOCUMENT/TARGET_RECRUITMENT/TR_OTHER_SPEC</xform_xpath>
		</fm:action>
		<transform_xpath>/mvc:eForm/mvc:Data/FORM_DATA/DOCUMENT/TARGET_RECRUITMENT/TR_OTHER_SPEC</transform_xpath>
		<description />
	</element>
	<element binding_format="structure" name="TR_PAID_AD_SPEC">
		<fm:action name="showTr" xmlns:fm="http://www.hyfinity.com/formmaker">
			<xform_xpath>/mvc:eForm/mvc:Data/FORM_DATA/DOCUMENT/TARGET_RECRUITMENT/TR_PAID_AD_SPEC</xform_xpath>
			<value_xpath>.</value_xpath>
		</fm:action>
		<transform_xpath>/mvc:eForm/mvc:Data/FORM_DATA/DOCUMENT/TARGET_RECRUITMENT/TR_PAID_AD_SPEC</transform_xpath>
		<repeat_xpath>/mvc:eForm/mvc:Data/lookup/record[LTYPE='TargetRecruitSource']</repeat_xpath>
		<value_xpath>ID</value_xpath>
		<text_xpath>LABEL</text_xpath>
		<description />
	</element>
	<element binding_format="structure" name="TR_SCHL_PSTG_SPEC">
		<fm:action name="showTr" xmlns:fm="http://www.hyfinity.com/formmaker">
			<xform_xpath>/mvc:eForm/mvc:Data/FORM_DATA/DOCUMENT/TARGET_RECRUITMENT/TR_SCHL_PSTG_SPEC</xform_xpath>
			<value_xpath>.</value_xpath>
		</fm:action>
		<transform_xpath>/mvc:eForm/mvc:Data/FORM_DATA/DOCUMENT/TARGET_RECRUITMENT/TR_SCHL_PSTG_SPEC</transform_xpath>
		<repeat_xpath>/mvc:eForm/mvc:Data/lookup/record[LTYPE='CollegeUniv']</repeat_xpath>
		<value_xpath>ID</value_xpath>
		<text_xpath>LABEL</text_xpath>
		<description />
	</element>
	<element binding_format="structure" name="TR_SOCIAL_MEDIA_SPEC">
		<fm:action name="showTr" xmlns:fm="http://www.hyfinity.com/formmaker">
			<xform_xpath>/mvc:eForm/mvc:Data/FORM_DATA/DOCUMENT/TARGET_RECRUITMENT/TR_SOCIAL_MEDIA_SPEC</xform_xpath>
			<value_xpath>.</value_xpath>
		</fm:action>
		<transform_xpath>/mvc:eForm/mvc:Data/FORM_DATA/DOCUMENT/TARGET_RECRUITMENT/TR_SOCIAL_MEDIA_SPEC</transform_xpath>
		<repeat_xpath>/mvc:eForm/mvc:Data/lookup/record[LTYPE='SocialMedia']</repeat_xpath>
		<value_xpath>ID</value_xpath>
		<text_xpath>LABEL</text_xpath>
		<description />
	</element>
	<group name="paid_ad_spec_grid_group" />
	<group name="sch_univ_spec_grid_group" />
	<group name="soc_med_spec_grid_group" />
	<element name="TR_PAID_AD_SEL">
		<fm:action name="showTr" xmlns:fm="http://www.hyfinity.com/formmaker">
			<xform_xpath>enter_xpath_here</xform_xpath>
		</fm:action>
		<transform_xpath>/mvc:eForm/mvc:Data/mvc:formData/mvc:TR_PAID_AD_SEL</transform_xpath>
		<repeat_xpath>/mvc:eForm/mvc:Data/lookup/record[LTYPE='TargetRecruitSource']</repeat_xpath>
		<value_xpath>ID</value_xpath>
		<text_xpath>LABEL</text_xpath>
		<description />
	</element>
	<element name="TR_SCHL_PSTG_SEL">
		<fm:action name="showTr" xmlns:fm="http://www.hyfinity.com/formmaker">
			<xform_xpath>/mvc:eForm/mvc:Data/mvc:formData/mvc:TR_SCHL_PSTG_SEL</xform_xpath>
		</fm:action>
		<transform_xpath>/mvc:eForm/mvc:Data/mvc:formData/mvc:TR_SCHL_PSTG_SEL</transform_xpath>
		<repeat_xpath>/mvc:eForm/mvc:Data/lookup/record[LTYPE='CollegeUniv']</repeat_xpath>
		<value_xpath>ID</value_xpath>
		<text_xpath>LABEL</text_xpath>
		<description />
	</element>
	<element name="TR_SOCIAL_MEDIA_SEL">
		<fm:action name="showTr" xmlns:fm="http://www.hyfinity.com/formmaker">
			<fm:xform_xpath>/mvc:eForm/mvc:Data/mvc:formData/mvc:TR_SOCIAL_MEDIA_SEL</fm:xform_xpath>
		</fm:action>
		<transform_xpath>/mvc:eForm/mvc:Data/mvc:formData/mvc:TR_SOCIAL_MEDIA_SEL</transform_xpath>
		<repeat_xpath>/mvc:eForm/mvc:Data/lookup/record[LTYPE='SocialMedia']</repeat_xpath>
		<value_xpath>ID</value_xpath>
		<text_xpath>LABEL</text_xpath>
		<description />
	</element>
	<group name="paid_ad_spec_selected_group" />
	<group name="sch_univ_spec_selected_group" />
	<group name="soc_med_spec_selected_group" />
	<group name="paid_ad_spec_sel_group" />
	<group name="sch_univ_spec_sel_group" />
	<group name="soc_med_spec_sel_group" />
	<element name="TR_SCHL_PSTG_SPEC_OTHR">
		<fm:action name="showTr" xmlns:fm="http://www.hyfinity.com/formmaker">
			<xform_xpath>/mvc:eForm/mvc:Data/FORM_DATA/DOCUMENT/TARGET_RECRUITMENT/TR_SCHL_PSTG_SPEC_OTHR</xform_xpath>
		</fm:action>
		<transform_xpath>/mvc:eForm/mvc:Data/FORM_DATA/DOCUMENT/TARGET_RECRUITMENT/TR_SCHL_PSTG_SPEC_OTHR</transform_xpath>
		<description />
	</element>
	<element name="TR_PAID_AD_SPEC_OTHR">
		<fm:action name="showTr" xmlns:fm="http://www.hyfinity.com/formmaker">
			<xform_xpath>/mvc:eForm/mvc:Data/FORM_DATA/DOCUMENT/TARGET_RECRUITMENT/TR_PAID_AD_SPEC_OTHR</xform_xpath>
		</fm:action>
		<transform_xpath>/mvc:eForm/mvc:Data/FORM_DATA/DOCUMENT/TARGET_RECRUITMENT/TR_PAID_AD_SPEC_OTHR</transform_xpath>
		<description />
	</element>
	<element name="TR_SOCIAL_MEDIA_SPEC_OTHR">
		<fm:action name="showTr" xmlns:fm="http://www.hyfinity.com/formmaker">
			<xform_xpath>/mvc:eForm/mvc:Data/FORM_DATA/DOCUMENT/TARGET_RECRUITMENT/TR_SOCIAL_MEDIA_SPEC_OTHR</xform_xpath>
		</fm:action>
		<transform_xpath>/mvc:eForm/mvc:Data/FORM_DATA/DOCUMENT/TARGET_RECRUITMENT/TR_SOCIAL_MEDIA_SPEC_OTHR</transform_xpath>
		<description />
	</element>
	<group name="paid_ad_spec_other_group" />
	<group name="sch_univ_spec_other_group" />
	<group name="soc_med_spec_other_group" />
</xforms>
