<?xml version="1.0" encoding="UTF-8"?>
<eForm xmlns="http://www.hyfinity.com/mvc" xmlns:mvc="http://www.hyfinity.com/mvc">
	<Control>
		<action>conduct_issue</action>
		<Page />
		<Controller />
	</Control>
	<Data>
		<formData>
			<length_of_suspension_proposed />
			<suspension_days />
			<desc_of_final_action />
			<completed_dt />
			<CI_ACTION_TYPE />
			<CI_LEAVE_START_DT />
			<CI_LEAVE_END_DT />
			<CI_PROP_ACTION_ISSUED_DT />
			<CI_DECIDING_OFFCL />
			<CI__DECISION_ISSUED_DT />
			<CI_PROPOSED_POS_TITLE />
			<CI_PROPOSED_PPLAN />
			<CI_PROPOSED_SERIES />
			<CI_PROPOSED_INFO_GRADE />
			<CI_PROPOSED_INFO_STEP />
			<CI_FINAL_POS_TITLE />
			<CI_FINAL_PPLAN />
			<CI_FINAL_SERIES />
			<CI_FINAL_INFO_GRADE />
			<CI_FINAL_INFO_STEP />
			<CI_COUNSEL_TYPE />
			<CI_COUNSEL_ISSUED_DT />
			<CI_SICK_LEAVE_ISSUED_DT />
			<CI_SICK_LEAVE_REVIEWED_DT />
			<CI_SICK_LEAVE_EXTENDED_DT />
			<CI_SICK_LEAVE_REMOVED_DT />
			<CI_SL_WARNING_DISCUSSION_DT />
			<CI_SL_WARN_ISSUE />
			<CI_NOTICE_ISSUED_DT />
			<CI_EFFECTIVE_DT />
			<CI_FINAL_ADMIN_CODE />
			<CI_REMOVAL_PROP_ACTION_DT />
			<CI_DECIDING_OFFCL_NAME />
			<CI_REMOVAL_DATE_DECISION_ISSUED />
			<CI_REMOVAL_EFFECTIVE_DT />
			<CI_RESTRICTION_ISSED_DT />
			<rv_dt_selected />
			<ex_dt_selected />
			<slw_discussion_dt />
			<primary_specialist />
			<contact_info_auto />
			<emp_info_auto />
			<empContact />
			<phone_2 />
			<case_desc />
			<relatedCaseNumber />
			<related_to_case />
			<primary_rep />
			<non_cms_primary_last_name />
			<non_cms_primary_first_name />
			<non_cms_primary_middle_name />
			<cms_primary_rep />
			<primary_rep_phone />
			<non_cms_primary_email />
			<non_cms_primary_phone />
			<non_cms_primary_org />
			<non_cms_primary_mailing_addr />
			<case_category />
			<cat_1 />
			<cat_2 />
			<cat_3 />
			<selected_category />
			<investigation />
			<start_date />
			<end_date />
			<std_conduct />
			<std_conduct_type />
			<CI_LEAVE_END_DT_2 />
			<CI_LEAVE_START_DT_2 />
			<CI_ORAL_PREZ_DT />
			<CI_ORAL_RESPONSE_SUBMITTED />
			<CI_WRITTEN_RESPONSE_SUBMITTED_DT />
			<CI_RESPONSE_DUE_DT />
			<CI_EMP_NOTICE_LEAVE_PLACED />
			<CI_REMOVAL_NOTICE_START_DT />
			<CI_REMOVAL_NOTICE_END_DT />
			<CI_REMOVAL_ORAL_PREZ_REQUESTED />
			<CI_REMOVAL_ORAL_PREZ_DT />
			<CI_ADMIN_INVESTIGATORY_LEAVE />
			<CI_ADMIN_NOTICE_LEAVE />
			<CI_REMOVAL_WRITTEN_RESPONSE />
			<CI_WRITTEN_SUBMITTED_DT />
			<CI_WRITTEN_RESPONSE_DUE_DT />
			<CI_REPRIMAND_ISSUE_DT />
			<CI_SUSP_PROP_ACTION_DT />
			<CI_SUSP_ORAL_PREZ_REQUESTED />
			<CI_SUSP_ORAL_PREZ_DT />
			<CI_SUSP_WRITTEN_RESP />
			<CI_SUSP_WRITTEN_RESP_DT />
			<CI_SUSP_WRITTEN_RESP_DUE_DT />
			<CI_SUSPENTION_TYPE />
			<CI_SUSP_DECISION_ISSUED_DT />
			<CI_SUSP_DECIDING_OFFCL_NAME />
			<CI_TERMINATION_TYPE />
			<CI_TERM_PROP_ACTION_DT />
			<CI_TERM_ORAL_PREZ_REQUESTED />
			<CI_TERM_ORAL_PREZ_DT />
			<CI_TERM_WRITTEN_RESP />
			<CI_TERM_WRITTEN_RESP_DT />
			<CI_TERM_WRITTEN_RESP_DUE_DT />
			<CI_PROBATION_CONDUCT />
			<CI_PROBATION_PERFORMANCE />
			<CI_APPROVAL_NAME_2 />
			<CI_ORAL_PREZ_REQUESTED />
			<CI_TERM_AGENCY_DECISION />
			<CI_TERM_EFFECTIVE_DECISION_DT />
			<CI_SUSP_FINAL_AGENCY_DECISION />
			<CI_SUSP_EFFECTIVE_DECISION_DT />
			<CI_RMVL_FINAL_AGENCY_DECISION />
			<CI_APPROVAL_NAME />
			<CI_DEMO_FINAL_AGENCY_DECISION />
			<CI_DEMO_FINAL_AGENCY_EFF_DT />
			<CI_manager_discuss_dt />
			<CI_EMP_APPEAL_DECISION />
		</formData>
	</Data>
</eForm>
