<?xml version="1.0" encoding="UTF-8"?>
<eForm xmlns="http://www.hyfinity.com/mvc" xmlns:mvc="http://www.hyfinity.com/mvc">
	<Control>
		<action />
		<Page />
		<Controller />
	</Control>
	<Data>
		<formData>
			<CI_ACTION_TYPE />
			<CI_LEAVE_START />
			<leave_length />
			<CI_PROP_ACTION_ISSUED_DT />
			<CI__DECISION_ISSUED_DT />
			<CI_DEMO_APPEAL_DECISION />
			<CI_PPLAN />
			<CI_SERIES />
			<CI_CURRENT_INFO_GRADE />
			<CI_PROPOSED_PPLAN />
			<CI_PROPOSED_SERIES />
			<CI_PROPOSED_INFO_GRADE />
			<CI_PROPOSED_INFO_STEP />
			<CI_FINAL_PPLAN />
			<CI_FINAL_SERIES />
			<CI_FINAL_INFO_GRADE />
			<CI_FINAL_INFO_STEP />
			<CI_COUNSEL_TYPE />
			<CI_COUNSEL_ISSUED_DT />
			<CI_SL_WARN_ISSUE />
			<CI_EFFECTIVE_DT />
			<CI_FINAL_ADMIN_CODE />
			<CI_DECIDING_OFFCL_NAME />
			<CI_REMOVAL_EFFECTIVE_DT />
			<CI_REMOVAL_APPEAL_DECISION />
			<CI_RESTRICTION_ISSED_DT />
			<leave_length_2 />
			<CI_LEAVE_START_2 />
			<CI_ORAL_PREZ_DT />
			<CI_ORAL_RESPONSE_SUBMITTED />
			<CI_WRITTEN_RESPONSE_SUBMITTED />
			<CI_RESPONSE_DUE_DT />
			<CI_EMP_NOTICE_LEAVE_PLACED />
			<CI_REMOVAL_NOTICE_START_DT />
			<CI_REMOVAL_NOTICE_END_DT />
			<CI_REMOVAL_ORAL_PREZ_REQUESTED />
			<CI_REMOVAL_ORAL_PREZ_DT />
			<CI_ADMIN_INVESTIGATORY_LEAVE />
			<CI_ADMIN_NOTICE_LEAVE />
			<CI_REMOVAL_WRITTEN_RESPONSE />
			<CI_WRITTEN_SUBMITTED_DT />
			<CI_WRITTEN_RESPONSE_DUE_DT />
			<CI_REPRIMAND_ISSUE_DT />
			<REPRIMAND_APPEAL_DECISION />
			<CI_SUSP_PROP_ACTION_DT />
			<CI_SUSP_ORAL_PREZ_REQUESTED />
			<CI_SUSP_ORAL_PREZ_DT />
			<CI_SUSP_WRITTEN_RESP />
			<CI_SUSP_WRITTEN_RESP_DT />
			<CI_SUSP_WRITTEN_RESP_DUE_DT />
			<CI_SUSPENTION_TYPE />
			<CI_SUSP_DECISION_ISSUED_DT />
			<CI_SUSP_DECIDING_OFFCL_NAME />
			<CI_SUSP_APPEAL_DECISION />
			<CI_TERMINATION_TYPE />
			<CI_TERM_PROP_ACTION_DT />
			<CI_TERM_ORAL_PREZ_REQUESTED />
			<CI_TERM_ORAL_PREZ_DT />
			<CI_TERM_WRITTEN_RESP />
			<CI_TERM_WRITTEN_RESP_DT />
			<CI_TERM_WRITTEN_RESP_DUE_DT />
			<CI_TERM_DECISION_ISSUED_DT />
			<CI_TERM_DECIDING_OFFCL_NAME />
			<CI_TERM_APPEAL_DECISION />
			<CI_PRE_PROBATION_TERMINATION_DECISION_ISSUED_DT />
			<CI_PROBATION_CONDUCT />
			<CI_PROBATION_PERFORMANCE />
			<CI_APPROVAL_NAME_2 />
			<CI_POS_TITLE />
			<CI_CURRENT_ADMIN_CODE />
			<CI_ORAL_PREZ_REQUESTED />
			<CI_TERM_AGENCY_DECISION />
			<CI_TERM_EFFECTIVE_DECISION_DT />
			<CI_SUSP_FINAL_AGENCY_DECISION />
			<CI_SUSP_EFFECTIVE_DECISION_DT />
			<CI_RMVL_FINAL_AGENCY_DECISION />
			<CI_APPROVAL_NAME />
			<CI_DEMO_FINAL_AGENCY_DECISION />
			<CI_DEMO_FINAL_AGENCY_EFF_DT />
			<CI_RE_ASSIGNMENT_CURR_ORG />
			<CI_RE_ASSIGNMENT_FINAL_ORG />
		</formData>
	</Data>
</eForm>
