<?xml version="1.0" encoding="UTF-8"?>
<eForm xmlns="http://www.hyfinity.com/mvc" xmlns:mvc="http://www.hyfinity.com/mvc">
	<Control>
		<action />
		<Page />
		<Controller />
	</Control>
	<Data>
		<formData>
			<selecteeMeetEligibility />
			<selecteeMeetCriteria />
			<specialAgencyNeedReason />
			<superiorQualificationReason />
			<reviewRcmdGrade />
			<reviewRcmdStep />
			<reviewRcmdSalaryPerAnnum />
			<reviewRcmdPercentageDifference />
			<requireOHCApproval />
			<requireOHCApproval />
			<requireOHCApproval />
			<reviewHRSpecialist />
			<qualifyingReappointment />
			<otherExceptions />
			<specialAgencyNeedReasonEssential />
			<otherFactorsAsExplained />
			<hrSpecialistNotSupportReason />
			<hrSpecialistReviewCertification />
			<otherRelevantFactors />
			<reviewRcmdIncDecAmount />
			<reviewRcmdApprovalOHCDirector_ac />
			<reviewRcmdLocalityPayScale />
			<reviewRcmdGrade_2 />
			<reviewRcmdStep_2 />
			<reviewRcmdSalaryPerAnnum_2 />
			<reviewRcmdLocalityPayScale_2 />
			<otherReqJustificationApproved />
			<otherReqSufficientInformationProvided />
			<otherReqIncentiveRequired />
			<otherReqDocumentationProvided />
			<samReviewRemarks />
			<hrSpecialistReviewDate />
		</formData>
	</Data>
</eForm>
