<?xml version="1.0" encoding="UTF-8"?>
<xforms xmlns="http://www.hyfinity.com/formmaker" xmlns:mvc="http://www.hyfinity.com/mvc" xmlns:xg="http://www.hyfinity.com/xgate">
	<instance_configuration />
	<page />
	<group name="commentContainer" />
	<element name="h_workflowInfoString">
		<fm:action name="showAttachment" xmlns:fm="http://www.hyfinity.com/formmaker">
			<fm:xform_xpath>/mvc:eForm/mvc:Data/mvc:formData/mvc:h_workflowInfoString</fm:xform_xpath>
		</fm:action>
		<fm:action name="generateFinalPackage" xmlns:fm="http://www.hyfinity.com/formmaker">
			<fm:xform_xpath>/mvc:eForm/mvc:Data/mvc:formData/mvc:h_workflowInfoString</fm:xform_xpath>
		</fm:action>
		<fm:action name="showComment" xmlns:fm="http://www.hyfinity.com/formmaker">
			<fm:xform_xpath>/mvc:eForm/mvc:Data/mvc:formData/mvc:h_workflowInfoString</fm:xform_xpath>
		</fm:action>
		<transform_xpath>/mvc:eForm/mvc:Data/workflowInfoString</transform_xpath>
		<description />
		<fm:action name="addComment" xmlns:fm="http://www.hyfinity.com/formmaker">
			<fm:xform_xpath>/mvc:eForm/mvc:Data/mvc:formData/mvc:h_workflowInfoString</fm:xform_xpath>
		</fm:action>
	</element>
</xforms>
