<?xml version="1.0" encoding="UTF-8"?>
<export><property name="pathProcessorId" value="zip"/><property name="jsVersion" value="6.1.1 PRO"/><module id="repositoryResources"><resource>/organizations/organization_1/datasources/BizFlow_Data_Source</resource><resource>/organizations/organization_1/Domains/CMS/CMS_Job_Requests</resource><resource>/organizations/organization_1/Domains/CMS/CMS_Incentives</resource><resource>/organizations/organization_1/Domains/CMS/CMS_ER_LR/CMS_ER_LR</resource><resource>/organizations/organization_1/Images/Checkbox_No.png</resource><resource>/organizations/organization_1/Images/Checkbox_Yes.png</resource><resource>/organizations/organization_1/Images/CMS_Logo.png</resource><folder>/organizations/organization_1/Input_Controls/CMS</folder><resource>/organizations/organization_1/reports/adhoc_reports/global/CMS_Classification_Daily_Workload_Report</resource><resource>/organizations/organization_1/reports/adhoc_reports/group/Aging_for_Strat_Con_Actions_Completed</resource><resource>/organizations/organization_1/reports/adhoc_reports/group/Aging_for_Strat_Con_Actions_Completed_Report</resource><resource>/organizations/organization_1/reports/adhoc_reports/group/Aging_Report_for_Active_Request</resource><resource>/organizations/organization_1/reports/adhoc_reports/group/Aging_Report_for_Active_Request_Report</resource><resource>/organizations/organization_1/reports/adhoc_reports/group/Classification_Active_Only</resource><resource>/organizations/organization_1/reports/adhoc_reports/group/Classification_Completed_Only</resource><resource>/organizations/organization_1/reports/adhoc_reports/group/DWC</resource><resource>/organizations/organization_1/reports/adhoc_reports/group/Strat_Con_Actions_Active</resource><resource>/organizations/organization_1/reports/adhoc_reports/group/Strat_Con_Actions_Completed</resource><resource>/organizations/organization_1/reports/CMS/SubReports/Approval</resource><resource>/organizations/organization_1/reports/CMS/SubReports/Areas_Consideration</resource><resource>/organizations/organization_1/reports/CMS/SubReports/Grades</resource><resource>/organizations/organization_1/reports/CMS/SubReports/Incentives_and_Outreach</resource><resource>/organizations/organization_1/reports/CMS/SubReports/Position</resource><resource>/organizations/organization_1/reports/CMS/SubReports/Position_Expert</resource><resource>/organizations/organization_1/reports/CMS/SubReports/Position_Volunteer</resource><resource>/organizations/organization_1/reports/CMS/SubReports/SME_Job_Analysis</resource><resource>/organizations/organization_1/reports/CMS/Classification_Workload_Summary_report</resource><resource>/organizations/organization_1/reports/CMS/CMS_PCA_Justification_Worksheet</resource><resource>/organizations/organization_1/reports/CMS/CMS_Time_of_Possession___Strat_Con_and_Classif___Completed</resource><resource>/organizations/organization_1/reports/CMS/CMS_Time_to_Offer_Report</resource><resource>/organizations/organization_1/reports/CMS/CMS_Time_to_Staff_Report</resource><resource>/organizations/organization_1/reports/CMS/IT_Security</resource><resource>/organizations/organization_1/reports/CMS/Strategic_Consultation_report</resource><resource>/organizations/organization_1/reports/CMS/Time_of_Possession___Classification_Only_report</resource><resource>/organizations/organization_1/reports/CMS/Time_to_Appoint</resource><resource>/organizations/organization_1/reports/CMS/Time_to_Classify</resource><resource>/organizations/organization_1/reports/CMS/CMS_Time_to_Consult_Report___Completed</resource><resource>/organizations/organization_1/reports/CMS/CMS_Time_to_Hire_End_to_End_Report___Completed</resource><resource>/organizations/organization_1/reports/CMS/CMS_Incentives_Cancelled_Requests_Report</resource><resource>/organizations/organization_1/reports/CMS/CMS_Incentives_Time_to_Completion_Report___SAM_and_LE</resource><resource>/organizations/organization_1/reports/CMS/CMS_Incentives_Workload_Summary_Report</resource><resource>/organizations/organization_1/reports/CMS/CMS_Incentives_Superior_Qualifications_Checklist</resource><resource>/organizations/organization_1/reports/CMS/CMS_Incentives_SAM_Justification_Worksheet</resource><resource>/organizations/organization_1/reports/CMS/CMS_Incentives_LE_Justification_Worksheet</resource><resource>/organizations/organization_1/reports/CMS/CMS_Incentives_LE_Service_Agreement</resource><resource>/organizations/organization_1/reports/CMS/CMS_Activity_Report</resource><resource>/organizations/organization_1/reports/CMS/CMS_Current_Status_Report_</resource><resource>/organizations/organization_1/reports/CMS/CMS_HR_Appointment_Workload_Summary_Report_</resource><resource>/organizations/organization_1/reports/CMS/CMS_My_Monitor___Active_Requests_Report</resource><resource>/organizations/organization_1/reports/CMS/CMS_My_Monitor___Completed_Requests_Report</resource><resource>/organizations/organization_1/reports/CMS/CMS_Active_Classification_Requests___Chart</resource><resource>/organizations/organization_1/reports/CMS/CMS_Classification_Dashboard_Section_Header___Active</resource><resource>/organizations/organization_1/reports/CMS/CMS_Classification_Dashboard_Section_Header___Completed</resource><resource>/organizations/organization_1/reports/CMS/CMS_Completed_Classification_Requests___Chart</resource><resource>/organizations/organization_1/reports/CMS/CMS_Completed_Classification_Requests_by_Types___Chart</resource><resource>/organizations/organization_1/reports/CMS/CMS_Time_of_Possession___Classification_Chart___Completed</resource><resource>/organizations/organization_1/reports/CMS/CMS_Time_of_Possession___Strategic_Consultation_Chart___Completed</resource><resource>/organizations/organization_1/reports/CMS/CMS_Incentives_Completed_LE_Requests___Pie_Chart</resource><resource>/organizations/organization_1/reports/CMS/CMS_Incentives_Completed_SAM_Requests___Pie_Chart</resource><resource>/organizations/organization_1/reports/CMS/CMS_Incentives_Requests_Chart___Active</resource><resource>/organizations/organization_1/reports/CMS/CMS_Incentives_Requests_Chart___Completed</resource><resource>/organizations/organization_1/reports/CMS/CMS_Incentives_Time_of_Possession_Chart_for_LE___Completed</resource><resource>/organizations/organization_1/reports/CMS/CMS_Incentives_Time_of_Possession_Chart_for_SAM___Completed</resource><resource>/organizations/organization_1/dashboards/groupDashboards/CMS/CMS_Incentives_Dashboard</resource><resource>/organizations/organization_1/reports/CMS/CMS_Quarterly_Report_of_ER_LR_Cases</resource><resource>/organizations/organization_1/reports/CMS/ERLR_Subreports/CMS_Employee_Relations_Cases</resource><resource>/organizations/organization_1/reports/CMS/ERLR_Subreports/CMS_Labor_Relations_Cases</resource><resource>/organizations/organization_1/reports/CMS/CMS_Standards_of_Conduct_Case</resource><resource>/organizations/organization_1/reports/CMS/CMS_Trends_Report</resource><resource>/organizations/organization_1/reports/CMS/CMS_Case_Summary_Report</resource><resource>/organizations/organization_1/reports/CMS/CMS_Travel_Card_Case_Report</resource><resource>/organizations/organization_1/reports/CMS/CMS_Performance_Improvement_Plan__PIP__Report</resource><resource>/organizations/organization_1/reports/CMS/90_day_Time_to_Hire__TTH__Pilot____Weekly_Report</resource></module></export>