<?xml version="1.0" encoding="UTF-8"?>
<export><property name="pathProcessorId" value="zip"/><property name="jsVersion" value="6.1.1 PRO"/><module id="repositoryResources"><resource>/organizations/organization_1/datasources/BizFlow_Data_Source</resource><resource>/organizations/organization_1/Domains/CMS_Job_Requests</resource><resource>/organizations/organization_1/Images/Checkbox_No.png</resource><resource>/organizations/organization_1/Images/Checkbox_Yes.png</resource><resource>/organizations/organization_1/Images/CMS_Logo.png</resource><folder>/organizations/organization_1/Input_Controls/CMS</folder><resource>/organizations/organization_1/reports/adhoc_reports/global/Ajello_Jennifer</resource><resource>/organizations/organization_1/reports/adhoc_reports/global/Anderson__Kelly</resource><resource>/organizations/organization_1/reports/adhoc_reports/global/Anderson__Maxine</resource><resource>/organizations/organization_1/reports/adhoc_reports/global/Ballard__Alison</resource><resource>/organizations/organization_1/reports/adhoc_reports/global/Classification_Daily_Workload_Report</resource><resource>/organizations/organization_1/reports/adhoc_reports/global/Classification_Daily_Workload_Report_-_Mine</resource><resource>/organizations/organization_1/reports/adhoc_reports/global/Classification_Daily_Workload_View</resource><resource>/organizations/organization_1/reports/adhoc_reports/global/Ford__Jacobey</resource><resource>/organizations/organization_1/reports/adhoc_reports/global/Gleason__Brooke</resource><resource>/organizations/organization_1/reports/adhoc_reports/global/Montague__Henry</resource><resource>/organizations/organization_1/reports/adhoc_reports/group/Aging_for_Strat_Con_Actions_Completed</resource><resource>/organizations/organization_1/reports/adhoc_reports/group/Aging_for_Strat_Con_Actions_Completed_Report</resource><resource>/organizations/organization_1/reports/adhoc_reports/group/Aging_Report_for_Active_Request</resource><resource>/organizations/organization_1/reports/adhoc_reports/group/Aging_Report_for_Active_Request_Report</resource><resource>/organizations/organization_1/reports/adhoc_reports/group/Classification_Active_Only</resource><resource>/organizations/organization_1/reports/adhoc_reports/group/Classification_Completed_Only</resource><resource>/organizations/organization_1/reports/adhoc_reports/group/DWC</resource><resource>/organizations/organization_1/reports/adhoc_reports/group/Strat_Con_Actions_Active</resource><resource>/organizations/organization_1/reports/adhoc_reports/group/Strat_Con_Actions_Completed</resource><resource>/organizations/organization_1/reports/adhoc_reports/personal/DWC_Active_Requests</resource><resource>/organizations/organization_1/reports/adhoc_reports/personal/Requests_with_Missing_Status_Value__Classification_</resource><resource>/organizations/organization_1/reports/adhoc_reports/personal/Requests_with_Missing_Status_Value__Classification__Report</resource><resource>/organizations/organization_1/reports/adhoc_reports/personal/Requests_with_Missing_Status_Value__Classification__Report.nopag.xls</resource><resource>/organizations/organization_1/reports/adhoc_reports/personal/Requests_with_Missing_Status_Value__Classification__Report.pdf</resource><resource>/organizations/organization_1/reports/CMS/SubReports/Approval</resource><resource>/organizations/organization_1/reports/CMS/SubReports/Areas_Consideration</resource><resource>/organizations/organization_1/reports/CMS/SubReports/Grades</resource><resource>/organizations/organization_1/reports/CMS/SubReports/Incentives_and_Outreach</resource><resource>/organizations/organization_1/reports/CMS/SubReports/Position</resource><resource>/organizations/organization_1/reports/CMS/SubReports/Position_Expert</resource><resource>/organizations/organization_1/reports/CMS/SubReports/Position_Volunteer</resource><resource>/organizations/organization_1/reports/CMS/SubReports/SME_Job_Analysis</resource><resource>/organizations/organization_1/reports/CMS/Classification_Workload_Summary</resource><resource>/organizations/organization_1/reports/CMS/Classification_Workload_Summary_report</resource><resource>/organizations/organization_1/reports/CMS/CMS_Incentives_Workload_Summary_Report</resource><resource>/organizations/organization_1/reports/CMS/CMS_PCA_Justification_Worksheet</resource><resource>/organizations/organization_1/reports/CMS/CMS_Time_of_Possession___Strat_Con_and_Classif___Completed</resource><resource>/organizations/organization_1/reports/CMS/CMS_Time_to_Hire_End_to_End_Report___Completed</resource><resource>/organizations/organization_1/reports/CMS/CMS_Time_to_Offer_Report</resource><resource>/organizations/organization_1/reports/CMS/CMS_Time_to_Staff_Report</resource><resource>/organizations/organization_1/reports/CMS/IT_Security</resource><resource>/organizations/organization_1/reports/CMS/Strategic_Consultation_report</resource><resource>/organizations/organization_1/reports/CMS/Time_of_Possession___Classification_Only_report</resource><resource>/organizations/organization_1/reports/CMS/Time_to_Appoint</resource><resource>/organizations/organization_1/reports/CMS/Time_to_Classify</resource><resource>/organizations/organization_1/reports/CMS/Time_to_Consult_Report</resource></module></export>