<?xml version="1.0" encoding="UTF-8"?>
<dashboardModelResource exportedWithPermissions="false">
    <folder>/organizations/organization_1/dashboards/groupDashboards/CMS/Section_508_versions</folder>
    <name>Cases_by_Component_Dashboard_508</name>
    <version>8</version>
    <label>CMS ER/LR Cases by Component Dashboard-508</label>
    <creationDate>2019-06-28T11:22:48.000-04:00</creationDate>
    <updateDate>2019-07-01T12:43:44.000-04:00</updateDate>
    <defaultFoundation>default</defaultFoundation>
    <foundation>
        <id>default</id>
        <layout>layout</layout>
        <wiring>wiring</wiring>
        <components>components</components>
    </foundation>
    <resourceDescriptor>
        <type>wiring</type>
        <id>wiring</id>
    </resourceDescriptor>
    <resourceDescriptor>
        <type>layout</type>
        <id>layout</id>
    </resourceDescriptor>
    <resourceDescriptor>
        <type>components</type>
        <id>components</id>
    </resourceDescriptor>
    <resourceDescriptor>
        <type>reportUnit</type>
        <id>/reports/CMS/Section_508/ER_LR_Cases_by_Component_Dashboard___508/Cases_by_Component___508</id>
    </resourceDescriptor>
    <resourceDescriptor>
        <type>inputControl</type>
        <id>/reports/CMS/Section_508/ER_LR_Cases_by_Component_Dashboard___508/Cases_by_Component___508_files/INITIAL_CONTACT_DATE_FROM</id>
    </resourceDescriptor>
    <resourceDescriptor>
        <type>inputControl</type>
        <id>/reports/CMS/Section_508/ER_LR_Cases_by_Component_Dashboard___508/Cases_by_Component___508_files/INITIAL_CONTACT_DATE_TO</id>
    </resourceDescriptor>
    <resourceDescriptor>
        <type>inputControl</type>
        <id>/reports/CMS/Section_508/ER_LR_Cases_by_Component_Dashboard___508/Cases_by_Component___508_files/CASE_STATUS</id>
    </resourceDescriptor>
    <resourceDescriptor>
        <type>inputControl</type>
        <id>/reports/CMS/Section_508/ER_LR_Cases_by_Component_Dashboard___508/Cases_by_Component___508_files/CASE_THRESHOLD</id>
    </resourceDescriptor>
    <resource>
        <localResource
            xmlns:xsi="http://www.w3.org/2001/XMLSchema-instance"
            exportedWithPermissions="false" dataFile="wiring.data" xsi:type="fileResource">
            <folder>/organizations/organization_1/dashboards/groupDashboards/CMS/Section_508_versions/Cases_by_Component_Dashboard_508_files</folder>
            <name>wiring</name>
            <version>1</version>
            <label>wiring</label>
            <creationDate>2019-07-01T12:43:44.000-04:00</creationDate>
            <updateDate>2019-07-01T12:43:44.000-04:00</updateDate>
            <fileType>json</fileType>
        </localResource>
    </resource>
    <resource>
        <localResource
            xmlns:xsi="http://www.w3.org/2001/XMLSchema-instance"
            exportedWithPermissions="false" dataFile="layout" xsi:type="contentResource">
            <folder>/organizations/organization_1/dashboards/groupDashboards/CMS/Section_508_versions/Cases_by_Component_Dashboard_508_files</folder>
            <name>layout</name>
            <version>1</version>
            <label>layout</label>
            <creationDate>2019-07-01T12:43:44.000-04:00</creationDate>
            <updateDate>2019-07-01T12:43:44.000-04:00</updateDate>
            <fileType>html</fileType>
        </localResource>
    </resource>
    <resource>
        <localResource
            xmlns:xsi="http://www.w3.org/2001/XMLSchema-instance"
            exportedWithPermissions="false" dataFile="components.data" xsi:type="fileResource">
            <folder>/organizations/organization_1/dashboards/groupDashboards/CMS/Section_508_versions/Cases_by_Component_Dashboard_508_files</folder>
            <name>components</name>
            <version>1</version>
            <label>components</label>
            <creationDate>2019-07-01T12:43:44.000-04:00</creationDate>
            <updateDate>2019-07-01T12:43:44.000-04:00</updateDate>
            <fileType>dashboardComponent</fileType>
        </localResource>
    </resource>
    <resource>
        <uri>/organizations/organization_1/reports/CMS/Section_508/ER_LR_Cases_by_Component_Dashboard___508/Cases_by_Component___508</uri>
    </resource>
    <resource>
        <localResource
            xmlns:xsi="http://www.w3.org/2001/XMLSchema-instance"
            exportedWithPermissions="false" xsi:type="inputControl">
            <folder>/organizations/organization_1/dashboards/groupDashboards/CMS/Section_508_versions/Cases_by_Component_Dashboard_508_files</folder>
            <name>INITIAL_CONTACT_DATE_FROM</name>
            <version>8</version>
            <label>INITIAL_CONTACT_DATE_FROM</label>
            <creationDate>2019-06-28T11:22:48.000-04:00</creationDate>
            <updateDate>2019-06-28T11:22:48.000-04:00</updateDate>
            <type>2</type>
            <mandatory>false</mandatory>
            <readOnly>false</readOnly>
            <visible>true</visible>
            <dataType>
                <localResource exportedWithPermissions="false" xsi:type="dataType">
                    <folder>/organizations/organization_1/dashboards/groupDashboards/CMS/Section_508_versions/Cases_by_Component_Dashboard_508_files/INITIAL_CONTACT_DATE_FROM_files</folder>
                    <name>myDatatype</name>
                    <version>0</version>
                    <label>myDatatype</label>
                    <creationDate>2019-06-28T11:22:48.000-04:00</creationDate>
                    <updateDate>2019-06-28T11:22:48.000-04:00</updateDate>
                    <type>3</type>
                    <strictMin>false</strictMin>
                    <strictMax>false</strictMax>
                </localResource>
            </dataType>
        </localResource>
    </resource>
    <resource>
        <localResource
            xmlns:xsi="http://www.w3.org/2001/XMLSchema-instance"
            exportedWithPermissions="false" xsi:type="inputControl">
            <folder>/organizations/organization_1/dashboards/groupDashboards/CMS/Section_508_versions/Cases_by_Component_Dashboard_508_files</folder>
            <name>INITIAL_CONTACT_DATE_TO</name>
            <version>8</version>
            <label>INITIAL_CONTACT_DATE_TO</label>
            <creationDate>2019-06-28T11:22:48.000-04:00</creationDate>
            <updateDate>2019-06-28T11:22:48.000-04:00</updateDate>
            <type>2</type>
            <mandatory>false</mandatory>
            <readOnly>false</readOnly>
            <visible>true</visible>
            <dataType>
                <localResource exportedWithPermissions="false" xsi:type="dataType">
                    <folder>/organizations/organization_1/dashboards/groupDashboards/CMS/Section_508_versions/Cases_by_Component_Dashboard_508_files/INITIAL_CONTACT_DATE_TO_files</folder>
                    <name>myDatatype</name>
                    <version>0</version>
                    <label>myDatatype</label>
                    <creationDate>2019-06-28T11:22:48.000-04:00</creationDate>
                    <updateDate>2019-06-28T11:22:48.000-04:00</updateDate>
                    <type>3</type>
                    <strictMin>false</strictMin>
                    <strictMax>false</strictMax>
                </localResource>
            </dataType>
        </localResource>
    </resource>
    <resource>
        <localResource
            xmlns:xsi="http://www.w3.org/2001/XMLSchema-instance"
            exportedWithPermissions="false" xsi:type="inputControl">
            <folder>/organizations/organization_1/dashboards/groupDashboards/CMS/Section_508_versions/Cases_by_Component_Dashboard_508_files</folder>
            <name>CASE_STATUS</name>
            <version>8</version>
            <label>CASE_STATUS</label>
            <description>Filter out cases - active, cancelled or completed.</description>
            <creationDate>2019-06-28T11:22:48.000-04:00</creationDate>
            <updateDate>2019-06-28T11:22:48.000-04:00</updateDate>
            <type>2</type>
            <mandatory>false</mandatory>
            <readOnly>false</readOnly>
            <visible>true</visible>
            <dataType>
                <localResource exportedWithPermissions="false" xsi:type="dataType">
                    <folder>/organizations/organization_1/dashboards/groupDashboards/CMS/Section_508_versions/Cases_by_Component_Dashboard_508_files/CASE_STATUS_files</folder>
                    <name>myDatatype</name>
                    <version>0</version>
                    <label>myDatatype</label>
                    <creationDate>2019-06-28T11:22:48.000-04:00</creationDate>
                    <updateDate>2019-06-28T11:22:48.000-04:00</updateDate>
                    <type>1</type>
                    <strictMin>false</strictMin>
                    <strictMax>false</strictMax>
                </localResource>
            </dataType>
        </localResource>
    </resource>
    <resource>
        <localResource
            xmlns:xsi="http://www.w3.org/2001/XMLSchema-instance"
            exportedWithPermissions="false" xsi:type="inputControl">
            <folder>/organizations/organization_1/dashboards/groupDashboards/CMS/Section_508_versions/Cases_by_Component_Dashboard_508_files</folder>
            <name>CASE_THRESHOLD</name>
            <version>8</version>
            <label>CASE_THRESHOLD</label>
            <creationDate>2019-06-28T11:22:48.000-04:00</creationDate>
            <updateDate>2019-06-28T11:22:48.000-04:00</updateDate>
            <type>2</type>
            <mandatory>false</mandatory>
            <readOnly>false</readOnly>
            <visible>true</visible>
            <dataType>
                <localResource exportedWithPermissions="false" xsi:type="dataType">
                    <folder>/organizations/organization_1/dashboards/groupDashboards/CMS/Section_508_versions/Cases_by_Component_Dashboard_508_files/CASE_THRESHOLD_files</folder>
                    <name>myDatatype</name>
                    <version>0</version>
                    <label>myDatatype</label>
                    <creationDate>2019-06-28T11:22:48.000-04:00</creationDate>
                    <updateDate>2019-06-28T11:22:48.000-04:00</updateDate>
                    <type>2</type>
                    <strictMin>false</strictMin>
                    <strictMax>false</strictMax>
                </localResource>
            </dataType>
        </localResource>
    </resource>
</dashboardModelResource>
