<?xml version="1.0" encoding="UTF-8"?>
<dashboardModelResource exportedWithPermissions="false">
    <folder>/organizations/organization_1/dashboards/groupDashboards/CMS/Section_508_versions</folder>
    <name>CMS_Incentives_SAM_LE_Dashboard___508</name>
    <version>16</version>
    <label>CMS Incentives SAM/LE Dashboard - 508</label>
    <description>The 508 version for CMS Incentives SAM/LE Dashboard</description>
    <creationDate>2019-06-28T16:23:37.000-04:00</creationDate>
    <updateDate>2019-07-09T19:44:03.000-04:00</updateDate>
    <defaultFoundation>default</defaultFoundation>
    <foundation>
        <id>default</id>
        <layout>layout</layout>
        <wiring>wiring</wiring>
        <components>components</components>
    </foundation>
    <resourceDescriptor>
        <type>wiring</type>
        <id>wiring</id>
    </resourceDescriptor>
    <resourceDescriptor>
        <type>layout</type>
        <id>layout</id>
    </resourceDescriptor>
    <resourceDescriptor>
        <type>components</type>
        <id>components</id>
    </resourceDescriptor>
    <resourceDescriptor>
        <type>reportUnit</type>
        <id>/reports/CMS/Section_508/Incentives_SAM_LE_Dashboard___508/CMS_Incentives_Dashboard_Section_Header___Completed___508</id>
    </resourceDescriptor>
    <resourceDescriptor>
        <type>reportUnit</type>
        <id>/reports/CMS/Section_508/Incentives_SAM_LE_Dashboard___508/CMS_Incentives_Time_of_Possession_Chart_for_SAM___Completed___508</id>
    </resourceDescriptor>
    <resourceDescriptor>
        <type>reportUnit</type>
        <id>/reports/CMS/Section_508/Incentives_SAM_LE_Dashboard___508/CMS_Incentives_Time_of_Possession_Chart_for_LE___Completed___508</id>
    </resourceDescriptor>
    <resourceDescriptor>
        <type>reportUnit</type>
        <id>/reports/CMS/Section_508/Incentives_SAM_LE_Dashboard___508/CMS_Incentives_Completed_LE_Requests___508</id>
    </resourceDescriptor>
    <resourceDescriptor>
        <type>reportUnit</type>
        <id>/reports/CMS/Section_508/Incentives_SAM_LE_Dashboard___508/CMS_Incentives_Completed_SAM_Requests___508</id>
    </resourceDescriptor>
    <resourceDescriptor>
        <type>reportUnit</type>
        <id>/reports/CMS/Section_508/Incentives_SAM_LE_Dashboard___508/CMS_Incentives_Requests_Chart___Active_Single_Row_SAM___508</id>
    </resourceDescriptor>
    <resourceDescriptor>
        <type>reportUnit</type>
        <id>/reports/CMS/Section_508/Incentives_SAM_LE_Dashboard___508/CMS_Incentives_Requests_Chart___Active_Single_Row_LE___508</id>
    </resourceDescriptor>
    <resourceDescriptor>
        <type>reportUnit</type>
        <id>/reports/CMS/Section_508/Incentives_SAM_LE_Dashboard___508/CMS_Incentives_Time_to_Completion_Report___SAM___508</id>
    </resourceDescriptor>
    <resourceDescriptor>
        <type>reportUnit</type>
        <id>/reports/CMS/Section_508/Incentives_SAM_LE_Dashboard___508/CMS_Incentives_Time_to_Completion_Report___LE___508</id>
    </resourceDescriptor>
    <resourceDescriptor>
        <type>inputControl</type>
        <id>/Input_Controls/CMS/TABG_Dashboard/COMPONENT</id>
    </resourceDescriptor>
    <resourceDescriptor>
        <type>inputControl</type>
        <id>/Input_Controls/CMS/Common_Lookups/ADMIN_CD</id>
    </resourceDescriptor>
    <resourceDescriptor>
        <type>inputControl</type>
        <id>/Input_Controls/CMS/TABG_Dashboard/INC_SUBORG</id>
    </resourceDescriptor>
    <resourceDescriptor>
        <type>inputControl</type>
        <id>/Input_Controls/CMS/TABG_Dashboard/COMP_DATE_FROM</id>
    </resourceDescriptor>
    <resourceDescriptor>
        <type>inputControl</type>
        <id>/Input_Controls/CMS/TABG_Dashboard/COMP_DATE_TO</id>
    </resourceDescriptor>
    <resource>
        <localResource
            xmlns:xsi="http://www.w3.org/2001/XMLSchema-instance"
            exportedWithPermissions="false" dataFile="wiring.data" xsi:type="fileResource">
            <folder>/organizations/organization_1/dashboards/groupDashboards/CMS/Section_508_versions/CMS_Incentives_SAM_LE_Dashboard___508_files</folder>
            <name>wiring</name>
            <version>1</version>
            <label>wiring</label>
            <creationDate>2019-07-09T19:44:03.000-04:00</creationDate>
            <updateDate>2019-07-09T19:44:03.000-04:00</updateDate>
            <fileType>json</fileType>
        </localResource>
    </resource>
    <resource>
        <localResource
            xmlns:xsi="http://www.w3.org/2001/XMLSchema-instance"
            exportedWithPermissions="false" dataFile="layout" xsi:type="contentResource">
            <folder>/organizations/organization_1/dashboards/groupDashboards/CMS/Section_508_versions/CMS_Incentives_SAM_LE_Dashboard___508_files</folder>
            <name>layout</name>
            <version>1</version>
            <label>layout</label>
            <creationDate>2019-07-09T19:44:03.000-04:00</creationDate>
            <updateDate>2019-07-09T19:44:03.000-04:00</updateDate>
            <fileType>html</fileType>
        </localResource>
    </resource>
    <resource>
        <localResource
            xmlns:xsi="http://www.w3.org/2001/XMLSchema-instance"
            exportedWithPermissions="false" dataFile="components.data" xsi:type="fileResource">
            <folder>/organizations/organization_1/dashboards/groupDashboards/CMS/Section_508_versions/CMS_Incentives_SAM_LE_Dashboard___508_files</folder>
            <name>components</name>
            <version>1</version>
            <label>components</label>
            <creationDate>2019-07-09T19:44:03.000-04:00</creationDate>
            <updateDate>2019-07-09T19:44:03.000-04:00</updateDate>
            <fileType>dashboardComponent</fileType>
        </localResource>
    </resource>
    <resource>
        <uri>/organizations/organization_1/reports/CMS/Section_508/Incentives_SAM_LE_Dashboard___508/CMS_Incentives_Dashboard_Section_Header___Completed___508</uri>
    </resource>
    <resource>
        <uri>/organizations/organization_1/reports/CMS/Section_508/Incentives_SAM_LE_Dashboard___508/CMS_Incentives_Time_of_Possession_Chart_for_SAM___Completed___508</uri>
    </resource>
    <resource>
        <uri>/organizations/organization_1/reports/CMS/Section_508/Incentives_SAM_LE_Dashboard___508/CMS_Incentives_Time_of_Possession_Chart_for_LE___Completed___508</uri>
    </resource>
    <resource>
        <uri>/organizations/organization_1/reports/CMS/Section_508/Incentives_SAM_LE_Dashboard___508/CMS_Incentives_Completed_LE_Requests___508</uri>
    </resource>
    <resource>
        <uri>/organizations/organization_1/reports/CMS/Section_508/Incentives_SAM_LE_Dashboard___508/CMS_Incentives_Completed_SAM_Requests___508</uri>
    </resource>
    <resource>
        <uri>/organizations/organization_1/reports/CMS/Section_508/Incentives_SAM_LE_Dashboard___508/CMS_Incentives_Requests_Chart___Active_Single_Row_SAM___508</uri>
    </resource>
    <resource>
        <uri>/organizations/organization_1/reports/CMS/Section_508/Incentives_SAM_LE_Dashboard___508/CMS_Incentives_Requests_Chart___Active_Single_Row_LE___508</uri>
    </resource>
    <resource>
        <uri>/organizations/organization_1/reports/CMS/Section_508/Incentives_SAM_LE_Dashboard___508/CMS_Incentives_Time_to_Completion_Report___SAM___508</uri>
    </resource>
    <resource>
        <uri>/organizations/organization_1/reports/CMS/Section_508/Incentives_SAM_LE_Dashboard___508/CMS_Incentives_Time_to_Completion_Report___LE___508</uri>
    </resource>
    <resource>
        <uri>/organizations/organization_1/Input_Controls/CMS/TABG_Dashboard/COMPONENT</uri>
    </resource>
    <resource>
        <uri>/organizations/organization_1/Input_Controls/CMS/Common_Lookups/ADMIN_CD</uri>
    </resource>
    <resource>
        <uri>/organizations/organization_1/Input_Controls/CMS/TABG_Dashboard/INC_SUBORG</uri>
    </resource>
    <resource>
        <uri>/organizations/organization_1/Input_Controls/CMS/TABG_Dashboard/COMP_DATE_FROM</uri>
    </resource>
    <resource>
        <uri>/organizations/organization_1/Input_Controls/CMS/TABG_Dashboard/COMP_DATE_TO</uri>
    </resource>
</dashboardModelResource>
