<?xml version="1.0" encoding="UTF-8"?>
<dashboardModelResource exportedWithPermissions="false">
    <folder>/organizations/organization_1/dashboards/groupDashboards/CMS/Section_508_versions</folder>
    <name>CMS_Incentives_PCA_PDP_Dashboard___508</name>
    <version>4</version>
    <label>CMS Incentives PCA/PDP Dashboard - 508</label>
    <creationDate>2019-06-28T15:47:33.000-04:00</creationDate>
    <updateDate>2019-06-30T13:04:09.000-04:00</updateDate>
    <defaultFoundation>default</defaultFoundation>
    <foundation>
        <id>default</id>
        <layout>layout</layout>
        <wiring>wiring</wiring>
        <components>components</components>
    </foundation>
    <resourceDescriptor>
        <type>wiring</type>
        <id>wiring</id>
    </resourceDescriptor>
    <resourceDescriptor>
        <type>layout</type>
        <id>layout</id>
    </resourceDescriptor>
    <resourceDescriptor>
        <type>components</type>
        <id>components</id>
    </resourceDescriptor>
    <resourceDescriptor>
        <type>reportUnit</type>
        <id>/reports/CMS/CMS_Dashboard_Section_508_Disclaimer</id>
    </resourceDescriptor>
    <resourceDescriptor>
        <type>reportUnit</type>
        <id>/reports/CMS/CMS_Incentives_PCA_PDP_Dashboard/CMS_PCA_PDP_Dashboard_Section_Header___Active</id>
    </resourceDescriptor>
    <resourceDescriptor>
        <type>reportUnit</type>
        <id>/reports/CMS/Section_508/Incentives_PCA_PDP_Dashboard___508/CMS_PDP_PCA_Active_Requests___508</id>
    </resourceDescriptor>
    <resourceDescriptor>
        <type>reportUnit</type>
        <id>/reports/CMS/Section_508/Incentives_PCA_PDP_Dashboard___508/CMS_PCA_Request_Count___508</id>
    </resourceDescriptor>
    <resourceDescriptor>
        <type>reportUnit</type>
        <id>/reports/CMS/Section_508/Incentives_PCA_PDP_Dashboard___508/CMS_PCA_Performance_Goals___508</id>
    </resourceDescriptor>
    <resourceDescriptor>
        <type>reportUnit</type>
        <id>/reports/CMS/Section_508/Incentives_PCA_PDP_Dashboard___508/CMS_PDP_Request_Count___508</id>
    </resourceDescriptor>
    <resourceDescriptor>
        <type>reportUnit</type>
        <id>/reports/CMS/Section_508/Incentives_PCA_PDP_Dashboard___508/CMS_PDP_Performance_Goals___508</id>
    </resourceDescriptor>
    <resourceDescriptor>
        <type>inputControl</type>
        <id>/reports/CMS/Section_508/Incentives_PCA_PDP_Dashboard___508/CMS_PDP_Performance_Goals___508_files/COMPONENT</id>
    </resourceDescriptor>
    <resourceDescriptor>
        <type>inputControl</type>
        <id>/reports/CMS/Section_508/Incentives_PCA_PDP_Dashboard___508/CMS_PDP_Performance_Goals___508_files/ADMIN_CD</id>
    </resourceDescriptor>
    <resourceDescriptor>
        <type>inputControl</type>
        <id>/reports/CMS/Section_508/Incentives_PCA_PDP_Dashboard___508/CMS_PDP_Performance_Goals___508_files/INC_SUBORG</id>
    </resourceDescriptor>
    <resourceDescriptor>
        <type>inputControl</type>
        <id>/reports/CMS/Section_508/Incentives_PCA_PDP_Dashboard___508/CMS_PDP_Performance_Goals___508_files/COMP_DATE_FROM</id>
    </resourceDescriptor>
    <resourceDescriptor>
        <type>inputControl</type>
        <id>/reports/CMS/Section_508/Incentives_PCA_PDP_Dashboard___508/CMS_PDP_Performance_Goals___508_files/COMP_DATE_TO</id>
    </resourceDescriptor>
    <resource>
        <localResource
            xmlns:xsi="http://www.w3.org/2001/XMLSchema-instance"
            exportedWithPermissions="false" dataFile="wiring.data" xsi:type="fileResource">
            <folder>/organizations/organization_1/dashboards/groupDashboards/CMS/Section_508_versions/CMS_Incentives_PCA_PDP_Dashboard___508_files</folder>
            <name>wiring</name>
            <version>1</version>
            <label>wiring</label>
            <creationDate>2019-06-30T13:04:09.000-04:00</creationDate>
            <updateDate>2019-06-30T13:04:09.000-04:00</updateDate>
            <fileType>json</fileType>
        </localResource>
    </resource>
    <resource>
        <localResource
            xmlns:xsi="http://www.w3.org/2001/XMLSchema-instance"
            exportedWithPermissions="false" dataFile="layout" xsi:type="contentResource">
            <folder>/organizations/organization_1/dashboards/groupDashboards/CMS/Section_508_versions/CMS_Incentives_PCA_PDP_Dashboard___508_files</folder>
            <name>layout</name>
            <version>1</version>
            <label>layout</label>
            <creationDate>2019-06-30T13:04:09.000-04:00</creationDate>
            <updateDate>2019-06-30T13:04:09.000-04:00</updateDate>
            <fileType>html</fileType>
        </localResource>
    </resource>
    <resource>
        <localResource
            xmlns:xsi="http://www.w3.org/2001/XMLSchema-instance"
            exportedWithPermissions="false" dataFile="components.data" xsi:type="fileResource">
            <folder>/organizations/organization_1/dashboards/groupDashboards/CMS/Section_508_versions/CMS_Incentives_PCA_PDP_Dashboard___508_files</folder>
            <name>components</name>
            <version>1</version>
            <label>components</label>
            <creationDate>2019-06-30T13:04:09.000-04:00</creationDate>
            <updateDate>2019-06-30T13:04:09.000-04:00</updateDate>
            <fileType>dashboardComponent</fileType>
        </localResource>
    </resource>
    <resource>
        <uri>/organizations/organization_1/reports/CMS/CMS_Dashboard_Section_508_Disclaimer</uri>
    </resource>
    <resource>
        <uri>/organizations/organization_1/reports/CMS/CMS_Incentives_PCA_PDP_Dashboard/CMS_PCA_PDP_Dashboard_Section_Header___Active</uri>
    </resource>
    <resource>
        <uri>/organizations/organization_1/reports/CMS/Section_508/Incentives_PCA_PDP_Dashboard___508/CMS_PDP_PCA_Active_Requests___508</uri>
    </resource>
    <resource>
        <uri>/organizations/organization_1/reports/CMS/Section_508/Incentives_PCA_PDP_Dashboard___508/CMS_PCA_Request_Count___508</uri>
    </resource>
    <resource>
        <uri>/organizations/organization_1/reports/CMS/Section_508/Incentives_PCA_PDP_Dashboard___508/CMS_PCA_Performance_Goals___508</uri>
    </resource>
    <resource>
        <uri>/organizations/organization_1/reports/CMS/Section_508/Incentives_PCA_PDP_Dashboard___508/CMS_PDP_Request_Count___508</uri>
    </resource>
    <resource>
        <uri>/organizations/organization_1/reports/CMS/Section_508/Incentives_PCA_PDP_Dashboard___508/CMS_PDP_Performance_Goals___508</uri>
    </resource>
    <resource>
        <localResource
            xmlns:xsi="http://www.w3.org/2001/XMLSchema-instance"
            exportedWithPermissions="false" xsi:type="inputControl">
            <folder>/organizations/organization_1/dashboards/groupDashboards/CMS/Section_508_versions/CMS_Incentives_PCA_PDP_Dashboard___508_files</folder>
            <name>COMPONENT</name>
            <version>4</version>
            <label>COMPONENT</label>
            <creationDate>2019-06-28T15:47:33.000-04:00</creationDate>
            <updateDate>2019-06-28T15:47:33.000-04:00</updateDate>
            <type>2</type>
            <mandatory>false</mandatory>
            <readOnly>false</readOnly>
            <visible>true</visible>
            <dataType>
                <localResource exportedWithPermissions="false" xsi:type="dataType">
                    <folder>/organizations/organization_1/dashboards/groupDashboards/CMS/Section_508_versions/CMS_Incentives_PCA_PDP_Dashboard___508_files/COMPONENT_files</folder>
                    <name>myDatatype</name>
                    <version>0</version>
                    <label>myDatatype</label>
                    <creationDate>2019-06-28T15:47:33.000-04:00</creationDate>
                    <updateDate>2019-06-28T15:47:33.000-04:00</updateDate>
                    <type>1</type>
                    <strictMin>false</strictMin>
                    <strictMax>false</strictMax>
                </localResource>
            </dataType>
        </localResource>
    </resource>
    <resource>
        <localResource
            xmlns:xsi="http://www.w3.org/2001/XMLSchema-instance"
            exportedWithPermissions="false" xsi:type="inputControl">
            <folder>/organizations/organization_1/dashboards/groupDashboards/CMS/Section_508_versions/CMS_Incentives_PCA_PDP_Dashboard___508_files</folder>
            <name>ADMIN_CD</name>
            <version>4</version>
            <label>ADMIN_CD</label>
            <creationDate>2019-06-28T15:47:33.000-04:00</creationDate>
            <updateDate>2019-06-28T15:47:33.000-04:00</updateDate>
            <type>2</type>
            <mandatory>false</mandatory>
            <readOnly>false</readOnly>
            <visible>true</visible>
            <dataType>
                <localResource exportedWithPermissions="false" xsi:type="dataType">
                    <folder>/organizations/organization_1/dashboards/groupDashboards/CMS/Section_508_versions/CMS_Incentives_PCA_PDP_Dashboard___508_files/ADMIN_CD_files</folder>
                    <name>myDatatype</name>
                    <version>0</version>
                    <label>myDatatype</label>
                    <creationDate>2019-06-28T15:47:33.000-04:00</creationDate>
                    <updateDate>2019-06-28T15:47:33.000-04:00</updateDate>
                    <type>1</type>
                    <strictMin>false</strictMin>
                    <strictMax>false</strictMax>
                </localResource>
            </dataType>
        </localResource>
    </resource>
    <resource>
        <localResource
            xmlns:xsi="http://www.w3.org/2001/XMLSchema-instance"
            exportedWithPermissions="false" xsi:type="inputControl">
            <folder>/organizations/organization_1/dashboards/groupDashboards/CMS/Section_508_versions/CMS_Incentives_PCA_PDP_Dashboard___508_files</folder>
            <name>INC_SUBORG</name>
            <version>4</version>
            <label>INC_SUBORG</label>
            <creationDate>2019-06-28T15:47:33.000-04:00</creationDate>
            <updateDate>2019-06-28T15:47:33.000-04:00</updateDate>
            <type>2</type>
            <mandatory>false</mandatory>
            <readOnly>false</readOnly>
            <visible>true</visible>
            <dataType>
                <localResource exportedWithPermissions="false" xsi:type="dataType">
                    <folder>/organizations/organization_1/dashboards/groupDashboards/CMS/Section_508_versions/CMS_Incentives_PCA_PDP_Dashboard___508_files/INC_SUBORG_files</folder>
                    <name>myDatatype</name>
                    <version>0</version>
                    <label>myDatatype</label>
                    <creationDate>2019-06-28T15:47:33.000-04:00</creationDate>
                    <updateDate>2019-06-28T15:47:33.000-04:00</updateDate>
                    <type>1</type>
                    <strictMin>false</strictMin>
                    <strictMax>false</strictMax>
                </localResource>
            </dataType>
        </localResource>
    </resource>
    <resource>
        <localResource
            xmlns:xsi="http://www.w3.org/2001/XMLSchema-instance"
            exportedWithPermissions="false" xsi:type="inputControl">
            <folder>/organizations/organization_1/dashboards/groupDashboards/CMS/Section_508_versions/CMS_Incentives_PCA_PDP_Dashboard___508_files</folder>
            <name>COMP_DATE_FROM</name>
            <version>4</version>
            <label>COMP_DATE_FROM</label>
            <creationDate>2019-06-28T15:47:33.000-04:00</creationDate>
            <updateDate>2019-06-28T15:47:33.000-04:00</updateDate>
            <type>2</type>
            <mandatory>false</mandatory>
            <readOnly>false</readOnly>
            <visible>true</visible>
            <dataType>
                <localResource exportedWithPermissions="false" xsi:type="dataType">
                    <folder>/organizations/organization_1/dashboards/groupDashboards/CMS/Section_508_versions/CMS_Incentives_PCA_PDP_Dashboard___508_files/COMP_DATE_FROM_files</folder>
                    <name>myDatatype</name>
                    <version>0</version>
                    <label>myDatatype</label>
                    <creationDate>2019-06-28T15:47:33.000-04:00</creationDate>
                    <updateDate>2019-06-28T15:47:33.000-04:00</updateDate>
                    <type>3</type>
                    <strictMin>false</strictMin>
                    <strictMax>false</strictMax>
                </localResource>
            </dataType>
        </localResource>
    </resource>
    <resource>
        <localResource
            xmlns:xsi="http://www.w3.org/2001/XMLSchema-instance"
            exportedWithPermissions="false" xsi:type="inputControl">
            <folder>/organizations/organization_1/dashboards/groupDashboards/CMS/Section_508_versions/CMS_Incentives_PCA_PDP_Dashboard___508_files</folder>
            <name>COMP_DATE_TO</name>
            <version>4</version>
            <label>COMP_DATE_TO</label>
            <creationDate>2019-06-28T15:47:33.000-04:00</creationDate>
            <updateDate>2019-06-28T15:47:33.000-04:00</updateDate>
            <type>2</type>
            <mandatory>false</mandatory>
            <readOnly>false</readOnly>
            <visible>true</visible>
            <dataType>
                <localResource exportedWithPermissions="false" xsi:type="dataType">
                    <folder>/organizations/organization_1/dashboards/groupDashboards/CMS/Section_508_versions/CMS_Incentives_PCA_PDP_Dashboard___508_files/COMP_DATE_TO_files</folder>
                    <name>myDatatype</name>
                    <version>0</version>
                    <label>myDatatype</label>
                    <creationDate>2019-06-28T15:47:33.000-04:00</creationDate>
                    <updateDate>2019-06-28T15:47:33.000-04:00</updateDate>
                    <type>3</type>
                    <strictMin>false</strictMin>
                    <strictMax>false</strictMax>
                </localResource>
            </dataType>
        </localResource>
    </resource>
</dashboardModelResource>
