<?xml version="1.0" encoding="UTF-8"?>
<dashboardModelResource exportedWithPermissions="false">
    <folder>/organizations/organization_1/dashboards/groupDashboards/CMS/Section_508_versions</folder>
    <name>CMS_ER_LR_Primary_Specialist_Workload_Dashboard___508</name>
    <version>12</version>
    <label>CMS ER/LR Primary Specialist Workload Dashboard - 508</label>
    <creationDate>2019-06-27T16:44:23.000-04:00</creationDate>
    <updateDate>2019-07-01T14:31:44.000-04:00</updateDate>
    <defaultFoundation>default</defaultFoundation>
    <foundation>
        <id>default</id>
        <layout>layout</layout>
        <wiring>wiring</wiring>
        <components>components</components>
    </foundation>
    <resourceDescriptor>
        <type>wiring</type>
        <id>wiring</id>
    </resourceDescriptor>
    <resourceDescriptor>
        <type>layout</type>
        <id>layout</id>
    </resourceDescriptor>
    <resourceDescriptor>
        <type>components</type>
        <id>components</id>
    </resourceDescriptor>
    <resourceDescriptor>
        <type>reportUnit</type>
        <id>/reports/CMS/ER_LR_Primary_Specialist_Workload_Dashboard/ERLR_Primary_Specialist_Workload_Section_Header</id>
    </resourceDescriptor>
    <resourceDescriptor>
        <type>reportUnit</type>
        <id>/reports/CMS/Section_508/ER_LR_Primary_Specialist_Workload_Dashboard___508/Number_of_ER_LR_Cases_by_Primary_Specialist___508</id>
    </resourceDescriptor>
    <resourceDescriptor>
        <type>reportUnit</type>
        <id>/reports/CMS/Section_508/ER_LR_Primary_Specialist_Workload_Dashboard___508/Primary_Specialist_ER_LR_Cases_by_Component___508</id>
    </resourceDescriptor>
    <resourceDescriptor>
        <type>inputControl</type>
        <id>/reports/CMS/ER_LR_Primary_Specialist_Workload_Dashboard/ERLR_Primary_Specialist_Workload_Section_Header_files/DATE_RANGE_FROM</id>
    </resourceDescriptor>
    <resourceDescriptor>
        <type>inputControl</type>
        <id>/reports/CMS/ER_LR_Primary_Specialist_Workload_Dashboard/ERLR_Primary_Specialist_Workload_Section_Header_files/DATE_RANGE_TO</id>
    </resourceDescriptor>
    <resourceDescriptor>
        <type>inputControl</type>
        <id>/Input_Controls/CMS/Primary_Specialist_Workload_Dashboard/Case_Status</id>
    </resourceDescriptor>
    <resourceDescriptor>
        <type>inputControl</type>
        <id>/Input_Controls/CMS/Primary_Specialist_Workload_Dashboard/Primary_Specialists</id>
    </resourceDescriptor>
    <resource>
        <localResource
            xmlns:xsi="http://www.w3.org/2001/XMLSchema-instance"
            exportedWithPermissions="false" dataFile="wiring.data" xsi:type="fileResource">
            <folder>/organizations/organization_1/dashboards/groupDashboards/CMS/Section_508_versions/CMS_ER_LR_Primary_Specialist_Workload_Dashboard___508_files</folder>
            <name>wiring</name>
            <version>1</version>
            <label>wiring</label>
            <creationDate>2019-07-01T14:31:44.000-04:00</creationDate>
            <updateDate>2019-07-01T14:31:44.000-04:00</updateDate>
            <fileType>json</fileType>
        </localResource>
    </resource>
    <resource>
        <localResource
            xmlns:xsi="http://www.w3.org/2001/XMLSchema-instance"
            exportedWithPermissions="false" dataFile="layout" xsi:type="contentResource">
            <folder>/organizations/organization_1/dashboards/groupDashboards/CMS/Section_508_versions/CMS_ER_LR_Primary_Specialist_Workload_Dashboard___508_files</folder>
            <name>layout</name>
            <version>1</version>
            <label>layout</label>
            <creationDate>2019-07-01T14:31:44.000-04:00</creationDate>
            <updateDate>2019-07-01T14:31:44.000-04:00</updateDate>
            <fileType>html</fileType>
        </localResource>
    </resource>
    <resource>
        <localResource
            xmlns:xsi="http://www.w3.org/2001/XMLSchema-instance"
            exportedWithPermissions="false" dataFile="components.data" xsi:type="fileResource">
            <folder>/organizations/organization_1/dashboards/groupDashboards/CMS/Section_508_versions/CMS_ER_LR_Primary_Specialist_Workload_Dashboard___508_files</folder>
            <name>components</name>
            <version>1</version>
            <label>components</label>
            <creationDate>2019-07-01T14:31:44.000-04:00</creationDate>
            <updateDate>2019-07-01T14:31:44.000-04:00</updateDate>
            <fileType>dashboardComponent</fileType>
        </localResource>
    </resource>
    <resource>
        <uri>/organizations/organization_1/reports/CMS/ER_LR_Primary_Specialist_Workload_Dashboard/ERLR_Primary_Specialist_Workload_Section_Header</uri>
    </resource>
    <resource>
        <uri>/organizations/organization_1/reports/CMS/Section_508/ER_LR_Primary_Specialist_Workload_Dashboard___508/Number_of_ER_LR_Cases_by_Primary_Specialist___508</uri>
    </resource>
    <resource>
        <uri>/organizations/organization_1/reports/CMS/Section_508/ER_LR_Primary_Specialist_Workload_Dashboard___508/Primary_Specialist_ER_LR_Cases_by_Component___508</uri>
    </resource>
    <resource>
        <localResource
            xmlns:xsi="http://www.w3.org/2001/XMLSchema-instance"
            exportedWithPermissions="false" xsi:type="inputControl">
            <folder>/organizations/organization_1/dashboards/groupDashboards/CMS/Section_508_versions/CMS_ER_LR_Primary_Specialist_Workload_Dashboard___508_files</folder>
            <name>DATE_RANGE_FROM</name>
            <version>0</version>
            <label>DATE_RANGE_FROM</label>
            <creationDate>2019-07-01T14:31:44.000-04:00</creationDate>
            <updateDate>2019-07-01T14:31:44.000-04:00</updateDate>
            <type>2</type>
            <mandatory>false</mandatory>
            <readOnly>false</readOnly>
            <visible>true</visible>
            <dataType>
                <localResource exportedWithPermissions="false" xsi:type="dataType">
                    <folder>/organizations/organization_1/dashboards/groupDashboards/CMS/Section_508_versions/CMS_ER_LR_Primary_Specialist_Workload_Dashboard___508_files/DATE_RANGE_FROM_files</folder>
                    <name>myDatatype</name>
                    <version>0</version>
                    <label>myDatatype</label>
                    <creationDate>2019-07-01T14:31:44.000-04:00</creationDate>
                    <updateDate>2019-07-01T14:31:44.000-04:00</updateDate>
                    <type>3</type>
                    <strictMin>false</strictMin>
                    <strictMax>false</strictMax>
                </localResource>
            </dataType>
        </localResource>
    </resource>
    <resource>
        <localResource
            xmlns:xsi="http://www.w3.org/2001/XMLSchema-instance"
            exportedWithPermissions="false" xsi:type="inputControl">
            <folder>/organizations/organization_1/dashboards/groupDashboards/CMS/Section_508_versions/CMS_ER_LR_Primary_Specialist_Workload_Dashboard___508_files</folder>
            <name>DATE_RANGE_TO</name>
            <version>0</version>
            <label>DATE_RANGE_TO</label>
            <creationDate>2019-07-01T14:31:44.000-04:00</creationDate>
            <updateDate>2019-07-01T14:31:44.000-04:00</updateDate>
            <type>2</type>
            <mandatory>false</mandatory>
            <readOnly>false</readOnly>
            <visible>true</visible>
            <dataType>
                <localResource exportedWithPermissions="false" xsi:type="dataType">
                    <folder>/organizations/organization_1/dashboards/groupDashboards/CMS/Section_508_versions/CMS_ER_LR_Primary_Specialist_Workload_Dashboard___508_files/DATE_RANGE_TO_files</folder>
                    <name>myDatatype</name>
                    <version>0</version>
                    <label>myDatatype</label>
                    <creationDate>2019-07-01T14:31:44.000-04:00</creationDate>
                    <updateDate>2019-07-01T14:31:44.000-04:00</updateDate>
                    <type>3</type>
                    <strictMin>false</strictMin>
                    <strictMax>false</strictMax>
                </localResource>
            </dataType>
        </localResource>
    </resource>
    <resource>
        <uri>/organizations/organization_1/Input_Controls/CMS/Primary_Specialist_Workload_Dashboard/Case_Status</uri>
    </resource>
    <resource>
        <uri>/organizations/organization_1/Input_Controls/CMS/Primary_Specialist_Workload_Dashboard/Primary_Specialists</uri>
    </resource>
</dashboardModelResource>
