<?xml version="1.0" encoding="UTF-8"?>
<dashboardModelResource exportedWithPermissions="false">
    <folder>/organizations/organization_1/dashboards/groupDashboards/CMS/Section_508_versions</folder>
    <name>ER_LR_Quarterly_Dashboard__508</name>
    <version>22</version>
    <label>CMS ER/LR Quarterly Dashboard -508</label>
    <creationDate>2019-06-28T12:10:02.000-04:00</creationDate>
    <updateDate>2019-07-02T13:33:16.000-04:00</updateDate>
    <defaultFoundation>default</defaultFoundation>
    <foundation>
        <id>default</id>
        <layout>layout</layout>
        <wiring>wiring</wiring>
        <components>components</components>
    </foundation>
    <resourceDescriptor>
        <type>wiring</type>
        <id>wiring</id>
    </resourceDescriptor>
    <resourceDescriptor>
        <type>layout</type>
        <id>layout</id>
    </resourceDescriptor>
    <resourceDescriptor>
        <type>components</type>
        <id>components</id>
    </resourceDescriptor>
    <resourceDescriptor>
        <type>reportUnit</type>
        <id>/reports/CMS/Section_508/ER_LR_Quarterly_Data_Dashboard___508/ERLR_Special_Cases_Count___508</id>
    </resourceDescriptor>
    <resourceDescriptor>
        <type>reportUnit</type>
        <id>/reports/CMS/Section_508/ER_LR_Quarterly_Data_Dashboard___508/ERLR_Number_of_Case_by_Case_Type__508_</id>
    </resourceDescriptor>
    <resourceDescriptor>
        <type>reportUnit</type>
        <id>/reports/CMS/Section_508/ER_LR_Quarterly_Data_Dashboard___508/ERLR_Case_Total___508</id>
    </resourceDescriptor>
    <resourceDescriptor>
        <type>reportUnit</type>
        <id>/reports/CMS/Section_508/ER_LR_Quarterly_Data_Dashboard___508/Number_of_Cases_Initiated_for_Fiscal</id>
    </resourceDescriptor>
    <resourceDescriptor>
        <type>inputControl</type>
        <id>/Input_Controls/CMS/ERLR_Dashboard/COMPONENT</id>
    </resourceDescriptor>
    <resourceDescriptor>
        <type>inputControl</type>
        <id>/Input_Controls/CMS/Common_Lookups/ADMIN_CD</id>
    </resourceDescriptor>
    <resourceDescriptor>
        <type>inputControl</type>
        <id>/Input_Controls/CMS/ERLR_Dashboard/INC_SUBORG</id>
    </resourceDescriptor>
    <resourceDescriptor>
        <type>inputControl</type>
        <id>/Input_Controls/CMS/ERLR_Dashboard/DATE_RANGE_FROM</id>
    </resourceDescriptor>
    <resourceDescriptor>
        <type>inputControl</type>
        <id>/Input_Controls/CMS/ERLR_Dashboard/DATE_RANGE_TO</id>
    </resourceDescriptor>
    <resourceDescriptor>
        <type>inputControl</type>
        <id>/Input_Controls/CMS/ERLR_Dashboard/FISCAL_YEAR</id>
    </resourceDescriptor>
    <resource>
        <localResource
            xmlns:xsi="http://www.w3.org/2001/XMLSchema-instance"
            exportedWithPermissions="false" dataFile="wiring.data" xsi:type="fileResource">
            <folder>/organizations/organization_1/dashboards/groupDashboards/CMS/Section_508_versions/ER_LR_Quarterly_Dashboard__508_files</folder>
            <name>wiring</name>
            <version>1</version>
            <label>wiring</label>
            <creationDate>2019-07-02T13:33:16.000-04:00</creationDate>
            <updateDate>2019-07-02T13:33:16.000-04:00</updateDate>
            <fileType>json</fileType>
        </localResource>
    </resource>
    <resource>
        <localResource
            xmlns:xsi="http://www.w3.org/2001/XMLSchema-instance"
            exportedWithPermissions="false" dataFile="layout" xsi:type="contentResource">
            <folder>/organizations/organization_1/dashboards/groupDashboards/CMS/Section_508_versions/ER_LR_Quarterly_Dashboard__508_files</folder>
            <name>layout</name>
            <version>1</version>
            <label>layout</label>
            <creationDate>2019-07-02T13:33:16.000-04:00</creationDate>
            <updateDate>2019-07-02T13:33:16.000-04:00</updateDate>
            <fileType>html</fileType>
        </localResource>
    </resource>
    <resource>
        <localResource
            xmlns:xsi="http://www.w3.org/2001/XMLSchema-instance"
            exportedWithPermissions="false" dataFile="components.data" xsi:type="fileResource">
            <folder>/organizations/organization_1/dashboards/groupDashboards/CMS/Section_508_versions/ER_LR_Quarterly_Dashboard__508_files</folder>
            <name>components</name>
            <version>1</version>
            <label>components</label>
            <creationDate>2019-07-02T13:33:16.000-04:00</creationDate>
            <updateDate>2019-07-02T13:33:16.000-04:00</updateDate>
            <fileType>dashboardComponent</fileType>
        </localResource>
    </resource>
    <resource>
        <uri>/organizations/organization_1/reports/CMS/Section_508/ER_LR_Quarterly_Data_Dashboard___508/ERLR_Special_Cases_Count___508</uri>
    </resource>
    <resource>
        <uri>/organizations/organization_1/reports/CMS/Section_508/ER_LR_Quarterly_Data_Dashboard___508/ERLR_Number_of_Case_by_Case_Type__508_</uri>
    </resource>
    <resource>
        <uri>/organizations/organization_1/reports/CMS/Section_508/ER_LR_Quarterly_Data_Dashboard___508/ERLR_Case_Total___508</uri>
    </resource>
    <resource>
        <uri>/organizations/organization_1/reports/CMS/Section_508/ER_LR_Quarterly_Data_Dashboard___508/Number_of_Cases_Initiated_for_Fiscal</uri>
    </resource>
    <resource>
        <uri>/organizations/organization_1/Input_Controls/CMS/ERLR_Dashboard/COMPONENT</uri>
    </resource>
    <resource>
        <uri>/organizations/organization_1/Input_Controls/CMS/Common_Lookups/ADMIN_CD</uri>
    </resource>
    <resource>
        <uri>/organizations/organization_1/Input_Controls/CMS/ERLR_Dashboard/INC_SUBORG</uri>
    </resource>
    <resource>
        <uri>/organizations/organization_1/Input_Controls/CMS/ERLR_Dashboard/DATE_RANGE_FROM</uri>
    </resource>
    <resource>
        <uri>/organizations/organization_1/Input_Controls/CMS/ERLR_Dashboard/DATE_RANGE_TO</uri>
    </resource>
    <resource>
        <uri>/organizations/organization_1/Input_Controls/CMS/ERLR_Dashboard/FISCAL_YEAR</uri>
    </resource>
</dashboardModelResource>
