<?xml version="1.0" encoding="UTF-8"?>
<xforms xmlns:mvc="http://www.hyfinity.com/mvc" xmlns="http://www.hyfinity.com/formmaker">
	<instance_configuration />
	<page />
	<group name="justificationSuperQualificationDesc_group" />
	<element name="justificationSuperQualificationDesc">
		<fm:transform_xpath xmlns:fm="http://www.hyfinity.com/formmaker">/mvc:eForm/mvc:Data/mvc:formData/mvc:justificationSuperQualificationDesc</fm:transform_xpath>
		<fm:action name="loadSAMJustification" xmlns:fm="http://www.hyfinity.com/formmaker">
			<fm:xform_xpath>/mvc:eForm/mvc:Data/mvc:formData/mvc:justificationSuperQualificationDesc</fm:xform_xpath>
		</fm:action>
	</element>
	<group name="justificationQualificationComparedDesc_group" />
	<group name="justificationPayEquityDesc_group" />
	<group name="justificationExistingCompensationPkgDesc_group" />
	<group name="justificationExplainIncentiveConsideration_group" />
	<element name="justificationQualificationComparedDesc">
		<fm:transform_xpath xmlns:fm="http://www.hyfinity.com/formmaker">/mvc:eForm/mvc:Data/mvc:formData/mvc:justificationQualificationComparedDesc</fm:transform_xpath>
		<fm:action name="loadSAMJustification" xmlns:fm="http://www.hyfinity.com/formmaker">
			<fm:xform_xpath>/mvc:eForm/mvc:Data/mvc:formData/mvc:justificationQualificationComparedDesc</fm:xform_xpath>
		</fm:action>
	</element>
	<element name="justificationPayEquityDesc">
		<fm:transform_xpath xmlns:fm="http://www.hyfinity.com/formmaker">/mvc:eForm/mvc:Data/mvc:formData/mvc:justificationPayEquityDesc</fm:transform_xpath>
		<fm:action name="loadSAMJustification" xmlns:fm="http://www.hyfinity.com/formmaker">
			<fm:xform_xpath>/mvc:eForm/mvc:Data/mvc:formData/mvc:justificationPayEquityDesc</fm:xform_xpath>
		</fm:action>
	</element>
	<element name="justificationExistingCompensationPkgDesc">
		<fm:transform_xpath xmlns:fm="http://www.hyfinity.com/formmaker">/mvc:eForm/mvc:Data/mvc:formData/mvc:justificationExistingCompensationPkgDesc</fm:transform_xpath>
		<fm:action name="loadSAMJustification" xmlns:fm="http://www.hyfinity.com/formmaker">
			<fm:xform_xpath>/mvc:eForm/mvc:Data/mvc:formData/mvc:justificationExistingCompensationPkgDesc</fm:xform_xpath>
		</fm:action>
	</element>
	<element name="justificationExplainIncentiveConsideration">
		<fm:transform_xpath xmlns:fm="http://www.hyfinity.com/formmaker">/mvc:eForm/mvc:Data/mvc:formData/mvc:justificationExplainIncentiveConsideration</fm:transform_xpath>
		<fm:action name="loadSAMJustification" xmlns:fm="http://www.hyfinity.com/formmaker">
			<fm:xform_xpath>/mvc:eForm/mvc:Data/mvc:formData/mvc:justificationExplainIncentiveConsideration</fm:xform_xpath>
		</fm:action>
	</element>
	<group name="layout_group_6" />
	<group name="layout_group_7" />
</xforms>
