<?xml version="1.0" encoding="UTF-8"?>
<eForm xmlns="http://www.hyfinity.com/mvc" xmlns:mvc="http://www.hyfinity.com/mvc">
	<Control>
		<action>general</action>
		<Page />
		<Controller />
	</Control>
	<Data>
		<FORM_DATA xmlns="">
			<ID />
			<DOCUMENT>
				<MAIN>
					<resetSOSignature />
					<VERSION>1.2</VERSION>
				</MAIN>
				<GENERAL>
					<ADMIN_CD />
					<RT_ID />
					<AT_ID />
					<VT_ID />
					<SAT_ID />
					<CT_ID />
					<SO_ID />
					<SO_TITLE />
					<SO_ORG />
					<XO_ID />
					<XO_TITLE />
					<XO_ORG />
					<POS_ID />
					<HRL_ID />
					<HRL_TITLE />
					<HRL_ORG />
					<SS_ID />
					<CS_ID />
					<SO_AGREE />
					<OTHER_CERT />
				</GENERAL>
			</DOCUMENT>
		</FORM_DATA>
		<formData>
			<sessioninfo />
			<procid />
			<actseq />
			<workseq />
			<appseq />
			<isarchive />
			<readOnly />
			<OTHER_CERT_DATA />
			<classification_type_parent />
			<classification_type_data />
			<SG_ADMIN_CD />
			<AC_ADMIN_CD />
			<AC_ADMIN_CD_DESCR />
			<xoSearch />
			<hrSearch />
			<ssSearch />
			<spSearch />
			<csSearch />
			<group_user_info />
		</formData>
	</Data>
</eForm>
