<?xml version="1.0" encoding="UTF-8"?>
<xforms xmlns="http://www.hyfinity.com/formmaker" xmlns:mvc="http://www.hyfinity.com/mvc">
	<instance_configuration />
	<page />
	<group name="flsa_noex_main_lg" />
	<group name="nonex_lg" />
	<group name="sal_based_grid" />
	<group name="equip_tech_fedwage_grid" />
	<group name="flsa_nonex_hidden_group" />
	<element name="FLSA_NONEX_SALARY">
		<fm:action name="flsa_nonex" xmlns:fm="http://www.hyfinity.com/formmaker">
			<xform_xpath>/mvc:eForm/mvc:Data/FORM_DATA/DOCUMENT/FLSA_NONEX/FLSA_NONEX_SALARY</xform_xpath>
		</fm:action>
		<transform_xpath>/mvc:eForm/mvc:Data/FORM_DATA/DOCUMENT/FLSA_NONEX/FLSA_NONEX_SALARY</transform_xpath>
		<description />
		<fm:action name="flsa_ex" xmlns:fm="http://www.hyfinity.com/formmaker">
			<xform_xpath>/mvc:eForm/mvc:Data/FORM_DATA/DOCUMENT/FLSA_NONEX/FLSA_NONEX_SALARY</xform_xpath>
		</fm:action>
	</element>
	<element name="FLSA_NONEX_EQUIP_OPER">
		<fm:action name="flsa_nonex" xmlns:fm="http://www.hyfinity.com/formmaker">
			<xform_xpath>/mvc:eForm/mvc:Data/FORM_DATA/DOCUMENT/FLSA_NONEX/FLSA_NONEX_EQUIP_OPER</xform_xpath>
		</fm:action>
		<transform_xpath>/mvc:eForm/mvc:Data/FORM_DATA/DOCUMENT/FLSA_NONEX/FLSA_NONEX_EQUIP_OPER</transform_xpath>
		<description />
		<fm:action name="flsa_ex" xmlns:fm="http://www.hyfinity.com/formmaker">
			<xform_xpath>/mvc:eForm/mvc:Data/FORM_DATA/DOCUMENT/FLSA_NONEX/FLSA_NONEX_EQUIP_OPER</xform_xpath>
		</fm:action>
	</element>
	<element name="FLSA_NONEX_TECHN">
		<fm:action name="flsa_nonex" xmlns:fm="http://www.hyfinity.com/formmaker">
			<xform_xpath>/mvc:eForm/mvc:Data/FORM_DATA/DOCUMENT/FLSA_NONEX/FLSA_NONEX_TECHN</xform_xpath>
		</fm:action>
		<transform_xpath>/mvc:eForm/mvc:Data/FORM_DATA/DOCUMENT/FLSA_NONEX/FLSA_NONEX_TECHN</transform_xpath>
		<description />
		<fm:action name="flsa_ex" xmlns:fm="http://www.hyfinity.com/formmaker">
			<xform_xpath>/mvc:eForm/mvc:Data/FORM_DATA/DOCUMENT/FLSA_NONEX/FLSA_NONEX_TECHN</xform_xpath>
		</fm:action>
	</element>
	<element name="FLSA_NONEX_FED_WAGE_SYS">
		<fm:action name="flsa_nonex" xmlns:fm="http://www.hyfinity.com/formmaker">
			<xform_xpath>/mvc:eForm/mvc:Data/FORM_DATA/DOCUMENT/FLSA_NONEX/FLSA_NONEX_FED_WAGE_SYS</xform_xpath>
		</fm:action>
		<transform_xpath>/mvc:eForm/mvc:Data/FORM_DATA/DOCUMENT/FLSA_NONEX/FLSA_NONEX_FED_WAGE_SYS</transform_xpath>
		<description />
		<fm:action name="flsa_ex" xmlns:fm="http://www.hyfinity.com/formmaker">
			<xform_xpath>/mvc:eForm/mvc:Data/FORM_DATA/DOCUMENT/FLSA_NONEX/FLSA_NONEX_FED_WAGE_SYS</xform_xpath>
		</fm:action>
	</element>
	<element name="FLSA_NOEX_REMARKS">
		<description />
		<transform_xpath>/mvc:eForm/mvc:Data/FORM_DATA/DOCUMENT/FLSA_NONEX/FLSA_REMARKS</transform_xpath>
		<fm:action name="flsa_nonex" xmlns:fm="http://www.hyfinity.com/formmaker">
			<xform_xpath>/mvc:eForm/mvc:Data/FORM_DATA/DOCUMENT/FLSA_NONEX/FLSA_REMARKS</xform_xpath>
		</fm:action>
		<fm:action name="flsa_ex" xmlns:fm="http://www.hyfinity.com/formmaker">
			<xform_xpath>/mvc:eForm/mvc:Data/FORM_DATA/DOCUMENT/FLSA_NONEX/FLSA_REMARKS</xform_xpath>
		</fm:action>
	</element>
	<element name="NOEX_PD_NUMBERS">
		<fm:transform_xpath xmlns:fm="http://www.hyfinity.com/formmaker">/mvc:eForm/mvc:Data/mvc:formData/mvc:NOEX_PD_NUMBERS</fm:transform_xpath>
		<fm:action name="flsa_nonex" xmlns:fm="http://www.hyfinity.com/formmaker">
			<fm:xform_xpath>/mvc:eForm/mvc:Data/mvc:formData/mvc:NOEX_PD_NUMBERS</fm:xform_xpath>
		</fm:action>
		<fm:action name="flsa_ex" xmlns:fm="http://www.hyfinity.com/formmaker">
			<fm:xform_xpath>/mvc:eForm/mvc:Data/mvc:formData/mvc:NOEX_PD_NUMBERS</fm:xform_xpath>
		</fm:action>
	</element>
	<group name="flsa_nonex_position_desc_group" />
	<group name="fls_nonex_remark_group" />
</xforms>
