<?xml version="1.0" encoding="UTF-8"?>
<eForm xmlns="http://www.hyfinity.com/mvc" xmlns:mvc="http://www.hyfinity.com/mvc">
	<Control>
		<action>flsa_ex</action>
		<Page />
		<Controller />
	</Control>
	<Data>
		<formData>
			<sessioninfo />
			<procid />
			<actseq />
			<workseq />
			<appseq />
			<isarchive />
			<readOnly />
			<FLSA_EX_PROF_CREATIVE />
			<FLSA_EX_PROF_COMPUTER />
			<FLSAEX_POS_TITLE />
			<FLSAEX_POS_PAY_PLAN_ID />
			<FLSAEX_POS_SERIES />
			<FLSAEX_POS_AC_ID />
			<FLSAEX_ORGANIZATION />
			<FLSAEX_JOB_CODE />
			<FLSA_NONEX_SALARY />
			<FLSA_NONEX_EQUIP_OPER />
			<FLSA_NONEX_TECHN />
			<FLSA_NONEX_FED_WAGE_SYS />
			<FLSA_EX_EXEC />
			<FLSA_EX_ADMIN />
			<FLSA_EX_PROF_LEARNED />
			<FLSA_EX_LAW_ENFORC />
			<FLSA_EX_FOREIGN />
			<FINAL_DETERMINATION />
			<FLSA_EX_REMARKS />
			<NOEX_REMARKS />
		</formData>
		<FORM_DATA xmlns="">
			<ID />
			<DOCUMENT>
				<GENERAL>
					<PD_EMPLOYING_OFFICE />
					<CS_TITLE />
					<PD_ORG_POS_TITLE />
					<CS_PAY_PLAN_ID />
					<CS_SR_ID />
					<CS_PD_NUMBER_JOBCD_1 />
					<CS_CLASSIFICATION_DT_1 />
					<CS_GR_ID_1 />
					<CS_FLSA_DETERM_ID_1 />
					<CS_PD_NUMBER_JOBCD_2 />
					<CS_CLASSIFICATION_DT_2 />
					<CS_GR_ID_2 />
					<CS_FLSA_DETERM_ID_2 />
					<CS_PD_NUMBER_JOBCD_3 />
					<CS_CLASSIFICATION_DT_3 />
					<CS_GR_ID_3 />
					<CS_FLSA_DETERM_ID_3 />
					<CS_PD_NUMBER_JOBCD_4 />
					<CS_CLASSIFICATION_DT_4 />
					<CS_GR_ID_4 />
					<CS_FLSA_DETERM_ID_4 />
					<CS_PD_NUMBER_JOBCD_5 />
					<CS_CLASSIFICATION_DT_5 />
					<CS_GR_ID_5 />
					<CS_FLSA_DETERM_ID_5 />
					<CS_PERFORMANCE_LEVEL />
					<PD_SUBJECT_IA />
					<CS_AC_ID />
					<PD_ORGANIZATION />
					<PD_SUB_ORG_1 />
					<PD_SUB_ORG_2 />
					<PD_SUB_ORG_3 />
					<PD_SUB_ORG_4 />
					<PD_SUB_ORG_5 />
					<CS_SUPERVISORY />
					<PD_SCOPE />
					<POS_INFORMATION>
						<PD_PCA />
						<PD_PDP />
						<PD_FTT />
						<PD_OUTSTATION />
						<PD_INCUMBENCY />
					</POS_INFORMATION>
					<PD_REMARKS />
				</GENERAL>
				<CLASSIFICATION_CODE>
					<CS_FIN_STMT_REQ_ID />
					<PD_ACQ_CODE />
					<PD_CYB_SEC_CD />
					<CS_SEC_ID />
					<PD_COMPET_LVL_CD />
					<PD_BUS_CD />
				</CLASSIFICATION_CODE>
				<FLSA_EX>
					<FLSA_EX_EXEC />
					<FLSA_EX_ADMIN />
					<FLSA_EX_PROF_LEARNED />
					<FLSA_EX_PROF_CREATIVE />
					<FLSA_EX_PROF_COMPUTER />
					<FLSA_EX_LAW_ENFORC />
					<FLSA_EX_FOREIGN />
					<FLSA_REMARKS />
				</FLSA_EX>
				<FLSA_NONEX>
					<FLSA_NONEX_SALARY />
					<FLSA_NONEX_EQUIP_OPER />
					<FLSA_NONEX_TECHN />
					<FLSA_NONEX_FED_WAGE_SYS />
					<FLSA_REMARKS />
				</FLSA_NONEX>
				<APPROVAL>
					<PD_SUPV_CERT />
					<PD_SUPV_NAME />
					<PD_SUPV_TITLE />
					<PD_SUPV_SIG />
					<PD_SUPV_SIG_DT />
					<PD_CLS_SPEC_CERT />
					<PD_CLS_SPEC_NAME />
					<PD_CLS_SPEC_TITLE />
					<PD_CLS_SPEC_SIG />
					<PD_CLS_SPEC_DT />
				</APPROVAL>
				<PROCESS_VARIABLE>
					<cancelReason />
					<coversheetApprovedBySO />
					<finalPackageApprovedSO />
					<modifyCoversheetFeedback />
					<modifyFinalPackageFeedback />
					<requestStatus />
					<requestStatusDate />
				</PROCESS_VARIABLE>
			</DOCUMENT>
		</FORM_DATA>
	</Data>
</eForm>
