<?xml version="1.0" encoding="UTF-8"?>
<inputControl exportedWithPermissions="false">
    <folder>/organizations/organization_1/Input_Controls</folder>
    <name>CLSF_TYPE</name>
    <version>2</version>
    <label>Classification Type</label>
    <description>Classification Type parameter</description>
    <creationDate>2018-01-03T13:48:05.000-05:00</creationDate>
    <updateDate>2018-01-18T13:41:21.000-05:00</updateDate>
    <type>2</type>
    <mandatory>false</mandatory>
    <readOnly>false</readOnly>
    <visible>false</visible>
    <dataType>
        <localResource
            xmlns:xsi="http://www.w3.org/2001/XMLSchema-instance"
            exportedWithPermissions="false" xsi:type="dataType">
            <folder>/organizations/organization_1/Input_Controls/CLSF_TYPE_files</folder>
            <name>CLSF_TYPE</name>
            <version>2</version>
            <label>CLSF_TYPE</label>
            <creationDate>2018-01-03T13:48:05.000-05:00</creationDate>
            <updateDate>2018-01-03T13:48:05.000-05:00</updateDate>
            <type>1</type>
            <strictMin>false</strictMin>
            <strictMax>false</strictMax>
        </localResource>
    </dataType>
</inputControl>
