<?xml version="1.0" encoding="UTF-8"?>
<inputControl exportedWithPermissions="false">
    <folder>/organizations/organization_1/Input_Controls</folder>
    <name>COMP_DATE_FROM</name>
    <version>2</version>
    <label>Complete Date From</label>
    <description>Start Date for the Complete Date date range</description>
    <creationDate>2018-01-03T13:28:09.000-05:00</creationDate>
    <updateDate>2018-01-18T13:41:40.000-05:00</updateDate>
    <type>2</type>
    <mandatory>true</mandatory>
    <readOnly>false</readOnly>
    <visible>false</visible>
    <dataType>
        <localResource
            xmlns:xsi="http://www.w3.org/2001/XMLSchema-instance"
            exportedWithPermissions="false" xsi:type="dataType">
            <folder>/organizations/organization_1/Input_Controls/COMP_DATE_FROM_files</folder>
            <name>COMP_DATE_FROM</name>
            <version>2</version>
            <label>COMP_DATE_FROM</label>
            <creationDate>2018-01-03T13:28:09.000-05:00</creationDate>
            <updateDate>2018-01-03T13:28:09.000-05:00</updateDate>
            <type>3</type>
            <strictMin>false</strictMin>
            <strictMax>false</strictMax>
        </localResource>
    </dataType>
</inputControl>
