<?xml version="1.0" encoding="UTF-8"?>
<inputControl exportedWithPermissions="false">
    <folder>/organizations/organization_1/Input_Controls</folder>
    <name>SS_ID</name>
    <version>0</version>
    <label>Staffing Specialist</label>
    <description>Staffing Specialist parameter</description>
    <creationDate>2018-01-09T16:30:15.000-05:00</creationDate>
    <updateDate>2018-01-09T16:30:15.000-05:00</updateDate>
    <type>2</type>
    <mandatory>false</mandatory>
    <readOnly>false</readOnly>
    <visible>true</visible>
    <dataType>
        <localResource
            xmlns:xsi="http://www.w3.org/2001/XMLSchema-instance"
            exportedWithPermissions="false" xsi:type="dataType">
            <folder>/organizations/organization_1/Input_Controls/SS_ID_files</folder>
            <name>SS_ID</name>
            <version>0</version>
            <label>SS_ID</label>
            <creationDate>2018-01-09T16:30:15.000-05:00</creationDate>
            <updateDate>2018-01-09T16:30:15.000-05:00</updateDate>
            <type>1</type>
            <strictMin>false</strictMin>
            <strictMax>false</strictMax>
        </localResource>
    </dataType>
</inputControl>
