<?xml version="1.0" encoding="UTF-8"?>
<eForm xmlns="http://www.hyfinity.com/mvc" xmlns:mvc="http://www.hyfinity.com/mvc">
	<Control>
		<action>loadSAMDetails</action>
		<Page />
		<Controller />
	</Control>
	<Data>
		<formData>
			<sessioninfo />
			<procid />
			<actseq />
			<workseq />
			<appseq />
			<isarchive />
			<readOnly />
			<selecteeSalaryPerAnnum />
			<selecteeSalaryType />
			<selecteeBenefits />
			<selecteeBonus />
			<selecteeTotalCompensation />
			<componentRcmdGrade />
			<componentRcmdStep />
			<componentRcmdSalaryPerAnnum />
			<supportSAM />
			<dateSupDocRequested />
			<dateSupDocReceived />
			<hrInitialSalaryGrade />
			<hrInitialSalarySalaryPerAnnum />
			<hrInitialSalaryLocalityPayScale />
			<componentRcmdLocalityPayScale />
			<hrInitialSalaryStep />
			<cocDirector_ac />
		</formData>
	</Data>
</eForm>
