<?xml version="1.0" encoding="UTF-8"?>
<eForm xmlns="http://www.hyfinity.com/mvc" xmlns:mvc="http://www.hyfinity.com/mvc">
	<Control>
		<action />
		<Page />
		<Controller />
	</Control>
	<Data>
		<formData>
			<selecteeSalaryPerAnnum />
			<selecteeSalaryType />
			<selecteeBenefits />
			<selecteeBonus />
			<selecteeTotalCompensation />
			<componentRcmdGrade />
			<componentRcmdStep />
			<componentRcmdSalaryPerAnnum />
			<supportSAM />
			<dateSupDocRequested />
			<dateSupDocReceived />
			<hrInitialSalarySalaryPerAnnum />
			<hrInitialSalaryLocalityPayScale />
			<componentRcmdLocalityPayScale />
			<hrInitialSalaryStep />
		</formData>
	</Data>
</eForm>
