<?xml version="1.0" encoding="UTF-8"?>
<fm:structure xmlns:fm="http://www.hyfinity.com/formmaker">
	<form_details xmlns="http://www.hyfinity.com/formmaker">
		<error_highlight_method alert="false" as_you_type="true" validation_mode="all">bubble</error_highlight_method>
		<hint_display_method>tooltip</hint_display_method>
		<top_level_message class="topLevelMessage" required="false" style="" />
		<mark_mandatory class="mandatory" location="after_label" required="true" style=""> * </mark_mandatory>
		<description>Enter a description.</description>
		<page_background_style class="" style="" />
		<page_content_style class="" style="" />
		<page_events>
			<events>
				<event id="onload">
					<action id="CustomScript">
						<param name="Script" option="Script">//classificationFLSA.initNonExempt();</param>
					</action>
				</event>
			</events>
		</page_events>
		<external_events />
	</form_details>
	<fm:group border_styling="false" compatability="false" fieldset="false" gen_method="layout" hide="false" label_position="top" name="flsa_noex_main_lg" submit_if_hidden="true">
		<label class="label" options="static" position="outside_group" position_override="top" required="false" style="" type="static" value="FLSA Tab" xmlns="http://www.hyfinity.com/formmaker">
			<container class="groupLabelBackground" options="static" style="">
				<content_alignment distribution="vertical" />
			</container>
		</label>
		<style class="" options="static" style="" xmlns="http://www.hyfinity.com/formmaker" />
		<fm:content_alignment distribution="vertical" halign="left" valign="top" />
		<fm:sizing height="custom" width="custom" />
		<palette_ref control="Layout Group" xmlns="http://www.hyfinity.com/formmaker" />
		<fm:group border_styling="false" compatability="false" fieldset="false" gen_method="layout" hide="false" label_position="left" name="flsa_nonex_position_desc_group" submit_if_hidden="true">
			<label class="label" options="static" position="outside_group" position_override="top" required="false" style="" type="static" value="Layout Group" xmlns="http://www.hyfinity.com/formmaker">
				<container class="groupLabelBackground" options="static" style="">
					<content_alignment distribution="vertical" />
				</container>
			</label>
			<style class="" options="static" style="" xmlns="http://www.hyfinity.com/formmaker" />
			<fm:content_alignment distribution="vertical" halign="left" valign="top" />
			<fm:sizing height="fit_to_content" width="fully_expand" />
			<palette_ref control="Layout Group" xmlns="http://www.hyfinity.com/formmaker" />
			<fm:element disable="false" disable_method="read_only" generate="true" hide="false" name="NOEX_PD_NUMBERS">
				<field xmlns="http://www.hyfinity.com/formmaker">
					<input options="dynamic">output</input>
					<style class="defaultBackground outputControl" options="static" style="" />
					<element_style class="output" options="static" style="" />
					<date_picker class="datePickerIcon" content="" required="false" type="normal" />
					<label class="label" options="static" required="true" style="" type="static" value="Position Description Number(s)/Job Code(s)">
						<container class="labelBackground labelControl" options="static" style="width : 310px;">
							<sizing width="custom" />
						</container>
					</label>
					<container />
				</field>
				<constraints validate="false" xmlns="http://www.hyfinity.com/formmaker">
					<type>string</type>
					<required>false</required>
					<enumeration use_for_output="false" />
				</constraints>
				<error xmlns="http://www.hyfinity.com/formmaker">
					<hint class="hintIcon" style="" use="false">Enter a hint here.</hint>
					<server class="errorIcon" retain="false" style="" use="false" />
				</error>
				<palette_ref control="Output" xmlns="http://www.hyfinity.com/formmaker" />
				<accessibility xmlns="http://www.hyfinity.com/formmaker">
					<tab_index>0</tab_index>
				</accessibility>
			</fm:element>
			<fm:custom name="spacer" type="spacer">
				<fm:code>
					<div style="height: 21px; width: 150px;" xmlns=""></div>
				</fm:code>
				<fm:description />
				<palette_ref control="Spacer" xmlns="http://www.hyfinity.com/formmaker" />
			</fm:custom>
		</fm:group>
		<fm:group border_styling="false" compatability="false" fieldset="false" gen_method="layout" hide="false" label_position="left" name="nonex_lg" submit_if_hidden="true">
			<label class="label" options="static" position="outside_group" required="true" style="" type="static" value="Non-Exempt Criteria" xmlns="http://www.hyfinity.com/formmaker">
				<container class="groupLabelBackground" options="static" style="">
					<content_alignment distribution="vertical" />
					<sizing width="custom" />
				</container>
			</label>
			<style class="" options="static" style="" xmlns="http://www.hyfinity.com/formmaker" />
			<fm:content_alignment distribution="vertical" halign="left" valign="top" />
			<fm:sizing height="fit_to_content" width="custom" />
			<palette_ref control="Layout Group" xmlns="http://www.hyfinity.com/formmaker" />
			<fm:group border_styling="false" compatability="false" fieldset="false" gen_method="grid" hide="false" label_position="left" name="sal_based_grid" submit_if_hidden="true">
				<label class="cmsNoteBold" options="static" position="outside_group" position_override="top" required="true" style="" type="static" value="Salary-based non-exemption (5 CFR 551.203)" xmlns="http://www.hyfinity.com/formmaker"></label>
				<style class="" options="static" style="" xmlns="http://www.hyfinity.com/formmaker" />
				<grid_structure cols="2" rows="1" xmlns="http://www.hyfinity.com/formmaker">
					<grid_component col="1" name="FLSA_NONEX_SALARY" row="1" />
					<grid_component col="2" name="LBL_FLSA_NONEX_SALARY" row="1" />
				</grid_structure>
				<fm:content_alignment distribution="vertical" halign="left" valign="top" />
				<fm:sizing height="fit_to_content" width="fully_expand" />
				<palette_ref control="Layout Grid" xmlns="http://www.hyfinity.com/formmaker" />
				<fm:element disable="false" disable_method="disabled" generate="true" hide="false" name="FLSA_NONEX_SALARY">
					<field xmlns="http://www.hyfinity.com/formmaker">
						<input caption="true" options="static" unchecked_value="false">checkbox</input>
						<style class="defaultBackground checkboxControl" options="static" style="width : 25px;" />
						<element_style class="checkbox" options="static" style="" />
						<date_picker class="" content="" required="false" type="normal" />
						<label class="label" options="static" required="false" style="max-width: 500px; word-wrap: normal; word-break: break-all;" type="static" value="Primary duty of the position is management or supervision; work involves customarily and regularly directing the work of subordinates and has the authority to hire, remove, or evaluate performance as well as make recommendations on employment issues that are given particular weight by higher-level supervisors or managers.">
							<container class="labelBackground labelControl" options="static" />
						</label>
						<container>
							<content_alignment halign="left" valign="top" />
							<sizing width="custom" />
						</container>
					</field>
					<constraints validate="true" xmlns="http://www.hyfinity.com/formmaker">
						<type>string</type>
						<required>false</required>
						<enumeration use_for_output="false" />
					</constraints>
					<error xmlns="http://www.hyfinity.com/formmaker">
						<hint class="hintIcon" style="" use="false">Enter a hint here.</hint>
						<server class="errorIcon" retain="false" style="" use="false" />
					</error>
					<palette_ref control="Checkbox" xmlns="http://www.hyfinity.com/formmaker" />
					<accessibility xmlns="http://www.hyfinity.com/formmaker">
						<alt>Click to Select Salary-based Non-exemption</alt>
						<tab_index>0</tab_index>
					</accessibility>
				</fm:element>
				<fm:custom name="LBL_FLSA_NONEX_SALARY" type="custom">
					<fm:code>
						<label class="flsaCheckLabel" for="FLSA_NONEX_SALARY" xmlns="">Employee annual rate of basic pay is less than $23,660.</label>
					</fm:code>
					<fm:description>Enter a description.</fm:description>
					<palette_ref control="Custom" xmlns="http://www.hyfinity.com/formmaker" />
				</fm:custom>
			</fm:group>
			<fm:group border_styling="false" compatability="false" fieldset="false" gen_method="grid" hide="false" label_position="left" name="equip_tech_fedwage_grid" submit_if_hidden="true">
				<label class="cmsNoteBold" options="static" position="outside_group" position_override="top" required="true" style="" type="static" value="Non-exemption of certain employees (5 CFR 551.204)" xmlns="http://www.hyfinity.com/formmaker"></label>
				<style class="" options="static" style="" xmlns="http://www.hyfinity.com/formmaker" />
				<grid_structure cols="2" rows="3" xmlns="http://www.hyfinity.com/formmaker">
					<grid_component col="1" name="FLSA_NONEX_EQUIP_OPER" row="1" />
					<grid_component col="2" name="LBL_FLSA_NONEX_EQUIP_OPER" row="1" />
					<grid_component col="1" name="FLSA_NONEX_TECHN" row="2" />
					<grid_component col="1" name="FLSA_NONEX_FED_WAGE_SYS" row="3" />
					<grid_component col="2" name="LBL_FLSA_NONEX_TECHN" row="2" />
					<grid_component col="2" name="LBL_FLSA_NONEX_FED_WAGE_SYS" row="3" />
				</grid_structure>
				<fm:content_alignment distribution="vertical" halign="left" valign="top" />
				<fm:sizing height="fit_to_content" width="fully_expand" />
				<palette_ref control="Layout Grid" xmlns="http://www.hyfinity.com/formmaker" />
				<fm:element disable="false" disable_method="disabled" generate="true" hide="false" name="FLSA_NONEX_EQUIP_OPER">
					<field xmlns="http://www.hyfinity.com/formmaker">
						<input caption="true" options="static" unchecked_value="false">checkbox</input>
						<style class="defaultBackground checkboxControl" options="static" style="width : 25px;" />
						<element_style class="checkbox" options="static" style="" />
						<date_picker class="" content="" required="false" type="normal" />
						<label class="label" options="static" required="false" style="max-width: 500px; word-wrap: normal; word-break: break-all;" type="static" value="Primary duty of the position is management or supervision; work involves customarily and regularly directing the work of subordinates and has the authority to hire, remove, or evaluate performance as well as make recommendations on employment issues that are given particular weight by higher-level supervisors or managers.">
							<container class="labelBackground labelControl" options="static" />
						</label>
						<container>
							<content_alignment halign="left" valign="top" />
							<sizing width="custom" />
						</container>
					</field>
					<constraints validate="true" xmlns="http://www.hyfinity.com/formmaker">
						<type>string</type>
						<required>false</required>
						<enumeration use_for_output="false" />
					</constraints>
					<error xmlns="http://www.hyfinity.com/formmaker">
						<hint class="hintIcon" style="" use="false">Enter a hint here.</hint>
						<server class="errorIcon" retain="false" style="" use="false" />
					</error>
					<palette_ref control="Checkbox" xmlns="http://www.hyfinity.com/formmaker" />
					<accessibility xmlns="http://www.hyfinity.com/formmaker">
						<alt>Click to Select Non-supervisory Euipment Operation Non-exemption</alt>
						<tab_index>0</tab_index>
					</accessibility>
				</fm:element>
				<fm:custom name="LBL_FLSA_NONEX_EQUIP_OPER" type="custom">
					<fm:code>
						<label class="flsaCheckLabel" for="FLSA_NONEX_EQUIP_OPER" xmlns="">Position is non-supervisory and engaged in equipment operation, or is a protective or clerical occupation.</label>
					</fm:code>
					<fm:description>Enter a description.</fm:description>
					<palette_ref control="Custom" xmlns="http://www.hyfinity.com/formmaker" />
				</fm:custom>
				<fm:element disable="false" disable_method="disabled" generate="true" hide="false" name="FLSA_NONEX_TECHN">
					<field xmlns="http://www.hyfinity.com/formmaker">
						<input caption="true" options="static" unchecked_value="false">checkbox</input>
						<style class="defaultBackground checkboxControl" options="static" style="width : 25px;" />
						<element_style class="checkbox" options="static" style="" />
						<date_picker class="" content="" required="false" type="normal" />
						<label class="label" options="static" required="false" style="max-width: 500px; word-wrap: normal; word-break: break-all;" type="static" value="Primary duty of the position is management or supervision; work involves customarily and regularly directing the work of subordinates and has the authority to hire, remove, or evaluate performance as well as make recommendations on employment issues that are given particular weight by higher-level supervisors or managers.">
							<container class="labelBackground labelControl" options="static" />
						</label>
						<container>
							<content_alignment halign="left" valign="top" />
							<sizing width="custom" />
						</container>
					</field>
					<constraints validate="true" xmlns="http://www.hyfinity.com/formmaker">
						<type>string</type>
						<required>false</required>
						<enumeration use_for_output="false" />
					</constraints>
					<error xmlns="http://www.hyfinity.com/formmaker">
						<hint class="hintIcon" style="" use="false">Enter a hint here.</hint>
						<server class="errorIcon" retain="false" style="" use="false" />
					</error>
					<palette_ref control="Checkbox" xmlns="http://www.hyfinity.com/formmaker" />
					<accessibility xmlns="http://www.hyfinity.com/formmaker">
						<alt>Click to Select Technical Work Non-exemption</alt>
						<tab_index>0</tab_index>
					</accessibility>
				</fm:element>
				<fm:custom name="LBL_FLSA_NONEX_TECHN" type="custom">
					<fm:code>
						<label class="flsaCheckLabel" for="FLSA_NONEX_TECHN" xmlns="">Position involves technician work properly classified at the GS-09 level or below.</label>
					</fm:code>
					<fm:description>Enter a description.</fm:description>
					<palette_ref control="Custom" xmlns="http://www.hyfinity.com/formmaker" />
				</fm:custom>
				<fm:element disable="false" disable_method="disabled" generate="true" hide="false" name="FLSA_NONEX_FED_WAGE_SYS">
					<field xmlns="http://www.hyfinity.com/formmaker">
						<input caption="true" options="static" unchecked_value="false">checkbox</input>
						<style class="defaultBackground checkboxControl" options="static" style="width : 25px;" />
						<element_style class="checkbox" options="static" style="" />
						<date_picker class="" content="" required="false" type="normal" />
						<label class="label" options="static" required="false" style="max-width: 500px; word-wrap: normal; word-break: break-all;" type="static" value="Primary duty of the position is management or supervision; work involves customarily and regularly directing the work of subordinates and has the authority to hire, remove, or evaluate performance as well as make recommendations on employment issues that are given particular weight by higher-level supervisors or managers.">
							<container class="labelBackground labelControl" options="static" />
						</label>
						<container>
							<content_alignment halign="left" valign="top" />
							<sizing width="custom" />
						</container>
					</field>
					<constraints validate="true" xmlns="http://www.hyfinity.com/formmaker">
						<type>string</type>
						<required>false</required>
						<enumeration use_for_output="false" />
					</constraints>
					<error xmlns="http://www.hyfinity.com/formmaker">
						<hint class="hintIcon" style="" use="false">Enter a hint here.</hint>
						<server class="errorIcon" retain="false" style="" use="false" />
					</error>
					<palette_ref control="Checkbox" xmlns="http://www.hyfinity.com/formmaker" />
					<accessibility xmlns="http://www.hyfinity.com/formmaker">
						<alt>Click to Select Non-supervisory Federal Wage System Non-exemption</alt>
						<tab_index>0</tab_index>
					</accessibility>
				</fm:element>
				<fm:custom name="LBL_FLSA_NONEX_FED_WAGE_SYS" type="custom">
					<fm:code>
						<label class="flsaCheckLabel" for="FLSA_NONEX_FED_WAGE_SYS" xmlns="">Position is nonsupervisory in the Federal Wage System or other comparable wage system.</label>
					</fm:code>
					<fm:description>Enter a description.</fm:description>
					<palette_ref control="Custom" xmlns="http://www.hyfinity.com/formmaker" />
				</fm:custom>
			</fm:group>
			<fm:group border_styling="false" compatability="false" fieldset="false" gen_method="layout" hide="false" label_position="top" name="fls_nonex_remark_group" submit_if_hidden="true">
				<label class="label" options="static" position="outside_group" position_override="top" required="false" style="" type="static" value="Layout Group" xmlns="http://www.hyfinity.com/formmaker">
					<container class="groupLabelBackground" options="static" style="">
						<content_alignment distribution="vertical" />
					</container>
				</label>
				<style class="" options="static" style="" xmlns="http://www.hyfinity.com/formmaker" />
				<fm:content_alignment distribution="vertical" halign="left" valign="top" />
				<fm:sizing height="fit_to_content" width="fully_expand" />
				<palette_ref control="Layout Group" xmlns="http://www.hyfinity.com/formmaker" />
				<fm:element disable="false" disable_method="read_only" generate="true" hide="false" name="FLSA_NOEX_REMARKS">
					<field xmlns="http://www.hyfinity.com/formmaker">
						<input expandable="true" max="10" min="2" options="dynamic" size="150" size-y="5">textarea</input>
						<style class="defaultBackground textareaControl" options="static" style="" />
						<element_style class="textbox" options="static" style="" />
						<date_picker class="datePickerIcon" content="" required="false" type="normal" />
						<label class="label" options="static" position_override="top" required="true" style="" type="static" value="Remarks">
							<container class="labelBackground labelControl" options="static" />
						</label>
						<container />
					</field>
					<constraints validate="true" xmlns="http://www.hyfinity.com/formmaker">
						<type>string</type>
						<required>true</required>
						<maxLength>500</maxLength>
						<enumeration use_for_output="false" />
					</constraints>
					<error xmlns="http://www.hyfinity.com/formmaker">
						<hint class="hintIcon" style="" use="false">Enter a hint here.</hint>
						<server class="errorIcon" retain="false" style="" use="false" />
						<message_override>Please enter remarks.</message_override>
					</error>
					<palette_ref control="Text Area" xmlns="http://www.hyfinity.com/formmaker" />
					<accessibility xmlns="http://www.hyfinity.com/formmaker">
						<alt>Enter Remarks (Maximum 500 Characters)</alt>
						<tab_index>0</tab_index>
					</accessibility>
					<custom_attributes xmlns="http://www.hyfinity.com/formmaker">
						<attribute name="maxLength" type="custom" value="140" />
					</custom_attributes>
				</fm:element>
			</fm:group>
		</fm:group>
	</fm:group>
	<fm:group border_styling="false" compatability="false" fieldset="false" gen_method="layout" hide="false" label_position="left" name="flsa_nonex_hidden_group" submit_if_hidden="true">
		<label class="label" options="static" position="outside_group" position_override="top" required="false" style="" type="static" value="Layout Group" xmlns="http://www.hyfinity.com/formmaker">
			<container class="groupLabelBackground" options="static" style="">
				<content_alignment distribution="vertical" />
			</container>
		</label>
		<style class="hide" options="static" style="" xmlns="http://www.hyfinity.com/formmaker" />
		<fm:content_alignment distribution="vertical" halign="left" valign="top" />
		<fm:sizing height="fit_to_content" width="fully_expand" />
		<palette_ref control="Layout Group" xmlns="http://www.hyfinity.com/formmaker" />
		<fm:custom name="custom_control" type="custom">
			<fm:code>
				<strong xmlns="http://www.hyfinity.com/xfactory">Salary-based non-exemption (5 CFR 551.203)</strong>
			</fm:code>
			<fm:description>Enter a description.</fm:description>
			<palette_ref control="Custom" xmlns="http://www.hyfinity.com/formmaker" />
		</fm:custom>
		<fm:custom name="custom_control_2" type="custom">
			<fm:code>
				<strong xmlns="http://www.hyfinity.com/xfactory">Non-exemption of certain employees (5 CFR 551.204)</strong>
			</fm:code>
			<fm:description>Enter a description.</fm:description>
			<palette_ref control="Custom" xmlns="http://www.hyfinity.com/formmaker" />
		</fm:custom>
		<fm:custom name="LBL_FLSA_NOEX_REMARKS" type="custom">
			<fm:code>
				<label class="customControl" for="FLSA_NOEX_REMARKS" xmlns="http://www.hyfinity.com/xfactory">
					<strong>Remarks</strong>
				</label>
			</fm:code>
			<fm:description>Enter a description.</fm:description>
			<palette_ref control="Custom" xmlns="http://www.hyfinity.com/formmaker" />
		</fm:custom>
	</fm:group>
</fm:structure>
