<?xml version="1.0" encoding="UTF-8"?>
<fm:structure xmlns:fm="http://www.hyfinity.com/formmaker">
	<form_details xmlns="http://www.hyfinity.com/formmaker">
		<error_highlight_method alert="false" as_you_type="true" validation_mode="all">bubble</error_highlight_method>
		<hint_display_method>tooltip</hint_display_method>
		<top_level_message class="topLevelMessage" required="false" style="" />
		<mark_mandatory class="mandatory" location="after_label" required="true" style=""> * </mark_mandatory>
		<description>Enter a description.</description>
		<page_background_style class="" style="" />
		<page_content_style class="" style="" />
		<page_events>
			<events>
				<event id="onload">
					<action id="CustomScript">
						<param name="Script" option="Script">classificationFLSA.initExempt();</param>
					</action>
				</event>
			</events>
		</page_events>
		<external_events />
	</form_details>
	<fm:group border_styling="false" compatability="false" fieldset="false" gen_method="layout" hide="false" label_position="left" name="flsa_ex_main_lg" submit_if_hidden="true">
		<label class="label" options="static" position="outside_group" position_override="top" required="false" style="" type="static" value="FLSA Tab" xmlns="http://www.hyfinity.com/formmaker">
			<container class="groupLabelBackground" options="static" style="">
				<content_alignment distribution="vertical" />
			</container>
		</label>
		<style class="" options="static" style="" xmlns="http://www.hyfinity.com/formmaker" />
		<fm:content_alignment distribution="vertical" halign="left" valign="top" />
		<fm:sizing height="fit_to_content" width="custom" />
		<palette_ref control="Layout Group" xmlns="http://www.hyfinity.com/formmaker" />
		<fm:group border_styling="false" compatability="false" fieldset="false" gen_method="layout" hide="false" label_position="left" name="flsa_ex_position_desc_group" submit_if_hidden="true">
			<label class="label" options="static" position="outside_group" position_override="top" required="false" style="" type="static" value="Layout Group" xmlns="http://www.hyfinity.com/formmaker">
				<container class="groupLabelBackground" options="static" style="">
					<content_alignment distribution="vertical" />
				</container>
			</label>
			<style class="" options="static" style="" xmlns="http://www.hyfinity.com/formmaker" />
			<fm:content_alignment distribution="vertical" halign="left" valign="top" />
			<fm:sizing height="fit_to_content" width="fully_expand" />
			<palette_ref control="Layout Group" xmlns="http://www.hyfinity.com/formmaker" />
			<fm:element disable="false" disable_method="read_only" generate="true" hide="false" name="EX_PD_NUMBERS">
				<field xmlns="http://www.hyfinity.com/formmaker">
					<input options="dynamic">output</input>
					<style class="defaultBackground outputControl" options="static" style="" />
					<element_style class="output" options="static" style="" />
					<date_picker class="datePickerIcon" content="" required="false" type="normal" />
					<label class="label" options="static" required="true" style="" type="static" value="Position Description Number(s)/Job Code(s)">
						<container class="labelBackground labelControl" options="static" style="width : 310px;">
							<sizing width="custom" />
						</container>
						<events />
					</label>
					<container />
				</field>
				<constraints validate="false" xmlns="http://www.hyfinity.com/formmaker">
					<type>string</type>
					<required>false</required>
					<enumeration use_for_output="false" />
				</constraints>
				<error xmlns="http://www.hyfinity.com/formmaker">
					<hint class="hintIcon" style="" use="false">Enter a hint here.</hint>
					<server class="errorIcon" retain="false" style="" use="false" />
				</error>
				<palette_ref control="Output" xmlns="http://www.hyfinity.com/formmaker" />
				<accessibility xmlns="http://www.hyfinity.com/formmaker">
					<tab_index>300</tab_index>
				</accessibility>
			</fm:element>
			<fm:custom name="spacer" type="spacer">
				<fm:code>
					<div style="height: 21px; width: 150px;" xmlns=""></div>
				</fm:code>
				<fm:description>Enter a description.</fm:description>
				<palette_ref control="Spacer" xmlns="http://www.hyfinity.com/formmaker" />
			</fm:custom>
		</fm:group>
		<fm:group border_styling="false" compatability="false" fieldset="false" gen_method="layout" hide="false" label_position="left" name="ex_lg" submit_if_hidden="true">
			<label class="label" options="static" position="outside_group" position_override="top" required="true" style="" type="static" value="Exempt Criteria" xmlns="http://www.hyfinity.com/formmaker">
				<container class="groupLabelBackground" options="static" style="">
					<content_alignment distribution="vertical" />
					<sizing width="custom" />
				</container>
			</label>
			<style class="" options="static" style="" xmlns="http://www.hyfinity.com/formmaker" />
			<fm:content_alignment distribution="vertical" halign="left" valign="top" />
			<fm:sizing height="fit_to_content" width="custom" />
			<palette_ref control="Layout Group" xmlns="http://www.hyfinity.com/formmaker" />
			<fm:group border_styling="false" compatability="false" fieldset="false" gen_method="grid" hide="false" label_position="left" name="exec_grid" submit_if_hidden="true">
				<label class="cmsNoteBold" options="static" position="outside_group" position_override="top" required="true" style="" type="static" value="Executive Exemption Criteria (5 CFR 551.205)" xmlns="http://www.hyfinity.com/formmaker"></label>
				<style class="" options="static" style="" xmlns="http://www.hyfinity.com/formmaker" />
				<grid_structure cols="2" rows="1" xmlns="http://www.hyfinity.com/formmaker">
					<grid_component col="1" name="FLSA_EX_EXEC" row="1" />
					<grid_component col="2" name="LBL_FLSA_EX_EXEC" row="1" />
				</grid_structure>
				<fm:content_alignment distribution="vertical" halign="left" valign="top" />
				<fm:sizing height="fit_to_content" width="fully_expand" />
				<palette_ref control="Layout Grid" xmlns="http://www.hyfinity.com/formmaker" />
				<fm:element disable="false" disable_method="disabled" generate="true" hide="false" name="FLSA_EX_EXEC">
					<field xmlns="http://www.hyfinity.com/formmaker">
						<input caption="true" options="static" unchecked_value="false">checkbox</input>
						<style class="defaultBackground checkboxControl" options="static" style="" />
						<element_style class="checkbox" options="static" style="" />
						<date_picker class="" content="" required="false" type="normal" />
						<label class="label" options="static" required="false" style="max-width: 500px; word-wrap: normal; word-break: break-all;" type="static" value="Primary duty of the position is management or supervision; work involves customarily and regularly directing the work of subordinates and has the authority to hire, remove, or evaluate performance as well as make recommendations on employment issues that are given particular weight by higher-level supervisors or managers.">
							<container class="labelBackground labelControl" options="static" />
						</label>
						<container>
							<content_alignment halign="left" valign="top" />
							<sizing width="fit_to_content" />
						</container>
					</field>
					<constraints validate="true" xmlns="http://www.hyfinity.com/formmaker">
						<type>string</type>
						<required>false</required>
						<enumeration use_for_output="false" />
					</constraints>
					<error xmlns="http://www.hyfinity.com/formmaker">
						<hint class="hintIcon" style="" use="false">Enter a hint here.</hint>
						<server class="errorIcon" retain="false" style="" use="false" />
						<message_override>Please check reason(s) for exemption.</message_override>
					</error>
					<palette_ref control="Checkbox" xmlns="http://www.hyfinity.com/formmaker" />
					<events xmlns="http://www.hyfinity.com/formmaker" />
					<accessibility xmlns="http://www.hyfinity.com/formmaker">
						<alt>Click to Select Executive Exemption Criteria</alt>
						<tab_index>301</tab_index>
					</accessibility>
				</fm:element>
				<fm:custom name="LBL_FLSA_EX_EXEC" type="custom">
					<fm:code>
						<label class="flsaCheckLabel" for="FLSA_EX_EXEC" xmlns="">
    Primary duty of the position is management or supervision; work involves customarily and regularly directing the work of subordinates and has the authority to hire, remove, or evaluate performance as well as make recommendations on employment issues that are given particular weight by higher-level supervisors or managers.
</label>
					</fm:code>
					<fm:description>Enter a description.</fm:description>
					<palette_ref control="Custom" xmlns="http://www.hyfinity.com/formmaker" />
				</fm:custom>
			</fm:group>
			<fm:group border_styling="false" compatability="false" fieldset="false" gen_method="grid" hide="false" label_position="left" name="admin_grid" submit_if_hidden="true">
				<label class="cmsNoteBold" options="static" position="outside_group" position_override="top" required="true" style="" type="static" value="Administrative Exemption Criteria (5 CFR 551.206)" xmlns="http://www.hyfinity.com/formmaker">
					<container style="">
						<sizing width="fully_expand" />
					</container>
				</label>
				<style class="" options="static" style="" xmlns="http://www.hyfinity.com/formmaker" />
				<grid_structure cols="2" rows="1" xmlns="http://www.hyfinity.com/formmaker">
					<grid_component col="2" name="LBL_FLSA_EX_ADMIN" row="1" />
					<grid_component col="1" name="FLSA_EX_ADMIN" row="1" />
				</grid_structure>
				<fm:content_alignment distribution="vertical" halign="left" valign="top" />
				<fm:sizing height="fit_to_content" width="fully_expand" />
				<palette_ref control="Layout Grid" xmlns="http://www.hyfinity.com/formmaker" />
				<fm:element disable="false" disable_method="disabled" generate="true" hide="false" name="FLSA_EX_ADMIN">
					<field xmlns="http://www.hyfinity.com/formmaker">
						<input caption="true" options="static" unchecked_value="false">checkbox</input>
						<style class="defaultBackground checkboxControl" options="static" style="" />
						<element_style class="checkbox" options="static" style="" />
						<date_picker class="" content="" required="false" type="normal" />
						<label class="label" options="static" required="false" style="max-width: 500px; word-wrap: normal; word-break: break-all;" type="static" value="Primary duty of the position is management or supervision; work involves customarily and regularly directing the work of subordinates and has the authority to hire, remove, or evaluate performance as well as make recommendations on employment issues that are given particular weight by higher-level supervisors or managers.">
							<container class="labelBackground labelControl" options="static" />
						</label>
						<container>
							<content_alignment halign="left" valign="top" />
							<sizing width="fit_to_content" />
						</container>
					</field>
					<constraints validate="true" xmlns="http://www.hyfinity.com/formmaker">
						<type>string</type>
						<required>false</required>
						<enumeration use_for_output="false" />
					</constraints>
					<error xmlns="http://www.hyfinity.com/formmaker">
						<hint class="hintIcon" style="" use="false">Enter a hint here.</hint>
						<server class="errorIcon" retain="false" style="" use="false" />
						<message_override>Please check reason(s) for exemption.</message_override>
					</error>
					<palette_ref control="Checkbox" xmlns="http://www.hyfinity.com/formmaker" />
					<accessibility xmlns="http://www.hyfinity.com/formmaker">
						<alt>Click to Select Administrative Exemption Criteria</alt>
						<tab_index>302</tab_index>
					</accessibility>
				</fm:element>
				<fm:custom name="LBL_FLSA_EX_ADMIN" type="custom">
					<fm:code>
						<label class="flsaCheckLabel" for="FLSA_EX_ADMIN" xmlns="">
    Primary duty is performance of office or non-manual work directly related to the management or general business functions. The work involves the exercise of discretion and independent judgment with respect to matters of significance.
</label>
					</fm:code>
					<fm:description>Enter a description.</fm:description>
					<palette_ref control="Custom" xmlns="http://www.hyfinity.com/formmaker" />
				</fm:custom>
			</fm:group>
			<fm:group border_styling="false" compatability="false" fieldset="false" gen_method="grid" hide="false" label_position="left" name="prof_grid" submit_if_hidden="true">
				<label class="cmsNoteBold" options="static" position="outside_group" position_override="top" required="true" style="" type="static" value="Professional Exemption Criteria (5 CFR 551: 208, 209, 210)" xmlns="http://www.hyfinity.com/formmaker"></label>
				<style class="" options="static" style="" xmlns="http://www.hyfinity.com/formmaker" />
				<grid_structure cols="2" rows="6" xmlns="http://www.hyfinity.com/formmaker">
					<grid_component col="2" name="LBL_FLSA_EX_PROF_LEARNED" row="1" />
					<grid_component col="1" name="FLSA_EX_PROF_LEARNED" row="1" />
					<grid_component col="2" name="LBL_FLSA_EX_RROF_CREATIVE" row="3" />
					<grid_component col="1" name="FLSA_EX_PROF_CREATIVE" row="3" />
					<grid_component col="1" name="FLSA_EX_PROF_COMPUTER" row="5" />
					<grid_component col="2" name="LBL_FLSA_EX_PROF_COMPUTER" row="5" />
					<grid_component col="1" name="spacer_2" row="2" />
					<grid_component col="1" name="spacer_3" row="4" />
					<grid_component col="1" name="spacer_4" row="6" />
				</grid_structure>
				<fm:content_alignment distribution="vertical" halign="left" valign="top" />
				<fm:sizing height="fit_to_content" width="fully_expand" />
				<palette_ref control="Layout Grid" xmlns="http://www.hyfinity.com/formmaker" />
				<fm:element disable="false" disable_method="disabled" generate="true" hide="false" name="FLSA_EX_PROF_LEARNED">
					<field xmlns="http://www.hyfinity.com/formmaker">
						<input caption="true" options="static" unchecked_value="false">checkbox</input>
						<style class="defaultBackground checkboxControl" options="static" style="" />
						<element_style class="checkbox" options="static" style="" />
						<date_picker class="" content="" required="false" type="normal" />
						<label class="label" options="static" required="false" style="max-width: 500px; word-wrap: normal; word-break: break-all;" type="static" value="Primary duty of the position is management or supervision; work involves customarily and regularly directing the work of subordinates and has the authority to hire, remove, or evaluate performance as well as make recommendations on employment issues that are given particular weight by higher-level supervisors or managers.">
							<container class="labelBackground labelControl" options="static" />
						</label>
						<container>
							<content_alignment halign="left" valign="top" />
							<sizing width="fit_to_content" />
						</container>
					</field>
					<constraints validate="true" xmlns="http://www.hyfinity.com/formmaker">
						<type>string</type>
						<required>false</required>
						<enumeration use_for_output="false" />
					</constraints>
					<error xmlns="http://www.hyfinity.com/formmaker">
						<hint class="hintIcon" style="" use="false">Enter a hint here.</hint>
						<server class="errorIcon" retain="false" style="" use="false" />
						<message_override>Please check reason(s) for exemption.</message_override>
					</error>
					<palette_ref control="Checkbox" xmlns="http://www.hyfinity.com/formmaker" />
					<accessibility xmlns="http://www.hyfinity.com/formmaker">
						<alt>Click to Select Learned Professional Exemption Criteria</alt>
						<tab_index>303</tab_index>
					</accessibility>
				</fm:element>
				<fm:custom name="LBL_FLSA_EX_PROF_LEARNED" type="custom">
					<fm:code>
						<label class="flsaCheckLabel" for="FLSA_EX_PROF_LEARNED" xmlns="">
    5 CFR 551.208 Learned Professionals: Primary duty is performance of work requiring advanced knowledge in a field of science or learning including the traditional professions of law, medicine, theology, accounting, actuarial computation, engineering, architecture, teaching, pharmacy, various types of physical, chemical and biological sciences, and other similar occupations that have a recognized professional status; entrance into these professions requires a prolonged course of specialized intellectual instruction.
</label>
					</fm:code>
					<fm:description>Enter a description.</fm:description>
					<palette_ref control="Custom" xmlns="http://www.hyfinity.com/formmaker" />
				</fm:custom>
				<fm:custom name="spacer_2" type="spacer">
					<fm:code>
						<div style="height: 5px; width: 10px;" xmlns=""></div>
					</fm:code>
					<fm:description>Enter a description.</fm:description>
					<palette_ref control="Spacer" xmlns="http://www.hyfinity.com/formmaker" />
				</fm:custom>
				<fm:element disable="false" disable_method="disabled" generate="true" hide="false" name="FLSA_EX_PROF_CREATIVE">
					<field xmlns="http://www.hyfinity.com/formmaker">
						<input caption="true" options="static" unchecked_value="false">checkbox</input>
						<style class="defaultBackground checkboxControl" options="static" style="" />
						<element_style class="checkbox" options="static" style="" />
						<date_picker class="" content="" required="false" type="normal" />
						<label class="label" options="static" required="false" style="max-width: 500px; word-wrap: normal; word-break: break-all;" type="static" value="Primary duty of the position is management or supervision; work involves customarily and regularly directing the work of subordinates and has the authority to hire, remove, or evaluate performance as well as make recommendations on employment issues that are given particular weight by higher-level supervisors or managers.">
							<container class="labelBackground labelControl" options="static" />
						</label>
						<container>
							<content_alignment halign="left" valign="top" />
							<sizing width="fit_to_content" />
						</container>
					</field>
					<constraints validate="true" xmlns="http://www.hyfinity.com/formmaker">
						<type>string</type>
						<required>false</required>
						<enumeration use_for_output="false" />
					</constraints>
					<error xmlns="http://www.hyfinity.com/formmaker">
						<hint class="hintIcon" style="" use="false">Enter a hint here.</hint>
						<server class="errorIcon" retain="false" style="" use="false" />
						<message_override>Please check reason(s) for exemption.</message_override>
					</error>
					<palette_ref control="Checkbox" xmlns="http://www.hyfinity.com/formmaker" />
					<accessibility xmlns="http://www.hyfinity.com/formmaker">
						<alt>Click to Select Creative Professional Exemption Criteria</alt>
						<tab_index>304</tab_index>
					</accessibility>
				</fm:element>
				<fm:custom name="LBL_FLSA_EX_RROF_CREATIVE" type="custom">
					<fm:code>
						<label class="flsaCheckLabel" for="FLSA_EX_PROF_CREATIVE" xmlns="">
    5 CFR 551.209 Creative Professionals: Primary duty is performance of work requiring invention, imagination, originality or talent in a recognized field of artistic or creative endeavor such as music, acting, writing, and the graphic arts. Exemption depends upon the extent of invention, imagination, originality or talent of the employee; exemption does not apply to work that can be produced by a person with general manual or intellectual ability and training.
</label>
					</fm:code>
					<fm:description>Enter a description.</fm:description>
					<palette_ref control="Custom" xmlns="http://www.hyfinity.com/formmaker" />
				</fm:custom>
				<fm:custom name="spacer_3" type="spacer">
					<fm:code>
						<div style="height: 5px; width: 10px;" xmlns=""></div>
					</fm:code>
					<fm:description>Enter a description.</fm:description>
					<palette_ref control="Spacer" xmlns="http://www.hyfinity.com/formmaker" />
				</fm:custom>
				<fm:element disable="false" disable_method="disabled" generate="true" hide="false" name="FLSA_EX_PROF_COMPUTER">
					<field xmlns="http://www.hyfinity.com/formmaker">
						<input caption="true" options="static" unchecked_value="false">checkbox</input>
						<style class="defaultBackground checkboxControl" options="static" style="" />
						<element_style class="checkbox" options="static" style="" />
						<date_picker class="" content="" required="false" type="normal" />
						<label class="label" options="static" required="false" style="max-width: 500px; word-wrap: normal; word-break: break-all;" type="static" value="Primary duty of the position is management or supervision; work involves customarily and regularly directing the work of subordinates and has the authority to hire, remove, or evaluate performance as well as make recommendations on employment issues that are given particular weight by higher-level supervisors or managers.">
							<container class="labelBackground labelControl" options="static" />
						</label>
						<container>
							<content_alignment halign="left" valign="top" />
							<sizing width="fit_to_content" />
						</container>
					</field>
					<constraints validate="true" xmlns="http://www.hyfinity.com/formmaker">
						<type>string</type>
						<required>false</required>
						<enumeration use_for_output="false" />
					</constraints>
					<error xmlns="http://www.hyfinity.com/formmaker">
						<hint class="hintIcon" style="" use="false">Enter a hint here.</hint>
						<server class="errorIcon" retain="false" style="" use="false" />
						<message_override>Please check reason(s) for exemption.</message_override>
					</error>
					<palette_ref control="Checkbox" xmlns="http://www.hyfinity.com/formmaker" />
					<accessibility xmlns="http://www.hyfinity.com/formmaker">
						<alt>Click to Select Computer Professional Exemption Criteria</alt>
						<tab_index>305</tab_index>
					</accessibility>
				</fm:element>
				<fm:custom name="LBL_FLSA_EX_PROF_COMPUTER" type="custom">
					<fm:code>
						<label class="flsaCheckLabel" for="FLSA_EX_PROF_COMPUTER" xmlns="">
    5 CFR 551.210 Computer Employees: Primary duty consists of the application of systems analysis techniques and procedures, including consulting with users to determine hardware, software or system functions specifications; OR design development, documentation, analysis, creation, testing or modification of computer systems or programs; OR a combination of these duties. Exemption does not apply to employees engaged in the manufacture or repair of computer hardware and related equipment or to those whose work is highly reliant on computers but whose duties do not consist of the aforementioned. Salary based exemption applies to any computer professional compensated on an hourly bases at a rate of basic pay of $27.63 an hour and above.
</label>
					</fm:code>
					<fm:description>Enter a description.</fm:description>
					<palette_ref control="Custom" xmlns="http://www.hyfinity.com/formmaker" />
				</fm:custom>
				<fm:custom name="spacer_4" type="spacer">
					<fm:code>
						<div style="height: 5px; width: 10px;" xmlns=""></div>
					</fm:code>
					<fm:description>Enter a description.</fm:description>
					<palette_ref control="Spacer" xmlns="http://www.hyfinity.com/formmaker" />
				</fm:custom>
			</fm:group>
			<fm:group border_styling="false" compatability="false" fieldset="false" gen_method="grid" hide="false" label_position="left" name="foreign_grid" submit_if_hidden="true">
				<label class="cmsNoteBold" options="static" position="outside_group" position_override="top" required="true" style="" type="static" value="Foreign Exemption Criteria (5 CFR 551.212)" xmlns="http://www.hyfinity.com/formmaker"></label>
				<style class="" options="static" style="" xmlns="http://www.hyfinity.com/formmaker" />
				<grid_structure cols="2" rows="1" xmlns="http://www.hyfinity.com/formmaker">
					<grid_component col="2" name="LBL_FLSA_EX_LAW_ENFORC" row="1" />
					<grid_component col="1" name="FLSA_EX_FOREIGN" row="1" />
				</grid_structure>
				<fm:content_alignment distribution="vertical" halign="left" valign="top" />
				<fm:sizing height="fit_to_content" width="fully_expand" />
				<palette_ref control="Layout Grid" xmlns="http://www.hyfinity.com/formmaker" />
				<fm:element disable="false" disable_method="disabled" generate="true" hide="false" name="FLSA_EX_FOREIGN">
					<field xmlns="http://www.hyfinity.com/formmaker">
						<input caption="true" options="static" unchecked_value="false">checkbox</input>
						<style class="defaultBackground checkboxControl" options="static" style="" />
						<element_style class="checkbox" options="static" style="" />
						<date_picker class="" content="" required="false" type="normal" />
						<label class="label" options="static" required="false" style="max-width: 500px; word-wrap: normal; word-break: break-all;" type="static" value="Primary duty of the position is management or supervision; work involves customarily and regularly directing the work of subordinates and has the authority to hire, remove, or evaluate performance as well as make recommendations on employment issues that are given particular weight by higher-level supervisors or managers.">
							<container class="labelBackground labelControl" options="static" />
						</label>
						<container>
							<content_alignment halign="left" valign="top" />
							<sizing width="fit_to_content" />
						</container>
					</field>
					<constraints validate="true" xmlns="http://www.hyfinity.com/formmaker">
						<type>string</type>
						<required>false</required>
						<enumeration use_for_output="false" />
					</constraints>
					<error xmlns="http://www.hyfinity.com/formmaker">
						<hint class="hintIcon" style="" use="false">Enter a hint here.</hint>
						<server class="errorIcon" retain="false" style="" use="false" />
						<message_override>Please check reason(s) for exemption.</message_override>
					</error>
					<palette_ref control="Checkbox" xmlns="http://www.hyfinity.com/formmaker" />
					<accessibility xmlns="http://www.hyfinity.com/formmaker">
						<alt>Click to Select Foreign Exemption Criteria</alt>
						<tab_index>306</tab_index>
					</accessibility>
				</fm:element>
				<fm:custom name="LBL_FLSA_EX_LAW_ENFORC" type="custom">
					<fm:code>
						<label class="flsaCheckLabel" for="FLSA_EX_FOREIGN" xmlns="">
    Employees permanently stationed in an exempt area and spend all hours of work in a given work week in one or more exempt areas or employees not permanently stationed in an exempt area, but spend all hours of work in a given work week in one or more exempt areas. Exempt area means any foreign country, or any territory under the jurisdiction of the United States other than a State; the District of Columbia; Puerto Rico; the US Virgin Islands; American Samoa; Guam; Commonwealth of the Northern Mariana Islands; Midway Atoll; Wake Island; Johnston Island; and Palmyra (5 CFR 104).
</label>
					</fm:code>
					<fm:description>Enter a description.</fm:description>
					<palette_ref control="Custom" xmlns="http://www.hyfinity.com/formmaker" />
				</fm:custom>
			</fm:group>
			<fm:group border_styling="false" compatability="false" fieldset="false" gen_method="grid" hide="false" label_position="left" name="law_enforce_grid" submit_if_hidden="true">
				<label class="cmsNoteBold" options="static" position="outside_group" position_override="top" required="true" style="" type="static" value="Law Enforcement Activities (5 CFR 551.216)" xmlns="http://www.hyfinity.com/formmaker">
					<container style="">
						<sizing width="fully_expand" />
					</container>
				</label>
				<style class="" options="static" style="" xmlns="http://www.hyfinity.com/formmaker" />
				<grid_structure cols="2" rows="1" xmlns="http://www.hyfinity.com/formmaker">
					<grid_component col="2" name="LBL_LAWENF_EXEMP_FL" row="1" />
					<grid_component col="1" name="FLSA_EX_LAW_ENFORC" row="1" />
				</grid_structure>
				<fm:content_alignment distribution="vertical" halign="left" valign="top" />
				<fm:sizing height="fit_to_content" width="fully_expand" />
				<palette_ref control="Layout Grid" xmlns="http://www.hyfinity.com/formmaker" />
				<fm:element disable="false" disable_method="disabled" generate="true" hide="false" name="FLSA_EX_LAW_ENFORC">
					<field xmlns="http://www.hyfinity.com/formmaker">
						<input caption="true" options="static" unchecked_value="false">checkbox</input>
						<style class="defaultBackground checkboxControl" options="static" style="" />
						<element_style class="checkbox" options="static" style="" />
						<date_picker class="" content="" required="false" type="normal" />
						<label class="label" options="static" required="false" style="max-width: 500px; word-wrap: normal; word-break: break-all;" type="static" value="Primary duty of the position is management or supervision; work involves customarily and regularly directing the work of subordinates and has the authority to hire, remove, or evaluate performance as well as make recommendations on employment issues that are given particular weight by higher-level supervisors or managers.">
							<container class="labelBackground labelControl" options="static" />
						</label>
						<container>
							<content_alignment halign="left" valign="top" />
							<sizing width="fit_to_content" />
						</container>
					</field>
					<constraints validate="true" xmlns="http://www.hyfinity.com/formmaker">
						<type>string</type>
						<required>false</required>
						<enumeration use_for_output="false" />
					</constraints>
					<error xmlns="http://www.hyfinity.com/formmaker">
						<hint class="hintIcon" style="" use="false">Enter a hint here.</hint>
						<server class="errorIcon" retain="false" style="" use="false" />
						<message_override>Please check reason(s) for exemption.</message_override>
					</error>
					<palette_ref control="Checkbox" xmlns="http://www.hyfinity.com/formmaker" />
					<accessibility xmlns="http://www.hyfinity.com/formmaker">
						<alt>Click to Select Special Law Enforcement Activities Exemption/Exclusion</alt>
						<tab_index>307</tab_index>
					</accessibility>
				</fm:element>
				<fm:custom name="LBL_LAWENF_EXEMP_FL" type="custom">
					<fm:code>
						<label class="flsaCheckLabel" for="FLSA_EX_LAW_ENFORC" xmlns="">
    Special exemption/exclusion applies to all law enforcement agents receiving availability pay.
</label>
					</fm:code>
					<fm:description>Enter a description.</fm:description>
					<palette_ref control="Custom" xmlns="http://www.hyfinity.com/formmaker" />
				</fm:custom>
			</fm:group>
			<fm:group border_styling="false" compatability="false" fieldset="false" gen_method="layout" hide="false" label_position="top" name="flsa_ex_remark_group" submit_if_hidden="true">
				<label class="label" options="static" position="outside_group" position_override="top" required="false" style="" type="static" value="Layout Group" xmlns="http://www.hyfinity.com/formmaker">
					<container class="groupLabelBackground" options="static" style="">
						<content_alignment distribution="vertical" />
					</container>
				</label>
				<style class="" options="static" style="" xmlns="http://www.hyfinity.com/formmaker" />
				<fm:content_alignment distribution="vertical" halign="left" valign="top" />
				<fm:sizing height="fit_to_content" width="fully_expand" />
				<palette_ref control="Layout Group" xmlns="http://www.hyfinity.com/formmaker" />
				<fm:element disable="false" disable_method="read_only" generate="true" hide="false" name="FLSA_EX_REMARKS">
					<field xmlns="http://www.hyfinity.com/formmaker">
						<input expandable="true" max="10" min="2" options="dynamic" size="150" size-y="5">textarea</input>
						<style class="defaultBackground textareaControl" options="static" style="" />
						<element_style class="textbox" options="static" style="" />
						<date_picker class="datePickerIcon" content="" required="false" type="normal" />
						<label class="label" options="static" position_override="top" required="true" style="" type="static" value="Remarks">
							<container class="labelBackground labelControl" options="static" />
						</label>
						<container />
					</field>
					<constraints validate="true" xmlns="http://www.hyfinity.com/formmaker">
						<type>string</type>
						<required>false</required>
						<maxLength>500</maxLength>
						<enumeration use_for_output="false" />
					</constraints>
					<error xmlns="http://www.hyfinity.com/formmaker">
						<hint class="hintIcon" style="" use="false">Enter a hint here.</hint>
						<server class="errorIcon" retain="false" style="" use="false" />
					</error>
					<palette_ref control="Text Area" xmlns="http://www.hyfinity.com/formmaker" />
					<accessibility xmlns="http://www.hyfinity.com/formmaker">
						<alt>Enter Remarks (Maximum 500 Characters)</alt>
						<tab_index>308</tab_index>
					</accessibility>
					<custom_attributes xmlns="http://www.hyfinity.com/formmaker">
						<attribute name="maxLength" type="custom" value="140" />
					</custom_attributes>
				</fm:element>
			</fm:group>
		</fm:group>
	</fm:group>
	<fm:group border_styling="false" compatability="false" fieldset="false" gen_method="layout" hide="false" label_position="left" name="flsa_ex_hidden_group" submit_if_hidden="true">
		<label class="label" options="static" position="outside_group" position_override="top" required="false" style="" type="static" value="Layout Group" xmlns="http://www.hyfinity.com/formmaker">
			<container class="groupLabelBackground" options="static" style="">
				<content_alignment distribution="vertical" />
			</container>
		</label>
		<style class="hide" options="static" style="" xmlns="http://www.hyfinity.com/formmaker" />
		<fm:content_alignment distribution="vertical" halign="left" valign="top" />
		<fm:sizing height="fit_to_content" width="fully_expand" />
		<palette_ref control="Layout Group" xmlns="http://www.hyfinity.com/formmaker" />
		<fm:custom name="custom_control_3" type="custom">
			<fm:code>
				<div class="cmsNoteBold" xmlns="">
    Executive Exemption Criteria (5 CFR 551.205)
</div>
			</fm:code>
			<fm:description>Enter a description.</fm:description>
			<palette_ref control="Custom" xmlns="http://www.hyfinity.com/formmaker" />
		</fm:custom>
		<fm:custom name="custom_control_4" type="custom">
			<fm:code>
				<div class="cmsNoteBold" xmlns="">
    Administrative Exemption Criteria (5 CFR 551.206)
</div>
			</fm:code>
			<fm:description>Enter a description.</fm:description>
			<palette_ref control="Custom" xmlns="http://www.hyfinity.com/formmaker" />
		</fm:custom>
		<fm:custom name="custom_control_5" type="custom">
			<fm:code>
				<div class="cmsNoteBold" xmlns="">
    Professional Exemption Criteria (5 CFR 551: 208, 209, 210)
</div>
			</fm:code>
			<fm:description>Enter a description.</fm:description>
			<palette_ref control="Custom" xmlns="http://www.hyfinity.com/formmaker" />
		</fm:custom>
		<fm:custom name="custom_control_6" type="custom">
			<fm:code>
				<div class="cmsNoteBold" xmlns="">
    Law Enforcement Activities (5 CFR 551.216)
</div>
			</fm:code>
			<fm:description>Enter a description.</fm:description>
			<palette_ref control="Custom" xmlns="http://www.hyfinity.com/formmaker" />
		</fm:custom>
		<fm:custom name="custom_control_7" type="custom">
			<fm:code>
				<div class="cmsNoteBold" xmlns="">
    Foreign Exemption Criteria (5 CFR 551.212)
</div>
			</fm:code>
			<fm:description>Enter a description.</fm:description>
			<palette_ref control="Custom" xmlns="http://www.hyfinity.com/formmaker" />
		</fm:custom>
	</fm:group>
</fm:structure>
