<?xml version="1.0" encoding="UTF-8"?>
<xforms xmlns="http://www.hyfinity.com/formmaker" xmlns:mvc="http://www.hyfinity.com/mvc">
	<instance_configuration>
		<action base="saveNewForm" maintain_form_data="false" name="saveTabContent" />
		<action maintain_form_data="true" name="saveNewForm" />
	</instance_configuration>
	<page />
	<group name="background" />
	<group name="container" />
	<group name="logoSection" />
	<group name="logo" />
	<group name="title" />
	<group name="actionButtonPerActivity" />
	<group name="commonHeader" />
	<group name="commmonInfo" />
	<group name="bodySection" />
	<group name="tab_container_group" />
	<group name="tab1" />
	<group name="partial_tab1" />
	<group name="tab2" />
	<group name="partial_tab2" />
	<group name="tab3" />
	<group name="partial_tab3" />
	<group name="tab4" />
	<group name="partial_tab4" />
	<group name="tab5" />
	<group name="partial_tab5" />
	<group name="tab6" />
	<group name="partial_tab6" />
	<group name="layout_TabPreviousNext" />
	<group name="layout_group" />
	<group name="bottomSection" />
	<group name="actionButtonsTop_2" />
	<group name="action_button_per_activity_bottom" />
	<group name="action_button_conduct_review_group" />
	<group name="action_button_update_request_group" />
	<group name="action_button_selection_group" />
	<group name="action_button_approve_group" />
	<group name="action_button_default_group" />
	<group name="action_button_common_group" />
	<element name="tab_control">
		<fm:transform_xpath xmlns:fm="http://www.hyfinity.com/formmaker">/mvc:eForm/mvc:Data/mvc:formData/mvc:tab_control</fm:transform_xpath>
		<action name="saveNewForm">
			<xform_xpath>enter_xpath_here</xform_xpath>
		</action>
		<description />
	</element>
	<element name="logoImage">
		<fm:action name="saveNewForm" xmlns:fm="http://www.hyfinity.com/formmaker">
			<fm:xform_xpath>/mvc:eForm/mvc:Data/mvc:formData/mvc:logoImage</fm:xform_xpath>
		</fm:action>
		<fm:transform_xpath xmlns:fm="http://www.hyfinity.com/formmaker">/mvc:eForm/mvc:Data/mvc:formData/mvc:logoImage</fm:transform_xpath>
		<description />
	</element>
	<element name="formTitle">
		<fm:action name="saveNewForm" xmlns:fm="http://www.hyfinity.com/formmaker">
			<fm:xform_xpath>/mvc:eForm/mvc:Data/mvc:formData/mvc:formTitle</fm:xform_xpath>
		</fm:action>
		<fm:transform_xpath xmlns:fm="http://www.hyfinity.com/formmaker">/mvc:eForm/mvc:Data/mvc:formData/mvc:formTitle</fm:transform_xpath>
		<description />
	</element>
	<element name="requestNumber">
		<fm:action name="saveNewForm" xmlns:fm="http://www.hyfinity.com/formmaker" />
		<fm:transform_xpath xmlns:fm="http://www.hyfinity.com/formmaker">/mvc:eForm/mvc:Data/mvc:formData/mvc:requestNumber</fm:transform_xpath>
		<description />
	</element>
	<element name="initiatedDate">
		<fm:action name="saveNewForm" xmlns:fm="http://www.hyfinity.com/formmaker">
			<fm:xform_xpath>/mvc:eForm/mvc:Data/mvc:formData/mvc:initiatedDate</fm:xform_xpath>
		</fm:action>
		<fm:transform_xpath xmlns:fm="http://www.hyfinity.com/formmaker">/mvc:eForm/mvc:Data/mvc:formData/mvc:initiatedDate</fm:transform_xpath>
		<description />
	</element>
	<element name="requestType">
		<fm:action name="saveNewForm" xmlns:fm="http://www.hyfinity.com/formmaker">
			<fm:xform_xpath>/mvc:eForm/mvc:Data/mvc:formData/mvc:requestType</fm:xform_xpath>
		</fm:action>
		<fm:transform_xpath xmlns:fm="http://www.hyfinity.com/formmaker">/mvc:eForm/mvc:Data/mvc:formData/mvc:requestType</fm:transform_xpath>
	</element>
	<element name="initiatorName">
		<fm:action name="saveNewForm" xmlns:fm="http://www.hyfinity.com/formmaker">
			<fm:xform_xpath>/mvc:eForm/mvc:Data/mvc:formData/mvc:initiatorName</fm:xform_xpath>
		</fm:action>
		<transform_xpath>/mvc:eForm/mvc:Data/WorkitemContext/Process/InitiatorName</transform_xpath>
		<description />
	</element>
	<element name="output_requestStatus">
		<fm:action name="saveNewForm" xmlns:fm="http://www.hyfinity.com/formmaker">
			<fm:xform_xpath>/mvc:eForm/mvc:Data/mvc:formData/mvc:output_requestStatus</fm:xform_xpath>
		</fm:action>
		<fm:transform_xpath xmlns:fm="http://www.hyfinity.com/formmaker">/mvc:eForm/mvc:Data/mvc:formData/mvc:output_requestStatus</fm:transform_xpath>
		<description />
	</element>
	<element name="button_Previous">
		<fm:action name="saveNewForm" xmlns:fm="http://www.hyfinity.com/formmaker">
			<fm:xform_xpath>/mvc:eForm/mvc:Data/mvc:formData/mvc:button_Previous</fm:xform_xpath>
		</fm:action>
		<fm:transform_xpath xmlns:fm="http://www.hyfinity.com/formmaker">/mvc:eForm/mvc:Data/mvc:formData/mvc:button_Previous</fm:transform_xpath>
	</element>
	<element name="button_Next">
		<fm:action name="saveNewForm" xmlns:fm="http://www.hyfinity.com/formmaker">
			<fm:xform_xpath>/mvc:eForm/mvc:Data/mvc:formData/mvc:button_Next</fm:xform_xpath>
		</fm:action>
		<fm:transform_xpath xmlns:fm="http://www.hyfinity.com/formmaker">/mvc:eForm/mvc:Data/mvc:formData/mvc:button_Next</fm:transform_xpath>
	</element>
	<element name="btnSubmitToComponent">
		<description />
		<fm:transform_xpath xmlns:fm="http://www.hyfinity.com/formmaker">/mvc:eForm/mvc:Data/mvc:formData/mvc:btnSubmitToComponent</fm:transform_xpath>
		<fm:action name="saveNewForm" xmlns:fm="http://www.hyfinity.com/formmaker">
			<fm:xform_xpath>/mvc:eForm/mvc:Data/mvc:formData/mvc:btnSubmitToComponent</fm:xform_xpath>
		</fm:action>
		<fm:action name="saveTabContent" xmlns:fm="http://www.hyfinity.com/formmaker" />
	</element>
	<element name="btnSubmitToHr">
		<description />
		<fm:transform_xpath xmlns:fm="http://www.hyfinity.com/formmaker">/mvc:eForm/mvc:Data/mvc:formData/mvc:btnSubmitToHr</fm:transform_xpath>
		<fm:action name="saveNewForm" xmlns:fm="http://www.hyfinity.com/formmaker">
			<fm:xform_xpath>/mvc:eForm/mvc:Data/mvc:formData/mvc:btnSubmitToHr</fm:xform_xpath>
		</fm:action>
		<fm:action name="saveTabContent" xmlns:fm="http://www.hyfinity.com/formmaker" />
	</element>
	<element name="btnSubmitToSelect">
		<description />
		<fm:transform_xpath xmlns:fm="http://www.hyfinity.com/formmaker">/mvc:eForm/mvc:Data/mvc:formData/mvc:btnSubmitToSelect</fm:transform_xpath>
		<fm:action name="saveNewForm" xmlns:fm="http://www.hyfinity.com/formmaker">
			<fm:xform_xpath>/mvc:eForm/mvc:Data/mvc:formData/mvc:btnSubmitToSelect</fm:xform_xpath>
		</fm:action>
		<fm:action name="saveTabContent" xmlns:fm="http://www.hyfinity.com/formmaker" />
	</element>
	<element name="btnSubmitToApprove">
		<description />
		<fm:transform_xpath xmlns:fm="http://www.hyfinity.com/formmaker">/mvc:eForm/mvc:Data/mvc:formData/mvc:btnSubmitToApprove</fm:transform_xpath>
		<fm:action name="saveNewForm" xmlns:fm="http://www.hyfinity.com/formmaker">
			<fm:xform_xpath>/mvc:eForm/mvc:Data/mvc:formData/mvc:btnSubmitToApprove</fm:xform_xpath>
		</fm:action>
		<fm:action name="saveTabContent" xmlns:fm="http://www.hyfinity.com/formmaker" />
	</element>
	<element name="btnModify">
		<fm:transform_xpath xmlns:fm="http://www.hyfinity.com/formmaker">/mvc:eForm/mvc:Data/mvc:formData/mvc:btnModify</fm:transform_xpath>
		<fm:action name="saveNewForm" xmlns:fm="http://www.hyfinity.com/formmaker">
			<fm:xform_xpath>/mvc:eForm/mvc:Data/mvc:formData/mvc:btnModify</fm:xform_xpath>
		</fm:action>
		<fm:action name="saveTabContent" xmlns:fm="http://www.hyfinity.com/formmaker" />
	</element>
	<element name="btnSubmit">
		<fm:transform_xpath xmlns:fm="http://www.hyfinity.com/formmaker">/mvc:eForm/mvc:Data/mvc:formData/mvc:btnSubmit</fm:transform_xpath>
		<fm:action name="saveNewForm" xmlns:fm="http://www.hyfinity.com/formmaker">
			<fm:xform_xpath>/mvc:eForm/mvc:Data/mvc:formData/mvc:btnSubmit</fm:xform_xpath>
		</fm:action>
		<fm:action name="saveTabContent" xmlns:fm="http://www.hyfinity.com/formmaker" />
	</element>
	<element name="btnReturn">
		<description />
		<fm:transform_xpath xmlns:fm="http://www.hyfinity.com/formmaker">/mvc:eForm/mvc:Data/mvc:formData/mvc:btnReturn</fm:transform_xpath>
		<fm:action name="saveNewForm" xmlns:fm="http://www.hyfinity.com/formmaker">
			<fm:xform_xpath>/mvc:eForm/mvc:Data/mvc:formData/mvc:btnReturn</fm:xform_xpath>
		</fm:action>
		<fm:action name="saveTabContent" xmlns:fm="http://www.hyfinity.com/formmaker" />
	</element>
	<element name="btnCancelWorkitem">
		<description />
		<fm:transform_xpath xmlns:fm="http://www.hyfinity.com/formmaker">/mvc:eForm/mvc:Data/mvc:formData/mvc:btnCancelWorkitem</fm:transform_xpath>
		<fm:action name="saveNewForm" xmlns:fm="http://www.hyfinity.com/formmaker" />
		<fm:action name="saveTabContent" xmlns:fm="http://www.hyfinity.com/formmaker" />
	</element>
	<element name="btnSaveWorkitem">
		<description />
		<fm:transform_xpath xmlns:fm="http://www.hyfinity.com/formmaker">/mvc:eForm/mvc:Data/mvc:formData/mvc:btnSaveWorkitem</fm:transform_xpath>
		<fm:action name="saveNewForm" xmlns:fm="http://www.hyfinity.com/formmaker">
			<fm:xform_xpath>/mvc:eForm/mvc:Data/mvc:formData/mvc:btnSaveWorkitem</fm:xform_xpath>
		</fm:action>
	</element>
	<element name="btnExitWorkitem">
		<description />
		<fm:transform_xpath xmlns:fm="http://www.hyfinity.com/formmaker">/mvc:eForm/mvc:Data/mvc:formData/mvc:btnExitWorkitem</fm:transform_xpath>
		<fm:action name="saveNewForm" xmlns:fm="http://www.hyfinity.com/formmaker">
			<fm:xform_xpath>/mvc:eForm/mvc:Data/mvc:formData/mvc:btnExitWorkitem</fm:xform_xpath>
		</fm:action>
	</element>
	<group name="layoutForResponse" />
	<group name="layoutForResponse2" />
	<group name="hidden_main" />
	<element name="WIH_exit_requested">
		<fm:action name="saveNewForm" xmlns:fm="http://www.hyfinity.com/formmaker">
			<fm:xform_xpath>/mvc:eForm/mvc:Data/mvc:formData/mvc:WIH_exit_requested</fm:xform_xpath>
		</fm:action>
		<fm:transform_xpath xmlns:fm="http://www.hyfinity.com/formmaker">/mvc:eForm/mvc:Data/mvc:formData/mvc:WIH_exit_requested</fm:transform_xpath>
	</element>
	<element name="WIH_save_requested">
		<fm:action name="saveNewForm" xmlns:fm="http://www.hyfinity.com/formmaker">
			<fm:xform_xpath>/mvc:eForm/mvc:Data/mvc:formData/mvc:WIH_save_requested</fm:xform_xpath>
		</fm:action>
		<fm:transform_xpath xmlns:fm="http://www.hyfinity.com/formmaker">/mvc:eForm/mvc:Data/mvc:formData/mvc:WIH_save_requested</fm:transform_xpath>
	</element>
	<element name="WIH_complete_requested">
		<fm:action name="saveNewForm" xmlns:fm="http://www.hyfinity.com/formmaker">
			<fm:xform_xpath>/mvc:eForm/mvc:Data/mvc:formData/mvc:WIH_complete_requested</fm:xform_xpath>
		</fm:action>
		<fm:transform_xpath xmlns:fm="http://www.hyfinity.com/formmaker">/mvc:eForm/mvc:Data/mvc:formData/mvc:WIH_complete_requested</fm:transform_xpath>
		<description />
	</element>
	<element name="h_activityName">
		<fm:action name="saveNewForm" xmlns:fm="http://www.hyfinity.com/formmaker">
			<fm:xform_xpath>/mvc:eForm/mvc:Data/mvc:formData/mvc:h_activityName</fm:xform_xpath>
		</fm:action>
		<transform_xpath>/mvc:eForm/mvc:Data/WorkitemContext/Activity/Name</transform_xpath>
		<description />
	</element>
	<element name="h_witemParticipantID">
		<fm:action name="saveNewForm" xmlns:fm="http://www.hyfinity.com/formmaker">
			<fm:xform_xpath>/mvc:eForm/mvc:Data/mvc:formData/mvc:h_witemParticipantID</fm:xform_xpath>
		</fm:action>
		<transform_xpath>/mvc:eForm/mvc:Data/WorkitemContext/Workitem/Participant</transform_xpath>
		<description />
	</element>
	<element name="h_witemParticipantName">
		<fm:action name="saveNewForm" xmlns:fm="http://www.hyfinity.com/formmaker">
			<fm:xform_xpath>/mvc:eForm/mvc:Data/mvc:formData/mvc:h_witemParticipantName</fm:xform_xpath>
		</fm:action>
		<transform_xpath>/mvc:eForm/mvc:Data/WorkitemContext/Workitem/ParticipantName</transform_xpath>
		<description />
	</element>
	<element name="h_userGroups">
		<fm:action name="saveNewForm" xmlns:fm="http://www.hyfinity.com/formmaker">
			<xform_xpath>/mvc:eForm/mvc:Data/mvc:formData/mvc:h_userGroups</xform_xpath>
		</fm:action>
		<transform_xpath>/mvc:eForm/mvc:Data/userGroups</transform_xpath>
		<description />
	</element>
	<element name="h_currentUserMemberID">
		<fm:action name="saveNewForm" xmlns:fm="http://www.hyfinity.com/formmaker">
			<fm:xform_xpath>/mvc:eForm/mvc:Data/mvc:formData/mvc:h_currentUserMemberID</fm:xform_xpath>
		</fm:action>
		<transform_xpath>/mvc:eForm/mvc:Data/WorkitemContext/User/MemberID</transform_xpath>
		<description />
	</element>
	<element name="h_currentUserName">
		<fm:action name="saveNewForm" xmlns:fm="http://www.hyfinity.com/formmaker">
			<fm:xform_xpath>/mvc:eForm/mvc:Data/mvc:formData/mvc:h_currentUserName</fm:xform_xpath>
		</fm:action>
		<transform_xpath>/mvc:eForm/mvc:Data/WorkitemContext/User/Name</transform_xpath>
		<description />
	</element>
	<element name="h_creationdate">
		<fm:action name="saveNewForm" xmlns:fm="http://www.hyfinity.com/formmaker">
			<fm:xform_xpath>/mvc:eForm/mvc:Data/mvc:formData/mvc:h_creationdate</fm:xform_xpath>
		</fm:action>
		<transform_xpath>/mvc:eForm/mvc:Data/WorkitemContext/Process/CreationDateTime</transform_xpath>
		<description />
	</element>
	<element name="h_lookupXMLString">
		<fm:action name="saveNewForm" xmlns:fm="http://www.hyfinity.com/formmaker">
			<fm:xform_xpath>/mvc:eForm/mvc:Data/mvc:formData/mvc:h_lookupXMLString</fm:xform_xpath>
		</fm:action>
		<transform_xpath>/mvc:eForm/mvc:Data/lookupString</transform_xpath>
		<description />
	</element>
	<element name="h_requestNumber">
		<fm:action name="saveNewForm" xmlns:fm="http://www.hyfinity.com/formmaker">
			<xform_xpath>/mvc:eForm/mvc:Data/FORM_DATA/DOCUMENT/PROCESS_VARIABLE/requestNum</xform_xpath>
			<xform_xpath>/mvc:eForm/mvc:Data/WorkitemContext/Process/ProcessVariables/requestNum</xform_xpath>
		</fm:action>
		<transform_xpath>/mvc:eForm/mvc:Data/WorkitemContext/Process/ProcessVariables/requestNum</transform_xpath>
		<description />
	</element>
	<element name="cmscommon_sessioninfo">
		<fm:action name="saveNewForm" xmlns:fm="http://www.hyfinity.com/formmaker">
			<fm:xform_xpath>/mvc:eForm/mvc:Data/mvc:formData/mvc:cmscommon_sessioninfo</fm:xform_xpath>
		</fm:action>
		<transform_xpath>/mvc:eForm/mvc:Control/mvc:sessioninfo
</transform_xpath>
		<description />
	</element>
	<element name="cmscommon_procid">
		<fm:action name="saveNewForm" xmlns:fm="http://www.hyfinity.com/formmaker">
			<fm:xform_xpath>/mvc:eForm/mvc:Data/mvc:formData/mvc:cmscommon_procid</fm:xform_xpath>
		</fm:action>
		<description />
		<transform_xpath>/mvc:eForm/mvc:Control/mvc:procid</transform_xpath>
	</element>
	<element name="readOnly">
		<fm:action name="saveNewForm" xmlns:fm="http://www.hyfinity.com/formmaker">
			<fm:xform_xpath>/mvc:eForm/mvc:Data/mvc:formData/mvc:readOnly</fm:xform_xpath>
		</fm:action>
		<transform_xpath>/mvc:eForm/mvc:Control/mvc:readOnly</transform_xpath>
		<description />
	</element>
	<element name="readOnly2">
		<fm:action name="saveNewForm" xmlns:fm="http://www.hyfinity.com/formmaker">
			<fm:xform_xpath>/mvc:eForm/mvc:Data/mvc:formData/mvc:readOnly2</fm:xform_xpath>
		</fm:action>
		<transform_xpath>/mvc:eForm/mvc:Data/mvc:formData/mvc:readOnly2</transform_xpath>
		<description />
	</element>
	<element name="pv_requestStatus">
		<fm:action name="saveNewForm" xmlns:fm="http://www.hyfinity.com/formmaker">
			<xform_xpath>/mvc:eForm/mvc:Data/FORM_DATA/DOCUMENT/PROCESS_VARIABLE/requestStatus</xform_xpath>
			<xform_xpath>/mvc:eForm/mvc:Data/WorkitemContext/Process/ProcessVariables/requestStatus</xform_xpath>
		</fm:action>
		<transform_xpath>/mvc:eForm/mvc:Data/WorkitemContext/Process/ProcessVariables/requestStatus</transform_xpath>
		<description />
	</element>
	<element name="pv_requestStatusDate">
		<fm:action name="saveNewForm" xmlns:fm="http://www.hyfinity.com/formmaker">
			<xform_xpath>/mvc:eForm/mvc:Data/FORM_DATA/DOCUMENT/PROCESS_VARIABLE/requestStatusDate</xform_xpath>
			<xform_xpath>/mvc:eForm/mvc:Data/WorkitemContext/Process/ProcessVariables/requestStatusDate</xform_xpath>
		</fm:action>
		<transform_xpath>/mvc:eForm/mvc:Data/WorkitemContext/Process/ProcessVariables/requestStatusDate</transform_xpath>
		<description />
	</element>
	<element name="pv_CancelReason">
		<fm:action name="saveNewForm" xmlns:fm="http://www.hyfinity.com/formmaker">
			<xform_xpath>/mvc:eForm/mvc:Data/FORM_DATA/DOCUMENT/PROCESS_VARIABLE/cancelReason</xform_xpath>
		</fm:action>
		<transform_xpath>/mvc:eForm/mvc:Data/mvc:formData/mvc:pv_CancelReason</transform_xpath>
		<description />
	</element>
	<element name="pv_alertMessage">
		<fm:action name="saveNewForm" xmlns:fm="http://www.hyfinity.com/formmaker">
			<xform_xpath>/mvc:eForm/mvc:Data/WorkitemContext/Process/ProcessVariables/alertMessage</xform_xpath>
		</fm:action>
		<transform_xpath>/mvc:eForm/mvc:Data/WorkitemContext/Process/ProcessVariables/alertMessage</transform_xpath>
		<description />
	</element>
	<element name="h_now">
		<fm:action name="saveNewForm" xmlns:fm="http://www.hyfinity.com/formmaker">
			<fm:xform_xpath>/mvc:eForm/mvc:Data/mvc:formData/mvc:h_now</fm:xform_xpath>
		</fm:action>
		<transform_xpath>/mvc:eForm/mvc:Data/mvc:formData/mvc:h_now</transform_xpath>
		<description />
	</element>
	<element name="h_definitionName">
		<fm:action name="saveNewForm" xmlns:fm="http://www.hyfinity.com/formmaker">
			<fm:xform_xpath>/mvc:eForm/mvc:Data/mvc:formData/mvc:h_definitionName</fm:xform_xpath>
		</fm:action>
		<transform_xpath>/mvc:eForm/mvc:Data/WorkitemContext/Process/ProcessDefinitionName</transform_xpath>
		<description />
	</element>
	<element name="h_readOnly">
		<fm:action name="saveNewForm" xmlns:fm="http://www.hyfinity.com/formmaker">
			<fm:xform_xpath>/mvc:eForm/mvc:Data/mvc:formData/mvc:h_readOnly</fm:xform_xpath>
		</fm:action>
		<transform_xpath>/mvc:eForm/mvc:Control/mvc:readOnly
</transform_xpath>
		<description />
	</element>
	<element name="currentTabID">
		<fm:action name="saveNewForm" xmlns:fm="http://www.hyfinity.com/formmaker">
			<xform_xpath>/mvc:eForm/mvc:Control/mvc:currentTabID</xform_xpath>
		</fm:action>
		<transform_xpath>/mvc:eForm/mvc:Control/mvc:currentTabID</transform_xpath>
		<description />
	</element>
	<element name="h_cms_usergroupString">
		<fm:action name="saveNewForm" xmlns:fm="http://www.hyfinity.com/formmaker">
			<xform_xpath>/mvc:eForm/mvc:Data/mvc:formData/mvc:h_cms_usergroupString</xform_xpath>
		</fm:action>
		<transform_xpath>/mvc:eForm/mvc:Data/cms_usergroupString</transform_xpath>
		<description />
	</element>
	<element name="pv_candidateApproved">
		<fm:action name="saveNewForm" xmlns:fm="http://www.hyfinity.com/formmaker">
			<xform_xpath>/mvc:eForm/mvc:Data/FORM_DATA/DOCUMENT/PROCESS_VARIABLE/candidateApproved</xform_xpath>
		</fm:action>
		<fm:action name="saveTabContent" xmlns:fm="http://www.hyfinity.com/formmaker" />
		<transform_xpath>/mvc:eForm/mvc:Data/FORM_DATA/DOCUMENT/PROCESS_VARIABLE/candidateApproved</transform_xpath>
		<description />
	</element>
	<element name="pv_eligQualCandidate">
		<fm:action name="saveNewForm" xmlns:fm="http://www.hyfinity.com/formmaker">
			<xform_xpath>/mvc:eForm/mvc:Data/FORM_DATA/DOCUMENT/PROCESS_VARIABLE/eligQualCandidate</xform_xpath>
		</fm:action>
		<fm:action name="saveTabContent" xmlns:fm="http://www.hyfinity.com/formmaker" />
		<transform_xpath>/mvc:eForm/mvc:Data/FORM_DATA/DOCUMENT/PROCESS_VARIABLE/eligQualCandidate</transform_xpath>
		<description />
	</element>
	<element name="pv_appointmentType">
		<fm:action name="saveNewForm" xmlns:fm="http://www.hyfinity.com/formmaker">
			<xform_xpath>/mvc:eForm/mvc:Data/mvc:formData/mvc:pv_appointmentType</xform_xpath>
		</fm:action>
		<fm:action name="saveTabContent" xmlns:fm="http://www.hyfinity.com/formmaker" />
		<transform_xpath>/mvc:eForm/mvc:Data/WorkitemContext/Process/ProcessVariables/appointmentType</transform_xpath>
		<description />
	</element>
	<element name="pv_returnToSO">
		<fm:action name="saveNewForm" xmlns:fm="http://www.hyfinity.com/formmaker">
			<xform_xpath>/mvc:eForm/mvc:Data/WorkitemContext/Process/ProcessVariables/returnToSO</xform_xpath>
			<xform_xpath>/mvc:eForm/mvc:Data/FORM_DATA/DOCUMENT/PROCESS_VARIABLE/returnToSO</xform_xpath>
		</fm:action>
		<fm:action name="saveTabContent" xmlns:fm="http://www.hyfinity.com/formmaker" />
		<transform_xpath>/mvc:eForm/mvc:Data/WorkitemContext/Process/ProcessVariables/returnToSO</transform_xpath>
		<description />
	</element>
	<element name="btnReturnToSO">
		<fm:transform_xpath xmlns:fm="http://www.hyfinity.com/formmaker">/mvc:eForm/mvc:Data/mvc:formData/mvc:btnReturnToSO</fm:transform_xpath>
		<fm:action name="saveNewForm" xmlns:fm="http://www.hyfinity.com/formmaker">
			<fm:xform_xpath>/mvc:eForm/mvc:Data/mvc:formData/mvc:btnReturnToSO</fm:xform_xpath>
		</fm:action>
		<fm:action name="saveTabContent" xmlns:fm="http://www.hyfinity.com/formmaker" />
	</element>
	<group name="top_border_group" />
	<group name="top_border_line_group" />
	<element name="pv_feedbackStaffSpec">
		<fm:action name="saveNewForm" xmlns:fm="http://www.hyfinity.com/formmaker">
			<xform_xpath>/mvc:eForm/mvc:Data/WorkitemContext/Process/ProcessVariables/feedbackStaffSpec</xform_xpath>
			<xform_xpath>/mvc:eForm/mvc:Data/FORM_DATA/DOCUMENT/PROCESS_VARIABLE/feedbackStaffSpec</xform_xpath>
		</fm:action>
		<fm:action name="saveTabContent" xmlns:fm="http://www.hyfinity.com/formmaker" />
		<transform_xpath>/mvc:eForm/mvc:Data/WorkitemContext/Process/ProcessVariables/feedbackStaffSpec</transform_xpath>
		<description />
	</element>
	<element name="btnReturnDcoToSO">
		<fm:transform_xpath xmlns:fm="http://www.hyfinity.com/formmaker">/mvc:eForm/mvc:Data/mvc:formData/mvc:btnReturnDcoToSO</fm:transform_xpath>
		<fm:action name="saveNewForm" xmlns:fm="http://www.hyfinity.com/formmaker">
			<fm:xform_xpath>/mvc:eForm/mvc:Data/mvc:formData/mvc:btnReturnDcoToSO</fm:xform_xpath>
		</fm:action>
		<fm:action name="saveTabContent" xmlns:fm="http://www.hyfinity.com/formmaker" />
	</element>
	<element name="pv_returnToHr">
		<fm:action name="saveNewForm" xmlns:fm="http://www.hyfinity.com/formmaker">
			<xform_xpath>/mvc:eForm/mvc:Data/WorkitemContext/Process/ProcessVariables/returnToHr</xform_xpath>
			<xform_xpath>/mvc:eForm/mvc:Data/FORM_DATA/DOCUMENT/PROCESS_VARIABLE/returnToHr</xform_xpath>
		</fm:action>
		<fm:action name="saveTabContent" xmlns:fm="http://www.hyfinity.com/formmaker" />
		<transform_xpath>/mvc:eForm/mvc:Data/WorkitemContext/Process/ProcessVariables/returnToHr</transform_xpath>
		<description />
	</element>
	<element name="pv_feedbackDCO">
		<fm:action name="saveNewForm" xmlns:fm="http://www.hyfinity.com/formmaker">
			<xform_xpath>/mvc:eForm/mvc:Data/WorkitemContext/Process/ProcessVariables/feedbackDCO</xform_xpath>
			<xform_xpath>/mvc:eForm/mvc:Data/FORM_DATA/DOCUMENT/PROCESS_VARIABLE/feedbackDCO</xform_xpath>
		</fm:action>
		<fm:action name="saveTabContent" xmlns:fm="http://www.hyfinity.com/formmaker" />
		<transform_xpath>/mvc:eForm/mvc:Data/WorkitemContext/Process/ProcessVariables/feedbackDCO</transform_xpath>
		<description />
	</element>
	<element name="pv_feedbackSO">
		<fm:action name="saveNewForm" xmlns:fm="http://www.hyfinity.com/formmaker">
			<xform_xpath>/mvc:eForm/mvc:Data/WorkitemContext/Process/ProcessVariables/feedbackSO</xform_xpath>
			<xform_xpath>/mvc:eForm/mvc:Data/FORM_DATA/DOCUMENT/PROCESS_VARIABLE/feedbackSO</xform_xpath>
		</fm:action>
		<fm:action name="saveTabContent" xmlns:fm="http://www.hyfinity.com/formmaker" />
		<transform_xpath>/mvc:eForm/mvc:Data/WorkitemContext/Process/ProcessVariables/feedbackSO</transform_xpath>
		<description />
	</element>
</xforms>
