<?xml version="1.0" encoding="UTF-8"?>
<folder exportedWithPermissions="true">
    <parent>/organizations/organization_1</parent>
    <name>themes</name>
    <label>Themes</label>
    <creationDate>2017-02-03T16:59:23.000-05:00</creationDate>
    <updateDate>2015-09-11T15:43:08.000-04:00</updateDate>
    <folder>default</folder>
    <folder>easy_access</folder>
    <folder>jasper_dark</folder>
    <folder>pods_summer</folder>
    <permission>
        <permissionMask>32</permissionMask>
        <recipient recipientType="role">ROLE_USER</recipient>
    </permission>
</folder>
