<?xml version="1.0" encoding="UTF-8"?>
<xforms xmlns="http://www.hyfinity.com/formmaker" xmlns:mvc="http://www.hyfinity.com/mvc">
	<instance_configuration>
		<action name="General" />
	</instance_configuration>
	<page />
	<group name="stracon_general_group" />
	<group name="certificates" />
	<group name="layout_group_so_agree" />
	<element name="selecting_official_agree">
		<fm:action name="General" xmlns:fm="http://www.hyfinity.com/formmaker">
			<xform_xpath>/mvc:eForm/mvc:Data/FORM_DATA/DOCUMENT/GENERAL/SG_SO_AGREE</xform_xpath>
		</fm:action>
		<transform_xpath>/mvc:eForm/mvc:Data/FORM_DATA/DOCUMENT/GENERAL/SG_SO_AGREE</transform_xpath>
		<description />
	</element>
	<element name="SG_RT_ID">
		<fm:action name="General" xmlns:fm="http://www.hyfinity.com/formmaker">
			<xform_xpath>/mvc:eForm/mvc:Data/FORM_DATA/DOCUMENT/GENERAL/SG_RT_ID</xform_xpath>
		</fm:action>
		<transform_xpath>/mvc:eForm/mvc:Data/FORM_DATA/DOCUMENT/GENERAL/SG_RT_ID</transform_xpath>
		<repeat_xpath>/mvc:eForm/mvc:Data/lookup/record[LTYPE='RequestType' and ACTIVE='1']</repeat_xpath>
		<value_xpath>ID</value_xpath>
		<text_xpath>LABEL</text_xpath>
		<description />
	</element>
	<group name="hidden_fields" />
	<element name="group_user_info">
		<fm:action name="General" xmlns:fm="http://www.hyfinity.com/formmaker">
			<xform_xpath>/mvc:eForm/mvc:Data/mvc:formData/mvc:group_user_info</xform_xpath>
		</fm:action>
		<transform_xpath>/mvc:eForm/mvc:Data/mvc:formData/mvc:group_user_info</transform_xpath>
		<repeat_xpath>/mvc:eForm/mvc:Data/participants/record</repeat_xpath>
		<value_xpath>MID</value_xpath>
		<text_xpath>concat(MID,  '_/~', DSPNAME,  '_/~', EMAIL,  '_/~', DEPTNAME,  '_/~', JOBTITLENAME)</text_xpath>
		<description />
	</element>
	<element name="hr_classification_specialist_titleorg">
		<fm:action name="General" xmlns:fm="http://www.hyfinity.com/formmaker">
			<xform_xpath>/mvc:eForm/mvc:Data/mvc:formData/mvc:hr_classification_specialist_titleorg</xform_xpath>
		</fm:action>
		<transform_xpath>/mvc:eForm/mvc:Data/mvc:formData/mvc:hr_classification_specialist_titleorg</transform_xpath>
		<repeat_xpath>/mvc:eForm/mvc:Data/participants/record[GROUPNAME='HR Classification Specialists']</repeat_xpath>
		<value_xpath>MID</value_xpath>
		<text_xpath>ORGTITLE</text_xpath>
		<description />
	</element>
	<element name="SG_OTHER_CERT">
		<fm:action name="General" xmlns:fm="http://www.hyfinity.com/formmaker">
			<xform_xpath>/mvc:eForm/mvc:Data/FORM_DATA/DOCUMENT/GENERAL/SG_OTHER_CERT</xform_xpath>
		</fm:action>
		<transform_xpath>/mvc:eForm/mvc:Data/FORM_DATA/DOCUMENT/GENERAL/SG_OTHER_CERT</transform_xpath>
		<description />
	</element>
	<element name="SG_ORG_NAME">
		<fm:action name="General" xmlns:fm="http://www.hyfinity.com/formmaker">
			<xform_xpath>/mvc:eForm/mvc:Data/mvc:formData/mvc:SG_ORG_NAME</xform_xpath>
		</fm:action>
		<transform_xpath>/mvc:eForm/mvc:Data/mvc:formData/mvc:SG_ORG_NAME</transform_xpath>
		<description />
	</element>
	<element name="AC_ADMIN_CD">
		<fm:action name="General" xmlns:fm="http://www.hyfinity.com/formmaker">
			<xform_xpath>/mvc:eForm/mvc:Data/mvc:formData/mvc:AC_ADMIN_CD</xform_xpath>
		</fm:action>
		<transform_xpath>/mvc:eForm/mvc:Data/ac_data/record/AC_ADMIN_CD</transform_xpath>
		<description />
	</element>
	<element name="AC_ADMIN_CD_DESCR">
		<fm:action name="General" xmlns:fm="http://www.hyfinity.com/formmaker">
			<fm:xform_xpath>/mvc:eForm/mvc:Data/mvc:formData/mvc:AC_ADMIN_CD_DESCR</fm:xform_xpath>
		</fm:action>
		<transform_xpath>/mvc:eForm/mvc:Data/ac_data/record/AC_ADMIN_CD_DESCR</transform_xpath>
		<description />
	</element>
	<element name="OTHER_CERT_DATA">
		<fm:action name="General" xmlns:fm="http://www.hyfinity.com/formmaker">
			<fm:xform_xpath>/mvc:eForm/mvc:Data/mvc:formData/mvc:OTHER_CERT_DATA</fm:xform_xpath>
		</fm:action>
		<transform_xpath>/mvc:eForm/mvc:Data/mvc:formData/mvc:OTHER_CERT_DATA</transform_xpath>
		<repeat_xpath>/mvc:eForm/mvc:Data/cert_data/record</repeat_xpath>
		<value_xpath>MID</value_xpath>
		<text_xpath>OTHERCERTDATA</text_xpath>
		<description />
	</element>
	<element name="SG_CT_ID">
		<fm:action name="General" xmlns:fm="http://www.hyfinity.com/formmaker">
			<xform_xpath>/mvc:eForm/mvc:Data/FORM_DATA/DOCUMENT/GENERAL/SG_CT_ID</xform_xpath>
		</fm:action>
		<transform_xpath>/mvc:eForm/mvc:Data/FORM_DATA/DOCUMENT/GENERAL/SG_CT_ID</transform_xpath>
		<repeat_xpath>/mvc:eForm/mvc:Data/lookup/record[LTYPE='ClassificationType']</repeat_xpath>
		<value_xpath>ID</value_xpath>
		<text_xpath>LABEL</text_xpath>
		<description />
	</element>
	<group name="header_admin_code_org_name" />
	<group name="admin_code_section" />
	<group name="org_name_section" />
	<group name="request_type_class_type_section" />
	<group name="layout_group" />
	<group name="layout_group_so" />
	<group name="layout_group_xo" />
	<group name="layout_group_hrl" />
	<group name="layout_group_staffspecialist" />
	<group name="layout_group_classSpecialist" />
	<element name="SG_AT_ID">
		<fm:action name="General" xmlns:fm="http://www.hyfinity.com/formmaker">
			<xform_xpath>/mvc:eForm/mvc:Data/FORM_DATA/DOCUMENT/GENERAL/SG_AT_ID</xform_xpath>
		</fm:action>
		<transform_xpath>/mvc:eForm/mvc:Data/FORM_DATA/DOCUMENT/GENERAL/SG_AT_ID</transform_xpath>
		<repeat_xpath>/mvc:eForm/mvc:Data/lookup/record[LTYPE='AppointmentType']</repeat_xpath>
		<value_xpath>ID</value_xpath>
		<text_xpath>LABEL</text_xpath>
		<description />
	</element>
	<group name="layout_group_RT_CT" />
	<group name="layout_group_AT" />
	<group name="layout_group_SAT" />
	<element name="SG_SAT_ID">
		<fm:action name="General" xmlns:fm="http://www.hyfinity.com/formmaker">
			<xform_xpath>/mvc:eForm/mvc:Data/FORM_DATA/DOCUMENT/GENERAL/SG_SAT_ID</xform_xpath>
		</fm:action>
		<transform_xpath>/mvc:eForm/mvc:Data/FORM_DATA/DOCUMENT/GENERAL/SG_SAT_ID</transform_xpath>
		<repeat_xpath>/mvc:eForm/mvc:Data/lookup/record[LTYPE='ScheduleAType']</repeat_xpath>
		<value_xpath>ID</value_xpath>
		<text_xpath>LABEL</text_xpath>
		<description />
	</element>
	<group name="layout_group_VOL" />
	<element name="SG_VT_ID">
		<fm:action name="General" xmlns:fm="http://www.hyfinity.com/formmaker">
			<xform_xpath>/mvc:eForm/mvc:Data/FORM_DATA/DOCUMENT/GENERAL/SG_VT_ID</xform_xpath>
		</fm:action>
		<transform_xpath>/mvc:eForm/mvc:Data/FORM_DATA/DOCUMENT/GENERAL/SG_VT_ID</transform_xpath>
		<repeat_xpath>/mvc:eForm/mvc:Data/lookup/record[LTYPE='VolunteerType']</repeat_xpath>
		<value_xpath>ID</value_xpath>
		<text_xpath>LABEL</text_xpath>
		<description />
	</element>
	<group name="layout_group_CT" />
	<group name="layout_group_specialProgram" />
	<element name="SG_ADMIN_CD_INPUT">
		<fm:action name="General" xmlns:fm="http://www.hyfinity.com/formmaker">
			<xform_xpath>/mvc:eForm/mvc:Data/mvc:formData/mvc:SG_ADMIN_CD_INPUT</xform_xpath>
		</fm:action>
		<transform_xpath>/mvc:eForm/mvc:Data/mvc:formData/mvc:SG_ADMIN_CD_INPUT</transform_xpath>
		<description />
	</element>
	<element name="SG_ADMIN_CD">
		<fm:action name="General" xmlns:fm="http://www.hyfinity.com/formmaker">
			<xform_xpath>/mvc:eForm/mvc:Data/FORM_DATA/DOCUMENT/GENERAL/SG_ADMIN_CD</xform_xpath>
		</fm:action>
		<transform_xpath>/mvc:eForm/mvc:Data/FORM_DATA/DOCUMENT/GENERAL/SG_ADMIN_CD</transform_xpath>
		<description />
	</element>
	<element name="output">
		<fm:action name="General" xmlns:fm="http://www.hyfinity.com/formmaker">
			<fm:xform_xpath>/mvc:eForm/mvc:Data/mvc:formData/mvc:output</fm:xform_xpath>
		</fm:action>
		<fm:transform_xpath xmlns:fm="http://www.hyfinity.com/formmaker">/mvc:eForm/mvc:Data/mvc:formData/mvc:output</fm:transform_xpath>
	</element>
	<element name="certSearch">
		<fm:transform_xpath xmlns:fm="http://www.hyfinity.com/formmaker">/mvc:eForm/mvc:Data/mvc:formData/mvc:certSearch</fm:transform_xpath>
		<fm:action name="General" xmlns:fm="http://www.hyfinity.com/formmaker">
			<fm:xform_xpath>/mvc:eForm/mvc:Data/mvc:formData/mvc:certSearch</fm:xform_xpath>
		</fm:action>
	</element>
	<group name="OTHER_CERT_DIV" />
	<element name="SG_SO_ID">
		<fm:action name="General" xmlns:fm="http://www.hyfinity.com/formmaker">
			<xform_xpath>/mvc:eForm/mvc:Data/FORM_DATA/DOCUMENT/GENERAL/SG_SO_ID</xform_xpath>
		</fm:action>
		<transform_xpath>/mvc:eForm/mvc:Data/FORM_DATA/DOCUMENT/GENERAL/SG_SO_ID</transform_xpath>
		<description />
	</element>
	<element name="soSearch">
		<fm:action name="General" xmlns:fm="http://www.hyfinity.com/formmaker">
			<xform_xpath>/mvc:eForm/mvc:Data/mvc:formData/mvc:soSearch</xform_xpath>
		</fm:action>
		<transform_xpath>/mvc:eForm/mvc:Data/mvc:formData/mvc:soSearch</transform_xpath>
		<description />
	</element>
	<element name="xoSearch">
		<fm:transform_xpath xmlns:fm="http://www.hyfinity.com/formmaker">/mvc:eForm/mvc:Data/mvc:formData/mvc:xoSearch</fm:transform_xpath>
		<fm:action name="General" xmlns:fm="http://www.hyfinity.com/formmaker">
			<fm:xform_xpath>/mvc:eForm/mvc:Data/mvc:formData/mvc:xoSearch</fm:xform_xpath>
		</fm:action>
	</element>
	<element name="SG_XO_ID">
		<fm:action name="General" xmlns:fm="http://www.hyfinity.com/formmaker">
			<xform_xpath>/mvc:eForm/mvc:Data/FORM_DATA/DOCUMENT/GENERAL/SG_XO_ID</xform_xpath>
		</fm:action>
		<transform_xpath>/mvc:eForm/mvc:Data/FORM_DATA/DOCUMENT/GENERAL/SG_XO_ID</transform_xpath>
		<description />
	</element>
	<element name="hrSearch">
		<fm:action name="General" xmlns:fm="http://www.hyfinity.com/formmaker">
			<fm:xform_xpath>/mvc:eForm/mvc:Data/mvc:formData/mvc:hrSearch</fm:xform_xpath>
		</fm:action>
		<transform_xpath>/mvc:eForm/mvc:Data/mvc:formData/mvc:hrSearch</transform_xpath>
		<description />
	</element>
	<element name="SG_HRL_ID">
		<fm:action name="General" xmlns:fm="http://www.hyfinity.com/formmaker">
			<xform_xpath>/mvc:eForm/mvc:Data/FORM_DATA/DOCUMENT/GENERAL/SG_HRL_ID</xform_xpath>
		</fm:action>
		<transform_xpath>/mvc:eForm/mvc:Data/FORM_DATA/DOCUMENT/GENERAL/SG_HRL_ID</transform_xpath>
		<description />
	</element>
	<element name="ssSearch">
		<fm:action name="General" xmlns:fm="http://www.hyfinity.com/formmaker">
			<fm:xform_xpath>/mvc:eForm/mvc:Data/mvc:formData/mvc:ssSearch</fm:xform_xpath>
		</fm:action>
		<transform_xpath>/mvc:eForm/mvc:Data/mvc:formData/mvc:ssSearch</transform_xpath>
		<description />
	</element>
	<element name="spSearch">
		<fm:action name="General" xmlns:fm="http://www.hyfinity.com/formmaker">
			<fm:xform_xpath>/mvc:eForm/mvc:Data/mvc:formData/mvc:spSearch</fm:xform_xpath>
		</fm:action>
		<transform_xpath>/mvc:eForm/mvc:Data/mvc:formData/mvc:spSearch</transform_xpath>
		<description />
	</element>
	<element name="csSearch">
		<fm:action name="General" xmlns:fm="http://www.hyfinity.com/formmaker">
			<fm:xform_xpath>/mvc:eForm/mvc:Data/mvc:formData/mvc:csSearch</fm:xform_xpath>
		</fm:action>
		<transform_xpath>/mvc:eForm/mvc:Data/mvc:formData/mvc:csSearch</transform_xpath>
		<description />
	</element>
	<element name="SG_SS_ID">
		<fm:action name="General" xmlns:fm="http://www.hyfinity.com/formmaker">
			<xform_xpath>/mvc:eForm/mvc:Data/FORM_DATA/DOCUMENT/GENERAL/SG_SS_ID</xform_xpath>
		</fm:action>
		<transform_xpath>/mvc:eForm/mvc:Data/FORM_DATA/DOCUMENT/GENERAL/SG_SS_ID</transform_xpath>
		<description />
	</element>
	<element name="SG_SP_ID">
		<fm:action name="General" xmlns:fm="http://www.hyfinity.com/formmaker">
			<xform_xpath>/mvc:eForm/mvc:Data/FORM_DATA/DOCUMENT/GENERAL/SG_SS_ID</xform_xpath>
		</fm:action>
		<transform_xpath>/mvc:eForm/mvc:Data/FORM_DATA/DOCUMENT/GENERAL/SG_SS_ID</transform_xpath>
		<description />
	</element>
	<element name="SG_CS_ID">
		<fm:action name="General" xmlns:fm="http://www.hyfinity.com/formmaker">
			<xform_xpath>/mvc:eForm/mvc:Data/FORM_DATA/DOCUMENT/GENERAL/SG_CS_ID</xform_xpath>
		</fm:action>
		<transform_xpath>/mvc:eForm/mvc:Data/FORM_DATA/DOCUMENT/GENERAL/SG_CS_ID</transform_xpath>
		<description />
	</element>
	<element name="SG_SO_TITLE">
		<fm:action name="General" xmlns:fm="http://www.hyfinity.com/formmaker">
			<xform_xpath>/mvc:eForm/mvc:Data/FORM_DATA/DOCUMENT/GENERAL/SG_SO_TITLE</xform_xpath>
		</fm:action>
		<transform_xpath>/mvc:eForm/mvc:Data/FORM_DATA/DOCUMENT/GENERAL/SG_SO_TITLE</transform_xpath>
		<description />
	</element>
	<element name="SG_SO_ORG">
		<fm:action name="General" xmlns:fm="http://www.hyfinity.com/formmaker">
			<xform_xpath>/mvc:eForm/mvc:Data/FORM_DATA/DOCUMENT/GENERAL/SG_SO_ORG</xform_xpath>
		</fm:action>
		<transform_xpath>/mvc:eForm/mvc:Data/FORM_DATA/DOCUMENT/GENERAL/SG_SO_ORG</transform_xpath>
		<description />
	</element>
	<element name="SG_SO_TITLE">
		<transform_xpath>enter_xpath_here</transform_xpath>
		<fm:action name="General" xmlns:fm="http://www.hyfinity.com/formmaker">
			<xform_xpath>enter_xpath_here</xform_xpath>
		</fm:action>
	</element>
	<element name="SG_XO_ORG">
		<fm:action name="General" xmlns:fm="http://www.hyfinity.com/formmaker">
			<xform_xpath>/mvc:eForm/mvc:Data/FORM_DATA/DOCUMENT/GENERAL/SG_XO_ORG</xform_xpath>
		</fm:action>
		<transform_xpath>/mvc:eForm/mvc:Data/FORM_DATA/DOCUMENT/GENERAL/SG_XO_ORG</transform_xpath>
		<description />
	</element>
	<element name="SG_HRL_TITLE">
		<fm:action name="General" xmlns:fm="http://www.hyfinity.com/formmaker">
			<xform_xpath>/mvc:eForm/mvc:Data/FORM_DATA/DOCUMENT/GENERAL/SG_HRL_TITLE</xform_xpath>
		</fm:action>
		<transform_xpath>/mvc:eForm/mvc:Data/FORM_DATA/DOCUMENT/GENERAL/SG_HRL_TITLE</transform_xpath>
		<description />
	</element>
	<element name="SG_HRL_ORG">
		<fm:action name="General" xmlns:fm="http://www.hyfinity.com/formmaker">
			<xform_xpath>/mvc:eForm/mvc:Data/FORM_DATA/DOCUMENT/GENERAL/SG_HRL_ORG</xform_xpath>
		</fm:action>
		<transform_xpath>/mvc:eForm/mvc:Data/FORM_DATA/DOCUMENT/GENERAL/SG_HRL_ORG</transform_xpath>
		<description />
	</element>
	<element name="SG_XO_TITLE">
		<fm:action name="General" xmlns:fm="http://www.hyfinity.com/formmaker">
			<xform_xpath>/mvc:eForm/mvc:Data/FORM_DATA/DOCUMENT/GENERAL/SG_XO_TITLE</xform_xpath>
		</fm:action>
		<transform_xpath>/mvc:eForm/mvc:Data/FORM_DATA/DOCUMENT/GENERAL/SG_XO_TITLE</transform_xpath>
		<description />
	</element>
</xforms>
