<?xml version="1.0" encoding="UTF-8"?>
<fm:structure xmlns:fm="http://www.hyfinity.com/formmaker">
	<form_details xmlns="http://www.hyfinity.com/formmaker">
		<error_highlight_method alert="false" as_you_type="true" validation_mode="all">bubble</error_highlight_method>
		<hint_display_method>tooltip</hint_display_method>
		<top_level_message class="topLevelMessage" required="false" style="" />
		<mark_mandatory class="mandatory" location="after_label" required="true" style=""> * </mark_mandatory>
		<description>Enter a description.</description>
		<page_background_style class="" style="" />
		<page_content_style class="" style="" />
		<page_events>
			<events>
				<event id="onload">
					<action id="CustomScript">
						<param name="Script" option="Script">//initSmeJaTab();</param>
					</action>
				</event>
			</events>
		</page_events>
		<external_events />
	</form_details>
	<fm:group border_styling="false" compatability="false" fieldset="false" gen_method="layout" hide="false" label_position="top" name="section_sme_ja_group" submit_if_hidden="true">
		<label class="label" options="static" position="outside_group" position_override="top" required="false" style="" type="static" value="Layout Group" xmlns="http://www.hyfinity.com/formmaker">
			<container class="groupLabelBackground" options="static" style="">
				<content_alignment distribution="vertical" />
			</container>
		</label>
		<style class="" options="static" style="" xmlns="http://www.hyfinity.com/formmaker" />
		<fm:content_alignment distribution="vertical" halign="left" valign="top" />
		<fm:sizing height="fit_to_content" width="fully_expand" />
		<palette_ref control="Layout Group" xmlns="http://www.hyfinity.com/formmaker" />
		<fm:group border_styling="false" compatability="false" fieldset="false" gen_method="layout" hide="false" label_position="top" name="section_sme_group" submit_if_hidden="true">
			<label class="label" options="static" position="outside_group" position_override="top" required="true" style="" type="static" value="SUBJECT MATTER EXPERT (SME) REQUESTED" xmlns="http://www.hyfinity.com/formmaker">
				<container class="groupLabelBackground" options="static" style="">
					<content_alignment distribution="vertical" />
					<sizing width="fully_expand" />
				</container>
			</label>
			<style class="" options="static" style="" xmlns="http://www.hyfinity.com/formmaker" />
			<fm:content_alignment distribution="vertical" halign="left" valign="top" />
			<fm:sizing height="fit_to_content" width="fully_expand" />
			<palette_ref control="Layout Group" xmlns="http://www.hyfinity.com/formmaker" />
			<fm:group border_styling="false" compatability="false" fieldset="false" gen_method="layout" hide="false" label_position="left" name="sme_ja_group" submit_if_hidden="true">
				<label class="label" options="static" position="outside_group" position_override="top" required="false" style="" type="static" value="Layout Group" xmlns="http://www.hyfinity.com/formmaker">
					<container class="groupLabelBackground" options="static" style="">
						<content_alignment distribution="vertical" />
					</container>
				</label>
				<style class="" options="static" style="" xmlns="http://www.hyfinity.com/formmaker" />
				<fm:content_alignment distribution="vertical" halign="left" valign="top" />
				<fm:sizing height="fit_to_content" width="fully_expand" />
				<palette_ref control="Layout Group" xmlns="http://www.hyfinity.com/formmaker" />
				<fm:element disable="false" disable_method="disabled" generate="true" hide="false" name="SME_FOR_JOB_ANALYSIS">
					<field xmlns="http://www.hyfinity.com/formmaker">
						<input caption="true" options="static" unchecked_value="false">checkbox</input>
						<style class="defaultBackground checkboxControl" options="static" style="" />
						<element_style class="checkbox" options="static" style="" />
						<date_picker class="" content="" required="false" type="normal" />
						<label class="label" options="static" position_override="right" required="true" style="" type="static" value="Job Analysis">
							<container class="labelBackground labelControl expandWidth" options="static" />
						</label>
						<container />
					</field>
					<constraints validate="true" xmlns="http://www.hyfinity.com/formmaker">
						<type>string</type>
						<required>false</required>
						<enumeration use_for_output="false" />
					</constraints>
					<error xmlns="http://www.hyfinity.com/formmaker">
						<hint class="hintIcon" style="" use="false">Enter a hint here.</hint>
						<server class="errorIcon" retain="false" style="" use="false" />
					</error>
					<palette_ref control="Checkbox" xmlns="http://www.hyfinity.com/formmaker" />
					<accessibility xmlns="http://www.hyfinity.com/formmaker">
						<alt>Click to select Job Analysis</alt>
						<tab_index>20</tab_index>
					</accessibility>
				</fm:element>
				<fm:group border_styling="false" compatability="false" fieldset="false" gen_method="grid" hide="false" label_position="top" name="sme_ja_identity_grid_group" submit_if_hidden="true">
					<label class="label" options="static" position="outside_group" position_override="top" required="false" style="" type="static" value="Layout Grid" xmlns="http://www.hyfinity.com/formmaker">
						<container class="groupLabelBackground" options="static" style="">
							<content_alignment distribution="vertical" />
						</container>
					</label>
					<style class="" options="static" style="" xmlns="http://www.hyfinity.com/formmaker" />
					<grid_structure cols="2" rows="1" xmlns="http://www.hyfinity.com/formmaker">
						<grid_component col="1" name="SME_NAME_JA" row="1" />
						<grid_component col="2" name="SME_EMAIL_JA" row="1" />
					</grid_structure>
					<fm:content_alignment distribution="vertical" halign="left" valign="top" />
					<fm:sizing height="fit_to_content" width="fully_expand" />
					<palette_ref control="Layout Grid" xmlns="http://www.hyfinity.com/formmaker" />
					<fm:element disable="false" disable_method="read_only" generate="true" hide="false" name="SME_NAME_JA">
						<field xmlns="http://www.hyfinity.com/formmaker">
							<input options="dynamic" size="100">text</input>
							<style class="defaultBackground textboxControl" options="static" style="" />
							<element_style class="textbox smeName" options="static" style="" />
							<date_picker class="datePickerIcon" content="" required="false" type="normal" />
							<label class="label" options="static" required="true" style="" type="static" value="Name">
								<container class="labelBackground labelControl" options="static" />
							</label>
							<container />
						</field>
						<constraints validate="true" xmlns="http://www.hyfinity.com/formmaker">
							<type>string</type>
							<required>true</required>
							<enumeration use_for_output="false" />
						</constraints>
						<error xmlns="http://www.hyfinity.com/formmaker">
							<hint class="hintIcon" style="" use="false">Enter a hint here.</hint>
							<server class="errorIcon" retain="false" style="" use="false" />
						</error>
						<palette_ref control="Text Box" xmlns="http://www.hyfinity.com/formmaker" />
						<accessibility xmlns="http://www.hyfinity.com/formmaker">
							<alt>Type Name of SME for Job Analysis</alt>
							<tab_index>21</tab_index>
						</accessibility>
						<custom_attributes xmlns="http://www.hyfinity.com/formmaker">
							<attribute name="maxLength" type="custom" value="100" />
						</custom_attributes>
					</fm:element>
					<fm:element disable="false" disable_method="read_only" generate="true" hide="false" name="SME_EMAIL_JA">
						<field xmlns="http://www.hyfinity.com/formmaker">
							<input options="dynamic" size="100">text</input>
							<style class="defaultBackground textboxControl" options="static" style="" />
							<element_style class="textbox smeEmail" options="static" style="" />
							<date_picker class="datePickerIcon" content="" required="false" type="normal" />
							<label class="label" options="static" required="true" style="" type="static" value="Email">
								<container class="labelBackground labelControl" options="static" />
							</label>
							<container />
						</field>
						<constraints validate="true" xmlns="http://www.hyfinity.com/formmaker">
							<type>string</type>
							<required>false</required>
							<enumeration use_for_output="false" />
						</constraints>
						<error xmlns="http://www.hyfinity.com/formmaker">
							<hint class="hintIcon" style="" use="false">Enter a hint here.</hint>
							<server class="errorIcon" retain="false" style="" use="false" />
						</error>
						<palette_ref control="Text Box" xmlns="http://www.hyfinity.com/formmaker" />
						<accessibility xmlns="http://www.hyfinity.com/formmaker">
							<alt>Type Email of SME for Job Analysis</alt>
							<tab_index>22</tab_index>
						</accessibility>
						<custom_attributes xmlns="http://www.hyfinity.com/formmaker">
							<attribute name="maxLength" type="custom" value="100" />
						</custom_attributes>
					</fm:element>
				</fm:group>
			</fm:group>
			<fm:custom name="spacer_5" type="spacer">
				<fm:code>
					<div style="height: 21px; width: 150px;" xmlns=""></div>
				</fm:code>
				<fm:description>Enter a description.</fm:description>
				<palette_ref control="Spacer" xmlns="http://www.hyfinity.com/formmaker" />
			</fm:custom>
			<fm:group border_styling="false" compatability="false" fieldset="false" gen_method="layout" hide="false" label_position="left" name="sme_qual_group" submit_if_hidden="true">
				<label class="label" options="static" position="outside_group" position_override="top" required="false" style="" type="static" value="Layout Group" xmlns="http://www.hyfinity.com/formmaker">
					<container class="groupLabelBackground" options="static" style="">
						<content_alignment distribution="vertical" />
					</container>
				</label>
				<style class="" options="static" style="" xmlns="http://www.hyfinity.com/formmaker" />
				<fm:content_alignment distribution="vertical" halign="left" valign="top" />
				<fm:sizing height="fit_to_content" width="fully_expand" />
				<palette_ref control="Layout Group" xmlns="http://www.hyfinity.com/formmaker" />
				<fm:element disable="false" disable_method="disabled" generate="true" hide="false" name="SME_FOR_QUALIFICATION">
					<field xmlns="http://www.hyfinity.com/formmaker">
						<input caption="true" options="static" unchecked_value="false">checkbox</input>
						<style class="defaultBackground checkboxControl" options="static" style="" />
						<element_style class="checkbox" options="static" style="" />
						<date_picker class="" content="" required="false" type="normal" />
						<label class="label" options="static" position_override="right" required="true" style="" type="static" value="Qualifications">
							<container class="labelBackground labelControl expandWidth" options="static" />
						</label>
						<container />
					</field>
					<constraints validate="true" xmlns="http://www.hyfinity.com/formmaker">
						<type>string</type>
						<required>false</required>
						<enumeration use_for_output="false" />
					</constraints>
					<error xmlns="http://www.hyfinity.com/formmaker">
						<hint class="hintIcon" style="" use="false">Enter a hint here.</hint>
						<server class="errorIcon" retain="false" style="" use="false" />
					</error>
					<palette_ref control="Checkbox" xmlns="http://www.hyfinity.com/formmaker" />
					<accessibility xmlns="http://www.hyfinity.com/formmaker">
						<alt>Click to select Qualifications</alt>
						<tab_index>30</tab_index>
					</accessibility>
				</fm:element>
				<fm:group border_styling="false" compatability="false" fieldset="false" gen_method="grid" hide="false" label_position="top" name="sme_qual_identity_grid_group" submit_if_hidden="true">
					<label class="label" options="static" position="outside_group" position_override="top" required="false" style="" type="static" value="Layout Grid" xmlns="http://www.hyfinity.com/formmaker">
						<container class="groupLabelBackground" options="static" style="">
							<content_alignment distribution="vertical" />
						</container>
					</label>
					<style class="" options="static" style="" xmlns="http://www.hyfinity.com/formmaker" />
					<grid_structure cols="2" rows="2" xmlns="http://www.hyfinity.com/formmaker">
						<grid_component col="1" name="SME_NAME_QUAL_1" row="1" />
						<grid_component col="2" name="SME_EMAIL_QUAL_1" row="1" />
						<grid_component col="1" name="SME_NAME_QUAL_2" row="2" />
						<grid_component col="2" name="SME_EMAIL_QUAL_2" row="2" />
					</grid_structure>
					<fm:content_alignment distribution="vertical" halign="left" valign="top" />
					<fm:sizing height="fit_to_content" width="fully_expand" />
					<palette_ref control="Layout Grid" xmlns="http://www.hyfinity.com/formmaker" />
					<fm:element disable="false" disable_method="read_only" generate="true" hide="false" name="SME_NAME_QUAL_1">
						<field xmlns="http://www.hyfinity.com/formmaker">
							<input options="dynamic" size="100">text</input>
							<style class="defaultBackground textboxControl" options="static" style="" />
							<element_style class="textbox smeName" options="static" style="" />
							<date_picker class="datePickerIcon" content="" required="false" type="normal" />
							<label class="label" options="static" required="true" style="" type="static" value="Name">
								<container class="labelBackground labelControl" options="static" />
							</label>
							<container />
						</field>
						<constraints validate="true" xmlns="http://www.hyfinity.com/formmaker">
							<type>string</type>
							<required>true</required>
							<enumeration use_for_output="false" />
						</constraints>
						<error xmlns="http://www.hyfinity.com/formmaker">
							<hint class="hintIcon" style="" use="false">Enter a hint here.</hint>
							<server class="errorIcon" retain="false" style="" use="false" />
						</error>
						<palette_ref control="Text Box" xmlns="http://www.hyfinity.com/formmaker" />
						<accessibility xmlns="http://www.hyfinity.com/formmaker">
							<alt>Type Name of SME for Qualifications</alt>
							<tab_index>40</tab_index>
						</accessibility>
						<custom_attributes xmlns="http://www.hyfinity.com/formmaker">
							<attribute name="maxLength" type="custom" value="100" />
						</custom_attributes>
					</fm:element>
					<fm:element disable="false" disable_method="read_only" generate="true" hide="false" name="SME_EMAIL_QUAL_1">
						<field xmlns="http://www.hyfinity.com/formmaker">
							<input options="dynamic" size="100">text</input>
							<style class="defaultBackground textboxControl" options="static" style="" />
							<element_style class="textbox smeEmail" options="static" style="" />
							<date_picker class="datePickerIcon" content="" required="false" type="normal" />
							<label class="label" options="static" required="true" style="" type="static" value="Email">
								<container class="labelBackground labelControl" options="static" />
							</label>
							<container />
						</field>
						<constraints validate="true" xmlns="http://www.hyfinity.com/formmaker">
							<type>string</type>
							<required>false</required>
							<enumeration use_for_output="false" />
						</constraints>
						<error xmlns="http://www.hyfinity.com/formmaker">
							<hint class="hintIcon" style="" use="false">Enter a hint here.</hint>
							<server class="errorIcon" retain="false" style="" use="false" />
						</error>
						<palette_ref control="Text Box" xmlns="http://www.hyfinity.com/formmaker" />
						<accessibility xmlns="http://www.hyfinity.com/formmaker">
							<alt>Type Email of SME for Qualifications</alt>
							<tab_index>50</tab_index>
						</accessibility>
						<custom_attributes xmlns="http://www.hyfinity.com/formmaker">
							<attribute name="maxLength" type="custom" value="100" />
						</custom_attributes>
					</fm:element>
					<fm:element disable="false" disable_method="read_only" generate="true" hide="false" name="SME_NAME_QUAL_2">
						<field xmlns="http://www.hyfinity.com/formmaker">
							<input options="dynamic" size="100">text</input>
							<style class="defaultBackground textboxControl" options="static" style="" />
							<element_style class="textbox smeName" options="static" style="" />
							<date_picker class="datePickerIcon" content="" required="false" type="normal" />
							<label class="label" options="static" required="true" style="" type="static" value="Name">
								<container class="labelBackground labelControl" options="static" />
							</label>
							<container />
						</field>
						<constraints validate="true" xmlns="http://www.hyfinity.com/formmaker">
							<type>string</type>
							<required>false</required>
							<enumeration use_for_output="false" />
						</constraints>
						<error xmlns="http://www.hyfinity.com/formmaker">
							<hint class="hintIcon" style="" use="false">Enter a hint here.</hint>
							<server class="errorIcon" retain="false" style="" use="false" />
						</error>
						<palette_ref control="Text Box" xmlns="http://www.hyfinity.com/formmaker" />
						<accessibility xmlns="http://www.hyfinity.com/formmaker">
							<alt>Type Name of second SME for Qualifications</alt>
							<tab_index>60</tab_index>
						</accessibility>
						<custom_attributes xmlns="http://www.hyfinity.com/formmaker">
							<attribute name="maxLength" type="custom" value="100" />
						</custom_attributes>
					</fm:element>
					<fm:element disable="false" disable_method="read_only" generate="true" hide="false" name="SME_EMAIL_QUAL_2">
						<field xmlns="http://www.hyfinity.com/formmaker">
							<input options="dynamic" size="100">text</input>
							<style class="defaultBackground textboxControl" options="static" style="" />
							<element_style class="textbox smeEmail" options="static" style="" />
							<date_picker class="datePickerIcon" content="" required="false" type="normal" />
							<label class="label" options="static" required="true" style="" type="static" value="Email">
								<container class="labelBackground labelControl" options="static" />
							</label>
							<container />
						</field>
						<constraints validate="true" xmlns="http://www.hyfinity.com/formmaker">
							<type>string</type>
							<required>false</required>
							<enumeration use_for_output="false" />
						</constraints>
						<error xmlns="http://www.hyfinity.com/formmaker">
							<hint class="hintIcon" style="" use="false">Enter a hint here.</hint>
							<server class="errorIcon" retain="false" style="" use="false" />
						</error>
						<palette_ref control="Text Box" xmlns="http://www.hyfinity.com/formmaker" />
						<accessibility xmlns="http://www.hyfinity.com/formmaker">
							<alt>Type Email of second SME for Qualifications</alt>
							<tab_index>70</tab_index>
						</accessibility>
						<custom_attributes xmlns="http://www.hyfinity.com/formmaker">
							<attribute name="maxLength" type="custom" value="100" />
						</custom_attributes>
					</fm:element>
				</fm:group>
			</fm:group>
			<fm:custom name="sme_note" type="custom">
				<fm:code>
					<div class="cmsNote" xmlns="">
						<span class="cmsNoteBold">NOTE: </span>
    SMEs used for these processes cannot be used for the Interview Process.
</div>
				</fm:code>
				<fm:description>Enter a description.</fm:description>
				<palette_ref control="Custom" xmlns="http://www.hyfinity.com/formmaker" />
			</fm:custom>
		</fm:group>
		<fm:custom name="spacer" type="spacer">
			<fm:code>
				<div style="height: 21px; width: 150px;" xmlns=""></div>
			</fm:code>
			<fm:description>Enter a description.</fm:description>
			<palette_ref control="Spacer" xmlns="http://www.hyfinity.com/formmaker" />
		</fm:custom>
		<fm:group border_styling="false" compatability="false" fieldset="false" gen_method="layout" hide="false" label_position="top" name="section_ja_group" submit_if_hidden="true">
			<label class="label" options="static" position="outside_group" position_override="top" required="true" style="" type="static" value="JOB ANALYSIS INFORMATION" xmlns="http://www.hyfinity.com/formmaker">
				<container class="groupLabelBackground expandWidth" options="static" style="">
					<content_alignment distribution="vertical" />
					<sizing width="fully_expand" />
				</container>
			</label>
			<style class="" options="static" style="" xmlns="http://www.hyfinity.com/formmaker" />
			<fm:content_alignment distribution="vertical" halign="left" valign="top" />
			<fm:sizing height="fit_to_content" width="fully_expand" />
			<palette_ref control="Layout Group" xmlns="http://www.hyfinity.com/formmaker" />
			<fm:group border_styling="false" compatability="false" fieldset="false" gen_method="layout" hide="false" label_position="right" name="ja_select_group" submit_if_hidden="true">
				<label class="label" options="static" position="outside_group" position_override="top" required="false" style="" type="static" value="Layout Group" xmlns="http://www.hyfinity.com/formmaker">
					<container class="groupLabelBackground" options="static" style="">
						<content_alignment distribution="vertical" />
					</container>
				</label>
				<style class="" options="static" style="" xmlns="http://www.hyfinity.com/formmaker" />
				<fm:content_alignment distribution="vertical" halign="left" valign="top" />
				<fm:sizing height="fit_to_content" width="fully_expand" />
				<palette_ref control="Layout Group" xmlns="http://www.hyfinity.com/formmaker" />
				<fm:group border_styling="false" compatability="false" fieldset="false" gen_method="layout" hide="false" label_position="right" name="ja_sel_grid_group" submit_if_hidden="true">
					<label class="label" options="static" position="outside_group" position_override="top" required="false" style="" type="static" value="Layout Group" xmlns="http://www.hyfinity.com/formmaker">
						<container class="groupLabelBackground" options="static" style="">
							<content_alignment distribution="vertical" />
						</container>
					</label>
					<style class="" options="static" style="" xmlns="http://www.hyfinity.com/formmaker" />
					<fm:content_alignment distribution="horizontal" halign="left" valign="top" />
					<fm:sizing height="fit_to_content" width="fully_expand" />
					<palette_ref control="Layout Group" xmlns="http://www.hyfinity.com/formmaker" />
					<fm:element disable="false" disable_method="disabled" generate="true" hide="false" name="JA_SEL_FACTOR_REQ">
						<field xmlns="http://www.hyfinity.com/formmaker">
							<input caption="true" options="static" unchecked_value="false">checkbox</input>
							<style class="defaultBackground checkboxControl" options="static" style="" />
							<element_style class="checkbox" options="static" style="" />
							<date_picker class="" content="" required="false" type="normal" />
							<label class="label" options="static" required="true" style="" type="static" value="Selective Factor">
								<container class="labelBackground labelControl expandWidth" options="static">
									<sizing width="custom" />
								</container>
							</label>
							<container>
								<sizing width="custom" />
							</container>
						</field>
						<constraints validate="true" xmlns="http://www.hyfinity.com/formmaker">
							<type>string</type>
							<required>false</required>
							<enumeration use_for_output="false" />
						</constraints>
						<error xmlns="http://www.hyfinity.com/formmaker">
							<hint class="hintIcon" style="" use="false">Enter a hint here.</hint>
							<server class="errorIcon" retain="false" style="" use="false" />
						</error>
						<palette_ref control="Checkbox" xmlns="http://www.hyfinity.com/formmaker" />
						<accessibility xmlns="http://www.hyfinity.com/formmaker">
							<alt>Click to select Selective Factor</alt>
							<tab_index>80</tab_index>
						</accessibility>
					</fm:element>
					<fm:group border_styling="false" compatability="false" fieldset="false" gen_method="layout" hide="false" label_position="top" name="ja_sel_just_group" submit_if_hidden="true">
						<label class="label" options="static" position="outside_group" position_override="top" required="false" style="" type="static" value="Layout Group" xmlns="http://www.hyfinity.com/formmaker">
							<container class="groupLabelBackground" options="static" style="">
								<content_alignment distribution="vertical" />
							</container>
						</label>
						<style class="" options="static" style="" xmlns="http://www.hyfinity.com/formmaker" />
						<fm:content_alignment distribution="vertical" halign="left" valign="top" />
						<fm:sizing height="fit_to_content" width="fully_expand" />
						<palette_ref control="Layout Group" xmlns="http://www.hyfinity.com/formmaker" />
						<fm:element disable="false" disable_method="read_only" generate="true" hide="false" name="JA_SEL_FACTOR_JUST">
							<field xmlns="http://www.hyfinity.com/formmaker">
								<input expandable="true" max="10" min="2" options="dynamic" size="40">textarea</input>
								<style class="defaultBackground textareaControl" options="static" style="" />
								<element_style class="textbox" options="static" style="" />
								<date_picker class="datePickerIcon" content="" required="false" type="normal" />
								<label class="label" options="static" required="true" style="" type="static" value="Justify">
									<container class="labelBackground labelControl" options="static" />
								</label>
								<container />
							</field>
							<constraints validate="true" xmlns="http://www.hyfinity.com/formmaker">
								<type>string</type>
								<required>true</required>
								<maxLength>140</maxLength>
								<enumeration use_for_output="false" />
							</constraints>
							<error xmlns="http://www.hyfinity.com/formmaker">
								<hint class="hintIcon" style="" use="false">Enter a hint here.</hint>
								<server class="errorIcon" retain="false" style="" use="false" />
							</error>
							<palette_ref control="Text Area" xmlns="http://www.hyfinity.com/formmaker" />
							<accessibility xmlns="http://www.hyfinity.com/formmaker">
								<alt>Type Justification for Selective Factor</alt>
								<tab_index>90</tab_index>
							</accessibility>
							<custom_attributes xmlns="http://www.hyfinity.com/formmaker">
								<attribute name="maxLength" type="custom" value="100" />
							</custom_attributes>
						</fm:element>
					</fm:group>
					<fm:group border_styling="false" compatability="false" fieldset="false" gen_method="layout" hide="false" label_position="top" name="sel_fac_note_group" submit_if_hidden="true">
						<label class="label" options="static" position="outside_group" position_override="top" required="false" style="" type="static" value="Layout Group" xmlns="http://www.hyfinity.com/formmaker">
							<container class="groupLabelBackground" options="static" style="">
								<content_alignment distribution="vertical" />
							</container>
						</label>
						<style class="cmsNoteChildWidth" options="static" style="" xmlns="http://www.hyfinity.com/formmaker" />
						<fm:content_alignment distribution="vertical" halign="left" valign="top" />
						<fm:sizing height="fit_to_content" width="custom" />
						<palette_ref control="Layout Group" xmlns="http://www.hyfinity.com/formmaker" />
						<fm:custom name="sel_fac_note" type="custom">
							<fm:code>
								<div class="cmsNote" xmlns="">
    Per CMS policy, to be eligible for referral, applicants must possess a permanent, full, and unrestricted license to practice medicine in a state, the District of Columbia, the Commonwealth of Puerto Rico, or a territory in the United States.
</div>
							</fm:code>
							<fm:description>Enter a description.</fm:description>
							<palette_ref control="Custom" xmlns="http://www.hyfinity.com/formmaker" />
						</fm:custom>
					</fm:group>
				</fm:group>
				<fm:custom name="spacer_3" type="spacer">
					<fm:code>
						<div style="height: 21px; width: 150px;" xmlns=""></div>
					</fm:code>
					<fm:description />
					<palette_ref control="Spacer" xmlns="http://www.hyfinity.com/formmaker" />
				</fm:custom>
				<fm:group border_styling="false" compatability="false" fieldset="false" gen_method="grid" hide="false" label_position="right" name="ja_qual_rank_group" submit_if_hidden="true">
					<label class="label" options="static" position="outside_group" position_override="top" required="false" style="" type="static" value="Layout Grid" xmlns="http://www.hyfinity.com/formmaker">
						<container class="groupLabelBackground" options="static" style="">
							<content_alignment distribution="vertical" />
						</container>
					</label>
					<style class="" options="static" style="" xmlns="http://www.hyfinity.com/formmaker" />
					<grid_structure cols="2" rows="1" xmlns="http://www.hyfinity.com/formmaker">
						<grid_component col="1" name="JA_QUAL_RANK_REQ" row="1" />
						<grid_component col="2" name="ja_qual_rank_just_group" row="1" />
					</grid_structure>
					<fm:content_alignment distribution="vertical" halign="left" valign="top" />
					<fm:sizing height="fit_to_content" width="custom" />
					<palette_ref control="Layout Grid" xmlns="http://www.hyfinity.com/formmaker" />
					<fm:element disable="false" disable_method="disabled" generate="true" hide="false" name="JA_QUAL_RANK_REQ">
						<field xmlns="http://www.hyfinity.com/formmaker">
							<input caption="true" options="static" unchecked_value="false">checkbox</input>
							<style class="defaultBackground checkboxControl" options="static" style="" />
							<element_style class="checkbox" options="static" style="" />
							<date_picker class="" content="" required="false" type="normal" />
							<label class="label" options="static" required="true" style="" type="static" value="Quality Ranking Factor">
								<container class="labelBackground labelControl expandWidth" options="static">
									<sizing width="custom" />
								</container>
							</label>
							<container>
								<sizing width="custom" />
							</container>
						</field>
						<constraints validate="true" xmlns="http://www.hyfinity.com/formmaker">
							<type>string</type>
							<required>false</required>
							<enumeration use_for_output="false" />
						</constraints>
						<error xmlns="http://www.hyfinity.com/formmaker">
							<hint class="hintIcon" style="" use="false">Enter a hint here.</hint>
							<server class="errorIcon" retain="false" style="" use="false" />
						</error>
						<palette_ref control="Checkbox" xmlns="http://www.hyfinity.com/formmaker" />
						<accessibility xmlns="http://www.hyfinity.com/formmaker">
							<alt>Click to select Quality Ranking Factor</alt>
							<tab_index>100</tab_index>
						</accessibility>
					</fm:element>
					<fm:group border_styling="false" compatability="false" fieldset="false" gen_method="layout" hide="false" label_position="top" name="ja_qual_rank_just_group" submit_if_hidden="true">
						<label class="label" options="static" position="outside_group" position_override="top" required="false" style="" type="static" value="Layout Group" xmlns="http://www.hyfinity.com/formmaker">
							<container class="groupLabelBackground" options="static" style="">
								<content_alignment distribution="vertical" />
							</container>
						</label>
						<style class="" options="static" style="" xmlns="http://www.hyfinity.com/formmaker" />
						<fm:content_alignment distribution="vertical" halign="left" valign="top" />
						<fm:sizing height="fit_to_content" width="fully_expand" />
						<palette_ref control="Layout Group" xmlns="http://www.hyfinity.com/formmaker" />
						<fm:element disable="false" disable_method="read_only" generate="true" hide="false" name="JA_QUAL_RANK_JUST">
							<field xmlns="http://www.hyfinity.com/formmaker">
								<input expandable="true" max="10" min="2" options="dynamic" size="40">textarea</input>
								<style class="defaultBackground textareaControl" options="static" style="" />
								<element_style class="textbox" options="static" style="" />
								<date_picker class="datePickerIcon" content="" required="false" type="normal" />
								<label class="label" options="static" required="true" style="" type="static" value="Justify">
									<container class="labelBackground labelControl" options="static" />
								</label>
								<container />
							</field>
							<constraints validate="true" xmlns="http://www.hyfinity.com/formmaker">
								<type>string</type>
								<required>true</required>
								<maxLength>140</maxLength>
								<enumeration use_for_output="false" />
							</constraints>
							<error xmlns="http://www.hyfinity.com/formmaker">
								<hint class="hintIcon" style="" use="false">Enter a hint here.</hint>
								<server class="errorIcon" retain="false" style="" use="false" />
							</error>
							<palette_ref control="Text Area" xmlns="http://www.hyfinity.com/formmaker" />
							<accessibility xmlns="http://www.hyfinity.com/formmaker">
								<alt>Type Justification for Quality Ranking Factor</alt>
								<tab_index>110</tab_index>
							</accessibility>
							<custom_attributes xmlns="http://www.hyfinity.com/formmaker">
								<attribute name="maxLength" type="custom" value="100" />
							</custom_attributes>
						</fm:element>
					</fm:group>
				</fm:group>
				<fm:custom name="spacer_4" type="spacer">
					<fm:code>
						<div style="height: 21px; width: 150px;" xmlns=""></div>
					</fm:code>
					<fm:description />
					<palette_ref control="Spacer" xmlns="http://www.hyfinity.com/formmaker" />
				</fm:custom>
				<fm:element disable="false" disable_method="disabled" generate="true" hide="false" name="JA_RESPONSES_REQ">
					<field xmlns="http://www.hyfinity.com/formmaker">
						<input caption="true" options="static" unchecked_value="false">checkbox</input>
						<style class="defaultBackground checkboxControl" options="static" style="" />
						<element_style class="checkbox" options="static" style="" />
						<date_picker class="" content="" required="false" type="normal" />
						<label class="label" options="static" required="true" style="" type="static" value="Multiple Types of Assessment">
							<container class="labelBackground labelControl expandWidth" options="static">
								<sizing width="custom" />
							</container>
						</label>
						<container>
							<sizing width="custom" />
						</container>
					</field>
					<constraints validate="true" xmlns="http://www.hyfinity.com/formmaker">
						<type>string</type>
						<required>false</required>
						<enumeration use_for_output="false" />
					</constraints>
					<error xmlns="http://www.hyfinity.com/formmaker">
						<hint class="hintIcon" style="" use="false">Enter a hint here.</hint>
						<server class="errorIcon" retain="false" style="" use="false" />
					</error>
					<palette_ref control="Checkbox" xmlns="http://www.hyfinity.com/formmaker" />
					<accessibility xmlns="http://www.hyfinity.com/formmaker">
						<alt>Click to select Multiple Types of Assessment</alt>
						<tab_index>120</tab_index>
					</accessibility>
				</fm:element>
				<fm:group border_styling="false" compatability="false" fieldset="false" gen_method="layout" hide="false" label_position="right" name="assess_qtype_group" submit_if_hidden="true">
					<label class="label" options="static" position="outside_group" position_override="top" required="false" style="" type="static" value="Indicate type to use" xmlns="http://www.hyfinity.com/formmaker">
						<container class="groupLabelBackground" options="static" style="">
							<content_alignment distribution="vertical" />
						</container>
					</label>
					<style class="" options="static" style="padding-left : 20px;" xmlns="http://www.hyfinity.com/formmaker" />
					<fm:content_alignment distribution="vertical" halign="left" valign="top" />
					<fm:sizing height="fit_to_content" width="fully_expand" />
					<palette_ref control="Layout Group" xmlns="http://www.hyfinity.com/formmaker" />
					<fm:group border_styling="false" compatability="false" fieldset="false" gen_method="grid" hide="false" label_position="right" name="assess_qtype_grid_group" submit_if_hidden="true">
						<label class="label" options="static" position="outside_group" position_override="top" required="false" style="" type="static" value="Layout Grid" xmlns="http://www.hyfinity.com/formmaker">
							<container class="groupLabelBackground" options="static" style="">
								<content_alignment distribution="vertical" />
							</container>
						</label>
						<style class="" options="static" style="" xmlns="http://www.hyfinity.com/formmaker" />
						<grid_structure cols="3" rows="1" xmlns="http://www.hyfinity.com/formmaker">
							<grid_component col="1" name="JA_TYPE_YES_NO" row="1" />
							<grid_component col="2" name="JA_TYPE_REQ_DEFAULT" row="1" />
							<grid_component col="3" name="JA_TYPE_KNOWL_SCALE" row="1" />
						</grid_structure>
						<fm:content_alignment distribution="vertical" halign="left" valign="top" />
						<fm:sizing height="fit_to_content" width="custom" />
						<palette_ref control="Layout Grid" xmlns="http://www.hyfinity.com/formmaker" />
						<fm:element disable="false" disable_method="disabled" generate="true" hide="false" name="JA_TYPE_YES_NO">
							<field xmlns="http://www.hyfinity.com/formmaker">
								<input caption="true" options="static" unchecked_value="false">checkbox</input>
								<style class="defaultBackground checkboxControl" options="static" style="" />
								<element_style class="checkbox" options="static" style="" />
								<date_picker class="" content="" required="false" type="normal" />
								<label class="label" options="static" required="true" style="" type="static" value="Yes/No (True/False)">
									<container class="labelBackground labelControl" options="static" />
								</label>
								<container />
							</field>
							<constraints validate="true" xmlns="http://www.hyfinity.com/formmaker">
								<type>string</type>
								<required>false</required>
								<enumeration use_for_output="false" />
							</constraints>
							<error xmlns="http://www.hyfinity.com/formmaker">
								<hint class="hintIcon" style="" use="false">Enter a hint here.</hint>
								<server class="errorIcon" retain="false" style="" use="false" />
							</error>
							<palette_ref control="Checkbox" xmlns="http://www.hyfinity.com/formmaker" />
							<accessibility xmlns="http://www.hyfinity.com/formmaker">
								<alt>Click to select Yes/No (True/False)</alt>
								<tab_index>130</tab_index>
							</accessibility>
						</fm:element>
						<fm:element disable="false" disable_method="disabled" generate="true" hide="false" name="JA_TYPE_REQ_DEFAULT">
							<field xmlns="http://www.hyfinity.com/formmaker">
								<input caption="true" options="static" unchecked_value="false">checkbox</input>
								<style class="defaultBackground checkboxControl" options="static" style="" />
								<element_style class="checkbox" options="static" style="" />
								<date_picker class="" content="" required="false" type="normal" />
								<label class="label" options="static" required="true" style="" type="static" value="Default scale">
									<container class="labelBackground labelControl" options="static" />
								</label>
								<container />
							</field>
							<constraints validate="true" xmlns="http://www.hyfinity.com/formmaker">
								<type>string</type>
								<required>false</required>
								<enumeration use_for_output="false" />
							</constraints>
							<error xmlns="http://www.hyfinity.com/formmaker">
								<hint class="hintIcon" style="" use="false">Enter a hint here.</hint>
								<server class="errorIcon" retain="false" style="" use="false" />
							</error>
							<palette_ref control="Checkbox" xmlns="http://www.hyfinity.com/formmaker" />
							<accessibility xmlns="http://www.hyfinity.com/formmaker">
								<alt>Click to select Default scale</alt>
								<tab_index>140</tab_index>
							</accessibility>
						</fm:element>
						<fm:element disable="false" disable_method="disabled" generate="true" hide="false" name="JA_TYPE_KNOWL_SCALE">
							<field xmlns="http://www.hyfinity.com/formmaker">
								<input caption="true" options="static" unchecked_value="false">checkbox</input>
								<style class="defaultBackground checkboxControl" options="static" style="" />
								<element_style class="checkbox" options="static" style="" />
								<date_picker class="" content="" required="false" type="normal" />
								<label class="label" options="static" required="true" style="" type="static" value="Knowledge scale">
									<container class="labelBackground labelControl" options="static" />
								</label>
								<container />
							</field>
							<constraints validate="true" xmlns="http://www.hyfinity.com/formmaker">
								<type>string</type>
								<required>false</required>
								<enumeration use_for_output="false" />
							</constraints>
							<error xmlns="http://www.hyfinity.com/formmaker">
								<hint class="hintIcon" style="" use="false">Enter a hint here.</hint>
								<server class="errorIcon" retain="false" style="" use="false" />
							</error>
							<palette_ref control="Checkbox" xmlns="http://www.hyfinity.com/formmaker" />
							<accessibility xmlns="http://www.hyfinity.com/formmaker">
								<alt>Click to select Knowledge scale</alt>
								<tab_index>150</tab_index>
							</accessibility>
						</fm:element>
					</fm:group>
					<fm:custom name="multi_resp_type_note" type="custom">
						<fm:code>
							<div class="cmsNote" xmlns="">
								<span class="cmsNoteBold">NOTE: </span>
    One type per competency, cannot mix types within same competency.
</div>
						</fm:code>
						<fm:description>Enter a description.</fm:description>
						<palette_ref control="Custom" xmlns="http://www.hyfinity.com/formmaker" />
					</fm:custom>
				</fm:group>
			</fm:group>
		</fm:group>
	</fm:group>
	<fm:group border_styling="false" compatability="false" fieldset="false" gen_method="layout" hide="false" label_position="left" name="hidden_group" submit_if_hidden="true">
		<label class="label" options="static" position="outside_group" position_override="top" required="false" style="" type="static" value="Layout Group" xmlns="http://www.hyfinity.com/formmaker">
			<container class="groupLabelBackground" options="static" style="">
				<content_alignment distribution="vertical" />
			</container>
		</label>
		<style class="hide" options="static" style="" xmlns="http://www.hyfinity.com/formmaker" />
		<fm:content_alignment distribution="vertical" halign="left" valign="top" />
		<fm:sizing height="fit_to_content" width="fully_expand" />
		<palette_ref control="Layout Group" xmlns="http://www.hyfinity.com/formmaker" />
		<fm:element disable="false" disable_method="read_only" generate="true" hide="false" name="h_procid">
			<fm:path data_source_id="1">
				<fm:ancestor name="WorkitemContext">
					<fm:ancestor name="Process">
						<fm:element name="ID" />
					</fm:ancestor>
				</fm:ancestor>
			</fm:path>
			<field xmlns="http://www.hyfinity.com/formmaker">
				<input default="" options="dynamic">text</input>
				<style class="defaultBackground textboxControl" options="static" style="" />
				<element_style class="textbox" options="static" style="" />
				<disabled_style class="disabled" options="static" style="" />
				<label class="label" options="static" required="true" style="" type="static" value="h_procid">
					<container class="labelBackground labelControl" options="static" />
				</label>
				<date_picker class="datePickerIcon" content="" popup="false" required="false" type="normal" />
			</field>
			<constraints validate="true" xmlns="http://www.hyfinity.com/formmaker">
				<fm:type>string</fm:type>
				<fm:required>true</fm:required>
			</constraints>
			<error create_container="true" xmlns="http://www.hyfinity.com/formmaker">
				<hint class="hintIcon" style="" use="false">Enter a hint here.</hint>
				<server class="errorIcon" retain="false" style="" use="false" />
			</error>
			<fm:palette_ref control="Text Box" />
		</fm:element>
	</fm:group>
</fm:structure>
