<?xml version="1.0" encoding="UTF-8"?>
<xforms xmlns:mvc="http://www.hyfinity.com/mvc" xmlns="http://www.hyfinity.com/formmaker">
	<instance_configuration />
	<page />
	<group name="background" />
	<group name="container" />
	<group name="logoSection" />
	<group name="title" />
	<group name="bodySection" />
	<group name="tab_container_group" />
	<group name="tab1" />
	<group name="partial_tab1" />
	<group name="tab99" />
	<group name="partial_tab99" />
	<group name="system" />
	<group name="main_buttons_layout_group" />
	<group name="action_buttons" />
	<group name="layoutForResponse" />
	<group name="layoutForResponse2" />
	<group name="WIH_information" />
	<group name="header_layout_group" />
	<group name="layout_group_4" />
	<group name="commonHeader" />
	<group name="commonInfo" />
	<group name="tab2" />
	<group name="partial_tab2" />
	<group name="layout_TabPreviousNext" />
	<group name="layout_group" />
	<element name="cmslogo4">
		<fm:transform_xpath xmlns:fm="http://www.hyfinity.com/formmaker">/mvc:eForm/mvc:Data/mvc:formData/mvc:cmslogo4</fm:transform_xpath>
		<fm:action name="actionWorkitem" xmlns:fm="http://www.hyfinity.com/formmaker">
			<fm:xform_xpath>/mvc:eForm/mvc:Data/mvc:formData/mvc:cmslogo4</fm:xform_xpath>
		</fm:action>
		<fm:action name="getRequestNumber" xmlns:fm="http://www.hyfinity.com/formmaker">
			<fm:xform_xpath>/mvc:eForm/mvc:Data/mvc:formData/mvc:cmslogo4</fm:xform_xpath>
		</fm:action>
	</element>
	<element name="formTitle">
		<fm:transform_xpath xmlns:fm="http://www.hyfinity.com/formmaker">/mvc:eForm/mvc:Data/mvc:formData/mvc:formTitle</fm:transform_xpath>
		<fm:action name="actionWorkitem" xmlns:fm="http://www.hyfinity.com/formmaker">
			<fm:xform_xpath>/mvc:eForm/mvc:Data/mvc:formData/mvc:formTitle</fm:xform_xpath>
		</fm:action>
		<description />
		<fm:action name="getRequestNumber" xmlns:fm="http://www.hyfinity.com/formmaker">
			<fm:xform_xpath>/mvc:eForm/mvc:Data/mvc:formData/mvc:formTitle</fm:xform_xpath>
		</fm:action>
	</element>
	<element name="caseNumber">
		<fm:transform_xpath xmlns:fm="http://www.hyfinity.com/formmaker">/mvc:eForm/mvc:Data/mvc:formData/mvc:caseNumber</fm:transform_xpath>
		<fm:action name="actionWorkitem" xmlns:fm="http://www.hyfinity.com/formmaker">
			<fm:xform_xpath>/mvc:eForm/mvc:Data/mvc:formData/mvc:caseNumber</fm:xform_xpath>
		</fm:action>
		<description />
		<fm:action name="getRequestNumber" xmlns:fm="http://www.hyfinity.com/formmaker">
			<fm:xform_xpath>/mvc:eForm/mvc:Data/mvc:formData/mvc:caseNumber</fm:xform_xpath>
		</fm:action>
	</element>
	<element name="initiatedDate">
		<description />
		<fm:transform_xpath xmlns:fm="http://www.hyfinity.com/formmaker">/mvc:eForm/mvc:Data/mvc:formData/mvc:initiatedDate</fm:transform_xpath>
		<fm:action name="actionWorkitem" xmlns:fm="http://www.hyfinity.com/formmaker">
			<fm:xform_xpath>/mvc:eForm/mvc:Data/mvc:formData/mvc:initiatedDate</fm:xform_xpath>
		</fm:action>
		<fm:action name="getRequestNumber" xmlns:fm="http://www.hyfinity.com/formmaker">
			<fm:xform_xpath>/mvc:eForm/mvc:Data/mvc:formData/mvc:initiatedDate</fm:xform_xpath>
		</fm:action>
	</element>
	<element name="initiatorName">
		<fm:action name="actionWorkitem" xmlns:fm="http://www.hyfinity.com/formmaker" />
		<transform_xpath>/mvc:eForm/mvc:Data/WorkitemContext/Process/Initiator</transform_xpath>
		<description />
		<fm:action name="getRequestNumber" xmlns:fm="http://www.hyfinity.com/formmaker">
			<fm:xform_xpath>/mvc:eForm/mvc:Data/mvc:formData/mvc:initiatorName</fm:xform_xpath>
		</fm:action>
	</element>
	<element name="output_caseStatus">
		<fm:action name="actionWorkitem" xmlns:fm="http://www.hyfinity.com/formmaker">
			<fm:xform_xpath>/mvc:eForm/mvc:Data/mvc:formData/mvc:output_caseStatus</fm:xform_xpath>
		</fm:action>
		<transform_xpath>/mvc:eForm/mvc:Data/WorkitemContext/Process/ProcessVariables/caseStatus</transform_xpath>
		<description />
		<fm:action name="getRequestNumber" xmlns:fm="http://www.hyfinity.com/formmaker">
			<fm:xform_xpath>/mvc:eForm/mvc:Data/mvc:formData/mvc:output_caseStatus</fm:xform_xpath>
		</fm:action>
	</element>
	<element name="tab_control">
		<fm:action name="actionWorkitem" xmlns:fm="http://www.hyfinity.com/formmaker">
			<fm:xform_xpath>/mvc:eForm/mvc:Data/mvc:formData/mvc:tab_control</fm:xform_xpath>
		</fm:action>
		<fm:action name="getRequestNumber" xmlns:fm="http://www.hyfinity.com/formmaker">
			<fm:xform_xpath>/mvc:eForm/mvc:Data/mvc:formData/mvc:tab_control</fm:xform_xpath>
		</fm:action>
		<transform_xpath>/mvc:eForm/mvc:Data/mvc:formData/mvc:tab_control</transform_xpath>
		<description />
	</element>
	<element name="button_Previous">
		<fm:action name="actionWorkitem" xmlns:fm="http://www.hyfinity.com/formmaker">
			<fm:xform_xpath>/mvc:eForm/mvc:Data/mvc:formData/mvc:button_Previous</fm:xform_xpath>
		</fm:action>
		<fm:transform_xpath xmlns:fm="http://www.hyfinity.com/formmaker">/mvc:eForm/mvc:Data/mvc:formData/mvc:button_Previous</fm:transform_xpath>
		<fm:action name="getRequestNumber" xmlns:fm="http://www.hyfinity.com/formmaker">
			<fm:xform_xpath>/mvc:eForm/mvc:Data/mvc:formData/mvc:button_Previous</fm:xform_xpath>
		</fm:action>
	</element>
	<element name="button_Next">
		<fm:action name="actionWorkitem" xmlns:fm="http://www.hyfinity.com/formmaker">
			<fm:xform_xpath>/mvc:eForm/mvc:Data/mvc:formData/mvc:button_Next</fm:xform_xpath>
		</fm:action>
		<fm:transform_xpath xmlns:fm="http://www.hyfinity.com/formmaker">/mvc:eForm/mvc:Data/mvc:formData/mvc:button_Next</fm:transform_xpath>
		<fm:action name="getRequestNumber" xmlns:fm="http://www.hyfinity.com/formmaker">
			<fm:xform_xpath>/mvc:eForm/mvc:Data/mvc:formData/mvc:button_Next</fm:xform_xpath>
		</fm:action>
	</element>
	<element name="button_SaveWorkitem">
		<fm:transform_xpath xmlns:fm="http://www.hyfinity.com/formmaker">/mvc:eForm/mvc:Data/mvc:formData/mvc:button_SaveWorkitem</fm:transform_xpath>
		<description />
		<fm:action name="actionWorkitem" xmlns:fm="http://www.hyfinity.com/formmaker">
			<fm:xform_xpath>/mvc:eForm/mvc:Data/mvc:formData/mvc:button_SaveWorkitem</fm:xform_xpath>
		</fm:action>
		<fm:action name="getRequestNumber" xmlns:fm="http://www.hyfinity.com/formmaker">
			<fm:xform_xpath>/mvc:eForm/mvc:Data/mvc:formData/mvc:button_SaveWorkitem</fm:xform_xpath>
		</fm:action>
	</element>
	<element name="button_SubmitWorkitem">
		<fm:transform_xpath xmlns:fm="http://www.hyfinity.com/formmaker">/mvc:eForm/mvc:Data/mvc:formData/mvc:button_SubmitWorkitem</fm:transform_xpath>
		<fm:action name="actionWorkitem" xmlns:fm="http://www.hyfinity.com/formmaker">
			<fm:xform_xpath>/mvc:eForm/mvc:Data/mvc:formData/mvc:button_SubmitWorkitem</fm:xform_xpath>
		</fm:action>
		<fm:action name="getRequestNumber" xmlns:fm="http://www.hyfinity.com/formmaker">
			<fm:xform_xpath>/mvc:eForm/mvc:Data/mvc:formData/mvc:button_SubmitWorkitem</fm:xform_xpath>
		</fm:action>
	</element>
	<element name="button_Initiation">
		<fm:transform_xpath xmlns:fm="http://www.hyfinity.com/formmaker">/mvc:eForm/mvc:Data/mvc:formData/mvc:button_Initiation</fm:transform_xpath>
		<fm:action name="actionWorkitem" xmlns:fm="http://www.hyfinity.com/formmaker">
			<fm:xform_xpath>/mvc:eForm/mvc:Data/mvc:formData/mvc:button_Initiation</fm:xform_xpath>
		</fm:action>
		<fm:action name="getRequestNumber" xmlns:fm="http://www.hyfinity.com/formmaker">
			<fm:xform_xpath>/mvc:eForm/mvc:Data/mvc:formData/mvc:button_Initiation</fm:xform_xpath>
		</fm:action>
	</element>
	<element name="button_Cancel">
		<fm:transform_xpath xmlns:fm="http://www.hyfinity.com/formmaker">/mvc:eForm/mvc:Data/mvc:formData/mvc:button_Cancel</fm:transform_xpath>
		<fm:action name="actionWorkitem" xmlns:fm="http://www.hyfinity.com/formmaker">
			<fm:xform_xpath>/mvc:eForm/mvc:Data/mvc:formData/mvc:button_Cancel</fm:xform_xpath>
		</fm:action>
		<fm:action name="getRequestNumber" xmlns:fm="http://www.hyfinity.com/formmaker" />
	</element>
	<element name="button_ExitWIH">
		<description />
		<fm:transform_xpath xmlns:fm="http://www.hyfinity.com/formmaker">/mvc:eForm/mvc:Data/mvc:formData/mvc:button_ExitWIH</fm:transform_xpath>
		<fm:action name="actionWorkitem" xmlns:fm="http://www.hyfinity.com/formmaker">
			<fm:xform_xpath>/mvc:eForm/mvc:Data/mvc:formData/mvc:button_ExitWIH</fm:xform_xpath>
		</fm:action>
		<fm:action name="getRequestNumber" xmlns:fm="http://www.hyfinity.com/formmaker">
			<fm:xform_xpath>/mvc:eForm/mvc:Data/mvc:formData/mvc:button_ExitWIH</fm:xform_xpath>
		</fm:action>
	</element>
	<element name="h_procid">
		<transform_xpath>/mvc:eForm/mvc:Data/WorkitemContext/Process/ID</transform_xpath>
		<description />
		<fm:action name="actionWorkitem" xmlns:fm="http://www.hyfinity.com/formmaker">
			<fm:xform_xpath>/mvc:eForm/mvc:Data/mvc:formData/mvc:h_procid</fm:xform_xpath>
		</fm:action>
		<fm:action name="getRequestNumber" xmlns:fm="http://www.hyfinity.com/formmaker">
			<fm:xform_xpath>/mvc:eForm/mvc:Data/mvc:formData/mvc:h_procid</fm:xform_xpath>
		</fm:action>
	</element>
	<element name="WIH_exit_requested">
		<transform_xpath>/mvc:eForm/mvc:Data/mvc:formData/mvc:WIH_exit_requested</transform_xpath>
		<description />
		<fm:action name="actionWorkitem" xmlns:fm="http://www.hyfinity.com/formmaker">
			<fm:xform_xpath>/mvc:eForm/mvc:Data/mvc:formData/mvc:WIH_exit_requested</fm:xform_xpath>
		</fm:action>
		<fm:action name="getRequestNumber" xmlns:fm="http://www.hyfinity.com/formmaker">
			<fm:xform_xpath>/mvc:eForm/mvc:Data/mvc:formData/mvc:WIH_exit_requested</fm:xform_xpath>
		</fm:action>
	</element>
	<element name="WIH_save_requested">
		<fm:transform_xpath xmlns:fm="http://www.hyfinity.com/formmaker">/mvc:eForm/mvc:Data/mvc:formData/mvc:WIH_save_requested</fm:transform_xpath>
		<fm:action name="actionWorkitem" xmlns:fm="http://www.hyfinity.com/formmaker">
			<fm:xform_xpath>/mvc:eForm/mvc:Data/mvc:formData/mvc:WIH_save_requested</fm:xform_xpath>
		</fm:action>
		<fm:action name="getRequestNumber" xmlns:fm="http://www.hyfinity.com/formmaker">
			<fm:xform_xpath>/mvc:eForm/mvc:Data/mvc:formData/mvc:WIH_save_requested</fm:xform_xpath>
		</fm:action>
	</element>
	<element name="WIH_complete_requested">
		<fm:transform_xpath xmlns:fm="http://www.hyfinity.com/formmaker">/mvc:eForm/mvc:Data/mvc:formData/mvc:WIH_complete_requested</fm:transform_xpath>
		<fm:action name="actionWorkitem" xmlns:fm="http://www.hyfinity.com/formmaker">
			<fm:xform_xpath>/mvc:eForm/mvc:Data/mvc:formData/mvc:WIH_complete_requested</fm:xform_xpath>
		</fm:action>
		<fm:action name="getRequestNumber" xmlns:fm="http://www.hyfinity.com/formmaker">
			<fm:xform_xpath>/mvc:eForm/mvc:Data/mvc:formData/mvc:WIH_complete_requested</fm:xform_xpath>
		</fm:action>
	</element>
	<element name="h_formData">
		<fm:action name="actionWorkitem" xmlns:fm="http://www.hyfinity.com/formmaker">
			<fm:xform_xpath>/mvc:eForm/mvc:Data/mvc:formData/mvc:h_formData</fm:xform_xpath>
		</fm:action>
		<transform_xpath>/mvc:eForm/mvc:Data/FORM_DATA/FIELD_DATA_CLOB</transform_xpath>
		<description />
		<fm:action name="getRequestNumber" xmlns:fm="http://www.hyfinity.com/formmaker">
			<fm:xform_xpath>/mvc:eForm/mvc:Data/mvc:formData/mvc:h_formData</fm:xform_xpath>
		</fm:action>
	</element>
	<element name="h_activityName">
		<transform_xpath>/mvc:eForm/mvc:Data/WorkitemContext/Activity/Name</transform_xpath>
		<description />
		<fm:action name="actionWorkitem" xmlns:fm="http://www.hyfinity.com/formmaker">
			<fm:xform_xpath>/mvc:eForm/mvc:Data/mvc:formData/mvc:h_activityName</fm:xform_xpath>
		</fm:action>
		<fm:action name="getRequestNumber" xmlns:fm="http://www.hyfinity.com/formmaker">
			<fm:xform_xpath>/mvc:eForm/mvc:Data/mvc:formData/mvc:h_activityName</fm:xform_xpath>
		</fm:action>
	</element>
	<element name="h_witemParticipantID">
		<description />
		<transform_xpath>/mvc:eForm/mvc:Data/WorkitemContext/Workitem/Participant</transform_xpath>
		<fm:action name="actionWorkitem" xmlns:fm="http://www.hyfinity.com/formmaker">
			<fm:xform_xpath>/mvc:eForm/mvc:Data/mvc:formData/mvc:h_witemParticipantID</fm:xform_xpath>
		</fm:action>
		<fm:action name="getRequestNumber" xmlns:fm="http://www.hyfinity.com/formmaker">
			<fm:xform_xpath>/mvc:eForm/mvc:Data/mvc:formData/mvc:h_witemParticipantID</fm:xform_xpath>
		</fm:action>
	</element>
	<element name="h_witemParticipantName">
		<transform_xpath>/mvc:eForm/mvc:Data/WorkitemContext/Workitem/ParticipantName</transform_xpath>
		<description />
		<fm:action name="actionWorkitem" xmlns:fm="http://www.hyfinity.com/formmaker">
			<fm:xform_xpath>/mvc:eForm/mvc:Data/mvc:formData/mvc:h_witemParticipantName</fm:xform_xpath>
		</fm:action>
		<fm:action name="getRequestNumber" xmlns:fm="http://www.hyfinity.com/formmaker">
			<fm:xform_xpath>/mvc:eForm/mvc:Data/mvc:formData/mvc:h_witemParticipantName</fm:xform_xpath>
		</fm:action>
	</element>
	<element name="h_userGroups">
		<transform_xpath>/mvc:eForm/mvc:Data/userGroups</transform_xpath>
		<description />
		<fm:action name="actionWorkitem" xmlns:fm="http://www.hyfinity.com/formmaker">
			<fm:xform_xpath>/mvc:eForm/mvc:Data/mvc:formData/mvc:h_userGroups</fm:xform_xpath>
		</fm:action>
		<fm:action name="getRequestNumber" xmlns:fm="http://www.hyfinity.com/formmaker">
			<fm:xform_xpath>/mvc:eForm/mvc:Data/mvc:formData/mvc:h_userGroups</fm:xform_xpath>
		</fm:action>
	</element>
	<element name="h_currentUserMemberID">
		<transform_xpath>/mvc:eForm/mvc:Data/WorkitemContext/User/MemberID</transform_xpath>
		<description />
		<fm:action name="actionWorkitem" xmlns:fm="http://www.hyfinity.com/formmaker">
			<fm:xform_xpath>/mvc:eForm/mvc:Data/mvc:formData/mvc:h_currentUserMemberID</fm:xform_xpath>
		</fm:action>
		<fm:action name="getRequestNumber" xmlns:fm="http://www.hyfinity.com/formmaker">
			<xform_xpath>/mvc:eForm/mvc:Data/mvc:formData/mvc:h_currentUserMemberID</xform_xpath>
		</fm:action>
	</element>
	<element name="h_currentUserName">
		<transform_xpath>/mvc:eForm/mvc:Data/WorkitemContext/User/Name</transform_xpath>
		<description />
		<fm:action name="actionWorkitem" xmlns:fm="http://www.hyfinity.com/formmaker">
			<fm:xform_xpath>/mvc:eForm/mvc:Data/mvc:formData/mvc:h_currentUserName</fm:xform_xpath>
		</fm:action>
		<fm:action name="getRequestNumber" xmlns:fm="http://www.hyfinity.com/formmaker">
			<fm:xform_xpath>/mvc:eForm/mvc:Data/mvc:formData/mvc:h_currentUserName</fm:xform_xpath>
		</fm:action>
	</element>
	<element name="h_creationdate">
		<fm:action name="actionWorkitem" xmlns:fm="http://www.hyfinity.com/formmaker">
			<xform_xpath>/mvc:eForm/mvc:Data/mvc:formData/mvc:h_creationdate</xform_xpath>
		</fm:action>
		<fm:action name="getRequestNumber" xmlns:fm="http://www.hyfinity.com/formmaker">
			<xform_xpath>/mvc:eForm/mvc:Data/mvc:formData/mvc:h_creationdate</xform_xpath>
		</fm:action>
		<transform_xpath>/mvc:eForm/mvc:Data/WorkitemContext/Process/CreationDateTime</transform_xpath>
		<description />
	</element>
	<element name="h_lookupXMLString">
		<transform_xpath>/mvc:eForm/mvc:Data/lookupString</transform_xpath>
		<description />
		<fm:action name="actionWorkitem" xmlns:fm="http://www.hyfinity.com/formmaker">
			<fm:xform_xpath>/mvc:eForm/mvc:Data/mvc:formData/mvc:h_lookupXMLString</fm:xform_xpath>
		</fm:action>
		<fm:action name="getRequestNumber" xmlns:fm="http://www.hyfinity.com/formmaker">
			<fm:xform_xpath>/mvc:eForm/mvc:Data/mvc:formData/mvc:h_lookupXMLString</fm:xform_xpath>
		</fm:action>
	</element>
	<element name="h_requestNumber">
		<fm:action name="actionWorkitem" xmlns:fm="http://www.hyfinity.com/formmaker">
			<fm:xform_xpath>/mvc:eForm/mvc:Data/mvc:formData/mvc:h_requestNumber</fm:xform_xpath>
		</fm:action>
		<fm:action name="getRequestNumber" xmlns:fm="http://www.hyfinity.com/formmaker">
			<fm:xform_xpath>/mvc:eForm/mvc:Data/mvc:formData/mvc:h_requestNumber</fm:xform_xpath>
		</fm:action>
		<transform_xpath>/mvc:eForm/mvc:Data/WorkitemContext/Process/ProcessVariables/requestNum</transform_xpath>
		<description />
	</element>
	<element name="h_sessioninfo">
		<fm:action name="actionWorkitem" xmlns:fm="http://www.hyfinity.com/formmaker">
			<fm:xform_xpath>/mvc:eForm/mvc:Data/mvc:formData/mvc:h_sessioninfo</fm:xform_xpath>
		</fm:action>
		<fm:action name="getRequestNumber" xmlns:fm="http://www.hyfinity.com/formmaker">
			<fm:xform_xpath>/mvc:eForm/mvc:Data/mvc:formData/mvc:h_sessioninfo</fm:xform_xpath>
		</fm:action>
		<transform_xpath>/mvc:eForm/mvc:Data/WorkitemContext/SessionInfoXML</transform_xpath>
		<description />
	</element>
	<element name="readOnly">
		<transform_xpath>/mvc:eForm/mvc:Control/mvc:readOnly</transform_xpath>
		<description />
		<fm:action name="actionWorkitem" xmlns:fm="http://www.hyfinity.com/formmaker">
			<fm:xform_xpath>/mvc:eForm/mvc:Data/mvc:formData/mvc:readOnly</fm:xform_xpath>
		</fm:action>
		<fm:action name="getRequestNumber" xmlns:fm="http://www.hyfinity.com/formmaker">
			<fm:xform_xpath>/mvc:eForm/mvc:Data/mvc:formData/mvc:readOnly</fm:xform_xpath>
		</fm:action>
	</element>
	<element name="readOnly2">
		<fm:transform_xpath xmlns:fm="http://www.hyfinity.com/formmaker">/mvc:eForm/mvc:Data/mvc:formData/mvc:readOnly2</fm:transform_xpath>
		<fm:action name="actionWorkitem" xmlns:fm="http://www.hyfinity.com/formmaker">
			<fm:xform_xpath>/mvc:eForm/mvc:Data/mvc:formData/mvc:readOnly2</fm:xform_xpath>
		</fm:action>
		<fm:action name="getRequestNumber" xmlns:fm="http://www.hyfinity.com/formmaker">
			<fm:xform_xpath>/mvc:eForm/mvc:Data/mvc:formData/mvc:readOnly2</fm:xform_xpath>
		</fm:action>
	</element>
	<element name="pv_caseStatus">
		<fm:action name="actionWorkitem" xmlns:fm="http://www.hyfinity.com/formmaker">
			<xform_xpath>/mvc:eForm/mvc:Data/WorkitemContext/Process/ProcessVariables/caseStatus</xform_xpath>
		</fm:action>
		<fm:action name="getRequestNumber" xmlns:fm="http://www.hyfinity.com/formmaker">
			<fm:xform_xpath>/mvc:eForm/mvc:Data/mvc:formData/mvc:pv_caseStatus</fm:xform_xpath>
		</fm:action>
		<transform_xpath>/mvc:eForm/mvc:Data/WorkitemContext/Process/ProcessVariables/caseStatus</transform_xpath>
		<description />
	</element>
	<element name="pv_ehrpStatus">
		<fm:action name="actionWorkitem" xmlns:fm="http://www.hyfinity.com/formmaker">
			<fm:xform_xpath>/mvc:eForm/mvc:Data/mvc:formData/mvc:pv_ehrpStatus</fm:xform_xpath>
		</fm:action>
		<fm:action name="getRequestNumber" xmlns:fm="http://www.hyfinity.com/formmaker">
			<fm:xform_xpath>/mvc:eForm/mvc:Data/mvc:formData/mvc:pv_ehrpStatus</fm:xform_xpath>
		</fm:action>
		<transform_xpath>/mvc:eForm/mvc:Data/WorkitemContext/Process/ProcessVariables/ehrpStatus</transform_xpath>
		<description />
	</element>
	<element name="pv_cancelReason">
		<fm:action name="actionWorkitem" xmlns:fm="http://www.hyfinity.com/formmaker">
			<fm:xform_xpath>/mvc:eForm/mvc:Data/mvc:formData/mvc:pv_cancelReason</fm:xform_xpath>
		</fm:action>
		<fm:action name="getRequestNumber" xmlns:fm="http://www.hyfinity.com/formmaker">
			<xform_xpath>/mvc:eForm/mvc:Data/mvc:formData/mvc:pv_cancelReason</xform_xpath>
		</fm:action>
		<transform_xpath>/mvc:eForm/mvc:Data/WorkitemContext/Process/ProcessVariables/cancelReason</transform_xpath>
		<description />
	</element>
	<element name="pv_employeeName">
		<fm:action name="actionWorkitem" xmlns:fm="http://www.hyfinity.com/formmaker">
			<xform_xpath>/mvc:eForm/mvc:Data/WorkitemContext/Process/ProcessVariables/employeeName</xform_xpath>
		</fm:action>
		<fm:action name="getRequestNumber" xmlns:fm="http://www.hyfinity.com/formmaker">
			<xform_xpath>/mvc:eForm/mvc:Data/WorkitemContext/Process/ProcessVariables/employeeName</xform_xpath>
		</fm:action>
		<transform_xpath>/mvc:eForm/mvc:Data/WorkitemContext/Process/ProcessVariables/employeeName</transform_xpath>
		<description />
	</element>
	<element name="h_now">
		<fm:action name="actionWorkitem" xmlns:fm="http://www.hyfinity.com/formmaker">
			<fm:xform_xpath>/mvc:eForm/mvc:Data/mvc:formData/mvc:h_now</fm:xform_xpath>
		</fm:action>
		<fm:action name="getRequestNumber" xmlns:fm="http://www.hyfinity.com/formmaker">
			<fm:xform_xpath>/mvc:eForm/mvc:Data/mvc:formData/mvc:h_now</fm:xform_xpath>
		</fm:action>
		<transform_xpath>/mvc:eForm/mvc:Data/mvc:formData/mvc:h_now</transform_xpath>
		<description />
	</element>
	<element name="h_definitionName">
		<transform_xpath>/mvc:eForm/mvc:Data/WorkitemContext/Process/ProcessDefinitionName</transform_xpath>
		<description />
		<fm:action name="actionWorkitem" xmlns:fm="http://www.hyfinity.com/formmaker">
			<fm:xform_xpath>/mvc:eForm/mvc:Data/mvc:formData/mvc:h_definitionName</fm:xform_xpath>
		</fm:action>
		<fm:action name="getRequestNumber" xmlns:fm="http://www.hyfinity.com/formmaker">
			<fm:xform_xpath>/mvc:eForm/mvc:Data/mvc:formData/mvc:h_definitionName</fm:xform_xpath>
		</fm:action>
	</element>
	<element name="h_readOnly">
		<transform_xpath>/mvc:eForm/mvc:Control/mvc:readOnly
</transform_xpath>
		<description />
		<fm:action name="actionWorkitem" xmlns:fm="http://www.hyfinity.com/formmaker">
			<fm:xform_xpath>/mvc:eForm/mvc:Data/mvc:formData/mvc:h_readOnly</fm:xform_xpath>
		</fm:action>
		<fm:action name="getRequestNumber" xmlns:fm="http://www.hyfinity.com/formmaker">
			<fm:xform_xpath>/mvc:eForm/mvc:Data/mvc:formData/mvc:h_readOnly</fm:xform_xpath>
		</fm:action>
	</element>
	<element name="h_currentTabID">
		<fm:action name="actionWorkitem" xmlns:fm="http://www.hyfinity.com/formmaker">
			<xform_xpath>/mvc:eForm/mvc:Data/mvc:formData/mvc:h_currentTabID</xform_xpath>
		</fm:action>
		<fm:action name="getRequestNumber" xmlns:fm="http://www.hyfinity.com/formmaker">
			<xform_xpath>/mvc:eForm/mvc:Data/mvc:formData/mvc:h_currentTabID</xform_xpath>
		</fm:action>
		<transform_xpath>/mvc:eForm/mvc:Control/mvc:currentTabID</transform_xpath>
		<description />
	</element>
	<element name="h_hhs_usergroupString">
		<transform_xpath>/mvc:eForm/mvc:Data/hhs_usergroupString</transform_xpath>
		<description />
		<fm:action name="actionWorkitem" xmlns:fm="http://www.hyfinity.com/formmaker">
			<fm:xform_xpath>/mvc:eForm/mvc:Data/mvc:formData/mvc:h_hhs_usergroupString</fm:xform_xpath>
		</fm:action>
		<fm:action name="getRequestNumber" xmlns:fm="http://www.hyfinity.com/formmaker">
			<fm:xform_xpath>/mvc:eForm/mvc:Data/mvc:formData/mvc:h_hhs_usergroupString</fm:xform_xpath>
		</fm:action>
	</element>
	<element name="pv_contactName">
		<fm:action name="actionWorkitem" xmlns:fm="http://www.hyfinity.com/formmaker">
			<xform_xpath>/mvc:eForm/mvc:Data/WorkitemContext/Process/ProcessVariables/contactName</xform_xpath>
		</fm:action>
		<fm:action name="getRequestNumber" xmlns:fm="http://www.hyfinity.com/formmaker">
			<xform_xpath>/mvc:eForm/mvc:Data/WorkitemContext/Process/ProcessVariables/contactName</xform_xpath>
		</fm:action>
		<transform_xpath>/mvc:eForm/mvc:Data/WorkitemContext/Process/ProcessVariables/contactName</transform_xpath>
		<description />
	</element>
	<element name="consultant">
		<fm:action name="actionWorkitem" xmlns:fm="http://www.hyfinity.com/formmaker">
			<fm:xform_xpath>/mvc:eForm/mvc:Data/mvc:formData/mvc:consultant</fm:xform_xpath>
		</fm:action>
		<transform_xpath>/mvc:eForm/mvc:Data/mvc:formData/mvc:consultant</transform_xpath>
		<description />
		<fm:action name="getRequestNumber" xmlns:fm="http://www.hyfinity.com/formmaker">
			<fm:xform_xpath>/mvc:eForm/mvc:Data/mvc:formData/mvc:consultant</fm:xform_xpath>
		</fm:action>
	</element>
	<element name="h_adminCode">
		<description />
		<fm:transform_xpath xmlns:fm="http://www.hyfinity.com/formmaker">/mvc:eForm/mvc:Data/mvc:formData/mvc:h_adminCode</fm:transform_xpath>
		<fm:action name="actionWorkitem" xmlns:fm="http://www.hyfinity.com/formmaker">
			<fm:xform_xpath>/mvc:eForm/mvc:Data/mvc:formData/mvc:h_adminCode</fm:xform_xpath>
		</fm:action>
		<fm:action name="getRequestNumber" xmlns:fm="http://www.hyfinity.com/formmaker">
			<fm:xform_xpath>/mvc:eForm/mvc:Data/mvc:formData/mvc:h_adminCode</fm:xform_xpath>
		</fm:action>
	</element>
	<element name="hiringManager">
		<fm:action name="actionWorkitem" xmlns:fm="http://www.hyfinity.com/formmaker">
			<fm:xform_xpath>/mvc:eForm/mvc:Data/mvc:formData/mvc:hiringManager</fm:xform_xpath>
		</fm:action>
		<transform_xpath>/mvc:eForm/mvc:Data/WorkitemContext/Process/ProcessVariables/hiringManager</transform_xpath>
		<description />
		<fm:action name="getRequestNumber" xmlns:fm="http://www.hyfinity.com/formmaker">
			<fm:xform_xpath>/mvc:eForm/mvc:Data/mvc:formData/mvc:hiringManager</fm:xform_xpath>
		</fm:action>
	</element>
	<group name="tab3" />
	<group name="partial_tab3" />
	<group name="tab4" />
	<group name="partial_tab4" />
	<element name="h_initiatorName">
		<fm:action name="actionWorkitem" xmlns:fm="http://www.hyfinity.com/formmaker">
			<fm:xform_xpath>/mvc:eForm/mvc:Data/mvc:formData/mvc:h_initiatorName</fm:xform_xpath>
		</fm:action>
		<fm:action name="getRequestNumber" xmlns:fm="http://www.hyfinity.com/formmaker">
			<fm:xform_xpath>/mvc:eForm/mvc:Data/mvc:formData/mvc:h_initiatorName</fm:xform_xpath>
		</fm:action>
		<transform_xpath>/mvc:eForm/mvc:Data/WorkitemContext/Process/InitiatorName</transform_xpath>
		<description />
	</element>
	<group name="tab5" />
	<group name="partial_tab5" />
	<group name="tab6" />
	<group name="partial_tab6" />
	<group name="tab90" />
	<group name="partial_tab90" />
	<element name="button_UpdateSpecialist">
		<fm:transform_xpath xmlns:fm="http://www.hyfinity.com/formmaker">/mvc:eForm/mvc:Data/mvc:formData/mvc:button_UpdateSpecialist</fm:transform_xpath>
		<fm:action name="actionWorkitem" xmlns:fm="http://www.hyfinity.com/formmaker">
			<fm:xform_xpath>/mvc:eForm/mvc:Data/mvc:formData/mvc:button_UpdateSpecialist</fm:xform_xpath>
		</fm:action>
		<fm:action name="getRequestNumber" xmlns:fm="http://www.hyfinity.com/formmaker">
			<fm:xform_xpath>/mvc:eForm/mvc:Data/mvc:formData/mvc:button_UpdateSpecialist</fm:xform_xpath>
		</fm:action>
	</element>
</xforms>
