<?xml version="1.0" encoding="UTF-8"?>
<fm:structure xmlns:fm="http://www.hyfinity.com/formmaker">
	<form_details xmlns="http://www.hyfinity.com/formmaker">
		<error_highlight_method alert="false" as_you_type="true" validation_mode="all">bubble</error_highlight_method>
		<hint_display_method>tooltip</hint_display_method>
		<top_level_message class="topLevelMessage" required="false" style="" />
		<mark_mandatory class="mandatory" location="after_label" required="true" style=""> * </mark_mandatory>
		<description>Enter a description.</description>
		<page_background_style class="" style="" />
		<page_content_style class="" style="" />
		<page_events>
			<events>
				<fm:event id="onbeforeload">
					<fm:action id="FunctionCall">
						<fm:param name="Function" option="Static" value="require" />
						<fm:param name="Parameters" option="Script" value="[&quot;dijit/form/CurrencyTextBox&quot;]" />
					</fm:action>
				</fm:event>
			</events>
		</page_events>
	</form_details>
	<fm:group border_styling="false" compatability="false" conditional_display="false" control_field="" control_field_value="" fieldset="false" gen_method="layout" hide="false" label_position="left" name="layout_group_7" submit_if_hidden="true">
		<fm:label class="label" options="static" position="outside_group" position_override="top" required="false" style="" type="static" value="Layout Group">
			<fm:container class="groupLabelBackground" options="static" style="" />
		</fm:label>
		<fm:style class="" options="static" style="" />
		<fm:content_alignment distribution="vertical" halign="left" valign="top" />
		<fm:sizing height="fit_to_content" width="fully_expand" />
		<fm:palette_ref control="Layout Group" />
		<fm:custom name="custom_control_2" type="custom">
			<fm:code>
				<div class="controlRow" xmlns="">
					<span class="labelBackground labelControl expandWidth">
						<label class="label require-field-note" tabindex="0">All fields marked with an asterisk are required</label>
					</span>
				</div>
			</fm:code>
			<fm:description />
			<fm:palette_ref control="Custom" />
		</fm:custom>
	</fm:group>
	<fm:group border_styling="false" compatability="false" fieldset="false" gen_method="layout" hide="false" label_position="left" name="samReview_upper_group" submit_if_hidden="true">
		<label class="label" options="static" position="outside_group" position_override="top" required="false" style="" type="static" value="Layout Group" xmlns="http://www.hyfinity.com/formmaker">
			<container class="groupLabelBackground" options="static" style="">
				<content_alignment distribution="vertical" />
			</container>
		</label>
		<style class="overflow-hidden" options="static" style="" xmlns="http://www.hyfinity.com/formmaker" />
		<fm:content_alignment distribution="vertical" halign="left" valign="top" />
		<fm:sizing height="fit_to_content" width="fully_expand" />
		<fm:palette_ref control="Layout Group" />
		<fm:group border_styling="false" compatability="false" fieldset="false" gen_method="layout" hide="false" label_position="left" name="group_bordered" submit_if_hidden="true">
			<label class="label" options="static" position="outside_group" position_override="top" required="true" style="" type="static" value="Selectee's Eligibility" xmlns="http://www.hyfinity.com/formmaker">
				<container class="groupLabelBackground" options="static" style="">
					<content_alignment distribution="vertical" halign="left" valign="middle" />
					<sizing height="custom" width="fully_expand" />
				</container>
			</label>
			<style class="borderedGroup borderedGroup2" options="static" style="" xmlns="http://www.hyfinity.com/formmaker" />
			<fm:content_alignment distribution="vertical" halign="left" valign="top" />
			<fm:sizing height="fit_to_content" width="fully_expand" />
			<fm:palette_ref control="Bordered Group" />
			<fm:group border_styling="false" compatability="false" fieldset="false" gen_method="layout" hide="false" label_position="left" name="selecteeMeets_group" submit_if_hidden="true">
				<label class="label" options="static" position="outside_group" position_override="top" required="false" style="" type="static" value="Layout Group" xmlns="http://www.hyfinity.com/formmaker">
					<container class="groupLabelBackground" options="static" style="">
						<content_alignment distribution="vertical" />
					</container>
				</label>
				<style class="" options="static" style="" xmlns="http://www.hyfinity.com/formmaker" />
				<fm:content_alignment distribution="horizontal" halign="left" valign="top" />
				<fm:sizing height="fit_to_content" width="fully_expand" />
				<fm:palette_ref control="Layout Group" />
				<fm:element disable="false" disable_method="disabled" generate="true" hide="false" name="selecteeMeetEligibility">
					<field xmlns="http://www.hyfinity.com/formmaker">
						<input dropdown_default="Select One" options="static">select</input>
						<style class="defaultBackground selectControl" options="static" style="" />
						<element_style class="select" options="static" style="width : 400px;" />
						<date_picker class="" content="" required="false" type="normal" />
						<label class="label" options="static" position_override="top" required="true" style="" type="static" value="Selectee meets the following eligibility requirement">
							<container class="labelBackground labelControl" options="static" />
						</label>
						<container />
					</field>
					<constraints validate="true" xmlns="http://www.hyfinity.com/formmaker">
						<type>string</type>
						<required>true</required>
						<enumeration use_for_output="false">
							<include value="5 CFR 531.212(a)(i) First appointment as a civilian employee">5 CFR 531.212(a)(i) First appointment as a civilian employee</include>
							<include value="5 CFR 531.212(a)(ii) Qualifying Reappointment">5 CFR 531.212(a)(ii) Qualifying Reappointment</include>
							<include value="Selectee does not meet eligibility requirements">Selectee does not meet eligibility requirements</include>
						</enumeration>
					</constraints>
					<error xmlns="http://www.hyfinity.com/formmaker">
						<hint class="hintIcon" style="" use="false">Enter a hint here.</hint>
						<server class="errorIcon" retain="false" style="" use="false" />
					</error>
					<fm:palette_ref control="Select Box" />
				</fm:element>
				<fm:group border_styling="false" compatability="false" fieldset="false" gen_method="layout" hide="false" label_position="left" name="qualifyingReappointment_group" submit_if_hidden="true">
					<label class="label" options="static" position="outside_group" position_override="top" required="false" style="" type="static" value="Layout Group" xmlns="http://www.hyfinity.com/formmaker">
						<container class="groupLabelBackground" options="static" style="">
							<content_alignment distribution="vertical" />
						</container>
					</label>
					<style class="hidden" options="static" style="" xmlns="http://www.hyfinity.com/formmaker" />
					<fm:content_alignment distribution="horizontal" halign="left" valign="top" />
					<fm:sizing height="fit_to_content" width="custom" />
					<fm:palette_ref control="Layout Group" />
					<fm:element disable="false" disable_method="disabled" generate="true" hide="false" name="qualifyingReappointment">
						<field xmlns="http://www.hyfinity.com/formmaker">
							<input dropdown_default="Select One" options="static">select</input>
							<style class="defaultBackground selectControl" options="static" style="" />
							<element_style class="select" options="static" style="width : 200px;" />
							<date_picker class="" content="" required="false" type="normal" />
							<label class="label" options="static" position_override="top" required="true" style="" type="static" value="Qualifying Reappointment">
								<container class="labelBackground labelControl" options="static" />
							</label>
							<container />
						</field>
						<constraints validate="true" xmlns="http://www.hyfinity.com/formmaker">
							<type>string</type>
							<required>true</required>
							<enumeration use_for_output="false">
								<include value="90-day break in service">90-day break in service</include>
								<include value="Other exceptions">Other exceptions</include>
							</enumeration>
						</constraints>
						<error xmlns="http://www.hyfinity.com/formmaker">
							<hint class="hintIcon" style="" use="false">Enter a hint here.</hint>
							<server class="errorIcon" retain="false" style="" use="false" />
						</error>
						<fm:palette_ref control="Select Box" />
						<custom_attributes xmlns="http://www.hyfinity.com/formmaker">
							<attribute name="maxlength" type="custom" value="140" />
						</custom_attributes>
					</fm:element>
					<fm:group border_styling="false" compatability="false" fieldset="false" gen_method="layout" hide="false" label_position="left" name="otherExceptions_group" submit_if_hidden="true">
						<label class="label" options="static" position="outside_group" position_override="top" required="false" style="" type="static" value="Layout Group" xmlns="http://www.hyfinity.com/formmaker">
							<container class="groupLabelBackground" options="static" style="">
								<content_alignment distribution="vertical" />
							</container>
						</label>
						<style class="hidden" options="static" style="width : 324px;" xmlns="http://www.hyfinity.com/formmaker" />
						<fm:content_alignment distribution="vertical" halign="left" valign="top" />
						<fm:sizing height="fit_to_content" width="custom" />
						<fm:palette_ref control="Layout Group" />
						<fm:element disable="false" disable_method="read_only" generate="true" hide="false" name="otherExceptions">
							<field xmlns="http://www.hyfinity.com/formmaker">
								<input options="dynamic" size="140">text</input>
								<style class="defaultBackground textboxControl" options="static" style="" />
								<element_style class="textbox" options="static" style="width : 310px;" />
								<date_picker class="datePickerIcon" content="" required="false" type="normal" />
								<label class="label" options="static" position_override="top" required="true" style="" type="static" value="Other exceptions">
									<container class="labelBackground labelControl" options="static" />
								</label>
								<container />
							</field>
							<constraints validate="true" xmlns="http://www.hyfinity.com/formmaker">
								<type>string</type>
								<required>true</required>
								<fm:enumeration use_for_output="false" />
							</constraints>
							<error xmlns="http://www.hyfinity.com/formmaker">
								<hint class="hintIcon" style="" use="false">Enter a hint here.</hint>
								<server class="errorIcon" retain="false" style="" use="false" />
							</error>
							<fm:palette_ref control="Text Box" />
							<accessibility xmlns="http://www.hyfinity.com/formmaker">
								<alt>Enter the other exceptions for the qualifying reappointment.</alt>
							</accessibility>
							<custom_attributes xmlns="http://www.hyfinity.com/formmaker">
								<attribute name="maxlength" type="custom" value="140" />
							</custom_attributes>
						</fm:element>
					</fm:group>
				</fm:group>
			</fm:group>
			<fm:group border_styling="false" compatability="false" fieldset="false" gen_method="layout" hide="false" label_position="left" name="selecteeMeet_sub_group" submit_if_hidden="true">
				<label class="label" options="static" position="outside_group" position_override="top" required="false" style="" type="static" value="Layout Group" xmlns="http://www.hyfinity.com/formmaker">
					<container class="groupLabelBackground" options="static" style="">
						<content_alignment distribution="vertical" />
					</container>
				</label>
				<style class="" options="static" style="" xmlns="http://www.hyfinity.com/formmaker" />
				<fm:content_alignment distribution="vertical" halign="left" valign="top" />
				<fm:sizing height="fit_to_content" width="fully_expand" />
				<fm:palette_ref control="Layout Group" />
				<fm:element disable="false" disable_method="disabled" generate="true" hide="false" name="selecteeMeetCriteria">
					<field xmlns="http://www.hyfinity.com/formmaker">
						<input dropdown_default="Select One" options="static">select</input>
						<style class="defaultBackground selectControl" options="static" style="" />
						<element_style class="select" options="static" style="width : 400px;" />
						<date_picker class="" content="" required="false" type="normal" />
						<label class="label" options="static" position_override="top" required="true" style="" type="static" value="Selectee meets one of the following criteria">
							<container class="labelBackground labelControl" options="static" style="">
								<sizing width="custom" />
							</container>
						</label>
						<container>
							<sizing width="custom" />
						</container>
					</field>
					<constraints validate="true" xmlns="http://www.hyfinity.com/formmaker">
						<type>string</type>
						<required>true</required>
						<enumeration use_for_output="false">
							<include value="Superior Qualifications">Superior Qualifications</include>
							<include value="Fills a special agency need">Fills a special agency need</include>
						</enumeration>
					</constraints>
					<error xmlns="http://www.hyfinity.com/formmaker">
						<hint class="hintIcon" style="" use="false">Enter a hint here.</hint>
						<server class="errorIcon" retain="false" style="" use="false" />
					</error>
					<fm:palette_ref control="Select Box" />
				</fm:element>
				<fm:group border_styling="false" compatability="false" fieldset="false" gen_method="layout" hide="false" label_position="left" name="specialAgencyNeedReason_group" submit_if_hidden="true">
					<label class="label" options="static" position="outside_group" position_override="top" required="false" style="" type="static" value="Layout Group" xmlns="http://www.hyfinity.com/formmaker">
						<container class="groupLabelBackground" options="static" style="">
							<content_alignment distribution="vertical" />
						</container>
					</label>
					<style class="hidden" options="static" style="" xmlns="http://www.hyfinity.com/formmaker" />
					<fm:content_alignment distribution="vertical" halign="left" valign="top" />
					<fm:sizing height="fit_to_content" width="fully_expand" />
					<fm:palette_ref control="Layout Group" />
					<fm:element disable="false" disable_method="disabled" generate="true" hide="false" name="specialAgencyNeedReason">
						<field xmlns="http://www.hyfinity.com/formmaker">
							<input dropdown_default="Select One" options="static">select</input>
							<style class="defaultBackground selectControl" options="static" style="" />
							<element_style class="select" options="static" style="width : 750px;" />
							<date_picker class="" content="" required="false" type="normal" />
							<label class="label" options="static" position_override="top" required="true" style="" type="static" value="Fills a special agency need reason">
								<container class="labelBackground labelControl" options="static" />
							</label>
							<container />
						</field>
						<constraints validate="true" xmlns="http://www.hyfinity.com/formmaker">
							<type>string</type>
							<required>true</required>
							<enumeration use_for_output="false">
								<include value="Agency’s workforce need is documented in the agency’s strategic human capital plan">Agency’s workforce need is documented in the agency’s strategic human capital plan</include>
								<include value="Candidate’s qualities are essential to accomplishing an important agency mission, goal or program activity">Candidate’s qualities are essential to accomplishing an important agency mission, goal or program activity</include>
							</enumeration>
						</constraints>
						<error xmlns="http://www.hyfinity.com/formmaker">
							<hint class="hintIcon" style="" use="false">Enter a hint here.</hint>
							<server class="errorIcon" retain="false" style="" use="false" />
						</error>
						<fm:palette_ref control="Select Box" />
						<accessibility xmlns="http://www.hyfinity.com/formmaker">
							<alt>Click the drop down list to select a special agency need reason.</alt>
						</accessibility>
					</fm:element>
					<fm:group border_styling="false" compatability="false" fieldset="false" gen_method="layout" hide="false" label_position="left" name="specialAgencyNeedReasonEssential_group" submit_if_hidden="true">
						<label class="label" options="static" position="outside_group" position_override="top" required="false" style="" type="static" value="Layout Group" xmlns="http://www.hyfinity.com/formmaker">
							<container class="groupLabelBackground" options="static" style="">
								<content_alignment distribution="vertical" />
							</container>
						</label>
						<style class="hidden" options="static" style="" xmlns="http://www.hyfinity.com/formmaker" />
						<fm:content_alignment distribution="vertical" halign="left" valign="top" />
						<fm:sizing height="fit_to_content" width="fully_expand" />
						<fm:palette_ref control="Layout Group" />
						<fm:element disable="false" disable_method="read_only" generate="true" hide="false" name="specialAgencyNeedReasonEssential">
							<field xmlns="http://www.hyfinity.com/formmaker">
								<input options="dynamic" size="140">text</input>
								<style class="defaultBackground textboxControl" options="static" style="" />
								<element_style class="textbox" options="static" style="width: 95%;" />
								<date_picker class="datePickerIcon" content="" required="false" type="normal" />
								<label class="label" options="static" position_override="top" required="true" style="" type="static" value="Candidate’s qualities are essential to accomplishing an important agency mission, goal or program activity as explained: ">
									<container class="labelBackground labelControl" options="static">
										<sizing width="fully_expand" />
									</container>
								</label>
								<container>
									<sizing width="fully_expand" />
								</container>
							</field>
							<constraints validate="true" xmlns="http://www.hyfinity.com/formmaker">
								<type>string</type>
								<required>true</required>
								<fm:enumeration use_for_output="false" />
							</constraints>
							<error xmlns="http://www.hyfinity.com/formmaker">
								<hint class="hintIcon" style="" use="false">Enter a hint here.</hint>
								<server class="errorIcon" retain="false" style="" use="false" />
							</error>
							<fm:palette_ref control="Text Box" />
							<accessibility xmlns="http://www.hyfinity.com/formmaker">
								<alt>Enter the an important agency mission, goal or program activity details the candidate fulfills.</alt>
							</accessibility>
							<custom_attributes xmlns="http://www.hyfinity.com/formmaker">
								<attribute name="maxlength" type="custom" value="140" />
							</custom_attributes>
						</fm:element>
					</fm:group>
				</fm:group>
				<fm:group border_styling="false" compatability="false" fieldset="false" gen_method="layout" hide="false" label_position="left" name="superiorQualificationCriteria_group" submit_if_hidden="true">
					<label class="label" options="static" position="outside_group" position_override="top" required="false" style="" type="static" value="Layout Group" xmlns="http://www.hyfinity.com/formmaker">
						<container class="groupLabelBackground" options="static" style="">
							<content_alignment distribution="vertical" />
						</container>
					</label>
					<style class="hidden" options="static" style="" xmlns="http://www.hyfinity.com/formmaker" />
					<fm:content_alignment distribution="vertical" halign="left" valign="top" />
					<fm:sizing height="fit_to_content" width="fully_expand" />
					<fm:palette_ref control="Layout Group" />
					<fm:element disable="false" disable_method="disabled" generate="true" hide="false" name="superiorQualificationReason">
						<field xmlns="http://www.hyfinity.com/formmaker">
							<input dropdown_default="Select One" options="static">select</input>
							<style class="defaultBackground selectControl" options="static" style="" />
							<element_style class="select" options="static" style="width : 750px;" />
							<date_picker class="" content="" required="false" type="normal" />
							<label class="label" options="static" position_override="top" required="true" style="" type="static" value="Superior qualification reason">
								<container class="labelBackground labelControl" options="static" />
							</label>
							<container />
						</field>
						<constraints validate="true" xmlns="http://www.hyfinity.com/formmaker">
							<type>string</type>
							<required>true</required>
							<enumeration use_for_output="false">
								<include value="As assessed by the candidate’s level, type or quality of skills and competencies">As assessed by the candidate’s level, type or quality of skills and competencies</include>
								<include value="As evidenced by experience and/or education">As evidenced by experience and/or education</include>
								<include value="In comparing his/her accomplishments to others in the field">In comparing his/her accomplishments to others in the field</include>
								<include value="Based on other factors">Based on other factors</include>
							</enumeration>
						</constraints>
						<error xmlns="http://www.hyfinity.com/formmaker">
							<hint class="hintIcon" style="" use="false">Enter a hint here.</hint>
							<server class="errorIcon" retain="false" style="" use="false" />
						</error>
						<fm:palette_ref control="Select Box" />
						<accessibility xmlns="http://www.hyfinity.com/formmaker">
							<alt>Click the drop down list to select a superior qualification reason.</alt>
						</accessibility>
					</fm:element>
					<fm:group border_styling="false" compatability="false" fieldset="false" gen_method="layout" hide="false" label_position="left" name="otherFactorsAsExplained_group" submit_if_hidden="true">
						<label class="label" options="static" position="outside_group" position_override="top" required="false" style="" type="static" value="Layout Group" xmlns="http://www.hyfinity.com/formmaker">
							<container class="groupLabelBackground" options="static" style="">
								<content_alignment distribution="vertical" />
							</container>
						</label>
						<style class="hidden" options="static" style="" xmlns="http://www.hyfinity.com/formmaker" />
						<fm:content_alignment distribution="vertical" halign="left" valign="top" />
						<fm:sizing height="fit_to_content" width="fully_expand" />
						<fm:palette_ref control="Layout Group" />
						<fm:element disable="false" disable_method="read_only" generate="true" hide="false" name="otherFactorsAsExplained">
							<field xmlns="http://www.hyfinity.com/formmaker">
								<input options="dynamic" size="140">text</input>
								<style class="defaultBackground textboxControl" options="static" style="" />
								<element_style class="textbox" options="static" style="width: 95%;" />
								<date_picker class="datePickerIcon" content="" required="false" type="normal" />
								<label class="label" options="static" position_override="top" required="true" style="" type="static" value="Other factors, as explained:">
									<container class="labelBackground labelControl" options="static" style="">
										<sizing width="fully_expand" />
									</container>
								</label>
								<container>
									<sizing width="fully_expand" />
								</container>
							</field>
							<constraints validate="true" xmlns="http://www.hyfinity.com/formmaker">
								<type>string</type>
								<required>true</required>
								<fm:enumeration use_for_output="false" />
							</constraints>
							<error xmlns="http://www.hyfinity.com/formmaker">
								<hint class="hintIcon" style="" use="false">Enter a hint here.</hint>
								<server class="errorIcon" retain="false" style="" use="false" />
							</error>
							<fm:palette_ref control="Text Box" />
							<custom_attributes xmlns="http://www.hyfinity.com/formmaker">
								<attribute name="maxlength" type="custom" value="140" />
							</custom_attributes>
							<accessibility xmlns="http://www.hyfinity.com/formmaker">
								<alt>Enter the other factors for a superior qualification.</alt>
							</accessibility>
						</fm:element>
					</fm:group>
				</fm:group>
			</fm:group>
		</fm:group>
		<fm:group border_styling="false" compatability="false" fieldset="false" gen_method="layout" hide="false" label_position="left" name="basicPayRate_group" submit_if_hidden="true">
			<label class="label" options="static" position="outside_group" position_override="top" required="false" style="" type="static" value="Layout Group" xmlns="http://www.hyfinity.com/formmaker">
				<container class="groupLabelBackground" options="static" style="">
					<content_alignment distribution="vertical" />
				</container>
			</label>
			<style class="" options="static" style="" xmlns="http://www.hyfinity.com/formmaker" />
			<fm:content_alignment distribution="vertical" halign="left" valign="top" />
			<fm:sizing height="fit_to_content" width="fully_expand" />
			<fm:palette_ref control="Layout Group" />
			<fm:group border_styling="false" compatability="false" fieldset="false" gen_method="layout" hide="false" label_position="left" name="group_bordered_2" submit_if_hidden="true">
				<label class="label" options="static" position="outside_group" position_override="top" required="true" style="" type="static" value="Basic Pay Rate Factors" xmlns="http://www.hyfinity.com/formmaker">
					<container class="groupLabelBackground" options="static" style="">
						<content_alignment distribution="vertical" halign="left" valign="middle" />
						<sizing height="custom" width="fully_expand" />
					</container>
				</label>
				<style class="borderedGroup borderedGroup2" options="static" style="" xmlns="http://www.hyfinity.com/formmaker" />
				<fm:content_alignment distribution="vertical" halign="left" valign="top" />
				<fm:sizing height="fit_to_content" width="fully_expand" />
				<fm:palette_ref control="Bordered Group" />
				<fm:group border_styling="false" compatability="false" fieldset="false" gen_method="layout" hide="false" label_position="left" name="layout_group_4" submit_if_hidden="true">
					<fm:label class="label" options="static" position="outside_group" position_override="top" required="false" style="" type="static" value="Layout Group">
						<fm:container class="groupLabelBackground" options="static" style="" />
					</fm:label>
					<style class="" options="static" style="" xmlns="http://www.hyfinity.com/formmaker" />
					<fm:content_alignment distribution="vertical" halign="left" valign="top" />
					<fm:sizing height="fit_to_content" width="fully_expand" />
					<fm:palette_ref control="Layout Group" />
					<fm:element disable="false" disable_method="disabled" generate="true" hide="false" name="basicPayRateFactor">
						<field xmlns="http://www.hyfinity.com/formmaker">
							<input dropdown_default="Select One" options="static">select</input>
							<style class="defaultBackground selectControl" options="static" style="" />
							<element_style class="select" options="static" style="width : 750px;" />
							<date_picker class="" content="" required="false" type="normal" />
							<label class="label" options="static" position_override="top" required="true" style="" type="static" value="One or more of the following factors were considered in determining the rate of basic pay">
								<container class="labelBackground labelControl" options="static">
									<sizing width="fully_expand" />
								</container>
							</label>
							<container>
								<sizing width="fully_expand" />
							</container>
						</field>
						<constraints validate="true" xmlns="http://www.hyfinity.com/formmaker">
							<type>string</type>
							<required>true</required>
							<enumeration use_for_output="false">
								<include value="Agency workforce needs, as evidenced in strategic plans">Agency workforce needs, as evidenced in strategic plans</include>
								<include value="Criticality of position to be filled and effect on agency if there are delays in staffing this position">Criticality of position to be filled and effect on agency if there are delays in staffing this position</include>
								<include value="Desirability of geographic location, duties and/or other work environment">Desirability of geographic location, duties and/or other work environment</include>
								<include value="Disparities between Federal and non-Federal salaries for the skills and competencies required">Disparities between Federal and non-Federal salaries for the skills and competencies required</include>
								<include value="Existing labor market conditions and employment trends">Existing labor market conditions and employment trends</include>
								<include value="Recent turnover in the same or similar positions">Recent turnover in the same or similar positions</include>
								<include value="The candidate’s existing salary, recent salary history, or salary documented in a competing job offer (documentation required)">The candidate’s existing salary, recent salary history, or salary documented in a competing job offer (documentation required)</include>
								<include value="The level, type or quality of the candidate’s skills or competencies">The level, type or quality of the candidate’s skills or competencies</include>
								<include value="The success of recent efforts to recruit for same or similar positions">The success of recent efforts to recruit for same or similar positions</include>
								<include value="Other relevant factors">Other relevant factors</include>
							</enumeration>
						</constraints>
						<error xmlns="http://www.hyfinity.com/formmaker">
							<hint class="hintIcon" style="" use="false">Enter a hint here.</hint>
							<server class="errorIcon" retain="false" style="" use="false" />
						</error>
						<fm:palette_ref control="Select Box" />
						<accessibility xmlns="http://www.hyfinity.com/formmaker">
							<alt>Click the drop down list to select a basic pay rate factor and click add to add the selection to the list.</alt>
						</accessibility>
					</fm:element>
					<fm:group border_styling="false" compatability="false" fieldset="false" gen_method="layout" hide="false" label_position="left" name="otherRelevantFactors_group" submit_if_hidden="true">
						<fm:label class="label" options="static" position="outside_group" position_override="top" required="false" style="" type="static" value="Layout Group">
							<fm:container class="groupLabelBackground" options="static" style="" />
						</fm:label>
						<style class="hidden" options="static" style="" xmlns="http://www.hyfinity.com/formmaker" />
						<fm:content_alignment distribution="vertical" halign="left" valign="top" />
						<fm:sizing height="fit_to_content" width="fully_expand" />
						<fm:palette_ref control="Layout Group" />
						<fm:element disable="false" disable_method="read_only" generate="true" hide="false" name="otherRelevantFactors">
							<field xmlns="http://www.hyfinity.com/formmaker">
								<input options="dynamic" size="140">text</input>
								<style class="defaultBackground textboxControl" options="static" style="" />
								<element_style class="textbox" options="static" style="width: 95%;" />
								<date_picker class="datePickerIcon" content="" required="false" type="normal" />
								<label class="label" options="static" position_override="top" required="true" style="" type="static" value="Other relevant factors, as explained:">
									<container class="labelBackground labelControl" options="static" style="">
										<sizing width="fully_expand" />
									</container>
								</label>
								<container>
									<sizing width="fully_expand" />
								</container>
							</field>
							<constraints validate="true" xmlns="http://www.hyfinity.com/formmaker">
								<type>string</type>
								<required>true</required>
								<fm:enumeration use_for_output="false" />
							</constraints>
							<error xmlns="http://www.hyfinity.com/formmaker">
								<hint class="hintIcon" style="" use="false">Enter a hint here.</hint>
								<server class="errorIcon" retain="false" style="" use="false" />
							</error>
							<fm:palette_ref control="Text Box" />
							<custom_attributes xmlns="http://www.hyfinity.com/formmaker">
								<attribute name="maxlength" type="custom" value="140" />
							</custom_attributes>
							<accessibility xmlns="http://www.hyfinity.com/formmaker">
								<alt>Enter the other factors for a basic pay rate determination.</alt>
							</accessibility>
						</fm:element>
					</fm:group>
				</fm:group>
			</fm:group>
		</fm:group>
		<fm:group border_styling="false" compatability="false" fieldset="false" gen_method="layout" hide="false" label_position="left" name="otherRequirements_group" submit_if_hidden="true">
			<label class="label" options="static" position="outside_group" position_override="top" required="false" style="" type="static" value="Layout Group" xmlns="http://www.hyfinity.com/formmaker">
				<container class="groupLabelBackground" options="static" style="">
					<content_alignment distribution="vertical" />
				</container>
			</label>
			<style class="hidden" options="static" style="" xmlns="http://www.hyfinity.com/formmaker" />
			<fm:content_alignment distribution="vertical" halign="left" valign="top" />
			<fm:sizing height="fit_to_content" width="fully_expand" />
			<fm:palette_ref control="Layout Group" />
			<fm:group border_styling="false" compatability="false" fieldset="false" gen_method="layout" hide="false" label_position="left" name="group_bordered_5" submit_if_hidden="true">
				<label class="label" options="static" position="outside_group" position_override="top" required="true" style="" type="static" value="Other Requirements" xmlns="http://www.hyfinity.com/formmaker">
					<container class="groupLabelBackground" options="static" style="">
						<content_alignment distribution="vertical" halign="left" valign="middle" />
						<sizing height="custom" width="fully_expand" />
					</container>
				</label>
				<style class="borderedGroup borderedGroup2" options="static" style="" xmlns="http://www.hyfinity.com/formmaker" />
				<fm:content_alignment distribution="vertical" halign="left" valign="top" />
				<fm:sizing height="fit_to_content" width="fully_expand" />
				<fm:palette_ref control="Bordered Group" />
				<fm:group border_styling="false" compatability="false" fieldset="false" gen_method="layout" hide="false" label_position="left" name="layout_group_5" submit_if_hidden="true">
					<fm:label class="label" options="static" position="outside_group" position_override="top" required="false" style="" type="static" value="Layout Group">
						<fm:container class="groupLabelBackground" options="static" style="" />
					</fm:label>
					<style class="" options="static" style="" xmlns="http://www.hyfinity.com/formmaker" />
					<fm:content_alignment distribution="vertical" halign="left" valign="top" />
					<fm:sizing height="fit_to_content" width="fully_expand" />
					<fm:palette_ref control="Layout Group" />
					<fm:element disable="false" disable_method="disabled" generate="true" hide="false" name="otherReqJustificationApproved">
						<field xmlns="http://www.hyfinity.com/formmaker">
							<input dropdown_default="Select One" options="static">select</input>
							<style class="defaultBackground selectControl" options="static" style="" />
							<element_style class="select" options="static" style="width : 250px;" />
							<date_picker class="" content="" required="false" type="normal" />
							<label class="label" options="static" position_override="top" required="true" style="" type="static" value="A written justification has been provided and is approved/signed by the Center/Office Director, or equivalent.">
								<container class="labelBackground labelControl" options="static" />
							</label>
							<container />
						</field>
						<constraints validate="true" xmlns="http://www.hyfinity.com/formmaker">
							<type>string</type>
							<required>true</required>
							<enumeration use_for_output="false">
								<include value="Yes">Yes</include>
								<include value="No">No</include>
							</enumeration>
						</constraints>
						<error xmlns="http://www.hyfinity.com/formmaker">
							<hint class="hintIcon" style="" use="false">Enter a hint here.</hint>
							<server class="errorIcon" retain="false" style="" use="false" />
						</error>
						<fm:palette_ref control="Select Box" />
						<accessibility xmlns="http://www.hyfinity.com/formmaker">
							<alt>Click the dropdown list to respond to the question.</alt>
						</accessibility>
					</fm:element>
				</fm:group>
				<fm:group border_styling="false" compatability="false" fieldset="false" gen_method="layout" hide="false" label_position="left" name="layout_group_10" submit_if_hidden="true">
					<label class="label" options="static" position="outside_group" position_override="top" required="false" style="" type="static" value="Layout Group" xmlns="http://www.hyfinity.com/formmaker">
						<container class="groupLabelBackground" options="static" style="">
							<content_alignment distribution="vertical" />
						</container>
					</label>
					<style class="" options="static" style="" xmlns="http://www.hyfinity.com/formmaker" />
					<fm:content_alignment distribution="vertical" halign="left" valign="top" />
					<fm:sizing height="fit_to_content" width="fully_expand" />
					<fm:palette_ref control="Layout Group" />
					<fm:element disable="false" disable_method="disabled" generate="true" hide="false" name="otherReqSufficientInformationProvided">
						<field xmlns="http://www.hyfinity.com/formmaker">
							<input dropdown_default="Select One" options="static">select</input>
							<style class="defaultBackground selectControl" options="static" style="" />
							<element_style class="select" options="static" style="width : 250px;" />
							<date_picker class="" content="" required="false" type="normal" />
							<label class="label" options="static" position_override="top" required="true" style="" type="static" value="The written justification provides sufficient information to ensure regulatory compliance.">
								<container class="labelBackground labelControl" options="static" />
							</label>
							<container />
						</field>
						<constraints validate="true" xmlns="http://www.hyfinity.com/formmaker">
							<type>string</type>
							<required>true</required>
							<enumeration use_for_output="false">
								<include value="Yes">Yes</include>
								<include value="No">No</include>
							</enumeration>
						</constraints>
						<error xmlns="http://www.hyfinity.com/formmaker">
							<hint class="hintIcon" style="" use="false">Enter a hint here.</hint>
							<server class="errorIcon" retain="false" style="" use="false" />
						</error>
						<fm:palette_ref control="Select Box" />
						<accessibility xmlns="http://www.hyfinity.com/formmaker">
							<alt>Click the dropdown list to respond to the question.</alt>
						</accessibility>
					</fm:element>
				</fm:group>
				<fm:group border_styling="false" compatability="false" conditional_display="false" control_field="" control_field_value="" fieldset="false" gen_method="layout" hide="false" label_position="left" name="layout_group_11" submit_if_hidden="true">
					<fm:label class="label" options="static" position="outside_group" position_override="top" required="false" style="" type="static" value="Layout Group">
						<fm:container class="groupLabelBackground" options="static" style="" />
					</fm:label>
					<fm:style class="" options="static" style="" />
					<fm:content_alignment distribution="vertical" halign="left" valign="top" />
					<fm:sizing height="fit_to_content" width="fully_expand" />
					<fm:palette_ref control="Layout Group" />
					<fm:element disable="false" disable_method="disabled" generate="true" hide="false" name="otherReqIncentiveRequired">
						<field xmlns="http://www.hyfinity.com/formmaker">
							<input dropdown_default="Select One" options="static">select</input>
							<style class="defaultBackground selectControl" options="static" style="" />
							<element_style class="select" options="static" style="width : 250px;" />
							<date_picker class="" content="" required="false" type="normal" />
							<label class="label" options="static" position_override="top" required="true" style="" type="static" value="The written justification indicates that a Recruitment Incentive was considered, as required.">
								<container class="labelBackground labelControl" options="static" />
							</label>
							<container />
						</field>
						<constraints validate="true" xmlns="http://www.hyfinity.com/formmaker">
							<type>string</type>
							<required>true</required>
							<enumeration use_for_output="false">
								<include value="Yes">Yes</include>
								<include value="No">No</include>
							</enumeration>
						</constraints>
						<error xmlns="http://www.hyfinity.com/formmaker">
							<hint class="hintIcon" style="" use="false">Enter a hint here.</hint>
							<server class="errorIcon" retain="false" style="" use="false" />
						</error>
						<fm:palette_ref control="Select Box" />
						<accessibility xmlns="http://www.hyfinity.com/formmaker">
							<alt>Click the dropdown list to respond to the question.</alt>
						</accessibility>
					</fm:element>
				</fm:group>
				<fm:group border_styling="false" compatability="false" conditional_display="false" control_field="" control_field_value="" fieldset="false" gen_method="layout" hide="false" label_position="left" name="layout_group_12" submit_if_hidden="true">
					<fm:label class="label" options="static" position="outside_group" position_override="top" required="false" style="" type="static" value="Layout Group">
						<fm:container class="groupLabelBackground" options="static" style="" />
					</fm:label>
					<fm:style class="" options="static" style="" />
					<fm:content_alignment distribution="vertical" halign="left" valign="top" />
					<fm:sizing height="fit_to_content" width="fully_expand" />
					<fm:palette_ref control="Layout Group" />
					<fm:element disable="false" disable_method="disabled" generate="true" hide="false" name="otherReqDocumentationProvided">
						<field xmlns="http://www.hyfinity.com/formmaker">
							<input dropdown_default="Select One" options="static">select</input>
							<style class="defaultBackground selectControl" options="static" style="" />
							<element_style class="select" options="static" style="width : 250px;" />
							<date_picker class="" content="" required="false" type="normal" />
							<label class="label" options="static" position_override="top" required="true" style="" type="static" value="All necessary documentation has been provided to support the request.">
								<container class="labelBackground labelControl" options="static" />
							</label>
							<container />
						</field>
						<constraints validate="true" xmlns="http://www.hyfinity.com/formmaker">
							<type>string</type>
							<required>true</required>
							<enumeration use_for_output="false">
								<include value="Yes">Yes</include>
								<include value="No">No</include>
							</enumeration>
						</constraints>
						<error xmlns="http://www.hyfinity.com/formmaker">
							<hint class="hintIcon" style="" use="false">Enter a hint here.</hint>
							<server class="errorIcon" retain="false" style="" use="false" />
						</error>
						<fm:palette_ref control="Select Box" />
						<accessibility xmlns="http://www.hyfinity.com/formmaker">
							<alt>Click the dropdown list to respond to the question.</alt>
						</accessibility>
					</fm:element>
				</fm:group>
			</fm:group>
		</fm:group>
		<fm:group border_styling="false" compatability="false" fieldset="false" gen_method="layout" hide="false" label_position="left" name="hrsRegulatoryReview_group" submit_if_hidden="true">
			<label class="label" options="static" position="outside_group" position_override="top" required="false" style="" type="static" value="Layout Group" xmlns="http://www.hyfinity.com/formmaker">
				<container class="groupLabelBackground" options="static" style="">
					<content_alignment distribution="vertical" />
				</container>
			</label>
			<style class="overflow-hidden" options="static" style="" xmlns="http://www.hyfinity.com/formmaker" />
			<fm:content_alignment distribution="vertical" halign="left" valign="top" />
			<fm:sizing height="fit_to_content" width="fully_expand" />
			<fm:palette_ref control="Layout Group" />
			<fm:group border_styling="false" compatability="false" fieldset="false" gen_method="layout" hide="false" label_position="left" name="group_bordered_4" submit_if_hidden="true">
				<label class="label" options="static" position="outside_group" position_override="top" required="true" style="" type="static" value="HR Specialist Regulatory Review/Certification" xmlns="http://www.hyfinity.com/formmaker">
					<container class="groupLabelBackground" options="static" style="">
						<content_alignment distribution="vertical" halign="left" valign="middle" />
						<sizing height="custom" width="fully_expand" />
					</container>
				</label>
				<style class="borderedGroup borderedGroup2" options="static" style="" xmlns="http://www.hyfinity.com/formmaker" />
				<fm:content_alignment distribution="vertical" halign="left" valign="top" />
				<fm:sizing height="fit_to_content" width="fully_expand" />
				<fm:palette_ref control="Bordered Group" />
				<fm:group border_styling="false" compatability="false" fieldset="false" gen_method="layout" hide="false" label_position="left" name="layout_group_8" submit_if_hidden="true">
					<label class="label" options="static" position="outside_group" position_override="top" required="false" style="" type="static" value="Layout Group" xmlns="http://www.hyfinity.com/formmaker">
						<container class="groupLabelBackground" options="static" style="">
							<content_alignment distribution="vertical" />
						</container>
					</label>
					<style class="row-group" options="static" style="" xmlns="http://www.hyfinity.com/formmaker" />
					<fm:content_alignment distribution="vertical" halign="left" valign="top" />
					<fm:sizing height="fit_to_content" width="fully_expand" />
					<fm:palette_ref control="Layout Group" />
					<fm:element disable="false" disable_method="disabled" generate="true" hide="false" name="hrSpecialistReviewCertification">
						<field xmlns="http://www.hyfinity.com/formmaker">
							<input dropdown_default="Select One" options="static">select</input>
							<style class="defaultBackground selectControl checkbox-sub-group" options="static" style="" />
							<element_style class="select" options="static" style="width : 400px;" />
							<date_picker class="" content="" required="false" type="normal" />
							<label class="label" options="static" position_override="top" required="true" style="" type="static" value="I certify that I have reviewed the documents and information related to this request, and am recommending the following, based on statutory and regulatory requirements:">
								<container class="labelBackground labelControl container checkbox-label" options="static" />
							</label>
							<container />
						</field>
						<constraints validate="true" xmlns="http://www.hyfinity.com/formmaker">
							<type>string</type>
							<required>true</required>
							<enumeration use_for_output="false">
								<include value="I support this request with the component’s proposed salary">I support this request with the component’s proposed salary</include>
								<include value="I support this request with the modified recommended salary">I support this request with the modified recommended salary</include>
								<include value="I do not support this request for the following reason(s)">I do not support this request for the following reason(s)</include>
							</enumeration>
						</constraints>
						<error xmlns="http://www.hyfinity.com/formmaker">
							<hint class="hintIcon" style="" use="false">Enter a hint here.</hint>
							<server class="errorIcon" retain="false" style="" use="false" />
						</error>
						<fm:palette_ref control="Select Box" />
						<accessibility xmlns="http://www.hyfinity.com/formmaker">
							<alt>Click the drop down list to indicate concurrence on the request.</alt>
						</accessibility>
					</fm:element>
					<fm:group border_styling="false" compatability="false" fieldset="false" gen_method="layout" hide="false" label_position="left" name="layout_group_3" submit_if_hidden="true">
						<fm:label class="label" options="static" position="outside_group" position_override="top" required="false" style="" type="static" value="Layout Group">
							<fm:container class="groupLabelBackground" options="static" style="" />
						</fm:label>
						<style class="checkbox-sub-group" options="static" style="" xmlns="http://www.hyfinity.com/formmaker" />
						<fm:content_alignment distribution="vertical" halign="left" valign="top" />
						<fm:sizing height="fit_to_content" width="fully_expand" />
						<fm:palette_ref control="Layout Group" />
						<fm:group border_styling="false" compatability="false" fieldset="false" gen_method="layout" hide="false" label_position="left" name="hrSpecialistNotSupportReason_group" submit_if_hidden="true">
							<label class="label" options="static" position="outside_group" position_override="top" required="false" style="" type="static" value="Layout Group" xmlns="http://www.hyfinity.com/formmaker">
								<container class="groupLabelBackground" options="static" style="">
									<content_alignment distribution="vertical" />
								</container>
							</label>
							<style class="hidden" options="static" style="" xmlns="http://www.hyfinity.com/formmaker" />
							<fm:content_alignment distribution="vertical" halign="left" valign="top" />
							<fm:sizing height="fit_to_content" width="fully_expand" />
							<fm:palette_ref control="Layout Group" />
							<fm:element disable="false" disable_method="disabled" generate="true" hide="false" name="hrSpecialistNotSupportReason">
								<field xmlns="http://www.hyfinity.com/formmaker">
									<input dropdown_default="Select One" options="static">select</input>
									<style class="defaultBackground selectControl" options="static" style="" />
									<element_style class="select" options="static" style="width : 450px;" />
									<date_picker class="" content="" required="false" type="normal" />
									<label class="label" options="static" position_override="top" required="true" style="" type="static" value="Reason I do not support">
										<container class="labelBackground labelControl" options="static" />
									</label>
									<container />
								</field>
								<constraints validate="true" xmlns="http://www.hyfinity.com/formmaker">
									<type>string</type>
									<required>true</required>
									<enumeration use_for_output="false">
										<include value="Does not meet Eligibility Requirements">Does not meet Eligibility Requirements</include>
										<include value="Does not meet Superior Qualifications or Special Agency Needs Pay">Does not meet Superior Qualifications or Special Agency Needs Pay</include>
										<include value="Do not support Component Proposed Salary">Do not support Component Proposed Salary</include>
									</enumeration>
								</constraints>
								<error xmlns="http://www.hyfinity.com/formmaker">
									<hint class="hintIcon" style="" use="false">Enter a hint here.</hint>
									<server class="errorIcon" retain="false" style="" use="false" />
								</error>
								<fm:palette_ref control="Select Box" />
								<accessibility xmlns="http://www.hyfinity.com/formmaker">
									<alt>Click the drop down list to select a reason.</alt>
								</accessibility>
							</fm:element>
						</fm:group>
						<fm:group border_styling="false" compatability="false" fieldset="false" gen_method="layout" hide="false" label_position="left" name="layout_group_9" submit_if_hidden="true">
							<fm:label class="label" options="static" position="outside_group" position_override="top" required="false" style="" type="static" value="Layout Group">
								<fm:container class="groupLabelBackground" options="static" style="" />
							</fm:label>
							<style class="" options="static" style="" xmlns="http://www.hyfinity.com/formmaker" />
							<fm:content_alignment distribution="horizontal" halign="left" valign="top" />
							<fm:sizing height="fit_to_content" width="custom" />
							<fm:palette_ref control="Layout Group" />
							<fm:element disable="false" disable_method="read_only" generate="true" hide="false" name="reviewHRSpecialist">
								<field xmlns="http://www.hyfinity.com/formmaker">
									<input options="dynamic">text</input>
									<style class="defaultBackground textboxControl" options="static" style="" />
									<element_style class="textbox" options="static" style="width : 300px;" />
									<date_picker class="datePickerIcon" content="" required="false" type="normal" />
									<label class="label" options="static" position_override="top" required="true" style="" type="static" value="HR Specialist">
										<container class="labelBackground labelControl" options="static" />
									</label>
									<container />
								</field>
								<constraints validate="true" xmlns="http://www.hyfinity.com/formmaker">
									<type>string</type>
									<required>false</required>
									<fm:enumeration use_for_output="false" />
								</constraints>
								<error xmlns="http://www.hyfinity.com/formmaker">
									<hint class="hintIcon" style="" use="false">Enter a hint here.</hint>
									<server class="errorIcon" retain="false" style="" use="false" />
								</error>
								<fm:palette_ref control="Text Box" />
								<fm:disable method="read_only" required="true">
									<fm:check id="field_value_condition">
										<fm:param name="FieldToCheck" option="PageField" value="reviewHRSpecialist" />
										<fm:param name="Comparison" option="==" />
										<fm:param name="CheckValue" option="PageField" value="reviewHRSpecialist" />
									</fm:check>
								</fm:disable>
							</fm:element>
							<fm:element disable="false" disable_method="read_only" generate="true" hide="false" name="hrSpecialistReviewDate">
								<field xmlns="http://www.hyfinity.com/formmaker">
									<input options="dynamic">text</input>
									<style class="defaultBackground textboxControl" options="static" style="" />
									<element_style class="textbox" options="static" style="width : 88px;" />
									<date_picker class="datePickerIcon" content="" required="false" type="normal" />
									<label class="label" options="static" position_override="top" required="true" style="" type="static" value="Review Date">
										<container class="labelBackground labelControl" options="static" />
									</label>
									<container />
								</field>
								<constraints validate="true" xmlns="http://www.hyfinity.com/formmaker">
									<type>string</type>
									<required>false</required>
									<fm:enumeration use_for_output="false" />
								</constraints>
								<error xmlns="http://www.hyfinity.com/formmaker">
									<hint class="hintIcon" style="" use="false">Enter a hint here.</hint>
									<server class="errorIcon" retain="false" style="" use="false" />
								</error>
								<fm:palette_ref control="Text Box" />
							</fm:element>
						</fm:group>
					</fm:group>
				</fm:group>
			</fm:group>
		</fm:group>
	</fm:group>
	<fm:group border_styling="false" compatability="false" fieldset="false" gen_method="layout" hide="false" label_position="left" name="recommendedSalary_group" submit_if_hidden="true">
		<label class="label" options="static" position="outside_group" position_override="top" required="false" style="" type="static" value="Layout Group" xmlns="http://www.hyfinity.com/formmaker">
			<container class="groupLabelBackground" options="static" style="">
				<content_alignment distribution="vertical" />
			</container>
		</label>
		<style class="hidden" options="static" style="" xmlns="http://www.hyfinity.com/formmaker" />
		<fm:content_alignment distribution="vertical" halign="left" valign="top" />
		<fm:sizing height="fit_to_content" width="fully_expand" />
		<fm:palette_ref control="Layout Group" />
		<fm:group border_styling="false" compatability="false" fieldset="false" gen_method="layout" hide="false" label_position="left" name="group_bordered_3" submit_if_hidden="true">
			<label class="label" options="static" position="outside_group" position_override="top" required="true" style="" type="static" value="Recommended Salary" xmlns="http://www.hyfinity.com/formmaker">
				<container class="groupLabelBackground" options="static" style="">
					<content_alignment distribution="vertical" halign="left" valign="middle" />
					<sizing height="custom" width="fully_expand" />
				</container>
			</label>
			<style class="borderedGroup borderedGroup2" options="static" style="" xmlns="http://www.hyfinity.com/formmaker" />
			<fm:content_alignment distribution="vertical" halign="left" valign="top" />
			<fm:sizing height="fit_to_content" width="fully_expand" />
			<fm:palette_ref control="Bordered Group" />
			<fm:group border_styling="false" compatability="false" fieldset="false" gen_method="layout" hide="false" label_position="left" name="reviewRcmdSalary_group" submit_if_hidden="true">
				<label class="label" options="static" position="outside_group" position_override="top" required="false" style="" type="static" value="Layout Group" xmlns="http://www.hyfinity.com/formmaker">
					<container class="groupLabelBackground" options="static" style="">
						<content_alignment distribution="vertical" />
					</container>
				</label>
				<style class="" options="static" style="" xmlns="http://www.hyfinity.com/formmaker" />
				<fm:content_alignment distribution="horizontal" halign="left" valign="bottom" />
				<fm:sizing height="fit_to_content" width="fully_expand" />
				<fm:palette_ref control="Layout Group" />
				<fm:element disable="false" disable_method="disabled" generate="true" hide="false" name="reviewRcmdGrade">
					<field xmlns="http://www.hyfinity.com/formmaker">
						<input dropdown_default="Select One" options="static">select</input>
						<style class="defaultBackground selectControl" options="static" style="" />
						<element_style class="select" options="static" style="width : 150px;" />
						<date_picker class="" content="" required="false" type="normal" />
						<label class="label" options="static" position_override="top" required="true" style="" type="static" value="Grade">
							<container class="labelBackground labelControl" options="static" />
						</label>
						<container />
					</field>
					<constraints validate="true" xmlns="http://www.hyfinity.com/formmaker">
						<type>string</type>
						<required>false</required>
						<enumeration use_for_output="false">
							<include value="00">00</include>
							<include value="01">01</include>
							<include value="02">02</include>
							<include value="03">03</include>
							<include value="04">04</include>
							<include value="05">05</include>
							<include value="06">06</include>
							<include value="07">07</include>
							<include value="08">08</include>
							<include value="09">09</include>
							<include value="10">10</include>
							<include value="11">11</include>
							<include value="12">12</include>
							<include value="13">13</include>
							<include value="14">14</include>
							<include value="15">15</include>
						</enumeration>
					</constraints>
					<error xmlns="http://www.hyfinity.com/formmaker">
						<hint class="hintIcon" style="" use="false">Enter a hint here.</hint>
						<server class="errorIcon" retain="false" style="" use="false" />
					</error>
					<palette_ref control="Select Box" xmlns="http://www.hyfinity.com/formmaker" />
					<fm:disable required="false">
						<fm:check id="field_value_condition">
							<fm:param name="FieldToCheck" option="PageField" value="reviewRcmdGrade" />
							<fm:param name="Comparison" option="==" />
							<fm:param name="CheckValue" option="PageField" value="reviewRcmdGrade" />
						</fm:check>
					</fm:disable>
				</fm:element>
				<fm:group border_styling="false" compatability="false" fieldset="false" gen_method="layout" hide="false" label_position="left" name="reviewRcmdStep_group" submit_if_hidden="true">
					<label class="label" options="static" position="outside_group" position_override="top" required="false" style="" type="static" value="Layout Group" xmlns="http://www.hyfinity.com/formmaker">
						<container class="groupLabelBackground" options="static" style="">
							<content_alignment distribution="vertical" />
						</container>
					</label>
					<style class="" options="static" style="" xmlns="http://www.hyfinity.com/formmaker" />
					<fm:content_alignment distribution="vertical" halign="left" valign="top" />
					<fm:sizing height="fit_to_content" width="custom" />
					<fm:palette_ref control="Layout Group" />
					<fm:element disable="false" disable_method="disabled" generate="true" hide="false" name="reviewRcmdStep">
						<field xmlns="http://www.hyfinity.com/formmaker">
							<input dropdown_default="Select One" options="static">select</input>
							<style class="defaultBackground selectControl" options="static" style="" />
							<element_style class="select" options="static" style="width : 150px;" />
							<date_picker class="" content="" required="false" type="normal" />
							<label class="label" options="static" position_override="top" required="true" style="" type="static" value="Step">
								<container class="labelBackground labelControl" options="static" />
							</label>
							<container />
						</field>
						<constraints validate="true" xmlns="http://www.hyfinity.com/formmaker">
							<type>string</type>
							<required>true</required>
							<enumeration use_for_output="false">
								<include value="2">2</include>
								<include value="3">3</include>
								<include value="4">4</include>
								<include value="5">5</include>
								<include value="6">6</include>
								<include value="7">7</include>
								<include value="8">8</include>
								<include value="9">9</include>
								<include value="10">10</include>
							</enumeration>
						</constraints>
						<error xmlns="http://www.hyfinity.com/formmaker">
							<hint class="hintIcon" style="" use="false">Enter a hint here.</hint>
							<server class="errorIcon" retain="false" style="" use="false" />
						</error>
						<palette_ref control="Select Box" xmlns="http://www.hyfinity.com/formmaker" />
					</fm:element>
				</fm:group>
				<fm:element disable="false" disable_method="read_only" generate="true" hide="false" name="reviewRcmdSalaryPerAnnum">
					<field xmlns="http://www.hyfinity.com/formmaker">
						<input options="dynamic">text</input>
						<style class="defaultBackground currencyControl" options="static" style="" />
						<element_style class="textbox" options="static" style="width : 150px;" />
						<date_picker class="datePickerIcon" content="" required="false" type="normal" />
						<label class="label" options="static" position_override="top" required="true" style="" type="static" value="Salary (Per Annum)">
							<container class="labelBackground labelControl" options="static" />
						</label>
						<container />
					</field>
					<constraints validate="true" xmlns="http://www.hyfinity.com/formmaker">
						<type>number</type>
						<required>true</required>
						<minInclusive>0.00</minInclusive>
						<maxInclusive>9999999.00</maxInclusive>
						<enumeration use_for_output="false" />
					</constraints>
					<error xmlns="http://www.hyfinity.com/formmaker">
						<hint class="hintIcon" style="" use="false">Enter a hint here.</hint>
						<server class="errorIcon" retain="false" style="" use="false" />
						<message_override>You must specify a number value for this field.</message_override>
					</error>
					<custom_attributes xmlns="http://www.hyfinity.com/formmaker">
						<attribute name="data-dojo-type" type="custom" value="dijit.form.CurrencyTextBox" />
						<attribute name="data-dojo-props" type="custom" value="currency:&quot;USD&quot;" />
					</custom_attributes>
					<palette_ref control="Amount (Currency)" xmlns="http://www.hyfinity.com/formmaker" />
					<accessibility xmlns="http://www.hyfinity.com/formmaker">
						<alt>Enter recommended salary (number only).</alt>
					</accessibility>
				</fm:element>
				<fm:element disable="false" disable_method="disabled" generate="true" hide="false" name="reviewRcmdLocalityPayScale">
					<field xmlns="http://www.hyfinity.com/formmaker">
						<input dropdown_default="Select One" options="static">select</input>
						<style class="defaultBackground selectControl" options="static" style="" />
						<element_style class="select" options="static" style="width : 350px;" />
						<date_picker class="" content="" required="false" type="normal" />
						<label class="label" options="static" position_override="top" required="true" style="" type="static" value="Locality Pay Scale">
							<container class="labelBackground labelControl" options="static" />
						</label>
						<container />
					</field>
					<constraints validate="true" xmlns="http://www.hyfinity.com/formmaker">
						<type>string</type>
						<required>true</required>
						<enumeration use_for_output="false" />
					</constraints>
					<error xmlns="http://www.hyfinity.com/formmaker">
						<hint class="hintIcon" style="" use="false">Enter a hint here.</hint>
						<server class="errorIcon" retain="false" style="" use="false" />
					</error>
					<fm:palette_ref control="Select Box" />
				</fm:element>
			</fm:group>
			<fm:group border_styling="false" compatability="false" fieldset="false" gen_method="layout" hide="false" label_position="left" name="reviewRcmdSalary_group_2" submit_if_hidden="true">
				<label class="label" options="static" position="outside_group" position_override="top" required="false" style="" type="static" value="Layout Group" xmlns="http://www.hyfinity.com/formmaker">
					<container class="groupLabelBackground" options="static" style="">
						<content_alignment distribution="vertical" />
					</container>
				</label>
				<style class="hidden" options="static" style="" xmlns="http://www.hyfinity.com/formmaker" />
				<fm:content_alignment distribution="horizontal" halign="left" valign="bottom" />
				<fm:sizing height="fit_to_content" width="fully_expand" />
				<fm:palette_ref control="Layout Group" />
				<fm:element disable="false" disable_method="disabled" generate="true" hide="false" name="reviewRcmdGrade_2">
					<field xmlns="http://www.hyfinity.com/formmaker">
						<input dropdown_default="Select One" options="static">select</input>
						<style class="defaultBackground selectControl" options="static" style="" />
						<element_style class="select" options="static" style="width : 150px;" />
						<date_picker class="" content="" required="false" type="normal" />
						<label class="label" options="static" position_override="top" required="true" style="" type="static" value="Grade">
							<container class="labelBackground labelControl" options="static" />
						</label>
						<container />
					</field>
					<constraints validate="true" xmlns="http://www.hyfinity.com/formmaker">
						<type>string</type>
						<required>false</required>
						<enumeration use_for_output="false">
							<include value="00">00</include>
							<include value="01">01</include>
							<include value="02">02</include>
							<include value="03">03</include>
							<include value="04">04</include>
							<include value="05">05</include>
							<include value="06">06</include>
							<include value="07">07</include>
							<include value="08">08</include>
							<include value="09">09</include>
							<include value="10">10</include>
							<include value="11">11</include>
							<include value="12">12</include>
							<include value="13">13</include>
							<include value="14">14</include>
							<include value="15">15</include>
						</enumeration>
					</constraints>
					<error xmlns="http://www.hyfinity.com/formmaker">
						<hint class="hintIcon" style="" use="false">Enter a hint here.</hint>
						<server class="errorIcon" retain="false" style="" use="false" />
					</error>
					<palette_ref control="Select Box" xmlns="http://www.hyfinity.com/formmaker" />
					<fm:disable required="false">
						<fm:check id="field_value_condition">
							<fm:param name="FieldToCheck" option="PageField" value="reviewRcmdGrade_2" />
							<fm:param name="Comparison" option="==" />
							<fm:param name="CheckValue" option="PageField" value="reviewRcmdGrade_2" />
						</fm:check>
					</fm:disable>
				</fm:element>
				<fm:group border_styling="false" compatability="false" fieldset="false" gen_method="layout" hide="false" label_position="left" name="reviewRcmdStep_group_2" submit_if_hidden="true">
					<label class="label" options="static" position="outside_group" position_override="top" required="false" style="" type="static" value="Layout Group" xmlns="http://www.hyfinity.com/formmaker">
						<container class="groupLabelBackground" options="static" style="">
							<content_alignment distribution="vertical" />
						</container>
					</label>
					<style class="" options="static" style="" xmlns="http://www.hyfinity.com/formmaker" />
					<fm:content_alignment distribution="vertical" halign="left" valign="top" />
					<fm:sizing height="fit_to_content" width="custom" />
					<fm:palette_ref control="Layout Group" />
					<fm:element disable="false" disable_method="disabled" generate="true" hide="false" name="reviewRcmdStep_2">
						<field xmlns="http://www.hyfinity.com/formmaker">
							<input dropdown_default="Select One" options="static">select</input>
							<style class="defaultBackground selectControl" options="static" style="" />
							<element_style class="select" options="static" style="width : 150px;" />
							<date_picker class="" content="" required="false" type="normal" />
							<label class="label" options="static" position_override="top" required="true" style="" type="static" value="Step">
								<container class="labelBackground labelControl" options="static" />
							</label>
							<container />
						</field>
						<constraints validate="true" xmlns="http://www.hyfinity.com/formmaker">
							<type>string</type>
							<required>true</required>
							<enumeration use_for_output="false">
								<include value="2">2</include>
								<include value="3">3</include>
								<include value="4">4</include>
								<include value="5">5</include>
								<include value="6">6</include>
								<include value="7">7</include>
								<include value="8">8</include>
								<include value="9">9</include>
								<include value="10">10</include>
							</enumeration>
						</constraints>
						<error xmlns="http://www.hyfinity.com/formmaker">
							<hint class="hintIcon" style="" use="false">Enter a hint here.</hint>
							<server class="errorIcon" retain="false" style="" use="false" />
						</error>
						<palette_ref control="Select Box" xmlns="http://www.hyfinity.com/formmaker" />
					</fm:element>
				</fm:group>
				<fm:element disable="false" disable_method="read_only" generate="true" hide="false" name="reviewRcmdSalaryPerAnnum_2">
					<field xmlns="http://www.hyfinity.com/formmaker">
						<input options="dynamic">text</input>
						<style class="defaultBackground currencyControl" options="static" style="" />
						<element_style class="textbox" options="static" style="width : 150px;" />
						<date_picker class="datePickerIcon" content="" required="false" type="normal" />
						<label class="label" options="static" position_override="top" required="true" style="" type="static" value="Salary (Per Annum)">
							<container class="labelBackground labelControl" options="static" />
						</label>
						<container />
					</field>
					<constraints validate="true" xmlns="http://www.hyfinity.com/formmaker">
						<type>number</type>
						<required>true</required>
						<minInclusive>0.00</minInclusive>
						<maxInclusive>9999999.00</maxInclusive>
						<enumeration use_for_output="false" />
					</constraints>
					<error xmlns="http://www.hyfinity.com/formmaker">
						<hint class="hintIcon" style="" use="false">Enter a hint here.</hint>
						<server class="errorIcon" retain="false" style="" use="false" />
						<message_override>You must specify a number value for this field.</message_override>
					</error>
					<custom_attributes xmlns="http://www.hyfinity.com/formmaker">
						<attribute name="data-dojo-type" type="custom" value="dijit.form.CurrencyTextBox" />
						<attribute name="data-dojo-props" type="custom" value="currency:&quot;USD&quot;" />
					</custom_attributes>
					<palette_ref control="Amount (Currency)" xmlns="http://www.hyfinity.com/formmaker" />
					<accessibility xmlns="http://www.hyfinity.com/formmaker">
						<alt>Enter recommended salary (number only).</alt>
					</accessibility>
				</fm:element>
				<fm:element disable="false" disable_method="disabled" generate="true" hide="false" name="reviewRcmdLocalityPayScale_2">
					<field xmlns="http://www.hyfinity.com/formmaker">
						<input dropdown_default="Select One" options="static">select</input>
						<style class="defaultBackground selectControl" options="static" style="" />
						<element_style class="select" options="static" style="width : 350px;" />
						<date_picker class="" content="" required="false" type="normal" />
						<label class="label" options="static" position_override="top" required="true" style="" type="static" value="Locality Pay Scale">
							<container class="labelBackground labelControl" options="static" />
						</label>
						<container />
					</field>
					<constraints validate="true" xmlns="http://www.hyfinity.com/formmaker">
						<type>string</type>
						<required>true</required>
						<enumeration use_for_output="false" />
					</constraints>
					<error xmlns="http://www.hyfinity.com/formmaker">
						<hint class="hintIcon" style="" use="false">Enter a hint here.</hint>
						<server class="errorIcon" retain="false" style="" use="false" />
					</error>
					<fm:palette_ref control="Select Box" />
				</fm:element>
			</fm:group>
			<fm:group border_styling="false" compatability="false" fieldset="false" gen_method="layout" hide="false" label_position="left" name="recommandSalary_updates_group" submit_if_hidden="true">
				<label class="label" options="static" position="outside_group" position_override="top" required="false" style="" type="static" value="Layout Group" xmlns="http://www.hyfinity.com/formmaker">
					<container class="groupLabelBackground" options="static" style="">
						<content_alignment distribution="vertical" />
					</container>
				</label>
				<style class="hidden" options="static" style="" xmlns="http://www.hyfinity.com/formmaker" />
				<fm:content_alignment distribution="vertical" halign="left" valign="top" />
				<fm:sizing height="fit_to_content" width="fully_expand" />
				<fm:palette_ref control="Layout Group" />
				<fm:group border_styling="false" compatability="false" fieldset="true" gen_method="layout" hide="false" label_position="left" name="group_info" submit_if_hidden="true">
					<label class="fieldsetGroupLabel " options="static" position="outside_group" position_override="top" required="true" style="color: black;" type="static" value="Previously Recommended Salary" xmlns="http://www.hyfinity.com/formmaker">
						<container class="fieldsetGroupLabelBackground" options="static" style="width:250px; border:0; color:black; margin:0;">
							<content_alignment distribution="vertical" />
						</container>
					</label>
					<style class="fieldsetGroup" options="static" style="" xmlns="http://www.hyfinity.com/formmaker" />
					<fm:content_alignment distribution="vertical" halign="left" valign="top" />
					<fm:sizing height="fit_to_content" width="fully_expand" />
					<fm:palette_ref control="Information Group" />
					<fm:custom name="custom_control" type="custom">
						<fm:code>
							<div class="customControl" xmlns="">
								<table class="table table-striped table-hover table-condensed margin-no" id="reviewRcmdSalary_history" width="100%">
									<tr>
										<th id="reviewRcmdSalary_historyGradeStepTh">Grade - Step</th>
										<th>Salary (Per Annum)</th>
										<th>Locality Pay Scale</th>
										<th>Created By</th>
										<th>Modified By</th>
										<th>User Group</th>
										<th>Date Modified</th>
									</tr>
								</table>
							</div>
						</fm:code>
						<fm:description>Enter a description.</fm:description>
						<fm:palette_ref control="Custom" />
					</fm:custom>
				</fm:group>
			</fm:group>
			<fm:group border_styling="false" compatability="false" fieldset="false" gen_method="layout" hide="false" label_position="left" name="layout_group_6" submit_if_hidden="true">
				<fm:label class="label" options="static" position="outside_group" position_override="top" required="false" style="" type="static" value="Layout Group">
					<fm:container class="groupLabelBackground" options="static" style="" />
				</fm:label>
				<style class="" options="static" style="padding-top: 10px;" xmlns="http://www.hyfinity.com/formmaker" />
				<fm:content_alignment distribution="horizontal" halign="left" valign="top" />
				<fm:sizing height="fit_to_content" width="fully_expand" />
				<fm:palette_ref control="Layout Group" />
				<fm:element disable="false" disable_method="read_only" generate="true" hide="false" name="reviewRcmdIncDecAmount">
					<field xmlns="http://www.hyfinity.com/formmaker">
						<input options="dynamic">text</input>
						<style class="defaultBackground textboxControl" options="static" style="" />
						<element_style class="textbox" options="static" style="width : 150px;" />
						<date_picker class="datePickerIcon" content="" required="false" type="normal" />
						<label class="label" options="static" position_override="top" required="true" style="" type="static" value="Dollar Difference Between Existing Total Compensation and Recommended Salary">
							<container class="labelBackground labelControl" options="static" />
						</label>
						<container />
					</field>
					<constraints validate="true" xmlns="http://www.hyfinity.com/formmaker">
						<type>string</type>
						<required>false</required>
						<fm:enumeration use_for_output="false" />
					</constraints>
					<error xmlns="http://www.hyfinity.com/formmaker">
						<hint class="hintIcon" style="" use="false">Enter a hint here.</hint>
						<server class="errorIcon" retain="false" style="" use="false" />
					</error>
					<fm:palette_ref control="Text Box" />
					<accessibility xmlns="http://www.hyfinity.com/formmaker">
						<alt>The field calculates the difference in dollars between the Total Compensation and the Recommended Salary.</alt>
					</accessibility>
					<fm:disable method="read_only" required="true">
						<fm:check id="field_value_condition">
							<fm:param name="FieldToCheck" option="PageField" value="reviewRcmdIncDecAmount" />
							<fm:param name="Comparison" option="==" />
							<fm:param name="CheckValue" option="PageField" value="reviewRcmdIncDecAmount" />
						</fm:check>
					</fm:disable>
				</fm:element>
				<fm:element disable="false" disable_method="read_only" generate="true" hide="false" name="reviewRcmdPercentageDifference">
					<field xmlns="http://www.hyfinity.com/formmaker">
						<input options="dynamic">text</input>
						<style class="defaultBackground textboxControl" options="static" style="" />
						<element_style class="textbox" options="static" style="width : 150px;" />
						<date_picker class="datePickerIcon" content="" required="false" type="normal" />
						<label class="label" options="static" position_override="top" required="true" style="" type="static" value="Percentage Difference">
							<container class="labelBackground labelControl" options="static" />
						</label>
						<container />
					</field>
					<constraints validate="true" xmlns="http://www.hyfinity.com/formmaker">
						<type>string</type>
						<required>false</required>
						<fm:enumeration use_for_output="false" />
					</constraints>
					<error xmlns="http://www.hyfinity.com/formmaker">
						<hint class="hintIcon" style="" use="false">Enter a hint here.</hint>
						<server class="errorIcon" retain="false" style="" use="false" />
					</error>
					<fm:palette_ref control="Text Box" />
					<accessibility xmlns="http://www.hyfinity.com/formmaker">
						<alt>The field calculates the percentage difference in the existing salary and the recommended salary.</alt>
					</accessibility>
					<fm:disable method="read_only" required="true">
						<fm:check id="field_value_condition">
							<fm:param name="FieldToCheck" option="PageField" value="reviewRcmdPercentageDifference" />
							<fm:param name="Comparison" option="==" />
							<fm:param name="CheckValue" option="PageField" value="reviewRcmdPercentageDifference" />
						</fm:check>
					</fm:disable>
				</fm:element>
			</fm:group>
		</fm:group>
	</fm:group>
	<fm:group border_styling="false" compatability="false" fieldset="false" gen_method="layout" hide="false" label_position="left" name="requireOHCApproval_group" submit_if_hidden="true">
		<label class="label" options="static" position="outside_group" position_override="top" required="false" style="" type="static" value="Layout Group" xmlns="http://www.hyfinity.com/formmaker">
			<container class="groupLabelBackground" options="static" style="">
				<content_alignment distribution="vertical" />
			</container>
		</label>
		<style class="hidden borderedGroup2" options="static" style="" xmlns="http://www.hyfinity.com/formmaker" />
		<fm:content_alignment distribution="horizontal" halign="left" valign="top" />
		<fm:sizing height="fit_to_content" width="fully_expand" />
		<fm:palette_ref control="Layout Group" />
		<fm:element disable="false" disable_method="disabled" generate="true" hide="false" name="requireOHCApproval">
			<field xmlns="http://www.hyfinity.com/formmaker">
				<input dropdown_default="Select One" options="static">select</input>
				<style class="defaultBackground selectControl" options="static" style="" />
				<element_style class="select" options="static" style="width : 150px;" />
				<date_picker class="" content="" required="false" type="normal" />
				<label class="label" options="static" position_override="top" required="true" style="" type="static" value="Does the percentage difference require OHC approval?">
					<container class="labelBackground labelControl" options="static" />
				</label>
				<container />
			</field>
			<constraints validate="true" xmlns="http://www.hyfinity.com/formmaker">
				<type>string</type>
				<required>true</required>
				<enumeration use_for_output="false">
					<include value="Yes">Yes</include>
					<include value="No">No</include>
				</enumeration>
			</constraints>
			<error xmlns="http://www.hyfinity.com/formmaker">
				<hint class="hintIcon" style="" use="false">Enter a hint here.</hint>
				<server class="errorIcon" retain="false" style="" use="false" />
			</error>
			<fm:palette_ref control="Select Box" />
			<accessibility xmlns="http://www.hyfinity.com/formmaker">
				<alt>Click the drop down list to identify if OHC approval is required.</alt>
			</accessibility>
		</fm:element>
		<fm:group border_styling="false" compatability="false" fieldset="false" gen_method="layout" hide="false" label_position="left" name="reviewRcmdApprovalOHCDirector_group" submit_if_hidden="true">
			<label class="label" options="static" position="outside_group" position_override="top" required="false" style="" type="static" value="Layout Group" xmlns="http://www.hyfinity.com/formmaker">
				<container class="groupLabelBackground" options="static" style="">
					<content_alignment distribution="vertical" />
				</container>
			</label>
			<style class="hidden" options="static" style="" xmlns="http://www.hyfinity.com/formmaker" />
			<fm:content_alignment distribution="vertical" halign="left" valign="top" />
			<fm:sizing height="fit_to_content" width="fully_expand" />
			<fm:palette_ref control="Layout Group" />
			<fm:element disable="false" disable_method="read_only" generate="true" hide="false" name="reviewRcmdApprovalOHCDirector_ac">
				<field xmlns="http://www.hyfinity.com/formmaker">
					<input options="dynamic">text</input>
					<style class="defaultBackground textboxControl" options="static" style="" />
					<element_style class="textbox" options="static" style="width : 350px;" />
					<date_picker class="datePickerIcon" content="" required="false" type="normal" />
					<label class="label" options="static" position_override="top" required="true" style="" type="static" value="OHC Director">
						<container class="labelBackground labelControl" options="static" />
					</label>
					<container />
				</field>
				<constraints validate="true" xmlns="http://www.hyfinity.com/formmaker">
					<type>string</type>
					<required>true</required>
					<fm:enumeration use_for_output="false" />
				</constraints>
				<error xmlns="http://www.hyfinity.com/formmaker">
					<hint class="hintIcon" style="" use="false">Enter a hint here.</hint>
					<server class="errorIcon" retain="false" style="" use="false" />
				</error>
				<fm:palette_ref control="Text Box" />
				<accessibility xmlns="http://www.hyfinity.com/formmaker">
					<alt>Type the name of the OHC Director and select from the list of suggested names.</alt>
				</accessibility>
			</fm:element>
		</fm:group>
	</fm:group>
	<fm:group border_styling="false" compatability="false" fieldset="false" gen_method="layout" hide="false" label_position="left" name="miscellaneousReviewNote_group" submit_if_hidden="true">
		<label class="label" options="static" position="outside_group" position_override="top" required="false" style="" type="static" value="Layout Group" xmlns="http://www.hyfinity.com/formmaker">
			<container class="groupLabelBackground" options="static" style="">
				<content_alignment distribution="vertical" />
			</container>
		</label>
		<style class="hidden" options="static" style="" xmlns="http://www.hyfinity.com/formmaker" />
		<fm:content_alignment distribution="vertical" halign="left" valign="top" />
		<fm:sizing height="fit_to_content" width="fully_expand" />
		<fm:palette_ref control="Layout Group" />
		<fm:group border_styling="false" compatability="false" fieldset="false" gen_method="layout" hide="false" label_position="left" name="group_bordered_6" submit_if_hidden="true">
			<label class="label" options="static" position="outside_group" position_override="top" required="true" style="" type="static" value="Miscellaneous / Reviewer Notes" xmlns="http://www.hyfinity.com/formmaker">
				<container class="groupLabelBackground" options="static" style="">
					<content_alignment distribution="vertical" halign="left" valign="middle" />
					<sizing height="custom" width="fully_expand" />
				</container>
			</label>
			<style class="borderedGroup borderedGroup2" options="static" style="" xmlns="http://www.hyfinity.com/formmaker" />
			<fm:content_alignment distribution="vertical" halign="left" valign="top" />
			<fm:sizing height="fit_to_content" width="fully_expand" />
			<fm:palette_ref control="Bordered Group" />
			<fm:element disable="false" disable_method="read_only" generate="true" hide="false" name="samReviewRemarks">
				<field xmlns="http://www.hyfinity.com/formmaker">
					<input expandable="true" max="10" min="4" options="dynamic" size="40">textarea</input>
					<style class="defaultBackground textareaControl fullTextArea" options="static" style="" />
					<element_style class="textbox" options="static" style="width : 98%;" />
					<date_picker class="datePickerIcon" content="" required="false" type="normal" />
					<label class="label" options="static" position_override="top" required="true" style="" type="static" value="Remarks">
						<container class="labelBackground labelControl" options="static" style="">
							<sizing width="fully_expand" />
						</container>
					</label>
					<container>
						<sizing width="fully_expand" />
					</container>
				</field>
				<constraints validate="true" xmlns="http://www.hyfinity.com/formmaker">
					<type>string</type>
					<required>false</required>
					<fm:enumeration use_for_output="false" />
				</constraints>
				<error xmlns="http://www.hyfinity.com/formmaker">
					<hint class="hintIcon" style="" use="false">Enter a hint here.</hint>
					<server class="errorIcon" retain="false" style="" use="false" />
				</error>
				<fm:palette_ref control="Text Area" />
				<accessibility xmlns="http://www.hyfinity.com/formmaker">
					<alt>Type to enter any notes about the request. Note: These remarks appear on the Superior Qualifications and Special Needs Pay-Setting Authority Checklist.</alt>
				</accessibility>
				<custom_attributes xmlns="http://www.hyfinity.com/formmaker">
					<attribute name="maxlength" type="custom" value="500" />
				</custom_attributes>
			</fm:element>
		</fm:group>
	</fm:group>
</fm:structure>
