<?xml version="1.0" encoding="UTF-8"?>
<fm:structure xmlns:fm="http://www.hyfinity.com/formmaker">
	<form_details xmlns="http://www.hyfinity.com/formmaker">
		<error_highlight_method alert="false" as_you_type="true" validation_mode="all">bubble</error_highlight_method>
		<hint_display_method>tooltip</hint_display_method>
		<top_level_message class="topLevelMessage" required="false" style="" />
		<mark_mandatory class="mandatory" location="after_label" required="true" style=""> * </mark_mandatory>
		<description>Enter a description.</description>
		<page_background_style class="" style="" />
		<page_content_style class="" style="" />
	</form_details>
	<fm:group border_styling="false" compatability="false" fieldset="false" gen_method="layout" hide="false" label_position="left" name="group_bordered" submit_if_hidden="true">
		<label class="label" options="static" position="outside_group" position_override="top" required="true" style="" type="static" value="Selectee's Eligibility" xmlns="http://www.hyfinity.com/formmaker">
			<container class="groupLabelBackground" options="static" style="">
				<content_alignment distribution="vertical" halign="left" valign="middle" />
				<sizing height="custom" width="fully_expand" />
			</container>
		</label>
		<style class="borderedGroup borderedGroup2" options="static" style="" xmlns="http://www.hyfinity.com/formmaker" />
		<fm:content_alignment distribution="vertical" halign="left" valign="top" />
		<fm:sizing height="fit_to_content" width="fully_expand" />
		<fm:palette_ref control="Bordered Group" />
		<fm:group border_styling="false" compatability="false" fieldset="false" gen_method="layout" hide="false" label_position="left" name="layout_group" submit_if_hidden="true">
			<fm:label class="label" options="static" position="outside_group" position_override="top" required="false" style="" type="static" value="Layout Group">
				<fm:container class="groupLabelBackground" options="static" style="" />
			</fm:label>
			<style class="" options="static" style="" xmlns="http://www.hyfinity.com/formmaker" />
			<fm:content_alignment distribution="horizontal" halign="left" valign="top" />
			<fm:sizing height="fit_to_content" width="fully_expand" />
			<fm:palette_ref control="Layout Group" />
			<fm:element disable="false" disable_method="disabled" generate="true" hide="false" name="selecteeCriteria">
				<field xmlns="http://www.hyfinity.com/formmaker">
					<input dropdown_default="Select One" options="static">select</input>
					<style class="defaultBackground selectControl" options="static" style="" />
					<element_style class="select" options="static" style="width : 350px;" />
					<date_picker class="" content="" required="false" type="normal" />
					<label class="label" options="static" position_override="top" required="true" style="" type="static" value="Which of the criteria does the selectee meet?">
						<container class="labelBackground labelControl" options="static" />
					</label>
					<container />
				</field>
				<constraints validate="true" xmlns="http://www.hyfinity.com/formmaker">
					<type>string</type>
					<required>false</required>
					<enumeration use_for_output="false">
						<include value="Qualifying Reappointmen">Qualifying Reappointmen</include>
						<include value="Selectee meets one of the following criteria">Selectee meets one of the following criteria</include>
					</enumeration>
				</constraints>
				<error xmlns="http://www.hyfinity.com/formmaker">
					<hint class="hintIcon" style="" use="false">Enter a hint here.</hint>
					<server class="errorIcon" retain="false" style="" use="false" />
				</error>
				<fm:palette_ref control="Select Box" />
			</fm:element>
			<fm:element disable="false" disable_method="disabled" generate="true" hide="false" name="qualifyingReappointment">
				<field xmlns="http://www.hyfinity.com/formmaker">
					<input dropdown_default="Select One" options="static">select</input>
					<style class="defaultBackground selectControl" options="static" style="" />
					<element_style class="select" options="static" style="width : 350px;" />
					<date_picker class="" content="" required="false" type="normal" />
					<label class="label" options="static" position_override="top" required="true" style="" type="static" value="Qualifying Reappointment">
						<container class="labelBackground labelControl" options="static" />
					</label>
					<container />
				</field>
				<constraints validate="true" xmlns="http://www.hyfinity.com/formmaker">
					<type>string</type>
					<required>false</required>
					<enumeration use_for_output="false">
						<include value="ListItem1">List Item 1</include>
						<include value="ListItem2">List Item 2</include>
						<include value="ListItem3">List Item 3</include>
					</enumeration>
				</constraints>
				<error xmlns="http://www.hyfinity.com/formmaker">
					<hint class="hintIcon" style="" use="false">Enter a hint here.</hint>
					<server class="errorIcon" retain="false" style="" use="false" />
				</error>
				<fm:palette_ref control="Select Box" />
			</fm:element>
		</fm:group>
		<fm:group border_styling="false" compatability="false" fieldset="false" gen_method="layout" hide="false" label_position="left" name="layout_group_2" submit_if_hidden="true">
			<fm:label class="label" options="static" position="outside_group" position_override="top" required="false" style="" type="static" value="Layout Group">
				<fm:container class="groupLabelBackground" options="static" style="" />
			</fm:label>
			<style class="" options="static" style="" xmlns="http://www.hyfinity.com/formmaker" />
			<fm:content_alignment distribution="vertical" halign="left" valign="top" />
			<fm:sizing height="fit_to_content" width="fully_expand" />
			<fm:palette_ref control="Layout Group" />
			<fm:element disable="false" disable_method="disabled" generate="true" hide="false" name="selecteeMeetCriteria">
				<field xmlns="http://www.hyfinity.com/formmaker">
					<input dropdown_default="Select One" options="static">select</input>
					<style class="defaultBackground selectControl" options="static" style="" />
					<element_style class="select" options="static" style="width : 350px;" />
					<date_picker class="" content="" required="false" type="normal" />
					<label class="label" options="static" position_override="top" required="true" style="" type="static" value="Selectee meets one of the following criteria">
						<container class="labelBackground labelControl" options="static" style="">
							<sizing width="custom" />
						</container>
					</label>
					<container>
						<sizing width="custom" />
					</container>
				</field>
				<constraints validate="true" xmlns="http://www.hyfinity.com/formmaker">
					<type>string</type>
					<required>false</required>
					<enumeration use_for_output="false">
						<include value="Superior Qualifications">Superior Qualifications</include>
						<include value="Fills a special agency need">Fills a special agency need</include>
					</enumeration>
				</constraints>
				<error xmlns="http://www.hyfinity.com/formmaker">
					<hint class="hintIcon" style="" use="false">Enter a hint here.</hint>
					<server class="errorIcon" retain="false" style="" use="false" />
				</error>
				<fm:palette_ref control="Select Box" />
			</fm:element>
			<fm:group border_styling="false" compatability="false" fieldset="false" gen_method="layout" hide="false" label_position="left" name="specialAgencyNeedCriteria_group" submit_if_hidden="true">
				<label class="label" options="static" position="outside_group" position_override="top" required="false" style="" type="static" value="Layout Group" xmlns="http://www.hyfinity.com/formmaker">
					<container class="groupLabelBackground" options="static" style="">
						<content_alignment distribution="vertical" />
					</container>
				</label>
				<style class="hidden" options="static" style="" xmlns="http://www.hyfinity.com/formmaker" />
				<fm:content_alignment distribution="vertical" halign="left" valign="top" />
				<fm:sizing height="fit_to_content" width="fully_expand" />
				<fm:palette_ref control="Layout Group" />
				<fm:element disable="false" disable_method="disabled" generate="true" hide="false" name="specialAgencyNeedCriteria">
					<field xmlns="http://www.hyfinity.com/formmaker">
						<input dropdown_default="Select One" options="static">select</input>
						<style class="defaultBackground selectControl" options="static" style="" />
						<element_style class="select" options="static" style="width : 350px;" />
						<date_picker class="" content="" required="false" type="normal" />
						<label class="label" options="static" position_override="top" required="true" style="" type="static" value="Fills a special agency need reason(s)">
							<container class="labelBackground labelControl" options="static" />
						</label>
						<container />
					</field>
					<constraints validate="true" xmlns="http://www.hyfinity.com/formmaker">
						<type>string</type>
						<required>false</required>
						<enumeration use_for_output="false">
							<include value="ListItem1">List Item 1</include>
							<include value="ListItem2">List Item 2</include>
							<include value="ListItem3">List Item 3</include>
						</enumeration>
					</constraints>
					<error xmlns="http://www.hyfinity.com/formmaker">
						<hint class="hintIcon" style="" use="false">Enter a hint here.</hint>
						<server class="errorIcon" retain="false" style="" use="false" />
					</error>
					<fm:palette_ref control="Select Box" />
				</fm:element>
			</fm:group>
			<fm:group border_styling="false" compatability="false" fieldset="false" gen_method="layout" hide="false" label_position="left" name="superiorQualificationCriteria_group" submit_if_hidden="true">
				<label class="label" options="static" position="outside_group" position_override="top" required="false" style="" type="static" value="Layout Group" xmlns="http://www.hyfinity.com/formmaker">
					<container class="groupLabelBackground" options="static" style="">
						<content_alignment distribution="vertical" />
					</container>
				</label>
				<style class="hidden" options="static" style="" xmlns="http://www.hyfinity.com/formmaker" />
				<fm:content_alignment distribution="vertical" halign="left" valign="top" />
				<fm:sizing height="fit_to_content" width="fully_expand" />
				<fm:palette_ref control="Layout Group" />
				<fm:element disable="false" disable_method="disabled" generate="true" hide="false" name="superiorQualificationCriteria">
					<field xmlns="http://www.hyfinity.com/formmaker">
						<input dropdown_default="Select One" options="static">select</input>
						<style class="defaultBackground selectControl" options="static" style="" />
						<element_style class="select" options="static" style="width : 350px;" />
						<date_picker class="" content="" required="false" type="normal" />
						<label class="label" options="static" position_override="top" required="true" style="" type="static" value="Superior qualification reason(s)">
							<container class="labelBackground labelControl" options="static" />
						</label>
						<container />
					</field>
					<constraints validate="true" xmlns="http://www.hyfinity.com/formmaker">
						<type>string</type>
						<required>false</required>
						<enumeration use_for_output="false">
							<include value="ListItem1">List Item 1</include>
							<include value="ListItem2">List Item 2</include>
							<include value="ListItem3">List Item 3</include>
						</enumeration>
					</constraints>
					<error xmlns="http://www.hyfinity.com/formmaker">
						<hint class="hintIcon" style="" use="false">Enter a hint here.</hint>
						<server class="errorIcon" retain="false" style="" use="false" />
					</error>
					<fm:palette_ref control="Select Box" />
				</fm:element>
			</fm:group>
		</fm:group>
		<fm:group border_styling="false" compatability="false" conditional_display="false" control_field="" control_field_value="" fieldset="false" gen_method="layout" hide="false" label_position="left" name="layout_group_3" submit_if_hidden="true">
			<fm:label class="label" options="static" position="outside_group" position_override="top" required="false" style="" type="static" value="Layout Group">
				<fm:container class="groupLabelBackground" options="static" style="" />
			</fm:label>
			<fm:style class="" options="static" style="" />
			<fm:content_alignment distribution="vertical" halign="left" valign="top" />
			<fm:sizing height="fit_to_content" width="fully_expand" />
			<fm:palette_ref control="Layout Group" />
		</fm:group>
	</fm:group>
	<fm:group border_styling="false" compatability="false" fieldset="false" gen_method="layout" hide="false" label_position="left" name="group_bordered_2" submit_if_hidden="true">
		<label class="label" options="static" position="outside_group" position_override="top" required="true" style="" type="static" value="Basic Pay Rate Factors" xmlns="http://www.hyfinity.com/formmaker">
			<container class="groupLabelBackground" options="static" style="">
				<content_alignment distribution="vertical" halign="left" valign="middle" />
				<sizing height="custom" width="fully_expand" />
			</container>
		</label>
		<style class="borderedGroup borderedGroup2" options="static" style="" xmlns="http://www.hyfinity.com/formmaker" />
		<fm:content_alignment distribution="vertical" halign="left" valign="top" />
		<fm:sizing height="fit_to_content" width="fully_expand" />
		<fm:palette_ref control="Bordered Group" />
		<fm:group border_styling="false" compatability="false" fieldset="false" gen_method="layout" hide="false" label_position="left" name="layout_group_4" submit_if_hidden="true">
			<fm:label class="label" options="static" position="outside_group" position_override="top" required="false" style="" type="static" value="Layout Group">
				<fm:container class="groupLabelBackground" options="static" style="" />
			</fm:label>
			<style class="" options="static" style="" xmlns="http://www.hyfinity.com/formmaker" />
			<fm:content_alignment distribution="vertical" halign="left" valign="top" />
			<fm:sizing height="fit_to_content" width="fully_expand" />
			<fm:palette_ref control="Layout Group" />
			<fm:element disable="false" disable_method="disabled" generate="true" hide="false" name="rateOfBasicPay">
				<field xmlns="http://www.hyfinity.com/formmaker">
					<input dropdown_default="Select One" options="static">select</input>
					<style class="defaultBackground selectControl" options="static" style="" />
					<element_style class="select" options="static" style="width : 350px;" />
					<date_picker class="" content="" required="false" type="normal" />
					<label class="label" options="static" position_override="top" required="true" style="" type="static" value="One or more of the following factors were considered in determining the rate of basic pay (Select all that apply):">
						<container class="labelBackground labelControl" options="static">
							<sizing width="fully_expand" />
						</container>
					</label>
					<container>
						<sizing width="fully_expand" />
					</container>
				</field>
				<constraints validate="true" xmlns="http://www.hyfinity.com/formmaker">
					<type>string</type>
					<required>false</required>
					<enumeration use_for_output="false">
						<include value="ListItem1">List Item 1</include>
						<include value="ListItem2">List Item 2</include>
						<include value="ListItem3">List Item 3</include>
					</enumeration>
				</constraints>
				<error xmlns="http://www.hyfinity.com/formmaker">
					<hint class="hintIcon" style="" use="false">Enter a hint here.</hint>
					<server class="errorIcon" retain="false" style="" use="false" />
				</error>
				<fm:palette_ref control="Select Box" />
			</fm:element>
		</fm:group>
	</fm:group>
	<fm:group border_styling="false" compatability="false" fieldset="false" gen_method="layout" hide="false" label_position="left" name="group_bordered_3" submit_if_hidden="true">
		<label class="label" options="static" position="outside_group" position_override="top" required="true" style="" type="static" value="Recommended Salary" xmlns="http://www.hyfinity.com/formmaker">
			<container class="groupLabelBackground" options="static" style="">
				<content_alignment distribution="vertical" halign="left" valign="middle" />
				<sizing height="custom" width="fully_expand" />
			</container>
		</label>
		<style class="borderedGroup borderedGroup2" options="static" style="" xmlns="http://www.hyfinity.com/formmaker" />
		<fm:content_alignment distribution="vertical" halign="left" valign="top" />
		<fm:sizing height="fit_to_content" width="fully_expand" />
		<fm:palette_ref control="Bordered Group" />
		<fm:group border_styling="false" compatability="false" fieldset="false" gen_method="layout" hide="false" label_position="left" name="layout_group_5" submit_if_hidden="true">
			<label class="label" options="static" position="outside_group" position_override="top" required="false" style="" type="static" value="Layout Group" xmlns="http://www.hyfinity.com/formmaker">
				<container class="groupLabelBackground" options="static" style="">
					<content_alignment distribution="vertical" />
				</container>
			</label>
			<style class="" options="static" style="" xmlns="http://www.hyfinity.com/formmaker" />
			<fm:content_alignment distribution="horizontal" halign="left" valign="top" />
			<fm:sizing height="fit_to_content" width="fully_expand" />
			<fm:palette_ref control="Layout Group" />
			<fm:element disable="false" disable_method="disabled" generate="true" hide="false" name="reviewRecommGrade">
				<field xmlns="http://www.hyfinity.com/formmaker">
					<input dropdown_default="Select One" options="static">select</input>
					<style class="defaultBackground selectControl" options="static" style="" />
					<element_style class="select" options="static" style="width : 150px;" />
					<date_picker class="" content="" required="false" type="normal" />
					<label class="label" options="static" position_override="top" required="true" style="" type="static" value="Grade">
						<container class="labelBackground labelControl" options="static" />
					</label>
					<container />
				</field>
				<constraints validate="true" xmlns="http://www.hyfinity.com/formmaker">
					<type>string</type>
					<required>false</required>
					<enumeration use_for_output="false">
						<include value="1">1</include>
						<include value="2">2</include>
						<include value="3">3</include>
						<include value="4">4</include>
						<include value="5">5</include>
						<include value="6">6</include>
						<include value="7">7</include>
						<include value="8">8</include>
						<include value="9">9</include>
						<include value="10">10</include>
						<include value="11">11</include>
						<include value="12">12</include>
						<include value="13">13</include>
						<include value="14">14</include>
						<include value="15">15</include>
					</enumeration>
				</constraints>
				<error xmlns="http://www.hyfinity.com/formmaker">
					<hint class="hintIcon" style="" use="false">Enter a hint here.</hint>
					<server class="errorIcon" retain="false" style="" use="false" />
				</error>
				<palette_ref control="Select Box" xmlns="http://www.hyfinity.com/formmaker" />
			</fm:element>
			<fm:element disable="false" disable_method="disabled" generate="true" hide="false" name="reviewRecommStep">
				<field xmlns="http://www.hyfinity.com/formmaker">
					<input dropdown_default="Select One" options="static">select</input>
					<style class="defaultBackground selectControl" options="static" style="" />
					<element_style class="select" options="static" style="width : 150px;" />
					<date_picker class="" content="" required="false" type="normal" />
					<label class="label" options="static" position_override="top" required="true" style="" type="static" value="Step">
						<container class="labelBackground labelControl" options="static" />
					</label>
					<container />
				</field>
				<constraints validate="true" xmlns="http://www.hyfinity.com/formmaker">
					<type>string</type>
					<required>false</required>
					<enumeration use_for_output="false">
						<include value="1">1</include>
						<include value="2">2</include>
						<include value="3">3</include>
						<include value="4">4</include>
						<include value="5">5</include>
						<include value="6">6</include>
						<include value="7">7</include>
						<include value="8">8</include>
						<include value="9">9</include>
						<include value="10">10</include>
					</enumeration>
				</constraints>
				<error xmlns="http://www.hyfinity.com/formmaker">
					<hint class="hintIcon" style="" use="false">Enter a hint here.</hint>
					<server class="errorIcon" retain="false" style="" use="false" />
				</error>
				<palette_ref control="Select Box" xmlns="http://www.hyfinity.com/formmaker" />
			</fm:element>
			<fm:element disable="false" disable_method="read_only" generate="true" hide="false" name="reviewRecommSalaryPerAnnum">
				<field xmlns="http://www.hyfinity.com/formmaker">
					<input options="dynamic">text</input>
					<style class="defaultBackground currencyControl" options="static" style="" />
					<element_style class="textbox" options="static" style="width : 150px;" />
					<date_picker class="datePickerIcon" content="" required="false" type="normal" />
					<label class="label" options="static" position_override="top" required="true" style="" type="static" value="Salary (Per Annum)">
						<container class="labelBackground labelControl" options="static" />
					</label>
					<container />
				</field>
				<constraints validate="true" xmlns="http://www.hyfinity.com/formmaker">
					<type>number</type>
					<required>false</required>
					<minInclusive>0.00</minInclusive>
					<maxInclusive>9999999.00</maxInclusive>
					<enumeration use_for_output="false" />
				</constraints>
				<error xmlns="http://www.hyfinity.com/formmaker">
					<hint class="hintIcon" style="" use="false">Enter a hint here.</hint>
					<server class="errorIcon" retain="false" style="" use="false" />
					<message_override>Enter number only.</message_override>
				</error>
				<custom_attributes xmlns="http://www.hyfinity.com/formmaker">
					<attribute name="data-dojo-type" type="custom" value="dijit.form.CurrencyTextBox" />
					<attribute name="data-dojo-props" type="custom" value="currency:&quot;USD&quot;" />
				</custom_attributes>
				<palette_ref control="Amount (Currency)" xmlns="http://www.hyfinity.com/formmaker" />
				<accessibility xmlns="http://www.hyfinity.com/formmaker">
					<alt>Enter recommended salary (number only).</alt>
				</accessibility>
			</fm:element>
			<fm:element disable="false" disable_method="read_only" generate="true" hide="false" name="reviewRecommLocalityPayScale">
				<field xmlns="http://www.hyfinity.com/formmaker">
					<input options="dynamic">text</input>
					<style class="defaultBackground textboxControl" options="static" style="" />
					<element_style class="textbox" options="static" style="width : 150px;" />
					<date_picker class="datePickerIcon" content="" required="false" type="normal" />
					<label class="label" options="static" position_override="top" required="true" style="" type="static" value="Locality Pay Scale">
						<container class="labelBackground labelControl" options="static" />
					</label>
					<container />
				</field>
				<constraints validate="true" xmlns="http://www.hyfinity.com/formmaker">
					<type>string</type>
					<required>false</required>
					<enumeration use_for_output="false" />
				</constraints>
				<error xmlns="http://www.hyfinity.com/formmaker">
					<hint class="hintIcon" style="" use="false">Enter a hint here.</hint>
					<server class="errorIcon" retain="false" style="" use="false" />
				</error>
				<palette_ref control="Text Box" xmlns="http://www.hyfinity.com/formmaker" />
			</fm:element>
		</fm:group>
		<fm:group border_styling="false" compatability="false" fieldset="false" gen_method="layout" hide="false" label_position="left" name="layout_group_6" submit_if_hidden="true">
			<fm:label class="label" options="static" position="outside_group" position_override="top" required="false" style="" type="static" value="Layout Group">
				<fm:container class="groupLabelBackground" options="static" style="" />
			</fm:label>
			<style class="" options="static" style="" xmlns="http://www.hyfinity.com/formmaker" />
			<fm:content_alignment distribution="vertical" halign="left" valign="top" />
			<fm:sizing height="fit_to_content" width="fully_expand" />
			<fm:palette_ref control="Layout Group" />
			<fm:element disable="false" disable_method="read_only" generate="true" hide="false" name="percentageDifference">
				<field xmlns="http://www.hyfinity.com/formmaker">
					<input options="dynamic">text</input>
					<style class="defaultBackground textboxControl" options="static" style="" />
					<element_style class="textbox" options="static" style="width : 350px;" />
					<date_picker class="datePickerIcon" content="" required="false" type="normal" />
					<label class="label" options="static" position_override="top" required="true" style="" type="static" value="Percentage Difference">
						<container class="labelBackground labelControl" options="static" />
					</label>
					<container />
				</field>
				<constraints validate="true" xmlns="http://www.hyfinity.com/formmaker">
					<type>string</type>
					<required>false</required>
					<fm:enumeration use_for_output="false" />
				</constraints>
				<error xmlns="http://www.hyfinity.com/formmaker">
					<hint class="hintIcon" style="" use="false">Enter a hint here.</hint>
					<server class="errorIcon" retain="false" style="" use="false" />
				</error>
				<fm:palette_ref control="Text Box" />
			</fm:element>
		</fm:group>
		<fm:group border_styling="false" compatability="false" fieldset="false" gen_method="layout" hide="false" label_position="left" name="layout_group_7" submit_if_hidden="true">
			<fm:label class="label" options="static" position="outside_group" position_override="top" required="false" style="" type="static" value="Layout Group">
				<fm:container class="groupLabelBackground" options="static" style="" />
			</fm:label>
			<style class="" options="static" style="" xmlns="http://www.hyfinity.com/formmaker" />
			<fm:content_alignment distribution="vertical" halign="left" valign="top" />
			<fm:sizing height="fit_to_content" width="fully_expand" />
			<fm:palette_ref control="Layout Group" />
			<fm:element disable="false" disable_method="disabled" generate="true" hide="false" name="perDiffRequireOHCApproval">
				<field xmlns="http://www.hyfinity.com/formmaker">
					<input options="static">select</input>
					<style class="defaultBackground selectControl" options="static" style="" />
					<element_style class="select" options="static" style="width : 150px;" />
					<date_picker class="" content="" required="false" type="normal" />
					<label class="label" options="static" position_override="top" required="true" style="" type="static" value="Does the percentage difference require OHC approval?">
						<container class="labelBackground labelControl" options="static" />
					</label>
					<container />
				</field>
				<constraints validate="true" xmlns="http://www.hyfinity.com/formmaker">
					<type>string</type>
					<required>false</required>
					<enumeration use_for_output="false">
						<include value="Yes">Yes</include>
						<include value="No">No</include>
					</enumeration>
				</constraints>
				<error xmlns="http://www.hyfinity.com/formmaker">
					<hint class="hintIcon" style="" use="false">Enter a hint here.</hint>
					<server class="errorIcon" retain="false" style="" use="false" />
				</error>
				<fm:palette_ref control="Select Box" />
			</fm:element>
		</fm:group>
	</fm:group>
	<fm:group border_styling="false" compatability="false" fieldset="false" gen_method="layout" hide="false" label_position="left" name="group_bordered_4" submit_if_hidden="true">
		<label class="label" options="static" position="outside_group" position_override="top" required="true" style="" type="static" value="HR Specialist Regulatory Review/Certification" xmlns="http://www.hyfinity.com/formmaker">
			<container class="groupLabelBackground" options="static" style="">
				<content_alignment distribution="vertical" halign="left" valign="middle" />
				<sizing height="custom" width="custom" />
			</container>
		</label>
		<style class="borderedGroup borderedGroup2" options="static" style="" xmlns="http://www.hyfinity.com/formmaker" />
		<fm:content_alignment distribution="vertical" halign="left" valign="top" />
		<fm:sizing height="fit_to_content" width="custom" />
		<fm:palette_ref control="Bordered Group" />
		<fm:group border_styling="false" compatability="false" fieldset="false" gen_method="layout" hide="false" label_position="left" name="layout_group_8" submit_if_hidden="true">
			<label class="label" options="static" position="outside_group" position_override="top" required="false" style="" type="static" value="Layout Group" xmlns="http://www.hyfinity.com/formmaker">
				<container class="groupLabelBackground" options="static" style="">
					<content_alignment distribution="vertical" />
				</container>
			</label>
			<style class="row-group" options="static" style="" xmlns="http://www.hyfinity.com/formmaker" />
			<fm:content_alignment distribution="vertical" halign="left" valign="top" />
			<fm:sizing height="fit_to_content" width="fully_expand" />
			<fm:palette_ref control="Layout Group" />
			<fm:element disable="false" disable_method="disabled" generate="true" hide="false" name="hrSpecialistCertifyReviewCheck">
				<field xmlns="http://www.hyfinity.com/formmaker">
					<input caption="true" options="static" unchecked_value="false">checkbox</input>
					<style class="defaultBackground checkboxControl" options="static" style="" />
					<element_style class="checkbox" options="static" style="" />
					<date_picker class="" content="" required="false" type="normal" />
					<label class="label" options="static" position_override="right" required="true" style="" type="static" value="I certify that I have reviewed the documents and information related to this request, and am recommending the following, based on statutory and regulatory requirements:">
						<container class="labelBackground labelControl container checkbox-label" options="static">
							<content_alignment halign="left" valign="middle" />
							<sizing width="fully_expand" />
						</container>
					</label>
					<container>
						<sizing width="fit_to_content" />
					</container>
				</field>
				<constraints validate="true" xmlns="http://www.hyfinity.com/formmaker">
					<type>string</type>
					<required>false</required>
					<fm:enumeration use_for_output="false" />
				</constraints>
				<error xmlns="http://www.hyfinity.com/formmaker">
					<hint class="hintIcon" style="" use="false">Enter a hint here.</hint>
					<server class="errorIcon" retain="false" style="" use="false" />
				</error>
				<fm:palette_ref control="Checkbox" />
			</fm:element>
			<fm:group border_styling="false" compatability="false" fieldset="false" gen_method="layout" hide="false" label_position="left" name="layout_group_10" submit_if_hidden="true">
				<label class="label" options="static" position="outside_group" position_override="top" required="false" style="" type="static" value="Layout Group" xmlns="http://www.hyfinity.com/formmaker">
					<container class="groupLabelBackground" options="static" style="">
						<content_alignment distribution="vertical" />
					</container>
				</label>
				<style class="checkbox-sub-group" options="static" style="" xmlns="http://www.hyfinity.com/formmaker" />
				<fm:content_alignment distribution="vertical" halign="left" valign="top" />
				<fm:sizing height="fit_to_content" width="custom" />
				<fm:palette_ref control="Layout Group" />
				<fm:element disable="false" disable_method="disabled" generate="true" hide="false" name="hrSpecialistCertifyReviewValue">
					<field xmlns="http://www.hyfinity.com/formmaker">
						<input dropdown_default="Select One" options="static">select</input>
						<style class="defaultBackground selectControl" options="static" style="" />
						<element_style class="select" options="static" style="" />
						<date_picker class="" content="" required="false" type="normal" />
						<label class="label" options="static" required="false" style="" type="static" value="">
							<container class="labelBackground labelControl" options="static">
								<content_alignment halign="left" valign="top" />
							</container>
						</label>
						<container />
					</field>
					<constraints validate="true" xmlns="http://www.hyfinity.com/formmaker">
						<type>string</type>
						<required>false</required>
						<enumeration use_for_output="false">
							<include value="I concur with the recommending official and recommend approval">I concur with the recommending official and recommend approval</include>
							<include value="I do not support this request">I do not support this request</include>
						</enumeration>
					</constraints>
					<error xmlns="http://www.hyfinity.com/formmaker">
						<hint class="hintIcon" style="" use="false">Enter a hint here.</hint>
						<server class="errorIcon" retain="false" style="" use="false" />
					</error>
					<fm:palette_ref control="Select Box" />
				</fm:element>
			</fm:group>
			<fm:group border_styling="false" compatability="false" fieldset="false" gen_method="layout" hide="false" label_position="left" name="layout_group_9" submit_if_hidden="true">
				<fm:label class="label" options="static" position="outside_group" position_override="top" required="false" style="" type="static" value="Layout Group">
					<fm:container class="groupLabelBackground" options="static" style="" />
				</fm:label>
				<style class="checkbox-sub-group" options="static" style="" xmlns="http://www.hyfinity.com/formmaker" />
				<fm:content_alignment distribution="horizontal" halign="left" valign="top" />
				<fm:sizing height="fit_to_content" width="custom" />
				<fm:palette_ref control="Layout Group" />
				<fm:element disable="false" disable_method="read_only" generate="true" hide="false" name="reviewHRSpecialist">
					<field xmlns="http://www.hyfinity.com/formmaker">
						<input options="dynamic">text</input>
						<style class="defaultBackground textboxControl" options="static" style="" />
						<element_style class="textbox" options="static" style="width : 250px;" />
						<date_picker class="datePickerIcon" content="" required="false" type="normal" />
						<label class="label" options="static" position_override="top" required="true" style="" type="static" value="HR Specialist">
							<container class="labelBackground labelControl" options="static" />
						</label>
						<container />
					</field>
					<constraints validate="true" xmlns="http://www.hyfinity.com/formmaker">
						<type>string</type>
						<required>false</required>
						<fm:enumeration use_for_output="false" />
					</constraints>
					<error xmlns="http://www.hyfinity.com/formmaker">
						<hint class="hintIcon" style="" use="false">Enter a hint here.</hint>
						<server class="errorIcon" retain="false" style="" use="false" />
					</error>
					<fm:palette_ref control="Text Box" />
					<fm:disable method="read_only" required="true">
						<fm:check id="field_value_condition">
							<fm:param name="FieldToCheck" option="PageField" value="reviewHRSpecialist" />
							<fm:param name="Comparison" option="==" />
							<fm:param name="CheckValue" option="PageField" value="reviewHRSpecialist" />
						</fm:check>
					</fm:disable>
				</fm:element>
				<fm:element disable="false" disable_method="read_only" generate="true" hide="false" name="hrSpecialistReviewDate">
					<field xmlns="http://www.hyfinity.com/formmaker">
						<input options="dynamic" size="10">text</input>
						<style class="defaultBackground dateControl" options="static" style="" />
						<element_style class="textbox" options="static" style="" />
						<date_picker class="datePickerIcon" content="" required="true" type="normal" />
						<label class="label" options="static" position_override="top" required="true" style="" type="static" value="Review Date">
							<container class="labelBackground labelControl" options="static" />
						</label>
						<container />
					</field>
					<constraints validate="true" xmlns="http://www.hyfinity.com/formmaker">
						<type>date</type>
						<required>false</required>
						<fm:enumeration use_for_output="false" />
					</constraints>
					<error xmlns="http://www.hyfinity.com/formmaker">
						<hint class="hintIcon" style="" use="false">Enter a hint here.</hint>
						<server class="errorIcon" retain="false" style="" use="false" />
					</error>
					<data_formats xmlns="http://www.hyfinity.com/formmaker">
						<date data="yyyy-MM-dd" display="MM/dd/yyyy" />
					</data_formats>
					<fm:palette_ref control="Date" />
					<fm:disable method="read_only" required="true">
						<fm:check id="field_value_condition">
							<fm:param name="FieldToCheck" option="PageField" value="hrSpecialistReviewDate" />
							<fm:param name="Comparison" option="==" />
							<fm:param name="CheckValue" option="PageField" value="hrSpecialistReviewDate" />
						</fm:check>
					</fm:disable>
				</fm:element>
			</fm:group>
		</fm:group>
	</fm:group>
</fm:structure>
