<?xml version="1.0" encoding="UTF-8"?>
<index desc="user 1 collection index file" id="collection_index" name="user1 collection index" xmlns="http://www.hyfinity.com/xstore">
	<entry desc="" docname="CMS/mvc/StratCon_MTG/xsd_pool" id="CMS/mvc/StratCon_MTG/xsd_pool" timestamp="" />
	<entry desc="" docname="CMS/mvc/StratCon_MTG/logicsheet_pool" id="CMS/mvc/StratCon_MTG/logicsheet_pool" timestamp="" />
	<entry desc="" docname="CMS/mvc/StratCon_MTG/message_pool" id="CMS/mvc/StratCon_MTG/message_pool" timestamp="" />
	<entry desc="" docname="CMS/mvc/StratCon_MTG/other_resources_pool" id="CMS/mvc/StratCon_MTG/other_resources_pool" timestamp="" />
	<entry desc="" docname="CMS/mvc/StratCon_MTG/application" id="CMS/mvc/StratCon_MTG/application" timestamp="" />
	<entry desc="" docname="CMS/mvc/StratCon_MTG/formStructure" id="CMS/mvc/StratCon_MTG/formStructure" timestamp="" />
	<entry desc="" docname="CMS/mvc/StratCon_MTG/hyfinityBindings" id="CMS/mvc/StratCon_MTG/hyfinityBindings" timestamp="" />
	<entry desc="" docname="CMS/mvc/StratCon_MTG/xsl_pool" id="CMS/mvc/StratCon_MTG/xsl_pool" timestamp="" />
	<entry desc="" docname="CMS/mvc/StratCon_MTG/genDefaults" id="CMS/mvc/StratCon_MTG/genDefaults" timestamp="" />
	<entry desc="" docname="CMS/mvc/StratCon_MTG/L1_pattern_pool" id="CMS/mvc/StratCon_MTG/L1_pattern_pool" timestamp="" />
	<entry desc="" docname="CMS/mvc/StratCon_MTG/L1_pattern_instance_pool" id="CMS/mvc/StratCon_MTG/L1_pattern_instance_pool" timestamp="" />
	<entry desc="" docname="CMS/mvc/StratCon_MTG/L2_pattern_pool" id="CMS/mvc/StratCon_MTG/L2_pattern_pool" timestamp="" />
	<entry desc="" docname="CMS/mvc/StratCon_MTG/L2_pattern_instance_pool" id="CMS/mvc/StratCon_MTG/L2_pattern_instance_pool" timestamp="" />
	<entry desc="" docname="CMS/mvc/StratCon_MTG/L3_pattern_pool" id="CMS/mvc/StratCon_MTG/L3_pattern_pool" timestamp="" />
	<entry desc="" docname="CMS/mvc/StratCon_MTG/L3_pattern_instance_pool" id="CMS/mvc/StratCon_MTG/L3_pattern_instance_pool" timestamp="" />
</index>
