<?xml version="1.0" encoding="UTF-8"?>
<application scale="0.6666666865348816" transx="41.154237324968356" transy="2.236287636834085" xmlns="http://www.hyfinity.com/formmaker">
	<display_type>mvc</display_type>
	<defaults>
		<source_type>wsdl</source_type>
		<target_type />
		<skin>demo_skin.xsl</skin>
		<defaults_file>defaults.xml</defaults_file>
		<accessibility_level>Double-A</accessibility_level>
		<script_files>
			<script_file path="../cms_common/custom/js/removeamd.js" />
			<script_file path="../cms_common/js/angularjs/bower_components/jquery/dist/jquery.min.js" />
			<script_file path="custom/js/jquery-ui-1.9.2.custom.min.js" />
			<script_file path="../cms_common/custom/js/blockUI.js" />
			<script_file path="../cms_common/js/angularjs/bower_components/bootstrap/dist/js/bootstrap.min.js" />
			<script_file path="../cms_common/js/angularjs/bower_components/angular/angular.min.js" />
			<script_file path="../cms_common/js/angularjs/bower_components/angular-cookies/angular-cookies.min.js" />
			<script_file path="../cms_common/js/angularjs/bower_components/angular-inform/dist/angular-inform.min.js" />
			<script_file path="../cms_common/js/angularjs/bower_components/angular-animate/angular-animate.min.js" />
			<script_file path="../cms_common/js/angularjs/bower_components/angular-bootstrap/ui-bootstrap-tpls.min.js" />
			<script_file path="../cms_common/js/angularjs/bower_components/angular-ui-select/dist/select.min.js" />
			<script_file path="../cms_common/js/angularjs/bower_components/angular-file-upload/dist/angular-file-upload.js" />
			<script_file path="../cms_common/js/angularjs/bower_components/angular-block-ui/dist/angular-block-ui.min.js" />
			<script_file path="../cms_common/js/angularjs/bower_components/angular-sanitize/angular-sanitize.min.js" />
			<script_file path="../cms_common/js/angularjs/bower_components/angular-messages/angular-messages.min.js" />
			<script_file path="../cms_common/js/angularjs/bower_components/angular-ui-grid/ui-grid.min.js" />
			<script_file path="../cms_common/js/angularjs/bower_components/bootbox/bootbox.js" />
			<script_file path="../cms_common/js/angularjs/bower_components/x2js/xml2json.js " />
			<script_file path="../cms_common/custom/js/lodash.min.js" />
			<script_file path="../cms_common/custom/js/redux.min.js" />
			<script_file path="../cms_common/custom/js/form-state.js" />
			<script_file path="../cms_common/js/angularjs/common/js/angular-ext.min.js" />
			<script_file path="../cms_common/js/angularjs/common/js/angular-bizflow.js" />
			<script_file path="../cms_common/js/angularjs/common/common.js" />
			<script_file path="../cms_common/js/angularjs/common/components/common.components.js" />
			<script_file path="../cms_common/js/angularjs/common/components/common.directive.js" />
			<script_file path="../cms_common/js/angularjs/common/components/attachment/attachment.js" />
			<script_file path="../cms_common/custom/js/form-log.js" />
			<script_file path="../cms_common/custom/js/form-require.js" />
			<script_file path="../cms_common/custom/js/form-utility.js" />
			<script_file path="../cms_common/custom/js/form-attachment.js" />
			<script_file path="../cms_common/js/angularjs/common/components/comment/comment.js" />
			<script_file path="../cms_common/custom/js/cmscomment.js" />
			<script_file path="../cms_common/custom/js/form-auto-complete.js" />
			<script_file path="../cms_common/custom/js/lookup-manager.js" />
			<script_file path="../cms_common/custom/js/form-manager.js" />
			<script_file path="../cms_common/custom/js/form-usergroup.js" />
			<script_file path="../cms_common/custom/js/form-section508.js" />
			<script_file path="custom/js/form-main-common.js" />
			<script_file path="custom/js/form-main.js" />
		</script_files>
		<css_files>
			<css_file path="custom/css/jquery-ui-1.9.2.custom.min.css" />
			<css_file path="theme/bizflow_default/css/theme.css" />
			<css_file path="theme/bizflow_default/css/theme_ie8.css">
				<condition type="browser">IE,LE,8</condition>
			</css_file>
			<css_file path="theme/bizflow_default/css/print_completed.css">
				<condition type="media">print</condition>
			</css_file>
			<css_file path="theme/bizflow_default/css/theme_mobile.css">
				<condition type="media">only screen and (max-width: 1024px)</condition>
			</css_file>
			<css_file path="../cms_common/js/angularjs/bower_components/bootstrap/dist/css/bootstrap.min.css" />
			<css_file path="../cms_common/js/angularjs/bower_components/bootstrap/dist/css/bootstrap.css" />
			<css_file path="../cms_common/js/angularjs/bower_components/angular-inform/dist/angular-inform.min.css" />
			<css_file path="../cms_common/js/angularjs/bower_components/angular-ui-select/dist/select.min.css" />
			<css_file path="../cms_common/js/angularjs/bower_components/angular-block-ui/dist/angular-block-ui.min.css" />
			<css_file path="../cms_common/js/angularjs/bower_components/angular-ui-grid/ui-grid.min.css" />
			<css_file path="../cms_common/js/angularjs/common/css/bootstrap-ext.css" />
			<css_file path="../cms_common/js/angularjs/common/css/app.css" />
			<css_file path="custom/css/form-main.css" />
			<css_file path="../cms_common/custom/css/form-common.css" />
		</css_files>
		<preview>
			<location>${user-data-location}/CMS/mvc/cms_incentives_main/webapp</location>
			<URL>${user-preview-url}/CMS/mvc/cms_incentives_main/webapp</URL>
		</preview>
		<default_nodes>
			<view_painter_node>mvc-cms_incentives_main-view-Page_Painter</view_painter_node>
		</default_nodes>
		<java_code>
			<location>C:\jprogramfiles\hyfinity\java\BizFlow</location>
			<package>com.example.jcontrollers</package>
		</java_code>
	</defaults>
	<pages>
		<page id="BizFlowEntry" type="normal" x="-96" y="-69">
			<target_type>hyfinity_sxforms</target_type>
			<start_page>true</start_page>
			<css_override>false</css_override>
			<form_ref>BizFlowEntry</form_ref>
		</page>
		<page id="NewForm" type="normal" x="1" y="-69">
			<target_type>hyfinity_sxforms</target_type>
			<start_page>false</start_page>
			<css_override>false</css_override>
			<form_ref>NewForm</form_ref>
			<fm:data_sources xmlns:fm="http://www.hyfinity.com/formmaker">
				<fm:data_source action="WorkitemContext" generated="PrepareForm" id="1" name="BizFlow_WorkitemContext.xsd" type="xsd" use="" />
			</fm:data_sources>
		</page>
		<page id="ResultActionWorkitem" type="subsection" x="76" y="-69">
			<target_type>hyfinity_sxforms</target_type>
			<start_page>false</start_page>
			<css_override>false</css_override>
			<form_ref>ResultActionWorkitem</form_ref>
		</page>
		<page id="GetRequestNumberForm" type="subsection" x="75" y="-38">
			<target_type>hyfinity_sxforms</target_type>
			<start_page>false</start_page>
			<css_override>false</css_override>
			<form_ref>GetRequestNumberForm</form_ref>
		</page>
	</pages>
	<handlers>
		<handler id="PrepareForm" implementation="xml" type="normal" x="-49" y="-69">
			<node>mvc-cms_incentives_main-PrepareForm-Controller</node>
		</handler>
		<handler id="ResultActionWorkitem" implementation="xml" type="subsection" x="46" y="-34">
			<node>mvc-cms_incentives_main-ResultActionWorkitem-Controller</node>
		</handler>
		<handler id="GetRequestNumberForm" implementation="xml" type="subsection" x="66" y="-38">
			<node>mvc-cms_incentives_main-GetRequestNumberForm-Controller</node>
		</handler>
	</handlers>
	<forms>
		<form id="BizFlowEntry">
			<data_to_form collection="CMS/mvc/cms_incentives_main/message_pool" xstore="blueprints">to_BizFlowEntry_page.xml</data_to_form>
			<structure_generated>true</structure_generated>
		</form>
		<form id="NewForm">
			<data_to_form collection="CMS/mvc/cms_incentives_main/message_pool" xstore="blueprints">to_NewForm_page.xml</data_to_form>
			<structure_generated>true</structure_generated>
		</form>
		<form id="ResultActionWorkitem">
			<data_to_form collection="CMS/mvc/cms_incentives_main/message_pool" xstore="blueprints">to_ResultActionWorkitem_page.xml</data_to_form>
			<structure_generated>false</structure_generated>
		</form>
		<form id="GetRequestNumberForm">
			<data_to_form collection="CMS/mvc/cms_incentives_main/message_pool" xstore="blueprints">to_GetRequestNumberForm_page.xml</data_to_form>
			<structure_generated>true</structure_generated>
		</form>
	</forms>
	<links>
		<link id="BizFlowEntry__PrepareForm__link_1">
			<source type="Page">BizFlowEntry</source>
			<target type="Handler">PrepareForm</target>
			<action>bizflowEntry</action>
			<submission_method>form</submission_method>
			<data_from_form collection="CMS/mvc/cms_incentives_main/message_pool" xstore="blueprints">calling_bizflowEntry_action.xml</data_from_form>
			<instance_type>none</instance_type>
		</link>
		<link id="PrepareForm__NewForm__link_2">
			<source type="Handler">PrepareForm</source>
			<target type="Page">NewForm</target>
			<action>displayForm</action>
			<condition_xpath>/</condition_xpath>
		</link>
		<link id="NewForm__ResultActionWorkitem__link_1">
			<source type="Page">NewForm</source>
			<target type="Page">ResultActionWorkitem</target>
			<action>actionWorkitem</action>
			<submission_method>subsection</submission_method>
			<data_from_form collection="CMS/mvc/cms_incentives_main/message_pool" xstore="blueprints">calling_actionWorkitem_action.xml</data_from_form>
			<instance_type>static</instance_type>
			<fm:data_sources xmlns:fm="http://www.hyfinity.com/formmaker">
				<fm:data_source action="WorkitemContext" generated="true" location="/&lt;*http://www.hyfinity.com/mvc*&gt;:eForm/&lt;*http://www.hyfinity.com/mvc*&gt;:Data/WorkitemContext" name="BizFlow_WorkitemContext.xsd" type="xsd" use="" />
			</fm:data_sources>
		</link>
		<link id="NewForm__GetRequestNumberForm__link_1">
			<source type="Page">NewForm</source>
			<target type="Page">GetRequestNumberForm</target>
			<action>getRequestNumber</action>
			<submission_method>subsection</submission_method>
			<data_from_form collection="CMS/mvc/cms_incentives_main/message_pool" xstore="blueprints">calling_getRequestNumber_action.xml</data_from_form>
			<instance_type>static</instance_type>
			<fm:data_sources xmlns:fm="http://www.hyfinity.com/formmaker">
				<fm:data_source action="WorkitemContext" generated="true" location="/&lt;*http://www.hyfinity.com/mvc*&gt;:eForm/&lt;*http://www.hyfinity.com/mvc*&gt;:Data/WorkitemContext" name="BizFlow_WorkitemContext.xsd" type="xsd" use="" />
			</fm:data_sources>
		</link>
	</links>
</application>
