<?xml version="1.0" encoding="UTF-8"?>
<fm:structure xmlns:fm="http://www.hyfinity.com/formmaker">
	<form_details xmlns="http://www.hyfinity.com/formmaker">
		<error_highlight_method alert="false" as_you_type="true" validation_mode="all">bubble</error_highlight_method>
		<hint_display_method>tooltip</hint_display_method>
		<top_level_message class="topLevelMessage" required="false" style="" />
		<mark_mandatory class="mandatory" location="after_label" required="true" style=""> * </mark_mandatory>
		<description>Enter a description.</description>
		<page_background_style class="" style="" />
		<page_content_style class="" style="" />
	</form_details>
	<fm:group border_styling="false" compatability="false" fieldset="false" gen_method="layout" hide="false" label_position="left" name="layout_group_9" submit_if_hidden="true">
		<fm:label class="label" options="static" position="outside_group" position_override="top" required="false" style="" type="static" value="Layout Group">
			<fm:container class="groupLabelBackground" options="static" style="" />
		</fm:label>
		<style class="" options="static" style="" xmlns="http://www.hyfinity.com/formmaker" />
		<fm:content_alignment distribution="vertical" halign="left" valign="top" />
		<fm:sizing height="fit_to_content" width="fully_expand" />
		<fm:palette_ref control="Layout Group" />
		<fm:custom name="custom_control" type="custom">
			<fm:code>
				<div class="controlRow" xmlns="">
					<span class="labelBackground labelControl expandWidth">
						<label class="label require-field-note" tabindex="0">All fields marked with an asterisk are required</label>
					</span>
				</div>
			</fm:code>
			<fm:description />
			<fm:palette_ref control="Custom" />
		</fm:custom>
	</fm:group>
	<fm:group border_styling="false" compatability="false" fieldset="false" gen_method="layout" hide="false" label_position="left" name="layout_group_7" submit_if_hidden="true">
		<fm:label class="label" options="static" position="outside_group" position_override="top" required="false" style="" type="static" value="Layout Group">
			<fm:container class="groupLabelBackground" options="static" style="" />
		</fm:label>
		<style class="" options="static" style="" xmlns="http://www.hyfinity.com/formmaker" />
		<fm:content_alignment distribution="vertical" halign="left" valign="top" />
		<fm:sizing height="fit_to_content" width="fully_expand" />
		<fm:palette_ref control="Layout Group" />
		<fm:element disable="false" disable_method="disabled" generate="true" hide="false" name="approvalSOCheck">
			<field xmlns="http://www.hyfinity.com/formmaker">
				<input caption="true" options="static" unchecked_value="false">checkbox</input>
				<style class="defaultBackground checkboxControl" options="static" style="" />
				<element_style class="checkbox" options="static" style="" />
				<date_picker class="" content="" required="false" type="normal" />
				<label class="label" options="static" position_override="right" required="true" style="" type="static" value="I, as the Selecting Official (or designee), have reviewed the attached Salary Above Minimum request">
					<container class="labelBackground labelControl container checkbox-label" options="static">
						<sizing width="fully_expand" />
					</container>
				</label>
				<container>
					<sizing width="fit_to_content" />
				</container>
			</field>
			<constraints validate="true" xmlns="http://www.hyfinity.com/formmaker">
				<type>string</type>
				<required>true</required>
				<fm:enumeration use_for_output="false" />
			</constraints>
			<error xmlns="http://www.hyfinity.com/formmaker">
				<hint class="hintIcon" style="" use="false">Enter a hint here.</hint>
				<server class="errorIcon" retain="false" style="" use="false" />
			</error>
			<fm:palette_ref control="Checkbox" />
		</fm:element>
		<fm:group border_styling="false" compatability="false" fieldset="false" gen_method="layout" hide="false" label_position="left" name="layout_group_8" submit_if_hidden="true">
			<label class="label" options="static" position="outside_group" position_override="top" required="false" style="" type="static" value="Layout Group" xmlns="http://www.hyfinity.com/formmaker">
				<container class="groupLabelBackground" options="static" style="">
					<content_alignment distribution="vertical" />
				</container>
			</label>
			<style class="checkbox-sub-group" options="static" style="" xmlns="http://www.hyfinity.com/formmaker" />
			<fm:content_alignment distribution="horizontal" halign="left" valign="top" />
			<fm:sizing height="fit_to_content" width="fully_expand" />
			<fm:palette_ref control="Layout Group" />
			<fm:element disable="false" disable_method="disabled" generate="true" hide="false" name="approvalSOValue">
				<field xmlns="http://www.hyfinity.com/formmaker">
					<input dropdown_default="Select One" options="static">select</input>
					<style class="defaultBackground selectControl" options="static" style="" />
					<element_style class="select" options="static" style="width : 200px;" />
					<date_picker class="" content="" required="false" type="normal" />
					<label class="label" options="static" position_override="top" required="true" style="" type="static" value="Approval">
						<container class="labelBackground labelControl" options="static" />
					</label>
					<container />
				</field>
				<constraints validate="true" xmlns="http://www.hyfinity.com/formmaker">
					<type>string</type>
					<required>false</required>
					<enumeration use_for_output="false">
						<include value="Approve">Approve</include>
						<include value="Disapprove">Disapprove</include>
					</enumeration>
				</constraints>
				<error xmlns="http://www.hyfinity.com/formmaker">
					<hint class="hintIcon" style="" use="false">Enter a hint here.</hint>
					<server class="errorIcon" retain="false" style="" use="false" />
				</error>
				<fm:palette_ref control="Select Box" />
				<fm:disable required="false">
					<fm:check id="field_value_condition">
						<fm:param name="FieldToCheck" option="PageField" value="approvalSOValue" />
						<fm:param name="Comparison" option="==" />
						<fm:param name="CheckValue" option="PageField" value="approvalSOValue" />
					</fm:check>
				</fm:disable>
			</fm:element>
			<fm:element disable="false" disable_method="read_only" generate="true" hide="false" name="approvalSO">
				<field xmlns="http://www.hyfinity.com/formmaker">
					<input options="static">text</input>
					<style class="defaultBackground textboxControl" options="static" style="" />
					<element_style class="textbox" options="static" style="width : 300px;" />
					<date_picker class="datePickerIcon" content="" required="false" type="normal" />
					<label class="label" options="static" position_override="top" required="true" style="" type="static" value="Selecting Official">
						<container class="labelBackground labelControl" options="static" />
					</label>
					<container />
				</field>
				<constraints validate="true" xmlns="http://www.hyfinity.com/formmaker">
					<type>string</type>
					<required>false</required>
					<fm:enumeration use_for_output="false" />
				</constraints>
				<error xmlns="http://www.hyfinity.com/formmaker">
					<hint class="hintIcon" style="" use="false">Enter a hint here.</hint>
					<server class="errorIcon" retain="false" style="" use="false" />
				</error>
				<fm:palette_ref control="Text Box" />
				<fm:disable method="read_only" required="true">
					<fm:check id="field_value_condition">
						<fm:param name="FieldToCheck" option="PageField" value="approvalSO" />
						<fm:param name="Comparison" option="==" />
						<fm:param name="CheckValue" option="PageField" value="approvalSO" />
					</fm:check>
				</fm:disable>
			</fm:element>
			<fm:element disable="false" disable_method="read_only" generate="true" hide="false" name="approvalSOResponseDate">
				<field xmlns="http://www.hyfinity.com/formmaker">
					<input options="static">text</input>
					<style class="defaultBackground textboxControl" options="static" style="" />
					<element_style class="textbox" options="static" style="width : 100px;" />
					<date_picker class="datePickerIcon" content="" required="false" type="normal" />
					<label class="label" options="static" position_override="top" required="true" style="" type="static" value="Response Date">
						<container class="labelBackground labelControl" options="static" />
					</label>
					<container />
				</field>
				<constraints validate="true" xmlns="http://www.hyfinity.com/formmaker">
					<type>string</type>
					<required>false</required>
					<fm:enumeration use_for_output="false" />
				</constraints>
				<error xmlns="http://www.hyfinity.com/formmaker">
					<hint class="hintIcon" style="" use="false">Enter a hint here.</hint>
					<server class="errorIcon" retain="false" style="" use="false" />
				</error>
				<fm:palette_ref control="Text Box" />
				<fm:disable method="read_only" required="true">
					<fm:check id="field_value_condition">
						<fm:param name="FieldToCheck" option="PageField" value="approvalSOResponseDate" />
						<fm:param name="Comparison" option="==" />
						<fm:param name="CheckValue" option="PageField" value="approvalSOResponseDate" />
					</fm:check>
				</fm:disable>
			</fm:element>
			<fm:element disable="false" disable_method="disabled" generate="true" hide="false" name="approvalSOActing">
				<field xmlns="http://www.hyfinity.com/formmaker">
					<input dropdown_default="Select One" options="static">select</input>
					<style class="defaultBackground selectControl" options="static" style="" />
					<element_style class="select" options="static" style="width : 200px;" />
					<date_picker class="" content="" required="false" type="normal" />
					<label class="label" options="static" position_override="top" required="true" style="" type="static" value="Are you acting in this role?">
						<container class="labelBackground labelControl" options="static" />
					</label>
					<container />
				</field>
				<constraints validate="true" xmlns="http://www.hyfinity.com/formmaker">
					<type>string</type>
					<required>false</required>
					<enumeration use_for_output="false">
						<include value="Yes">Yes</include>
						<include value="No">No</include>
					</enumeration>
				</constraints>
				<error xmlns="http://www.hyfinity.com/formmaker">
					<hint class="hintIcon" style="" use="false">Enter a hint here.</hint>
					<server class="errorIcon" retain="false" style="" use="false" />
				</error>
				<fm:palette_ref control="Select Box" />
				<fm:disable required="false">
					<fm:check id="field_value_condition">
						<fm:param name="FieldToCheck" option="PageField" value="approvalSOActing" />
						<fm:param name="Comparison" option="==" />
						<fm:param name="CheckValue" option="PageField" value="approvalSOActing" />
					</fm:check>
				</fm:disable>
				<accessibility xmlns="http://www.hyfinity.com/formmaker">
					<alt>Click dropdown list to indicate whether you are acting in this role</alt>
				</accessibility>
			</fm:element>
		</fm:group>
	</fm:group>
	<fm:group border_styling="false" compatability="false" fieldset="false" gen_method="layout" hide="false" label_position="left" name="layout_group_10" submit_if_hidden="true">
		<label class="label" options="static" position="outside_group" position_override="top" required="false" style="" type="static" value="Layout Group" xmlns="http://www.hyfinity.com/formmaker">
			<container class="groupLabelBackground" options="static" style="">
				<content_alignment distribution="vertical" />
			</container>
		</label>
		<style class="" options="static" style="" xmlns="http://www.hyfinity.com/formmaker" />
		<fm:content_alignment distribution="vertical" halign="left" valign="top" />
		<fm:sizing height="fit_to_content" width="fully_expand" />
		<fm:palette_ref control="Layout Group" />
		<fm:element disable="false" disable_method="disabled" generate="true" hide="false" name="approvalCOCCheck">
			<field xmlns="http://www.hyfinity.com/formmaker">
				<input caption="true" options="static" unchecked_value="false">checkbox</input>
				<style class="defaultBackground checkboxControl" options="static" style="" />
				<element_style class="checkbox" options="static" style="" />
				<date_picker class="" content="" required="false" type="normal" />
				<label class="label" options="static" position_override="right" required="true" style="" type="static" value="I, as the Center/Office/Consortium Director (or designee), have reviewed the attached Salary Above Minimum request">
					<container class="labelBackground labelControl container checkbox-label" options="static">
						<sizing width="fully_expand" />
					</container>
				</label>
				<container>
					<sizing width="fit_to_content" />
				</container>
			</field>
			<constraints validate="true" xmlns="http://www.hyfinity.com/formmaker">
				<type>string</type>
				<required>true</required>
				<fm:enumeration use_for_output="false" />
			</constraints>
			<error xmlns="http://www.hyfinity.com/formmaker">
				<hint class="hintIcon" style="" use="false">Enter a hint here.</hint>
				<server class="errorIcon" retain="false" style="" use="false" />
			</error>
			<fm:palette_ref control="Checkbox" />
		</fm:element>
		<fm:group border_styling="false" compatability="false" fieldset="false" gen_method="layout" hide="false" label_position="left" name="layout_group_11" submit_if_hidden="true">
			<label class="label" options="static" position="outside_group" position_override="top" required="false" style="" type="static" value="Layout Group" xmlns="http://www.hyfinity.com/formmaker">
				<container class="groupLabelBackground" options="static" style="">
					<content_alignment distribution="vertical" />
				</container>
			</label>
			<style class="checkbox-sub-group" options="static" style="" xmlns="http://www.hyfinity.com/formmaker" />
			<fm:content_alignment distribution="horizontal" halign="left" valign="top" />
			<fm:sizing height="fit_to_content" width="fully_expand" />
			<fm:palette_ref control="Layout Group" />
			<fm:element disable="false" disable_method="disabled" generate="true" hide="false" name="approvalCOCValue">
				<field xmlns="http://www.hyfinity.com/formmaker">
					<input dropdown_default="Select One" options="static">select</input>
					<style class="defaultBackground selectControl" options="static" style="" />
					<element_style class="select" options="static" style="width : 200px;" />
					<date_picker class="" content="" required="false" type="normal" />
					<label class="label" options="static" position_override="top" required="true" style="" type="static" value="Approval">
						<container class="labelBackground labelControl" options="static" style="">
							<sizing width="custom" />
						</container>
					</label>
					<container>
						<sizing width="custom" />
					</container>
				</field>
				<constraints validate="true" xmlns="http://www.hyfinity.com/formmaker">
					<type>string</type>
					<required>true</required>
					<enumeration use_for_output="false">
						<include value="Approve">Approve</include>
						<include value="Disapprove">Disapprove</include>
					</enumeration>
				</constraints>
				<error xmlns="http://www.hyfinity.com/formmaker">
					<hint class="hintIcon" style="" use="false">Enter a hint here.</hint>
					<server class="errorIcon" retain="false" style="" use="false" />
				</error>
				<fm:palette_ref control="Select Box" />
				<disable required="false" xmlns="http://www.hyfinity.com/formmaker">
					<check id="field_value_condition">
						<param name="FieldToCheck" option="PageField" value="approvalCOCValue" />
						<param name="Comparison" option="==" />
						<param name="CheckValue" option="PageField" value="approvalCOCValue" />
					</check>
				</disable>
			</fm:element>
			<fm:element disable="false" disable_method="read_only" generate="true" hide="false" name="approvalCOC">
				<field xmlns="http://www.hyfinity.com/formmaker">
					<input options="static">text</input>
					<style class="defaultBackground textboxControl" options="static" style="" />
					<element_style class="textbox" options="static" style="width : 300px;" />
					<date_picker class="datePickerIcon" content="" required="false" type="normal" />
					<label class="label" options="static" position_override="top" required="true" style="" type="static" value="Center/Office/Consortium Director">
						<container class="labelBackground labelControl" options="static" />
					</label>
					<container />
				</field>
				<constraints validate="true" xmlns="http://www.hyfinity.com/formmaker">
					<type>string</type>
					<required>false</required>
					<fm:enumeration use_for_output="false" />
				</constraints>
				<error xmlns="http://www.hyfinity.com/formmaker">
					<hint class="hintIcon" style="" use="false">Enter a hint here.</hint>
					<server class="errorIcon" retain="false" style="" use="false" />
				</error>
				<fm:palette_ref control="Text Box" />
				<fm:disable method="read_only" required="true">
					<fm:check id="field_value_condition">
						<fm:param name="FieldToCheck" option="PageField" value="approvalCOC" />
						<fm:param name="Comparison" option="==" />
						<fm:param name="CheckValue" option="PageField" value="approvalCOC" />
					</fm:check>
				</fm:disable>
			</fm:element>
			<fm:element disable="false" disable_method="read_only" generate="true" hide="false" name="approvalCOCResponseDate">
				<field xmlns="http://www.hyfinity.com/formmaker">
					<input options="static">text</input>
					<style class="defaultBackground textboxControl" options="static" style="" />
					<element_style class="textbox" options="static" style="width : 100px;" />
					<date_picker class="datePickerIcon" content="" required="false" type="normal" />
					<label class="label" options="static" position_override="top" required="true" style="" type="static" value="Response Date">
						<container class="labelBackground labelControl" options="static" />
					</label>
					<container />
				</field>
				<constraints validate="true" xmlns="http://www.hyfinity.com/formmaker">
					<type>string</type>
					<required>false</required>
					<fm:enumeration use_for_output="false" />
				</constraints>
				<error xmlns="http://www.hyfinity.com/formmaker">
					<hint class="hintIcon" style="" use="false">Enter a hint here.</hint>
					<server class="errorIcon" retain="false" style="" use="false" />
				</error>
				<fm:palette_ref control="Text Box" />
				<fm:disable method="read_only" required="true">
					<fm:check id="field_value_condition">
						<fm:param name="FieldToCheck" option="PageField" value="approvalCOCResponseDate" />
						<fm:param name="Comparison" option="==" />
						<fm:param name="CheckValue" option="PageField" value="approvalCOCResponseDate" />
					</fm:check>
				</fm:disable>
			</fm:element>
			<fm:element disable="false" disable_method="disabled" generate="true" hide="false" name="approvalCOCActing">
				<field xmlns="http://www.hyfinity.com/formmaker">
					<input dropdown_default="Select One" options="static">select</input>
					<style class="defaultBackground selectControl" options="static" style="" />
					<element_style class="select" options="static" style="width : 200px;" />
					<date_picker class="" content="" required="false" type="normal" />
					<label class="label" options="static" position_override="top" required="true" style="" type="static" value="Are you acting in this role?">
						<container class="labelBackground labelControl" options="static" />
					</label>
					<container />
				</field>
				<constraints validate="true" xmlns="http://www.hyfinity.com/formmaker">
					<type>string</type>
					<required>false</required>
					<enumeration use_for_output="false">
						<include value="Yes">Yes</include>
						<include value="No">No</include>
					</enumeration>
				</constraints>
				<error xmlns="http://www.hyfinity.com/formmaker">
					<hint class="hintIcon" style="" use="false">Enter a hint here.</hint>
					<server class="errorIcon" retain="false" style="" use="false" />
				</error>
				<fm:palette_ref control="Select Box" />
				<fm:disable required="false">
					<fm:check id="field_value_condition">
						<fm:param name="FieldToCheck" option="PageField" value="approvalSOActing" />
						<fm:param name="Comparison" option="==" />
						<fm:param name="CheckValue" option="PageField" value="approvalSOActing" />
					</fm:check>
				</fm:disable>
				<accessibility xmlns="http://www.hyfinity.com/formmaker">
					<alt>Click dropdown list to indicate whether you are acting in this role</alt>
				</accessibility>
			</fm:element>
		</fm:group>
	</fm:group>
	<fm:group border_styling="false" compatability="false" fieldset="false" gen_method="layout" hide="false" label_position="left" name="layout_group" submit_if_hidden="true">
		<label class="label" options="static" position="outside_group" position_override="top" required="false" style="" type="static" value="Layout Group" xmlns="http://www.hyfinity.com/formmaker">
			<container class="groupLabelBackground" options="static" style="">
				<content_alignment distribution="vertical" />
			</container>
		</label>
		<style class="" options="static" style="" xmlns="http://www.hyfinity.com/formmaker" />
		<fm:content_alignment distribution="vertical" halign="left" valign="top" />
		<fm:sizing height="fit_to_content" width="fully_expand" />
		<fm:palette_ref control="Layout Group" />
		<fm:element disable="false" disable_method="disabled" generate="true" hide="false" name="approvalDGHOCheck">
			<field xmlns="http://www.hyfinity.com/formmaker">
				<input caption="true" options="static" unchecked_value="false">checkbox</input>
				<style class="defaultBackground checkboxControl" options="static" style="" />
				<element_style class="checkbox" options="static" style="" />
				<date_picker class="" content="" required="false" type="normal" />
				<label class="label" options="static" position_override="right" required="true" style="" type="static" value="I, as the TABG Division Director (or designee), have reviewed the attached Salary Above Minimum request">
					<container class="labelBackground labelControl container checkbox-label" options="static">
						<sizing width="fully_expand" />
					</container>
				</label>
				<container>
					<sizing width="fit_to_content" />
				</container>
			</field>
			<constraints validate="true" xmlns="http://www.hyfinity.com/formmaker">
				<type>string</type>
				<required>true</required>
				<fm:enumeration use_for_output="false" />
			</constraints>
			<error xmlns="http://www.hyfinity.com/formmaker">
				<hint class="hintIcon" style="" use="false">Enter a hint here.</hint>
				<server class="errorIcon" retain="false" style="" use="false" />
			</error>
			<fm:palette_ref control="Checkbox" />
		</fm:element>
		<fm:group border_styling="false" compatability="false" fieldset="false" gen_method="layout" hide="false" label_position="left" name="layout_group_2" submit_if_hidden="true">
			<label class="label" options="static" position="outside_group" position_override="top" required="false" style="" type="static" value="Layout Group" xmlns="http://www.hyfinity.com/formmaker">
				<container class="groupLabelBackground" options="static" style="">
					<content_alignment distribution="vertical" />
				</container>
			</label>
			<style class="checkbox-sub-group" options="static" style="" xmlns="http://www.hyfinity.com/formmaker" />
			<fm:content_alignment distribution="horizontal" halign="left" valign="top" />
			<fm:sizing height="fit_to_content" width="fully_expand" />
			<fm:palette_ref control="Layout Group" />
			<fm:element disable="false" disable_method="disabled" generate="true" hide="false" name="approvalDGHOValue">
				<field xmlns="http://www.hyfinity.com/formmaker">
					<input dropdown_default="Select One" options="static">select</input>
					<style class="defaultBackground selectControl" options="static" style="" />
					<element_style class="select" options="static" style="width : 200px;" />
					<date_picker class="" content="" required="false" type="normal" />
					<label class="label" options="static" position_override="top" required="true" style="" type="static" value="Approval">
						<container class="labelBackground labelControl" options="static" style="">
							<sizing width="custom" />
						</container>
					</label>
					<container>
						<sizing width="custom" />
					</container>
				</field>
				<constraints validate="true" xmlns="http://www.hyfinity.com/formmaker">
					<type>string</type>
					<required>true</required>
					<enumeration use_for_output="false">
						<include value="Approve">Approve</include>
						<include value="Disapprove">Disapprove</include>
					</enumeration>
				</constraints>
				<error xmlns="http://www.hyfinity.com/formmaker">
					<hint class="hintIcon" style="" use="false">Enter a hint here.</hint>
					<server class="errorIcon" retain="false" style="" use="false" />
				</error>
				<fm:palette_ref control="Select Box" />
				<disable required="false" xmlns="http://www.hyfinity.com/formmaker">
					<check id="field_value_condition">
						<param name="FieldToCheck" option="PageField" value="approvalDGHOValue" />
						<param name="Comparison" option="==" />
						<param name="CheckValue" option="PageField" value="approvalDGHOValue" />
					</check>
				</disable>
			</fm:element>
			<fm:element disable="false" disable_method="read_only" generate="true" hide="false" name="approvalDGHO">
				<field xmlns="http://www.hyfinity.com/formmaker">
					<input options="static">text</input>
					<style class="defaultBackground textboxControl" options="static" style="" />
					<element_style class="textbox" options="static" style="width : 300px;" />
					<date_picker class="datePickerIcon" content="" required="false" type="normal" />
					<label class="label" options="static" position_override="top" required="true" style="" type="static" value="TABG Division Director">
						<container class="labelBackground labelControl" options="static" />
					</label>
					<container />
				</field>
				<constraints validate="true" xmlns="http://www.hyfinity.com/formmaker">
					<type>string</type>
					<required>false</required>
					<fm:enumeration use_for_output="false" />
				</constraints>
				<error xmlns="http://www.hyfinity.com/formmaker">
					<hint class="hintIcon" style="" use="false">Enter a hint here.</hint>
					<server class="errorIcon" retain="false" style="" use="false" />
				</error>
				<fm:palette_ref control="Text Box" />
				<fm:disable method="read_only" required="true">
					<fm:check id="field_value_condition">
						<fm:param name="FieldToCheck" option="PageField" value="approvalDGHO" />
						<fm:param name="Comparison" option="==" />
						<fm:param name="CheckValue" option="PageField" value="approvalDGHO" />
					</fm:check>
				</fm:disable>
			</fm:element>
			<fm:element disable="false" disable_method="read_only" generate="true" hide="false" name="approvalDGHOResponseDate">
				<field xmlns="http://www.hyfinity.com/formmaker">
					<input options="static">text</input>
					<style class="defaultBackground textboxControl" options="static" style="" />
					<element_style class="textbox" options="static" style="width : 100px;" />
					<date_picker class="datePickerIcon" content="" required="false" type="normal" />
					<label class="label" options="static" position_override="top" required="true" style="" type="static" value="Response Date">
						<container class="labelBackground labelControl" options="static" />
					</label>
					<container />
				</field>
				<constraints validate="true" xmlns="http://www.hyfinity.com/formmaker">
					<type>string</type>
					<required>false</required>
					<fm:enumeration use_for_output="false" />
				</constraints>
				<error xmlns="http://www.hyfinity.com/formmaker">
					<hint class="hintIcon" style="" use="false">Enter a hint here.</hint>
					<server class="errorIcon" retain="false" style="" use="false" />
				</error>
				<fm:palette_ref control="Text Box" />
				<fm:disable method="read_only" required="true">
					<fm:check id="field_value_condition">
						<fm:param name="FieldToCheck" option="PageField" value="approvalDGHOResponseDate" />
						<fm:param name="Comparison" option="==" />
						<fm:param name="CheckValue" option="PageField" value="approvalDGHOResponseDate" />
					</fm:check>
				</fm:disable>
			</fm:element>
			<fm:element disable="false" disable_method="disabled" generate="true" hide="false" name="approvalDGHOActing">
				<field xmlns="http://www.hyfinity.com/formmaker">
					<input dropdown_default="Select One" options="static">select</input>
					<style class="defaultBackground selectControl" options="static" style="" />
					<element_style class="select" options="static" style="width : 200px;" />
					<date_picker class="" content="" required="false" type="normal" />
					<label class="label" options="static" position_override="top" required="true" style="" type="static" value="Are you acting in this role?">
						<container class="labelBackground labelControl" options="static" />
					</label>
					<container />
				</field>
				<constraints validate="true" xmlns="http://www.hyfinity.com/formmaker">
					<type>string</type>
					<required>false</required>
					<enumeration use_for_output="false">
						<include value="Yes">Yes</include>
						<include value="No">No</include>
					</enumeration>
				</constraints>
				<error xmlns="http://www.hyfinity.com/formmaker">
					<hint class="hintIcon" style="" use="false">Enter a hint here.</hint>
					<server class="errorIcon" retain="false" style="" use="false" />
				</error>
				<fm:palette_ref control="Select Box" />
				<fm:disable required="false">
					<fm:check id="field_value_condition">
						<fm:param name="FieldToCheck" option="PageField" value="approvalDGHOActing" />
						<fm:param name="Comparison" option="==" />
						<fm:param name="CheckValue" option="PageField" value="approvalDGHOActing" />
					</fm:check>
				</fm:disable>
				<accessibility xmlns="http://www.hyfinity.com/formmaker">
					<alt>Click dropdown list to indicate whether you are acting in this role</alt>
				</accessibility>
			</fm:element>
		</fm:group>
	</fm:group>
	<fm:group border_styling="false" compatability="false" fieldset="false" gen_method="layout" hide="false" label_position="left" name="layout_group_3" submit_if_hidden="true">
		<fm:label class="label" options="static" position="outside_group" position_override="top" required="false" style="" type="static" value="Layout Group">
			<fm:container class="groupLabelBackground" options="static" style="" />
		</fm:label>
		<style class="" options="static" style="" xmlns="http://www.hyfinity.com/formmaker" />
		<fm:content_alignment distribution="vertical" halign="left" valign="top" />
		<fm:sizing height="fit_to_content" width="fully_expand" />
		<fm:palette_ref control="Layout Group" />
		<fm:element disable="false" disable_method="disabled" generate="true" hide="false" name="approvalTABGCheck">
			<field xmlns="http://www.hyfinity.com/formmaker">
				<input caption="true" options="static" unchecked_value="false">checkbox</input>
				<style class="defaultBackground checkboxControl" options="static" style="" />
				<element_style class="checkbox" options="static" style="" />
				<date_picker class="" content="" required="false" type="normal" />
				<label class="label" options="static" position_override="right" required="true" style="" type="static" value="I, as the TABG Director/Deputy Director (or designee), have reviewed the attached Salary Above Minimum request">
					<container class="labelBackground labelControl container checkbox-label" options="static">
						<sizing width="fully_expand" />
					</container>
				</label>
				<container>
					<sizing width="fit_to_content" />
				</container>
			</field>
			<constraints validate="true" xmlns="http://www.hyfinity.com/formmaker">
				<type>string</type>
				<required>true</required>
				<fm:enumeration use_for_output="false" />
			</constraints>
			<error xmlns="http://www.hyfinity.com/formmaker">
				<hint class="hintIcon" style="" use="false">Enter a hint here.</hint>
				<server class="errorIcon" retain="false" style="" use="false" />
			</error>
			<fm:palette_ref control="Checkbox" />
		</fm:element>
		<fm:group border_styling="false" compatability="false" fieldset="false" gen_method="layout" hide="false" label_position="left" name="layout_group_4" submit_if_hidden="true">
			<fm:label class="label" options="static" position="outside_group" position_override="top" required="false" style="" type="static" value="Layout Group">
				<fm:container class="groupLabelBackground" options="static" style="" />
			</fm:label>
			<style class="checkbox-sub-group" options="static" style="" xmlns="http://www.hyfinity.com/formmaker" />
			<fm:content_alignment distribution="horizontal" halign="left" valign="top" />
			<fm:sizing height="fit_to_content" width="fully_expand" />
			<fm:palette_ref control="Layout Group" />
			<fm:element disable="false" disable_method="disabled" generate="true" hide="false" name="approvalTABGValue">
				<field xmlns="http://www.hyfinity.com/formmaker">
					<input dropdown_default="Select One" options="static">select</input>
					<style class="defaultBackground selectControl" options="static" style="" />
					<element_style class="select" options="static" style="width : 200px;" />
					<date_picker class="" content="" required="false" type="normal" />
					<label class="label" options="static" position_override="top" required="true" style="" type="static" value="Approval">
						<container class="labelBackground labelControl" options="static" style="">
							<sizing width="custom" />
						</container>
					</label>
					<container>
						<sizing width="custom" />
					</container>
				</field>
				<constraints validate="true" xmlns="http://www.hyfinity.com/formmaker">
					<type>string</type>
					<required>true</required>
					<enumeration use_for_output="false">
						<include value="Approve">Approve</include>
						<include value="Disapprove">Disapprove</include>
					</enumeration>
				</constraints>
				<error xmlns="http://www.hyfinity.com/formmaker">
					<hint class="hintIcon" style="" use="false">Enter a hint here.</hint>
					<server class="errorIcon" retain="false" style="" use="false" />
				</error>
				<fm:palette_ref control="Select Box" />
				<disable required="false" xmlns="http://www.hyfinity.com/formmaker">
					<check id="field_value_condition">
						<param name="FieldToCheck" option="PageField" value="approvalTABGValue" />
						<param name="Comparison" option="==" />
						<param name="CheckValue" option="PageField" value="approvalTABGValue" />
					</check>
				</disable>
			</fm:element>
			<fm:element disable="false" disable_method="read_only" generate="true" hide="false" name="approvalTABG">
				<field xmlns="http://www.hyfinity.com/formmaker">
					<input options="static">text</input>
					<style class="defaultBackground textboxControl" options="static" style="" />
					<element_style class="textbox" options="static" style="width : 300px;" />
					<date_picker class="datePickerIcon" content="" required="false" type="normal" />
					<label class="label" options="static" position_override="top" required="true" style="" type="static" value="TABG Director/Deputy Director">
						<container class="labelBackground labelControl" options="static" />
					</label>
					<container />
				</field>
				<constraints validate="true" xmlns="http://www.hyfinity.com/formmaker">
					<type>string</type>
					<required>false</required>
					<fm:enumeration use_for_output="false" />
				</constraints>
				<error xmlns="http://www.hyfinity.com/formmaker">
					<hint class="hintIcon" style="" use="false">Enter a hint here.</hint>
					<server class="errorIcon" retain="false" style="" use="false" />
				</error>
				<fm:palette_ref control="Text Box" />
				<fm:disable method="read_only" required="true">
					<fm:check id="field_value_condition">
						<fm:param name="FieldToCheck" option="PageField" value="approvalTABG" />
						<fm:param name="Comparison" option="==" />
						<fm:param name="CheckValue" option="PageField" value="approvalTABG" />
					</fm:check>
				</fm:disable>
			</fm:element>
			<fm:element disable="false" disable_method="read_only" generate="true" hide="false" name="approvalTABGResponseDate">
				<field xmlns="http://www.hyfinity.com/formmaker">
					<input options="static">text</input>
					<style class="defaultBackground textboxControl" options="static" style="" />
					<element_style class="textbox" options="static" style="width : 100px;" />
					<date_picker class="datePickerIcon" content="" required="false" type="normal" />
					<label class="label" options="static" position_override="top" required="true" style="" type="static" value="Response Date">
						<container class="labelBackground labelControl" options="static" />
					</label>
					<container />
				</field>
				<constraints validate="true" xmlns="http://www.hyfinity.com/formmaker">
					<type>string</type>
					<required>false</required>
					<fm:enumeration use_for_output="false" />
				</constraints>
				<error xmlns="http://www.hyfinity.com/formmaker">
					<hint class="hintIcon" style="" use="false">Enter a hint here.</hint>
					<server class="errorIcon" retain="false" style="" use="false" />
				</error>
				<fm:palette_ref control="Text Box" />
				<fm:disable method="read_only" required="true">
					<fm:check id="field_value_condition">
						<fm:param name="FieldToCheck" option="PageField" value="approvalTABGResponseDate" />
						<fm:param name="Comparison" option="==" />
						<fm:param name="CheckValue" option="PageField" value="approvalTABGResponseDate" />
					</fm:check>
				</fm:disable>
			</fm:element>
			<fm:element disable="false" disable_method="disabled" generate="true" hide="false" name="approvalTABGActing">
				<field xmlns="http://www.hyfinity.com/formmaker">
					<input dropdown_default="Select One" options="static">select</input>
					<style class="defaultBackground selectControl" options="static" style="" />
					<element_style class="select" options="static" style="width : 200px;" />
					<date_picker class="" content="" required="false" type="normal" />
					<label class="label" options="static" position_override="top" required="true" style="" type="static" value="Are you acting in this role?">
						<container class="labelBackground labelControl" options="static" />
					</label>
					<container />
				</field>
				<constraints validate="true" xmlns="http://www.hyfinity.com/formmaker">
					<type>string</type>
					<required>false</required>
					<enumeration use_for_output="false">
						<include value="Yes">Yes</include>
						<include value="No">No</include>
					</enumeration>
				</constraints>
				<error xmlns="http://www.hyfinity.com/formmaker">
					<hint class="hintIcon" style="" use="false">Enter a hint here.</hint>
					<server class="errorIcon" retain="false" style="" use="false" />
				</error>
				<fm:palette_ref control="Select Box" />
				<fm:disable required="false">
					<fm:check id="field_value_condition">
						<fm:param name="FieldToCheck" option="PageField" value="approvalTABGActing" />
						<fm:param name="Comparison" option="==" />
						<fm:param name="CheckValue" option="PageField" value="approvalTABGActing" />
					</fm:check>
				</fm:disable>
				<accessibility xmlns="http://www.hyfinity.com/formmaker">
					<alt>Click dropdown list to indicate whether you are acting in this role</alt>
				</accessibility>
			</fm:element>
		</fm:group>
	</fm:group>
	<fm:group border_styling="false" compatability="false" fieldset="false" gen_method="layout" hide="false" label_position="left" name="layout_group_5" submit_if_hidden="true">
		<label class="label" options="static" position="outside_group" position_override="top" required="false" style="" type="static" value="Layout Group" xmlns="http://www.hyfinity.com/formmaker">
			<container class="groupLabelBackground" options="static" style="">
				<content_alignment distribution="vertical" />
			</container>
		</label>
		<style class="" options="static" style="" xmlns="http://www.hyfinity.com/formmaker" />
		<fm:content_alignment distribution="vertical" halign="left" valign="top" />
		<fm:sizing height="fit_to_content" width="fully_expand" />
		<fm:palette_ref control="Layout Group" />
		<fm:element disable="false" disable_method="disabled" generate="true" hide="false" name="approvalOHCCheck">
			<field xmlns="http://www.hyfinity.com/formmaker">
				<input caption="true" options="static" unchecked_value="false">checkbox</input>
				<style class="defaultBackground checkboxControl" options="static" style="" />
				<element_style class="checkbox" options="static" style="" />
				<date_picker class="" content="" required="false" type="normal" />
				<label class="label" options="static" position_override="right" required="true" style="" type="static" value="I, as the OHC Director/Deputy Director (or designee), have reviewed the attached Salary Above Minimum request">
					<container class="labelBackground labelControl container checkbox-label" options="static">
						<sizing width="fully_expand" />
					</container>
				</label>
				<container>
					<sizing width="fit_to_content" />
				</container>
			</field>
			<constraints validate="true" xmlns="http://www.hyfinity.com/formmaker">
				<type>string</type>
				<required>true</required>
				<fm:enumeration use_for_output="false" />
			</constraints>
			<error xmlns="http://www.hyfinity.com/formmaker">
				<hint class="hintIcon" style="" use="false">Enter a hint here.</hint>
				<server class="errorIcon" retain="false" style="" use="false" />
			</error>
			<fm:palette_ref control="Checkbox" />
		</fm:element>
		<fm:group border_styling="false" compatability="false" fieldset="false" gen_method="layout" hide="false" label_position="left" name="layout_group_6" submit_if_hidden="true">
			<label class="label" options="static" position="outside_group" position_override="top" required="false" style="" type="static" value="Layout Group" xmlns="http://www.hyfinity.com/formmaker">
				<container class="groupLabelBackground" options="static" style="">
					<content_alignment distribution="vertical" />
				</container>
			</label>
			<style class="checkbox-sub-group" options="static" style="" xmlns="http://www.hyfinity.com/formmaker" />
			<fm:content_alignment distribution="horizontal" halign="left" valign="top" />
			<fm:sizing height="fit_to_content" width="fully_expand" />
			<fm:palette_ref control="Layout Group" />
			<fm:element disable="false" disable_method="disabled" generate="true" hide="false" name="approvalOHCValue">
				<field xmlns="http://www.hyfinity.com/formmaker">
					<input dropdown_default="Select One" options="static">select</input>
					<style class="defaultBackground selectControl" options="static" style="" />
					<element_style class="select" options="static" style="width : 200px;" />
					<date_picker class="" content="" required="false" type="normal" />
					<label class="label" options="static" position_override="top" required="true" style="" type="static" value="Approval">
						<container class="labelBackground labelControl" options="static" style="">
							<sizing width="custom" />
						</container>
					</label>
					<container>
						<sizing width="custom" />
					</container>
				</field>
				<constraints validate="true" xmlns="http://www.hyfinity.com/formmaker">
					<type>string</type>
					<required>true</required>
					<enumeration use_for_output="false">
						<include value="Approve">Approve</include>
						<include value="Disapprove">Disapprove</include>
					</enumeration>
				</constraints>
				<error xmlns="http://www.hyfinity.com/formmaker">
					<hint class="hintIcon" style="" use="false">Enter a hint here.</hint>
					<server class="errorIcon" retain="false" style="" use="false" />
				</error>
				<fm:palette_ref control="Select Box" />
				<disable required="false" xmlns="http://www.hyfinity.com/formmaker">
					<check id="field_value_condition">
						<param name="FieldToCheck" option="PageField" value="approvalOHCValue" />
						<param name="Comparison" option="==" />
						<param name="CheckValue" option="PageField" value="approvalOHCValue" />
					</check>
				</disable>
			</fm:element>
			<fm:element disable="false" disable_method="read_only" generate="true" hide="false" name="approvalOHC">
				<field xmlns="http://www.hyfinity.com/formmaker">
					<input options="static">text</input>
					<style class="defaultBackground textboxControl" options="static" style="" />
					<element_style class="textbox" options="static" style="width : 300px;" />
					<date_picker class="datePickerIcon" content="" required="false" type="normal" />
					<label class="label" options="static" position_override="top" required="true" style="" type="static" value="OHC Director/Deputy Director">
						<container class="labelBackground labelControl" options="static" />
					</label>
					<container />
				</field>
				<constraints validate="true" xmlns="http://www.hyfinity.com/formmaker">
					<type>string</type>
					<required>false</required>
					<fm:enumeration use_for_output="false" />
				</constraints>
				<error xmlns="http://www.hyfinity.com/formmaker">
					<hint class="hintIcon" style="" use="false">Enter a hint here.</hint>
					<server class="errorIcon" retain="false" style="" use="false" />
				</error>
				<fm:palette_ref control="Text Box" />
				<fm:disable method="read_only" required="true">
					<fm:check id="field_value_condition">
						<fm:param name="FieldToCheck" option="PageField" value="approvalOHC" />
						<fm:param name="Comparison" option="==" />
						<fm:param name="CheckValue" option="PageField" value="approvalOHC" />
					</fm:check>
				</fm:disable>
			</fm:element>
			<fm:element disable="false" disable_method="read_only" generate="true" hide="false" name="approvalOHCResponseDate">
				<field xmlns="http://www.hyfinity.com/formmaker">
					<input options="static">text</input>
					<style class="defaultBackground textboxControl" options="static" style="" />
					<element_style class="textbox" options="static" style="width : 100px;" />
					<date_picker class="datePickerIcon" content="" required="false" type="normal" />
					<label class="label" options="static" position_override="top" required="true" style="" type="static" value="Response Date">
						<container class="labelBackground labelControl" options="static" />
					</label>
					<container />
				</field>
				<constraints validate="true" xmlns="http://www.hyfinity.com/formmaker">
					<type>string</type>
					<required>false</required>
					<fm:enumeration use_for_output="false" />
				</constraints>
				<error xmlns="http://www.hyfinity.com/formmaker">
					<hint class="hintIcon" style="" use="false">Enter a hint here.</hint>
					<server class="errorIcon" retain="false" style="" use="false" />
				</error>
				<fm:palette_ref control="Text Box" />
				<fm:disable method="read_only" required="true">
					<fm:check id="field_value_condition">
						<fm:param name="FieldToCheck" option="PageField" value="approvalOHCResponseDate" />
						<fm:param name="Comparison" option="==" />
						<fm:param name="CheckValue" option="PageField" value="approvalOHCResponseDate" />
					</fm:check>
				</fm:disable>
			</fm:element>
			<fm:element disable="false" disable_method="disabled" generate="true" hide="false" name="approvalOHCActing">
				<field xmlns="http://www.hyfinity.com/formmaker">
					<input dropdown_default="Select One" options="static">select</input>
					<style class="defaultBackground selectControl" options="static" style="" />
					<element_style class="select" options="static" style="width : 200px;" />
					<date_picker class="" content="" required="false" type="normal" />
					<label class="label" options="static" position_override="top" required="true" style="" type="static" value="Are you acting in this role?">
						<container class="labelBackground labelControl" options="static" />
					</label>
					<container />
				</field>
				<constraints validate="true" xmlns="http://www.hyfinity.com/formmaker">
					<type>string</type>
					<required>false</required>
					<enumeration use_for_output="false">
						<include value="Yes">Yes</include>
						<include value="No">No</include>
					</enumeration>
				</constraints>
				<error xmlns="http://www.hyfinity.com/formmaker">
					<hint class="hintIcon" style="" use="false">Enter a hint here.</hint>
					<server class="errorIcon" retain="false" style="" use="false" />
				</error>
				<fm:palette_ref control="Select Box" />
				<fm:disable required="false">
					<fm:check id="field_value_condition">
						<fm:param name="FieldToCheck" option="PageField" value="approvalOHCActing" />
						<fm:param name="Comparison" option="==" />
						<fm:param name="CheckValue" option="PageField" value="approvalOHCActing" />
					</fm:check>
				</fm:disable>
				<accessibility xmlns="http://www.hyfinity.com/formmaker">
					<alt>Click dropdown list to indicate whether you are acting in this role</alt>
				</accessibility>
			</fm:element>
		</fm:group>
	</fm:group>
	<fm:group border_styling="false" compatability="false" fieldset="false" gen_method="layout" hide="false" label_position="left" name="approverNotes_group" submit_if_hidden="true">
		<label class="label" options="static" position="outside_group" position_override="top" required="false" style="" type="static" value="Layout Group" xmlns="http://www.hyfinity.com/formmaker">
			<container class="groupLabelBackground" options="static" style="">
				<content_alignment distribution="vertical" />
			</container>
		</label>
		<style class="hidden" options="static" style="" xmlns="http://www.hyfinity.com/formmaker" />
		<fm:content_alignment distribution="vertical" halign="left" valign="top" />
		<fm:sizing height="fit_to_content" width="fully_expand" />
		<fm:palette_ref control="Layout Group" />
		<fm:group border_styling="false" compatability="false" fieldset="false" gen_method="layout" hide="false" label_position="left" name="group_bordered" submit_if_hidden="true">
			<label class="label" options="static" position="outside_group" position_override="top" required="true" style="" type="static" value="Approver Notes" xmlns="http://www.hyfinity.com/formmaker">
				<container class="groupLabelBackground" options="static" style="">
					<content_alignment distribution="vertical" halign="left" valign="middle" />
					<sizing height="custom" width="fully_expand" />
				</container>
			</label>
			<style class="borderedGroup borderedGroup2" options="static" style="" xmlns="http://www.hyfinity.com/formmaker" />
			<fm:content_alignment distribution="vertical" halign="left" valign="top" />
			<fm:sizing height="fit_to_content" width="fully_expand" />
			<fm:palette_ref control="Bordered Group" />
			<fm:element disable="false" disable_method="read_only" generate="true" hide="false" name="approverNotes">
				<field xmlns="http://www.hyfinity.com/formmaker">
					<input expandable="true" max="10" min="4" options="dynamic" size="40">textarea</input>
					<style class="defaultBackground textareaControl fullTextArea" options="static" style="" />
					<element_style class="textbox" options="static" style="width : 98%;" />
					<date_picker class="datePickerIcon" content="" required="false" type="normal" />
					<label class="label" options="static" position_override="top" required="true" style="" type="static" value="Approval decision differs from the HRS regulatory review and recommendation, please provide an explanation, below:">
						<container class="labelBackground labelControl" options="static">
							<sizing width="fully_expand" />
						</container>
					</label>
					<container>
						<sizing width="fully_expand" />
					</container>
				</field>
				<constraints validate="true" xmlns="http://www.hyfinity.com/formmaker">
					<type>string</type>
					<required>false</required>
					<fm:enumeration use_for_output="false" />
				</constraints>
				<error xmlns="http://www.hyfinity.com/formmaker">
					<hint class="hintIcon" style="" use="false">Enter a hint here.</hint>
					<server class="errorIcon" retain="false" style="" use="false" />
				</error>
				<fm:palette_ref control="Text Area" />
				<custom_attributes xmlns="http://www.hyfinity.com/formmaker">
					<attribute name="maxlength" type="custom" value="500" />
				</custom_attributes>
				<accessibility xmlns="http://www.hyfinity.com/formmaker">
					<alt>Type to enter a reason for the salary change.</alt>
				</accessibility>
			</fm:element>
		</fm:group>
	</fm:group>
</fm:structure>
