<?xml version="1.0" encoding="UTF-8"?>
<fm:structure xmlns:fm="http://www.hyfinity.com/formmaker">
	<form_details xmlns="http://www.hyfinity.com/formmaker">
		<error_highlight_method alert="false" as_you_type="true" validation_mode="all">bubble</error_highlight_method>
		<hint_display_method>tooltip</hint_display_method>
		<top_level_message class="topLevelMessage" required="false" style="" />
		<mark_mandatory class="mandatory" location="after_label" required="true" style=""> * </mark_mandatory>
		<description>Enter a description.</description>
		<page_background_style class="" style="" />
		<page_content_style class="" style="" />
	</form_details>
	<fm:group border_styling="false" compatability="false" fieldset="false" gen_method="layout" hide="false" label_position="left" name="layout_group" submit_if_hidden="true">
		<label class="label" options="static" position="outside_group" position_override="top" required="false" style="" type="static" value="Layout Group" xmlns="http://www.hyfinity.com/formmaker">
			<container class="groupLabelBackground" options="static" style="">
				<content_alignment distribution="vertical" />
			</container>
		</label>
		<style class="" options="static" style="" xmlns="http://www.hyfinity.com/formmaker" />
		<fm:content_alignment distribution="vertical" halign="left" valign="top" />
		<fm:sizing height="fit_to_content" width="fully_expand" />
		<fm:palette_ref control="Layout Group" />
		<fm:element disable="false" disable_method="disabled" generate="true" hide="false" name="approvalDGHOCheck">
			<field xmlns="http://www.hyfinity.com/formmaker">
				<input caption="true" options="static" unchecked_value="false">checkbox</input>
				<style class="defaultBackground checkboxControl" options="static" style="" />
				<element_style class="checkbox" options="static" style="" />
				<date_picker class="" content="" required="false" type="normal" />
				<label class="label" options="static" position_override="right" required="true" style="" type="static" value="I, as the DGHO Director/Deputy Director (or designee), have reviewed the attached Salary Above Minimum request">
					<container class="labelBackground labelControl container checkbox-label" options="static">
						<sizing width="fully_expand" />
					</container>
				</label>
				<container>
					<sizing width="fit_to_content" />
				</container>
			</field>
			<constraints validate="true" xmlns="http://www.hyfinity.com/formmaker">
				<type>string</type>
				<required>false</required>
				<fm:enumeration use_for_output="false" />
			</constraints>
			<error xmlns="http://www.hyfinity.com/formmaker">
				<hint class="hintIcon" style="" use="false">Enter a hint here.</hint>
				<server class="errorIcon" retain="false" style="" use="false" />
			</error>
			<fm:palette_ref control="Checkbox" />
		</fm:element>
		<fm:group border_styling="false" compatability="false" fieldset="false" gen_method="layout" hide="false" label_position="left" name="layout_group_2" submit_if_hidden="true">
			<label class="label" options="static" position="outside_group" position_override="top" required="false" style="" type="static" value="Layout Group" xmlns="http://www.hyfinity.com/formmaker">
				<container class="groupLabelBackground" options="static" style="">
					<content_alignment distribution="vertical" />
				</container>
			</label>
			<style class="checkbox-sub-group" options="static" style="" xmlns="http://www.hyfinity.com/formmaker" />
			<fm:content_alignment distribution="horizontal" halign="left" valign="top" />
			<fm:sizing height="fit_to_content" width="fully_expand" />
			<fm:palette_ref control="Layout Group" />
			<fm:element disable="false" disable_method="disabled" generate="true" hide="false" name="approvalDGHOValue">
				<field xmlns="http://www.hyfinity.com/formmaker">
					<input dropdown_default="Select One" options="static">select</input>
					<style class="defaultBackground selectControl" options="static" style="" />
					<element_style class="select" options="static" style="width : 250px;" />
					<date_picker class="" content="" required="false" type="normal" />
					<label class="label" options="static" position_override="top" required="true" style="" type="static" value="Approval">
						<container class="labelBackground labelControl" options="static" style="">
							<sizing width="custom" />
						</container>
					</label>
					<container>
						<sizing width="custom" />
					</container>
				</field>
				<constraints validate="true" xmlns="http://www.hyfinity.com/formmaker">
					<type>string</type>
					<required>false</required>
					<enumeration use_for_output="false">
						<include value="ListItem1">List Item 1</include>
						<include value="ListItem2">List Item 2</include>
						<include value="ListItem3">List Item 3</include>
					</enumeration>
				</constraints>
				<error xmlns="http://www.hyfinity.com/formmaker">
					<hint class="hintIcon" style="" use="false">Enter a hint here.</hint>
					<server class="errorIcon" retain="false" style="" use="false" />
				</error>
				<fm:palette_ref control="Select Box" />
			</fm:element>
			<fm:element disable="false" disable_method="read_only" generate="true" hide="false" name="approvalDGHO">
				<field xmlns="http://www.hyfinity.com/formmaker">
					<input options="dynamic">text</input>
					<style class="defaultBackground textboxControl" options="static" style="" />
					<element_style class="textbox" options="static" style="width : 250px;" />
					<date_picker class="datePickerIcon" content="" required="false" type="normal" />
					<label class="label" options="static" position_override="top" required="true" style="" type="static" value="DGHO Director/Deputy Director">
						<container class="labelBackground labelControl" options="static" />
					</label>
					<container />
				</field>
				<constraints validate="true" xmlns="http://www.hyfinity.com/formmaker">
					<type>string</type>
					<required>false</required>
					<fm:enumeration use_for_output="false" />
				</constraints>
				<error xmlns="http://www.hyfinity.com/formmaker">
					<hint class="hintIcon" style="" use="false">Enter a hint here.</hint>
					<server class="errorIcon" retain="false" style="" use="false" />
				</error>
				<fm:palette_ref control="Text Box" />
				<fm:disable method="read_only" required="true">
					<fm:check id="field_value_condition">
						<fm:param name="FieldToCheck" option="PageField" value="approvalDGHO" />
						<fm:param name="Comparison" option="==" />
						<fm:param name="CheckValue" option="PageField" value="approvalDGHO" />
					</fm:check>
				</fm:disable>
			</fm:element>
			<fm:element disable="false" disable_method="read_only" generate="true" hide="false" name="approvalDGHOResponseDate">
				<fm:field>
					<fm:input options="dynamic" size="10">text</fm:input>
					<fm:style class="defaultBackground dateControl" options="static" style="" />
					<fm:element_style class="textbox" options="static" style="" />
					<fm:disabled_style class="disabled" options="static" style="" />
					<label class="label" options="static" position_override="top" required="true" style="" type="static" value="Response Date" xmlns="http://www.hyfinity.com/formmaker">
						<container class="labelBackground labelControl" options="static" />
					</label>
					<fm:date_picker class="datePickerIcon" content="" popup="false" required="true" type="normal" />
				</fm:field>
				<fm:constraints validate="true">
					<fm:type>date</fm:type>
					<fm:required>false</fm:required>
					<fm:enumeration use_for_output="false" />
				</fm:constraints>
				<fm:error create_container="true">
					<fm:hint class="hintIcon" style="" use="false">Enter a hint here.</fm:hint>
					<fm:server class="errorIcon" retain="false" style="" use="false" />
				</fm:error>
				<fm:data_formats>
					<fm:date data="yyyy-MM-dd" display="MM/dd/yyyy" />
				</fm:data_formats>
				<fm:palette_ref control="Date" />
			</fm:element>
		</fm:group>
	</fm:group>
	<fm:group border_styling="false" compatability="false" fieldset="false" gen_method="layout" hide="false" label_position="left" name="layout_group_3" submit_if_hidden="true">
		<fm:label class="label" options="static" position="outside_group" position_override="top" required="false" style="" type="static" value="Layout Group">
			<fm:container class="groupLabelBackground" options="static" style="" />
		</fm:label>
		<style class="" options="static" style="" xmlns="http://www.hyfinity.com/formmaker" />
		<fm:content_alignment distribution="vertical" halign="left" valign="top" />
		<fm:sizing height="fit_to_content" width="fully_expand" />
		<fm:palette_ref control="Layout Group" />
		<fm:element disable="false" disable_method="disabled" generate="true" hide="false" name="approvalTABGCheck">
			<field xmlns="http://www.hyfinity.com/formmaker">
				<input caption="true" options="static" unchecked_value="false">checkbox</input>
				<style class="defaultBackground checkboxControl" options="static" style="" />
				<element_style class="checkbox" options="static" style="" />
				<date_picker class="" content="" required="false" type="normal" />
				<label class="label" options="static" position_override="right" required="true" style="" type="static" value="I, as the TABG Director/Deputy Director (or designee), have reviewed the attached Salary Above Minimum request">
					<container class="labelBackground labelControl container checkbox-label" options="static">
						<sizing width="fully_expand" />
					</container>
				</label>
				<container>
					<sizing width="fit_to_content" />
				</container>
			</field>
			<constraints validate="true" xmlns="http://www.hyfinity.com/formmaker">
				<type>string</type>
				<required>false</required>
				<fm:enumeration use_for_output="false" />
			</constraints>
			<error xmlns="http://www.hyfinity.com/formmaker">
				<hint class="hintIcon" style="" use="false">Enter a hint here.</hint>
				<server class="errorIcon" retain="false" style="" use="false" />
			</error>
			<fm:palette_ref control="Checkbox" />
		</fm:element>
		<fm:group border_styling="false" compatability="false" fieldset="false" gen_method="layout" hide="false" label_position="left" name="layout_group_4" submit_if_hidden="true">
			<fm:label class="label" options="static" position="outside_group" position_override="top" required="false" style="" type="static" value="Layout Group">
				<fm:container class="groupLabelBackground" options="static" style="" />
			</fm:label>
			<style class="checkbox-sub-group" options="static" style="" xmlns="http://www.hyfinity.com/formmaker" />
			<fm:content_alignment distribution="horizontal" halign="left" valign="top" />
			<fm:sizing height="fit_to_content" width="fully_expand" />
			<fm:palette_ref control="Layout Group" />
			<fm:element disable="false" disable_method="disabled" generate="true" hide="false" name="approvalTABGValue">
				<field xmlns="http://www.hyfinity.com/formmaker">
					<input dropdown_default="Select One" options="static">select</input>
					<style class="defaultBackground selectControl" options="static" style="" />
					<element_style class="select" options="static" style="width : 250px;" />
					<date_picker class="" content="" required="false" type="normal" />
					<label class="label" options="static" position_override="top" required="true" style="" type="static" value="Approval">
						<container class="labelBackground labelControl" options="static" style="">
							<sizing width="custom" />
						</container>
					</label>
					<container>
						<sizing width="custom" />
					</container>
				</field>
				<constraints validate="true" xmlns="http://www.hyfinity.com/formmaker">
					<type>string</type>
					<required>false</required>
					<enumeration use_for_output="false">
						<include value="ListItem1">List Item 1</include>
						<include value="ListItem2">List Item 2</include>
						<include value="ListItem3">List Item 3</include>
					</enumeration>
				</constraints>
				<error xmlns="http://www.hyfinity.com/formmaker">
					<hint class="hintIcon" style="" use="false">Enter a hint here.</hint>
					<server class="errorIcon" retain="false" style="" use="false" />
				</error>
				<fm:palette_ref control="Select Box" />
			</fm:element>
			<fm:element disable="false" disable_method="read_only" generate="true" hide="false" name="approvalTABG">
				<field xmlns="http://www.hyfinity.com/formmaker">
					<input options="dynamic">text</input>
					<style class="defaultBackground textboxControl" options="static" style="" />
					<element_style class="textbox" options="static" style="width : 250px;" />
					<date_picker class="datePickerIcon" content="" required="false" type="normal" />
					<label class="label" options="static" position_override="top" required="true" style="" type="static" value="TABG Director/Deputy Director">
						<container class="labelBackground labelControl" options="static" />
					</label>
					<container />
				</field>
				<constraints validate="true" xmlns="http://www.hyfinity.com/formmaker">
					<type>string</type>
					<required>false</required>
					<fm:enumeration use_for_output="false" />
				</constraints>
				<error xmlns="http://www.hyfinity.com/formmaker">
					<hint class="hintIcon" style="" use="false">Enter a hint here.</hint>
					<server class="errorIcon" retain="false" style="" use="false" />
				</error>
				<fm:palette_ref control="Text Box" />
				<fm:disable method="read_only" required="true">
					<fm:check id="field_value_condition">
						<fm:param name="FieldToCheck" option="PageField" value="approvalTABG" />
						<fm:param name="Comparison" option="==" />
						<fm:param name="CheckValue" option="PageField" value="approvalTABG" />
					</fm:check>
				</fm:disable>
			</fm:element>
			<fm:element disable="false" disable_method="read_only" generate="true" hide="false" name="approvalTABGResponseDate">
				<fm:field>
					<fm:input options="dynamic" size="10">text</fm:input>
					<fm:style class="defaultBackground dateControl" options="static" style="" />
					<fm:element_style class="textbox" options="static" style="" />
					<fm:disabled_style class="disabled" options="static" style="" />
					<label class="label" options="static" position_override="top" required="true" style="" type="static" value="Response Date" xmlns="http://www.hyfinity.com/formmaker">
						<container class="labelBackground labelControl" options="static" />
					</label>
					<fm:date_picker class="datePickerIcon" content="" popup="false" required="true" type="normal" />
				</fm:field>
				<fm:constraints validate="true">
					<fm:type>date</fm:type>
					<fm:required>false</fm:required>
					<fm:enumeration use_for_output="false" />
				</fm:constraints>
				<fm:error create_container="true">
					<fm:hint class="hintIcon" style="" use="false">Enter a hint here.</fm:hint>
					<fm:server class="errorIcon" retain="false" style="" use="false" />
				</fm:error>
				<fm:data_formats>
					<fm:date data="yyyy-MM-dd" display="MM/dd/yyyy" />
				</fm:data_formats>
				<fm:palette_ref control="Date" />
			</fm:element>
		</fm:group>
	</fm:group>
	<fm:group border_styling="false" compatability="false" fieldset="false" gen_method="layout" hide="false" label_position="left" name="layout_group_5" submit_if_hidden="true">
		<label class="label" options="static" position="outside_group" position_override="top" required="false" style="" type="static" value="Layout Group" xmlns="http://www.hyfinity.com/formmaker">
			<container class="groupLabelBackground" options="static" style="">
				<content_alignment distribution="vertical" />
			</container>
		</label>
		<style class="" options="static" style="" xmlns="http://www.hyfinity.com/formmaker" />
		<fm:content_alignment distribution="vertical" halign="left" valign="top" />
		<fm:sizing height="fit_to_content" width="fully_expand" />
		<fm:palette_ref control="Layout Group" />
		<fm:element disable="false" disable_method="disabled" generate="true" hide="false" name="approvalOHCCheck">
			<field xmlns="http://www.hyfinity.com/formmaker">
				<input caption="true" options="static" unchecked_value="false">checkbox</input>
				<style class="defaultBackground checkboxControl" options="static" style="" />
				<element_style class="checkbox" options="static" style="" />
				<date_picker class="" content="" required="false" type="normal" />
				<label class="label" options="static" position_override="right" required="true" style="" type="static" value="I, as the OHC Director/Deputy Director (or designee), have reviewed the attached Salary Above Minimum request">
					<container class="labelBackground labelControl container checkbox-label" options="static">
						<sizing width="fully_expand" />
					</container>
				</label>
				<container>
					<sizing width="fit_to_content" />
				</container>
			</field>
			<constraints validate="true" xmlns="http://www.hyfinity.com/formmaker">
				<type>string</type>
				<required>false</required>
				<fm:enumeration use_for_output="false" />
			</constraints>
			<error xmlns="http://www.hyfinity.com/formmaker">
				<hint class="hintIcon" style="" use="false">Enter a hint here.</hint>
				<server class="errorIcon" retain="false" style="" use="false" />
			</error>
			<fm:palette_ref control="Checkbox" />
		</fm:element>
		<fm:group border_styling="false" compatability="false" fieldset="false" gen_method="layout" hide="false" label_position="left" name="layout_group_6" submit_if_hidden="true">
			<label class="label" options="static" position="outside_group" position_override="top" required="false" style="" type="static" value="Layout Group" xmlns="http://www.hyfinity.com/formmaker">
				<container class="groupLabelBackground" options="static" style="">
					<content_alignment distribution="vertical" />
				</container>
			</label>
			<style class="checkbox-sub-group" options="static" style="" xmlns="http://www.hyfinity.com/formmaker" />
			<fm:content_alignment distribution="horizontal" halign="left" valign="top" />
			<fm:sizing height="fit_to_content" width="fully_expand" />
			<fm:palette_ref control="Layout Group" />
			<fm:element disable="false" disable_method="disabled" generate="true" hide="false" name="approvalOHCValue">
				<field xmlns="http://www.hyfinity.com/formmaker">
					<input dropdown_default="Select One" options="static">select</input>
					<style class="defaultBackground selectControl" options="static" style="" />
					<element_style class="select" options="static" style="width : 250px;" />
					<date_picker class="" content="" required="false" type="normal" />
					<label class="label" options="static" position_override="top" required="true" style="" type="static" value="Approval">
						<container class="labelBackground labelControl" options="static" style="">
							<sizing width="custom" />
						</container>
					</label>
					<container>
						<sizing width="custom" />
					</container>
				</field>
				<constraints validate="true" xmlns="http://www.hyfinity.com/formmaker">
					<type>string</type>
					<required>false</required>
					<enumeration use_for_output="false">
						<include value="ListItem1">List Item 1</include>
						<include value="ListItem2">List Item 2</include>
						<include value="ListItem3">List Item 3</include>
					</enumeration>
				</constraints>
				<error xmlns="http://www.hyfinity.com/formmaker">
					<hint class="hintIcon" style="" use="false">Enter a hint here.</hint>
					<server class="errorIcon" retain="false" style="" use="false" />
				</error>
				<fm:palette_ref control="Select Box" />
			</fm:element>
			<fm:element disable="false" disable_method="read_only" generate="true" hide="false" name="approvalOHC">
				<field xmlns="http://www.hyfinity.com/formmaker">
					<input options="dynamic">text</input>
					<style class="defaultBackground textboxControl" options="static" style="" />
					<element_style class="textbox" options="static" style="width : 250px;" />
					<date_picker class="datePickerIcon" content="" required="false" type="normal" />
					<label class="label" options="static" position_override="top" required="true" style="" type="static" value="OHC Director/Deputy Director">
						<container class="labelBackground labelControl" options="static" />
					</label>
					<container />
				</field>
				<constraints validate="true" xmlns="http://www.hyfinity.com/formmaker">
					<type>string</type>
					<required>false</required>
					<fm:enumeration use_for_output="false" />
				</constraints>
				<error xmlns="http://www.hyfinity.com/formmaker">
					<hint class="hintIcon" style="" use="false">Enter a hint here.</hint>
					<server class="errorIcon" retain="false" style="" use="false" />
				</error>
				<fm:palette_ref control="Text Box" />
				<fm:disable method="read_only" required="true">
					<fm:check id="field_value_condition">
						<fm:param name="FieldToCheck" option="PageField" value="approvalOHC" />
						<fm:param name="Comparison" option="==" />
						<fm:param name="CheckValue" option="PageField" value="approvalOHC" />
					</fm:check>
				</fm:disable>
			</fm:element>
			<fm:element disable="false" disable_method="read_only" generate="true" hide="false" name="approvalOHCResponseDate">
				<field xmlns="http://www.hyfinity.com/formmaker">
					<input options="dynamic" size="10">text</input>
					<style class="defaultBackground dateControl" options="static" style="" />
					<element_style class="textbox" options="static" style="" />
					<date_picker class="datePickerIcon" content="" required="true" type="normal" />
					<label class="label" options="static" position_override="top" required="true" style="" type="static" value="Response Date">
						<container class="labelBackground labelControl" options="static" />
					</label>
					<container />
				</field>
				<constraints validate="true" xmlns="http://www.hyfinity.com/formmaker">
					<type>date</type>
					<required>false</required>
					<fm:enumeration use_for_output="false" />
				</constraints>
				<error xmlns="http://www.hyfinity.com/formmaker">
					<hint class="hintIcon" style="" use="false">Enter a hint here.</hint>
					<server class="errorIcon" retain="false" style="" use="false" />
				</error>
				<data_formats xmlns="http://www.hyfinity.com/formmaker">
					<date data="yyyy-MM-dd" display="MM/dd/yyyy" />
				</data_formats>
				<fm:palette_ref control="Date" />
			</fm:element>
		</fm:group>
	</fm:group>
</fm:structure>
