<?xml version="1.0" encoding="UTF-8"?>
<hy:rulebase cache="false" context="/" disable="true" forward_chain="false" return="/" xmlns="http://www.hyfinity.com/xstore" xmlns:hy="http://www.hyfinity.com/xengine" xmlns:mvc="http://www.hyfinity.com/mvc" xmlns:ns1="http://www.handysoft.com/bizflow" xmlns:ns2="http://schemas.xmlsoap.org/soap/envelope/" xmlns:xg="http://www.hyfinity.com/xgate" xmlns:xs="http://www.w3.org/2001/XMLSchema">
	<hy:rule base="pattern" desc="Makes service call to relevant target_controller." disable="false" id="call_PrepareForm-Controller_from_NewFormDataReceiver-Controller_rule" priority="55">
		<hy:head>
			<hy:result disable="false" id="call_service">
				<hy:operator>Service</hy:operator>
				<hy:target action="Call" name="mvc-classification_main-PrepareForm-Controller" parallel="false" update="append">
					<hy:params>
						<hy:param name="from_location" type="com.hyfinity.xpath.XPath">/</hy:param>
						<hy:param name="to_location" type="com.hyfinity.xpath.XPath">/</hy:param>
					</hy:params>
				</hy:target>
			</hy:result>
		</hy:head>
		<hy:body>
			<hy:clause id="check_service_call" multiple="false">
				<hy:operator>Read</hy:operator>
				<hy:target action="eval" name="factbase">
					<hy:params>
						<hy:param name="xpath_expression" type="com.hyfinity.xpath.XPath">/</hy:param>
					</hy:params>
				</hy:target>
			</hy:clause>
		</hy:body>
	</hy:rule>
	<hy:rule base="custom" desc="" disable="false" id="save_to_db" priority="30">
		<hy:head>
			<hy:result disable="false" id="call_update_formdata">
				<hy:operator>SQL</hy:operator>
				<hy:target action="Query" name="mvc-classification_main-workflowdb-Database" update="append">
					<hy:params>
						<hy:param name="sql_statement" type="java.lang.String">{ call HHS_CMS_HR.SP_UPDATE_FORM_DATA ( 
    $id
    , $formtype
    , $fielddata
    , $user
    , $procid
    , $actseq
    , $witemseq
) }</hy:param>
						<hy:param name="to_location" type="com.hyfinity.xpath.XPath">/mvc:eForm/mvc:Data</hy:param>
						<hy:param name="$id" type="int">/mvc:eForm/mvc:Data/FORM_DATA/ID</hy:param>
						<hy:param name="$formtype" type="string">'CMSCLSF'</hy:param>
						<hy:param name="$fielddata" type="xml">/mvc:eForm/mvc:Data/FORM_DATA/DOCUMENT</hy:param>
						<hy:param name="$user" type="string">/mvc:eForm/mvc:Data/WorkitemContext/User/LoginID</hy:param>
						<hy:param name="$procid" type="int">/mvc:eForm/mvc:Data/WorkitemContext/Process/ID</hy:param>
						<hy:param name="$actseq" type="int">/mvc:eForm/mvc:Data/WorkitemContext/Activity/Sequence</hy:param>
						<hy:param name="$witemseq" type="int">/mvc:eForm/mvc:Data/WorkitemContext/Workitem/Sequence</hy:param>
					</hy:params>
				</hy:target>
			</hy:result>
		</hy:head>
		<hy:body>
			<hy:clause id="check_doc" multiple="false">
				<hy:operator>Read</hy:operator>
				<hy:target action="eval" name="factbase">
					<hy:params>
						<hy:param name="xpath_expression" type="com.hyfinity.xpath.XPath">/mvc:eForm/mvc:Data/FORM_DATA/DOCUMENT</hy:param>
					</hy:params>
				</hy:target>
			</hy:clause>
		</hy:body>
	</hy:rule>
	<hy:rule base="custom" desc="" disable="false" id="generate_pdf_documents" priority="10">
		<hy:head>
			<hy:result disable="false" id="call_generate_pdf_documents">
				<hy:operator>Java</hy:operator>
				<hy:target action="" name="" update="append">
					<hy:params>
						<hy:param name="java_method" type="java.lang.String">com.bizflow.ps.pdf.WMConnector.generatePDFDocuments(sessionInfoXML, processID, documentXML)</hy:param>
						<hy:param name="to_location" type="com.hyfinity.xpath.XPath">/mvc:eForm/mvc:Data</hy:param>
						<hy:param name="sessionInfoXML" type="string">/mvc:eForm/mvc:Data/WorkitemContext/SessionInfoXML</hy:param>
						<hy:param name="processID" type="number">/mvc:eForm/mvc:Data/WorkitemContext/Process/ID</hy:param>
						<hy:param name="documentXML" type="xml">/mvc:eForm/mvc:Data/FORM_DATA</hy:param>
					</hy:params>
				</hy:target>
			</hy:result>
		</hy:head>
		<hy:body>
			<hy:and>
				<hy:clause id="WIH_complete_requested" multiple="false">
					<hy:operator>Read</hy:operator>
					<hy:target action="eval" name="factbase">
						<hy:params>
							<hy:param name="xpath_expression" type="com.hyfinity.xpath.XPath">/mvc:eForm/mvc:Data/mvc:formData/mvc:WIH_complete_requested[.='true']</hy:param>
						</hy:params>
					</hy:target>
				</hy:clause>
				<hy:or>
					<hy:and>
						<hy:clause id="Activity_ReviewDWCEntry_or_ConfirmFinalBUSCode" multiple="false">
							<hy:operator>Read</hy:operator>
							<hy:target action="eval" name="factbase">
								<hy:params>
									<hy:param name="xpath_expression" type="com.hyfinity.xpath.XPath">/mvc:eForm/mvc:Data/WorkitemContext/Activity/Name[.='Review DWC Entry']  | /mvc:eForm/mvc:Data/WorkitemContext/Activity/Name[.='Confirm Final BUS Code']</hy:param>
								</hy:params>
							</hy:target>
						</hy:clause>
						<hy:clause id="RequestStatus_Not_RequestCancelled" multiple="false">
							<hy:operator>Read</hy:operator>
							<hy:target action="eval" name="factbase">
								<hy:params>
									<hy:param name="xpath_expression" type="com.hyfinity.xpath.XPath">/mvc:eForm/mvc:Data/FORM_DATA/DOCUMENT/PROCESS_VARIABLE/requestStatus[.!='Request Cancelled']</hy:param>
								</hy:params>
							</hy:target>
						</hy:clause>
					</hy:and>
					<hy:and>
						<hy:clause id="Activity_ApproveCS_CreateFPkg" multiple="false">
							<hy:operator>Read</hy:operator>
							<hy:target action="eval" name="factbase">
								<hy:params>
									<hy:param name="xpath_expression" type="com.hyfinity.xpath.XPath">/mvc:eForm/mvc:Data/WorkitemContext/Activity/Name[.='Approve Coversheet and Create Final Pkg']</hy:param>
								</hy:params>
							</hy:target>
						</hy:clause>
						<hy:clause id="RequestStatus_Not_Cancelled" multiple="false">
							<hy:operator>Read</hy:operator>
							<hy:target action="eval" name="factbase">
								<hy:params>
									<hy:param name="xpath_expression" type="com.hyfinity.xpath.XPath">/mvc:eForm/mvc:Data/FORM_DATA/DOCUMENT/PROCESS_VARIABLE/requestStatus[.!='Request Cancelled']</hy:param>
								</hy:params>
							</hy:target>
						</hy:clause>
						<hy:clause id="ReturnToSO_Yes" multiple="false">
							<hy:operator>Read</hy:operator>
							<hy:target action="eval" name="factbase">
								<hy:params>
									<hy:param name="xpath_expression" type="com.hyfinity.xpath.XPath">/mvc:eForm/mvc:Data/FORM_DATA/DOCUMENT/PROCESS_VARIABLE/returnToSO[.='Yes']</hy:param>
								</hy:params>
							</hy:target>
						</hy:clause>
					</hy:and>
				</hy:or>
			</hy:and>
		</hy:body>
	</hy:rule>
	<hy:rule base="custom" desc="" disable="false" id="refresh_pd_coversheet_only" priority="10">
		<hy:head>
			<hy:result disable="false" id="call_generate_pd_coversheet">
				<hy:operator>Java</hy:operator>
				<hy:target action="" name="" update="append">
					<hy:params>
						<hy:param name="java_method" type="java.lang.String">com.bizflow.ps.pdf.WMConnector.generatePDCoversheet(sessionInfoXML, processID, documentXML)</hy:param>
						<hy:param name="to_location" type="com.hyfinity.xpath.XPath">/mvc:eForm/mvc:Data</hy:param>
						<hy:param name="sessionInfoXML" type="string">/mvc:eForm/mvc:Data/WorkitemContext/SessionInfoXML</hy:param>
						<hy:param name="processID" type="number">/mvc:eForm/mvc:Data/WorkitemContext/Process/ID</hy:param>
						<hy:param name="documentXML" type="xml">/mvc:eForm/mvc:Data/FORM_DATA</hy:param>
					</hy:params>
				</hy:target>
			</hy:result>
		</hy:head>
		<hy:body>
			<hy:and>
				<hy:or>
					<hy:clause id="Activity_ConfirmBUSCode" multiple="false">
						<hy:operator>Read</hy:operator>
						<hy:target action="eval" name="factbase">
							<hy:params>
								<hy:param name="xpath_expression" type="com.hyfinity.xpath.XPath">/mvc:eForm/mvc:Data/WorkitemContext/Activity/Name[.='Confirm BUS Code']</hy:param>
							</hy:params>
						</hy:target>
					</hy:clause>
					<hy:and>
						<hy:clause id="Activity_Confirm_Classification_Analysis" multiple="false">
							<hy:operator>Read</hy:operator>
							<hy:target action="eval" name="factbase">
								<hy:params>
									<hy:param name="xpath_expression" type="com.hyfinity.xpath.XPath">/mvc:eForm/mvc:Data/WorkitemContext/Activity/Name[.='Confirm Classification Analysis']</hy:param>
								</hy:params>
							</hy:target>
						</hy:clause>
						<hy:clause id="Bypass_DWC" multiple="false">
							<hy:operator>Read</hy:operator>
							<hy:target action="eval" name="factbase">
								<hy:params>
									<hy:param name="xpath_expression" type="com.hyfinity.xpath.XPath">/mvc:eForm/mvc:Data/FORM_DATA/DOCUMENT/CLASSIFICATION_CODE/BYPASS_DWC_FL[.='No']</hy:param>
								</hy:params>
							</hy:target>
						</hy:clause>
					</hy:and>
				</hy:or>
				<hy:clause id="RequestStatus_Not_RequestCancelled" multiple="false">
					<hy:operator>Read</hy:operator>
					<hy:target action="eval" name="factbase">
						<hy:params>
							<hy:param name="xpath_expression" type="com.hyfinity.xpath.XPath">/mvc:eForm/mvc:Data/FORM_DATA/DOCUMENT/PROCESS_VARIABLE/requestStatus[.!='Request Cancelled']</hy:param>
						</hy:params>
					</hy:target>
				</hy:clause>
				<hy:clause id="WIH_complete_requested" multiple="false">
					<hy:operator>Read</hy:operator>
					<hy:target action="eval" name="factbase">
						<hy:params>
							<hy:param name="xpath_expression" type="com.hyfinity.xpath.XPath">/mvc:eForm/mvc:Data/mvc:formData/mvc:WIH_complete_requested[.='true']</hy:param>
						</hy:params>
					</hy:target>
				</hy:clause>
			</hy:and>
		</hy:body>
	</hy:rule>
</hy:rulebase>
