<?xml version="1.0" encoding="UTF-8"?>
<xforms xmlns:mvc="http://www.hyfinity.com/mvc" xmlns:xfact="http://www.hyfinity.com/xfactory" xmlns="http://www.hyfinity.com/formmaker">
	<instance_configuration />
	<page />
	<element name="pcaApproveTABG">
		<fm:transform_xpath xmlns:fm="http://www.hyfinity.com/formmaker">/mvc:eForm/mvc:Data/mvc:formData/mvc:pcaApproveTABG</fm:transform_xpath>
		<fm:action name="loadPCAApproval" xmlns:fm="http://www.hyfinity.com/formmaker">
			<fm:xform_xpath>/mvc:eForm/mvc:Data/mvc:formData/mvc:pcaApproveTABG</fm:xform_xpath>
		</fm:action>
	</element>
	<element name="pcaApproveADMCheck">
		<fm:transform_xpath xmlns:fm="http://www.hyfinity.com/formmaker">/mvc:eForm/mvc:Data/mvc:formData/mvc:pcaApproveADMCheck</fm:transform_xpath>
		<fm:action name="loadPCAApproval" xmlns:fm="http://www.hyfinity.com/formmaker">
			<fm:xform_xpath>/mvc:eForm/mvc:Data/mvc:formData/mvc:pcaApproveADMCheck</fm:xform_xpath>
		</fm:action>
	</element>
	<element name="pcaApproveADM">
		<fm:transform_xpath xmlns:fm="http://www.hyfinity.com/formmaker">/mvc:eForm/mvc:Data/mvc:formData/mvc:pcaApproveADM</fm:transform_xpath>
		<fm:action name="loadPCAApproval" xmlns:fm="http://www.hyfinity.com/formmaker">
			<fm:xform_xpath>/mvc:eForm/mvc:Data/mvc:formData/mvc:pcaApproveADM</fm:xform_xpath>
		</fm:action>
	</element>
	<group name="pcaApproveTABGCheck_group" />
	<group name="layout_group2" />
	<group name="pcaApproveADMCheck_group" />
	<group name="layout_group4" />
	<element name="pcaApproveTABGCheck">
		<fm:transform_xpath xmlns:fm="http://www.hyfinity.com/formmaker">/mvc:eForm/mvc:Data/mvc:formData/mvc:pcaApproveTABGCheck</fm:transform_xpath>
		<fm:action name="loadPCAApproval" xmlns:fm="http://www.hyfinity.com/formmaker">
			<fm:xform_xpath>/mvc:eForm/mvc:Data/mvc:formData/mvc:pcaApproveTABGCheck</fm:xform_xpath>
		</fm:action>
	</element>
	<group name="layout_group" />
	<element name="pcaApproveTABGDate_temp">
		<fm:action name="loadPCAApproval" xmlns:fm="http://www.hyfinity.com/formmaker">
			<xform_xpath>enter_xpath_here</xform_xpath>
		</fm:action>
	</element>
	<element name="pcaApproveADMDate_temp">
		<transform_xpath>enter_xpath_here</transform_xpath>
		<fm:action name="loadPCAApproval" xmlns:fm="http://www.hyfinity.com/formmaker">
			<xform_xpath>enter_xpath_here</xform_xpath>
		</fm:action>
	</element>
	<element name="pcaApproveTABGDate">
		<fm:transform_xpath xmlns:fm="http://www.hyfinity.com/formmaker">/mvc:eForm/mvc:Data/mvc:formData/mvc:pcaApproveTABGDate</fm:transform_xpath>
		<fm:action name="loadPCAApproval" xmlns:fm="http://www.hyfinity.com/formmaker">
			<xform_xpath>enter_xpath_here</xform_xpath>
		</fm:action>
	</element>
	<element name="pcaApproveADMDate">
		<fm:transform_xpath xmlns:fm="http://www.hyfinity.com/formmaker">/mvc:eForm/mvc:Data/mvc:formData/mvc:pcaApproveADMDate</fm:transform_xpath>
		<fm:action name="loadPCAApproval" xmlns:fm="http://www.hyfinity.com/formmaker">
			<xform_xpath>enter_xpath_here</xform_xpath>
		</fm:action>
	</element>
</xforms>
