<?xml version="1.0" encoding="UTF-8"?>
<folder exportedWithPermissions="false">
    <parent>/organizations/organization_1/Input_Controls</parent>
    <name>CMS</name>
    <label>CMS</label>
    <creationDate>2018-05-24T15:44:44.000-04:00</creationDate>
    <updateDate>2018-05-24T15:44:44.000-04:00</updateDate>
    <folder>Class_By_Component</folder>
    <folder>Class_Dashboard</folder>
    <folder>Common_Lookups</folder>
    <folder>ERLR_Dashboard</folder>
    <folder>Hiring_Timeline</folder>
    <folder>PCA_PDP_Dashboard</folder>
    <folder>Primary_Specialist_Workload_Dashboard</folder>
    <folder>TABG_Dashboard</folder>
    <folder>TTH_Dashboard</folder>
    <resource>ADMIN_CD</resource>
    <resource>APPT_TYPE</resource>
    <resource>CASE_CTGRY</resource>
    <resource>CASE_STATUS</resource>
    <resource>CLSF_TYPE</resource>
    <resource>COMP_DATE_FROM</resource>
    <resource>COMP_DATE_TO</resource>
    <resource>COMPONENT</resource>
    <resource>CS_ID</resource>
    <resource>FiscalYear</resource>
    <resource>FNL_ACTN</resource>
    <resource>HRL_ID</resource>
    <resource>INC_SUBORG</resource>
    <resource>INCEN_TYPE</resource>
    <resource>PCA_TYPE</resource>
    <resource>REQ_TYPE</resource>
    <resource>SCHDA_TYPE</resource>
    <resource>SO_ID</resource>
    <resource>SS_ID</resource>
    <resource>TIMEZONE</resource>
    <resource>VOL_TYPE</resource>
    <resource>XO_ID</resource>
</folder>
