<?xml version="1.0" encoding="UTF-8"?>
<inputControl exportedWithPermissions="false">
    <folder>/organizations/organization_1/Input_Controls/CMS</folder>
    <name>APPT_TYPE</name>
    <version>6</version>
    <label>Appointment Type</label>
    <description>Appointment Type prameter</description>
    <creationDate>2018-02-05T17:00:42.000-05:00</creationDate>
    <updateDate>2018-09-05T07:48:30.000-04:00</updateDate>
    <type>2</type>
    <mandatory>false</mandatory>
    <readOnly>false</readOnly>
    <visible>true</visible>
    <dataType>
        <localResource
            xmlns:xsi="http://www.w3.org/2001/XMLSchema-instance"
            exportedWithPermissions="false" xsi:type="dataType">
            <folder>/organizations/organization_1/Input_Controls/CMS/APPT_TYPE_files</folder>
            <name>APPT_TYPE</name>
            <version>1</version>
            <label>APPT_TYPE</label>
            <creationDate>2018-09-05T07:48:30.000-04:00</creationDate>
            <updateDate>2018-09-05T07:48:30.000-04:00</updateDate>
            <type>1</type>
            <strictMin>false</strictMin>
            <strictMax>false</strictMax>
        </localResource>
    </dataType>
</inputControl>
