<?xml version="1.0" encoding="UTF-8"?>
<inputControl exportedWithPermissions="false">
    <folder>/organizations/organization_1/Input_Controls/CMS</folder>
    <name>CASE_CTGRY</name>
    <version>5</version>
    <label>ERLR Case Categories</label>
    <creationDate>2019-03-03T08:08:03.000-05:00</creationDate>
    <updateDate>2019-03-03T14:29:59.000-05:00</updateDate>
    <type>7</type>
    <mandatory>false</mandatory>
    <readOnly>false</readOnly>
    <visible>true</visible>
    <query>
        <localResource
            xmlns:xsi="http://www.w3.org/2001/XMLSchema-instance"
            exportedWithPermissions="false" xsi:type="query">
            <folder>/organizations/organization_1/Input_Controls/CMS/CASE_CTGRY_files</folder>
            <name>CASE_CTGRY</name>
            <version>4</version>
            <label>CASE_CTGRY</label>
            <creationDate>2019-03-03T14:14:44.000-05:00</creationDate>
            <updateDate>2019-03-03T14:14:44.000-05:00</updateDate>
            <language>sql</language>
            <queryString>SELECT DISTINCT GEN_CASE_CATEGORY AS CASE_CATEG 
FROM HHS_CMS_HR.VW_ERLR_GEN 
WHERE GEN_CASE_CATEGORY IS NOT NULL
ORDER BY CASE_CATEG</queryString>
        </localResource>
    </query>
    <queryVisibleColumn>CASE_CATEG</queryVisibleColumn>
    <queryValueColumn>CASE_CATEG</queryValueColumn>
</inputControl>
