<?xml version="1.0" encoding="UTF-8"?>
<inputControl exportedWithPermissions="false">
    <folder>/organizations/organization_1/Input_Controls/CMS</folder>
    <name>COMP_DATE_TO</name>
    <version>5</version>
    <label>Complete Date To</label>
    <description>End Date of the Complete Date date range</description>
    <creationDate>2018-02-05T17:00:43.000-05:00</creationDate>
    <updateDate>2018-01-18T13:47:43.000-05:00</updateDate>
    <type>2</type>
    <mandatory>true</mandatory>
    <readOnly>false</readOnly>
    <visible>true</visible>
    <dataType>
        <localResource
            xmlns:xsi="http://www.w3.org/2001/XMLSchema-instance"
            exportedWithPermissions="false" xsi:type="dataType">
            <folder>/organizations/organization_1/Input_Controls/CMS/COMP_DATE_TO_files</folder>
            <name>COMP_DATE_TO</name>
            <version>1</version>
            <label>COMP_DATE_TO</label>
            <creationDate>2018-02-05T17:00:43.000-05:00</creationDate>
            <updateDate>2018-01-03T13:29:15.000-05:00</updateDate>
            <type>3</type>
            <strictMin>false</strictMin>
            <strictMax>false</strictMax>
        </localResource>
    </dataType>
</inputControl>
