<?xml version="1.0" encoding="UTF-8"?>
<inputControl exportedWithPermissions="false">
    <folder>/organizations/organization_1/Input_Controls/CMS</folder>
    <name>INC_SUBORG</name>
    <version>11</version>
    <label>Include Sub-organizations?</label>
    <description>Suborganizations included parameter</description>
    <creationDate>2018-02-05T17:00:44.000-05:00</creationDate>
    <updateDate>2018-12-06T06:24:24.000-05:00</updateDate>
    <type>2</type>
    <mandatory>false</mandatory>
    <readOnly>false</readOnly>
    <visible>true</visible>
    <dataType>
        <localResource
            xmlns:xsi="http://www.w3.org/2001/XMLSchema-instance"
            exportedWithPermissions="false" xsi:type="dataType">
            <folder>/organizations/organization_1/Input_Controls/CMS/INC_SUBORG_files</folder>
            <name>INC_SUBORG</name>
            <version>1</version>
            <label>INC_SUBORG</label>
            <creationDate>2018-12-06T06:24:24.000-05:00</creationDate>
            <updateDate>2018-12-06T06:24:24.000-05:00</updateDate>
            <type>1</type>
            <strictMin>false</strictMin>
            <strictMax>false</strictMax>
        </localResource>
    </dataType>
</inputControl>
