<?xml version="1.0" encoding="UTF-8"?>
<inputControl exportedWithPermissions="false">
    <folder>/organizations/organization_1/Input_Controls/CMS</folder>
    <name>INCEN_TYPE</name>
    <version>5</version>
    <label>Incentive Types</label>
    <description>Parameter for Incentives reports</description>
    <creationDate>2019-02-27T19:31:02.000-05:00</creationDate>
    <updateDate>2019-07-08T20:22:10.000-04:00</updateDate>
    <type>6</type>
    <mandatory>false</mandatory>
    <readOnly>false</readOnly>
    <visible>true</visible>
    <listOfValues>
        <localResource
            xmlns:xsi="http://www.w3.org/2001/XMLSchema-instance"
            exportedWithPermissions="false" xsi:type="listOfValues">
            <folder>/organizations/organization_1/Input_Controls/CMS/INCEN_TYPE_files</folder>
            <name>INCEN_TYPE</name>
            <version>1</version>
            <label>INCEN_TYPE</label>
            <creationDate>2019-07-08T20:22:10.000-04:00</creationDate>
            <updateDate>2019-07-08T20:22:10.000-04:00</updateDate>
            <item>
                <itemLabel>SAM</itemLabel>
                <itemValue xmlns:java="http://java.sun.com" xsi:type="java:java.lang.String">SAM</itemValue>
            </item>
            <item>
                <itemLabel>LE</itemLabel>
                <itemValue xmlns:java="http://java.sun.com" xsi:type="java:java.lang.String">LE</itemValue>
            </item>
            <item>
                <itemLabel>PCA</itemLabel>
                <itemValue xmlns:java="http://java.sun.com" xsi:type="java:java.lang.String">PCA</itemValue>
            </item>
            <item>
                <itemLabel>PDP</itemLabel>
                <itemValue xmlns:java="http://java.sun.com" xsi:type="java:java.lang.String">PDP</itemValue>
            </item>
        </localResource>
    </listOfValues>
</inputControl>
