<?xml version="1.0" encoding="UTF-8"?>
<inputControl exportedWithPermissions="false">
    <folder>/organizations/organization_1/Input_Controls/CMS</folder>
    <name>REQ_TYPE</name>
    <version>5</version>
    <label>Request Type</label>
    <description>Request Type parameter</description>
    <creationDate>2018-02-05T17:00:44.000-05:00</creationDate>
    <updateDate>2018-01-18T13:48:53.000-05:00</updateDate>
    <type>2</type>
    <mandatory>false</mandatory>
    <readOnly>false</readOnly>
    <visible>true</visible>
    <dataType>
        <localResource
            xmlns:xsi="http://www.w3.org/2001/XMLSchema-instance"
            exportedWithPermissions="false" xsi:type="dataType">
            <folder>/organizations/organization_1/Input_Controls/CMS/REQ_TYPE_files</folder>
            <name>REQ_TYPE</name>
            <version>1</version>
            <label>REQ_TYPE</label>
            <creationDate>2018-02-05T17:00:44.000-05:00</creationDate>
            <updateDate>2018-01-03T13:47:27.000-05:00</updateDate>
            <type>1</type>
            <strictMin>false</strictMin>
            <strictMax>false</strictMax>
        </localResource>
    </dataType>
</inputControl>
