<?xml version="1.0" encoding="UTF-8"?>
<inputControl exportedWithPermissions="false">
    <folder>/organizations/organization_1/Input_Controls/CMS</folder>
    <name>TIMEZONE</name>
    <version>10</version>
    <label>Time Zone</label>
    <creationDate>2019-05-29T11:57:15.000-04:00</creationDate>
    <updateDate>2019-07-08T16:43:21.000-04:00</updateDate>
    <type>2</type>
    <mandatory>false</mandatory>
    <readOnly>false</readOnly>
    <visible>false</visible>
    <dataType>
        <localResource
            xmlns:xsi="http://www.w3.org/2001/XMLSchema-instance"
            exportedWithPermissions="false" xsi:type="dataType">
            <folder>/organizations/organization_1/Input_Controls/CMS/TIMEZONE_files</folder>
            <name>TIMEZONE_NAME</name>
            <version>1</version>
            <label>TIMEZONE_NAME</label>
            <creationDate>2019-07-08T16:43:21.000-04:00</creationDate>
            <updateDate>2019-07-08T16:43:21.000-04:00</updateDate>
            <type>1</type>
            <strictMin>false</strictMin>
            <strictMax>false</strictMax>
        </localResource>
    </dataType>
</inputControl>
