<?xml version="1.0" encoding="UTF-8"?>
<inputControl exportedWithPermissions="false">
    <folder>/organizations/organization_1/Input_Controls/CMS</folder>
    <name>XO_ID</name>
    <version>5</version>
    <label>Executive Officer</label>
    <description>Executive Officer parameter</description>
    <creationDate>2018-02-05T17:00:45.000-05:00</creationDate>
    <updateDate>2018-06-08T11:08:41.000-04:00</updateDate>
    <type>2</type>
    <mandatory>false</mandatory>
    <readOnly>false</readOnly>
    <visible>true</visible>
    <dataType>
        <localResource
            xmlns:xsi="http://www.w3.org/2001/XMLSchema-instance"
            exportedWithPermissions="false" xsi:type="dataType">
            <folder>/organizations/organization_1/Input_Controls/CMS/XO_ID_files</folder>
            <name>XO_ID</name>
            <version>1</version>
            <label>XO_ID</label>
            <creationDate>2018-06-08T11:08:41.000-04:00</creationDate>
            <updateDate>2018-06-08T11:08:41.000-04:00</updateDate>
            <type>1</type>
            <strictMin>false</strictMin>
            <strictMax>false</strictMax>
        </localResource>
    </dataType>
</inputControl>
