<?xml version="1.0" encoding="UTF-8"?>
<fm:structure xmlns:fm="http://www.hyfinity.com/formmaker">
	<form_details xmlns="http://www.hyfinity.com/formmaker">
		<error_highlight_method alert="false" as_you_type="true" validation_mode="all">bubble</error_highlight_method>
		<hint_display_method>tooltip</hint_display_method>
		<top_level_message class="topLevelMessage" required="false" style="" />
		<mark_mandatory class="mandatory" location="after_label" required="true" style=""> * </mark_mandatory>
		<description>Enter a description.</description>
		<page_background_style class="" style="" />
		<page_content_style class="" style="" />
		<page_events>
			<events>
				<fm:event id="onbeforeload">
					<fm:action id="FunctionCall">
						<fm:param name="Function" option="Static" value="require" />
						<fm:param name="Parameters" option="Script" value="[&quot;dijit/form/CurrencyTextBox&quot;]" />
					</fm:action>
				</fm:event>
			</events>
		</page_events>
	</form_details>
	<fm:group border_styling="false" compatability="false" fieldset="false" gen_method="layout" hide="false" label_position="left" name="layout_group_6" submit_if_hidden="true">
		<label class="label" options="static" position="outside_group" position_override="top" required="false" style="" type="static" value="Layout Group" xmlns="http://www.hyfinity.com/formmaker">
			<container class="groupLabelBackground" options="static" style="">
				<content_alignment distribution="vertical" />
			</container>
		</label>
		<style class="" options="static" style="" xmlns="http://www.hyfinity.com/formmaker" />
		<fm:content_alignment distribution="vertical" halign="left" valign="top" />
		<fm:sizing height="fit_to_content" width="fully_expand" />
		<fm:palette_ref control="Layout Group" />
		<fm:element disable="false" disable_method="read_only" generate="true" hide="false" name="licenseState_ac">
			<field xmlns="http://www.hyfinity.com/formmaker">
				<input options="dynamic">text</input>
				<style class="defaultBackground textboxControl" options="static" style="width : 420px;" />
				<element_style class="textbox" options="static" style="width : 250px;" />
				<date_picker class="datePickerIcon" content="" required="false" type="normal" />
				<label class="label" options="static" position_override="top" required="true" style="" type="static" value="License in the State of">
					<container class="labelBackground labelControl" options="static" style="width : 420px;">
						<sizing width="custom" />
					</container>
				</label>
				<container>
					<sizing width="custom" />
				</container>
			</field>
			<constraints validate="true" xmlns="http://www.hyfinity.com/formmaker">
				<type>string</type>
				<required>true</required>
				<fm:enumeration use_for_output="false" />
			</constraints>
			<error xmlns="http://www.hyfinity.com/formmaker">
				<hint class="hintIcon" style="" use="false">Enter a hint here.</hint>
				<server class="errorIcon" retain="false" style="" use="false" />
				<message_override>At least a state must be entered.</message_override>
			</error>
			<fm:palette_ref control="Text Box" />
			<accessibility xmlns="http://www.hyfinity.com/formmaker">
				<alt>Type the state listed on the license</alt>
			</accessibility>
		</fm:element>
		<fm:group border_styling="false" compatability="false" fieldset="false" gen_method="layout" hide="false" label_position="left" name="licenseState1_group" submit_if_hidden="true">
			<label class="label" options="static" position="outside_group" position_override="top" required="false" style="" type="static" value="Layout Group" xmlns="http://www.hyfinity.com/formmaker">
				<container class="groupLabelBackground" options="static" style="">
					<content_alignment distribution="vertical" />
				</container>
			</label>
			<style class="" options="static" style="" xmlns="http://www.hyfinity.com/formmaker" />
			<fm:content_alignment distribution="horizontal" halign="left" valign="top" />
			<fm:sizing height="fit_to_content" width="fully_expand" />
			<fm:palette_ref control="Layout Group" />
			<fm:custom name="licenseState1" type="custom">
				<fm:code>
					<div class="customControl" style="width:280px;" xmlns="">
						<ul class="nobullet" id="licenseStateDisp1" styple="padding-top: 2px;" />
					</div>
				</fm:code>
				<fm:description>Enter a description.</fm:description>
				<fm:palette_ref control="Custom" />
			</fm:custom>
			<fm:element disable="false" disable_method="read_only" generate="true" hide="false" name="licenseExpDate1">
				<field xmlns="http://www.hyfinity.com/formmaker">
					<input options="dynamic" size="10">text</input>
					<style class="defaultBackground dateControl" options="static" style="" />
					<element_style class="textbox" options="static" style="" />
					<date_picker class="datePickerIcon" content="" required="true" type="normal" />
					<label class="label" options="static" position_override="left" required="true" style="" type="static" value="Expiration Date">
						<container class="labelBackground labelControl" options="static">
							<content_alignment halign="right" valign="middle" />
							<sizing width="custom" />
						</container>
					</label>
					<container>
						<sizing width="custom" />
					</container>
				</field>
				<constraints validate="true" xmlns="http://www.hyfinity.com/formmaker">
					<type>date</type>
					<required>true</required>
					<fm:enumeration use_for_output="false" />
				</constraints>
				<error xmlns="http://www.hyfinity.com/formmaker">
					<hint class="hintIcon" style="" use="false">Enter a hint here.</hint>
					<server class="errorIcon" retain="false" style="" use="false" />
				</error>
				<data_formats xmlns="http://www.hyfinity.com/formmaker">
					<date data="yyyy-MM-dd" display="MM/dd/yyyy" />
				</data_formats>
				<fm:palette_ref control="Date" />
				<fm:events />
				<accessibility xmlns="http://www.hyfinity.com/formmaker">
					<alt>Click the calendar icon to select a date or type the date as mm/dd/yyyy.</alt>
				</accessibility>
			</fm:element>
		</fm:group>
		<fm:group border_styling="false" compatability="false" fieldset="false" gen_method="layout" hide="false" label_position="left" name="licenseState2_group" submit_if_hidden="true">
			<label class="label" options="static" position="outside_group" position_override="top" required="false" style="" type="static" value="Layout Group" xmlns="http://www.hyfinity.com/formmaker">
				<container class="groupLabelBackground" options="static" style="">
					<content_alignment distribution="vertical" />
				</container>
			</label>
			<style class="" options="static" style="" xmlns="http://www.hyfinity.com/formmaker" />
			<fm:content_alignment distribution="horizontal" halign="left" valign="top" />
			<fm:sizing height="fit_to_content" width="fully_expand" />
			<fm:palette_ref control="Layout Group" />
			<fm:custom name="licenseState2" type="custom">
				<fm:code>
					<div class="customControl" style="width:280px;" xmlns="">
						<ul class="nobullet" id="licenseStateDisp2" styple="padding-top: 2px;" />
					</div>
				</fm:code>
				<fm:description>Enter a description.</fm:description>
				<fm:palette_ref control="Custom" />
			</fm:custom>
			<fm:element disable="false" disable_method="read_only" generate="true" hide="false" name="licenseExpDate2">
				<field xmlns="http://www.hyfinity.com/formmaker">
					<input options="dynamic" size="10">text</input>
					<style class="defaultBackground dateControl" options="static" style="" />
					<element_style class="textbox" options="static" style="" />
					<date_picker class="datePickerIcon" content="" required="true" type="normal" />
					<label class="label" options="static" position_override="left" required="true" style="" type="static" value="Expiration Date">
						<container class="labelBackground labelControl" options="static">
							<content_alignment halign="right" valign="middle" />
							<sizing width="custom" />
						</container>
					</label>
					<container />
				</field>
				<constraints validate="true" xmlns="http://www.hyfinity.com/formmaker">
					<type>date</type>
					<required>true</required>
					<fm:enumeration use_for_output="false" />
				</constraints>
				<error xmlns="http://www.hyfinity.com/formmaker">
					<hint class="hintIcon" style="" use="false">Enter a hint here.</hint>
					<server class="errorIcon" retain="false" style="" use="false" />
				</error>
				<data_formats xmlns="http://www.hyfinity.com/formmaker">
					<date data="yyyy-MM-dd" display="MM/dd/yyyy" />
				</data_formats>
				<fm:palette_ref control="Date" />
				<accessibility xmlns="http://www.hyfinity.com/formmaker">
					<alt>Click the calendar icon to select a date or type the date as mm/dd/yyyy.</alt>
				</accessibility>
			</fm:element>
		</fm:group>
	</fm:group>
	<fm:group border_styling="false" compatability="false" conditional_display="false" control_field="" control_field_value="" fieldset="false" gen_method="layout" hide="false" label_position="left" name="layout_group_5" submit_if_hidden="true">
		<fm:label class="label" options="static" position="outside_group" position_override="top" required="false" style="" type="static" value="Layout Group">
			<fm:container class="groupLabelBackground" options="static" style="" />
		</fm:label>
		<fm:style class="" options="static" style="" />
		<fm:content_alignment distribution="vertical" halign="left" valign="top" />
		<fm:sizing height="fit_to_content" width="fully_expand" />
		<fm:palette_ref control="Layout Group" />
		<fm:group border_styling="false" compatability="false" fieldset="false" gen_method="layout" hide="false" label_position="left" name="layout_group" submit_if_hidden="true">
			<label class="label" options="static" position="outside_group" position_override="top" required="false" style="" type="static" value="Layout Group" xmlns="http://www.hyfinity.com/formmaker">
				<container class="groupLabelBackground" options="static" style="">
					<content_alignment distribution="vertical" />
				</container>
			</label>
			<style class="" options="static" style="" xmlns="http://www.hyfinity.com/formmaker" />
			<fm:content_alignment distribution="horizontal" halign="left" valign="top" />
			<fm:sizing height="fit_to_content" width="fully_expand" />
			<fm:palette_ref control="Layout Group" />
			<fm:element disable="false" disable_method="disabled" generate="true" hide="false" name="boardCertSpecialty">
				<field xmlns="http://www.hyfinity.com/formmaker">
					<input dropdown_default="Select One" options="static">select</input>
					<style class="defaultBackground selectControl" options="static" style="width : 250px;" />
					<element_style class="select" options="static" style="width : 250px;" />
					<date_picker class="" content="" required="false" type="normal" />
					<label class="label" options="static" position_override="top" required="true" style="" type="static" value="Board Certification Specialty">
						<container class="labelBackground labelControl" options="static" style="width : 250px;">
							<sizing width="custom" />
						</container>
					</label>
					<container>
						<sizing width="custom" />
					</container>
				</field>
				<constraints validate="true" xmlns="http://www.hyfinity.com/formmaker">
					<type>string</type>
					<required>false</required>
					<enumeration use_for_output="false">
						<include value="Emergency Medicine">Emergency Medicine</include>
						<include value="Geriatric Medicine">Geriatric Medicine</include>
						<include value="Internal Medicine">Internal Medicine</include>
						<include value="Obstetrics/Gynecology">Obstetrics/Gynecology</include>
						<include value="Pediatrics">Pediatrics</include>
						<include value="Preventative Medicine">Preventative Medicine</include>
						<include value="Rheumatology">Rheumatology</include>
						<include value="Urology">Urology</include>
						<include value="Other">Other</include>
					</enumeration>
				</constraints>
				<error xmlns="http://www.hyfinity.com/formmaker">
					<hint class="hintIcon" style="" use="false">Enter a hint here.</hint>
					<server class="errorIcon" retain="false" style="" use="false" />
				</error>
				<palette_ref control="Select Box" xmlns="http://www.hyfinity.com/formmaker" />
				<accessibility xmlns="http://www.hyfinity.com/formmaker">
					<alt>Click the drop down list to select a board certification specialty and click add to add the selection to the list</alt>
				</accessibility>
			</fm:element>
			<fm:group border_styling="false" compatability="false" fieldset="false" gen_method="layout" hide="false" label_position="top" name="button_AddBoardCertSpecialty_group" submit_if_hidden="true">
				<label class="label" options="static" position="outside_group" position_override="top" required="false" style="" type="static" value="Layout Group" xmlns="http://www.hyfinity.com/formmaker">
					<container class="groupLabelBackground" options="static" style="">
						<content_alignment distribution="vertical" />
					</container>
				</label>
				<style class="" options="static" style="height : 65px;" xmlns="http://www.hyfinity.com/formmaker" />
				<fm:content_alignment distribution="horizontal" halign="center" valign="bottom" />
				<fm:sizing height="custom" width="custom" />
				<palette_ref control="Layout Group" xmlns="http://www.hyfinity.com/formmaker" />
				<fm:element disable="false" disable_method="disabled" generate="true" hide="false" name="button_AddBoardCertSpecialty">
					<field xmlns="http://www.hyfinity.com/formmaker">
						<input caption="Add" options="static">htmlButton</input>
						<style class="defaultBackground buttonControl" options="static" style="" />
						<element_style class="button" options="static" style="" />
						<date_picker class="" content="" required="false" type="normal" />
						<label class="label" options="static" required="false" style="" type="static" value="Button Label">
							<container class="labelBackground labelControl" options="static" style="" />
						</label>
						<container>
							<content_alignment halign="center" valign="middle" />
							<sizing height="custom" />
						</container>
					</field>
					<constraints validate="false" xmlns="http://www.hyfinity.com/formmaker">
						<type>string</type>
						<required>false</required>
						<enumeration use_for_output="false" />
					</constraints>
					<error xmlns="http://www.hyfinity.com/formmaker">
						<hint class="hintIcon" style="" use="false">Enter a hint here.</hint>
						<server class="errorIcon" retain="false" style="" use="false" />
					</error>
					<palette_ref control="Button (Standard)" xmlns="http://www.hyfinity.com/formmaker" />
					<accessibility xmlns="http://www.hyfinity.com/formmaker">
						<alt>Click the button to add a selection to the Board Certification Specialty list</alt>
					</accessibility>
				</fm:element>
			</fm:group>
			<fm:group border_styling="false" compatability="false" fieldset="false" gen_method="layout" hide="false" label_position="left" name="layout_group_4" submit_if_hidden="true">
				<label class="label" options="static" position="outside_group" position_override="top" required="false" style="" type="static" value="Layout Group" xmlns="http://www.hyfinity.com/formmaker">
					<container class="groupLabelBackground" options="static" style="" />
				</label>
				<style class="" options="static" style="" xmlns="http://www.hyfinity.com/formmaker" />
				<fm:content_alignment distribution="vertical" halign="left" valign="top" />
				<fm:sizing height="fit_to_content" width="fully_expand" />
				<palette_ref control="Layout Group" xmlns="http://www.hyfinity.com/formmaker" />
				<fm:custom name="custom_control_2" type="custom">
					<fm:code>
						<div class="customControl" style="width:280px;" xmlns="">
							<ul class="nobullet" id="boardCertSpecialty_DISP" styple="padding-top: 2px;" />
						</div>
						<div id="boardCertSpecialty_LIST" xmlns=""></div>
					</fm:code>
					<fm:description>Enter a description.</fm:description>
					<palette_ref control="Custom" xmlns="http://www.hyfinity.com/formmaker" />
				</fm:custom>
			</fm:group>
		</fm:group>
	</fm:group>
	<fm:group border_styling="false" compatability="false" fieldset="false" gen_method="layout" hide="false" label_position="left" name="otherSpeciality_group" submit_if_hidden="true">
		<label class="label" options="static" position="outside_group" position_override="top" required="false" style="" type="static" value="Layout Group" xmlns="http://www.hyfinity.com/formmaker">
			<container class="groupLabelBackground" options="static" style="">
				<content_alignment distribution="vertical" />
			</container>
		</label>
		<style class="" options="static" style="" xmlns="http://www.hyfinity.com/formmaker" />
		<fm:content_alignment distribution="horizontal" halign="left" valign="top" />
		<fm:sizing height="fit_to_content" width="fully_expand" />
		<fm:palette_ref control="Layout Group" />
		<fm:element disable="false" disable_method="read_only" generate="true" hide="false" name="otherSpeciality">
			<field xmlns="http://www.hyfinity.com/formmaker">
				<input options="dynamic" size="140">text</input>
				<style class="defaultBackground textboxControl" options="static" style="width : 673px;" />
				<element_style class="textbox" options="static" style="width : 665px;" />
				<date_picker class="datePickerIcon" content="" required="false" type="normal" />
				<label class="label" options="static" position_override="top" required="true" style="" type="static" value="Other Specialty">
					<container class="labelBackground labelControl" options="static" style="width : 673px;">
						<sizing width="custom" />
					</container>
				</label>
				<container>
					<sizing width="custom" />
				</container>
			</field>
			<constraints validate="true" xmlns="http://www.hyfinity.com/formmaker">
				<type>string</type>
				<required>true</required>
				<fm:enumeration use_for_output="false" />
			</constraints>
			<error xmlns="http://www.hyfinity.com/formmaker">
				<hint class="hintIcon" style="" use="false">Enter a hint here.</hint>
				<server class="errorIcon" retain="false" style="" use="false" />
			</error>
			<fm:palette_ref control="Text Box" />
			<fm:disable method="read_only" required="false">
				<fm:check id="field_value_condition">
					<fm:param name="FieldToCheck" option="PageField" value="licenseState" />
					<fm:param name="Comparison" option="==" />
					<fm:param name="CheckValue" option="PageField" value="licenseState" />
				</fm:check>
			</fm:disable>
			<custom_attributes xmlns="http://www.hyfinity.com/formmaker">
				<attribute name="maxlength" type="custom" value="140" />
			</custom_attributes>
			<accessibility xmlns="http://www.hyfinity.com/formmaker">
				<alt>Enter a specialty</alt>
			</accessibility>
		</fm:element>
	</fm:group>
	<fm:group border_styling="false" compatability="false" fieldset="false" gen_method="layout" hide="false" label_position="left" name="layout_group_9" submit_if_hidden="true">
		<label class="label" options="static" position="outside_group" position_override="top" required="false" style="" type="static" value="Layout Group" xmlns="http://www.hyfinity.com/formmaker">
			<container class="groupLabelBackground" options="static" style="">
				<content_alignment distribution="vertical" />
			</container>
		</label>
		<style class="" options="static" style="" xmlns="http://www.hyfinity.com/formmaker" />
		<fm:content_alignment distribution="horizontal" halign="left" valign="top" />
		<fm:sizing height="fit_to_content" width="fully_expand" />
		<fm:palette_ref control="Layout Group" />
		<fm:element disable="false" disable_method="disabled" generate="true" hide="false" name="lengthOfServed">
			<field xmlns="http://www.hyfinity.com/formmaker">
				<input dropdown_default="Select One" options="static">select</input>
				<style class="defaultBackground selectControl" options="static" style="width : 420px;" />
				<element_style class="select" options="static" style="width: 250px;" />
				<date_picker class="" content="" required="false" type="normal" />
				<label class="label" options="static" position_override="top" required="true" style="" type="static" value="Length of Service as a US Federal Government Physician">
					<container class="labelBackground labelControl" options="static" style="width : 420px;">
						<sizing width="custom" />
					</container>
				</label>
				<container>
					<sizing width="custom" />
				</container>
			</field>
			<constraints validate="true" xmlns="http://www.hyfinity.com/formmaker">
				<type>string</type>
				<required>true</required>
				<enumeration use_for_output="false">
					<include value="0 to 24 Months">0 to 24 Months</include>
					<include value="More than 24 Months">More than 24 Months</include>
				</enumeration>
			</constraints>
			<error xmlns="http://www.hyfinity.com/formmaker">
				<hint class="hintIcon" style="" use="false">Enter a hint here.</hint>
				<server class="errorIcon" retain="false" style="" use="false" />
			</error>
			<fm:palette_ref control="Select Box" />
			<accessibility xmlns="http://www.hyfinity.com/formmaker">
				<alt>Click to select the amount of government experience a physician possesses</alt>
			</accessibility>
		</fm:element>
		<fm:element disable="false" disable_method="disabled" generate="true" hide="false" name="lengthOfService">
			<field xmlns="http://www.hyfinity.com/formmaker">
				<input dropdown_default="Select One" options="static">select</input>
				<style class="defaultBackground selectControl" options="static" style="width : 294px;" />
				<element_style class="select" options="static" style="width : 250px;" />
				<date_picker class="" content="" required="false" type="normal" />
				<label class="label" options="static" position_override="top" required="true" style="" type="static" value="Length of Service Agreement (in years)">
					<container class="labelBackground labelControl" options="static" style="width : 294px;">
						<sizing width="custom" />
					</container>
				</label>
				<container>
					<sizing width="custom" />
				</container>
			</field>
			<constraints validate="true" xmlns="http://www.hyfinity.com/formmaker">
				<type>string</type>
				<required>true</required>
				<enumeration use_for_output="false">
					<include value="1">1</include>
					<include value="2">2</include>
					<include value="3">3</include>
					<include value="4">4</include>
				</enumeration>
			</constraints>
			<error xmlns="http://www.hyfinity.com/formmaker">
				<hint class="hintIcon" style="" use="false">Enter a hint here.</hint>
				<server class="errorIcon" retain="false" style="" use="false" />
			</error>
			<fm:palette_ref control="Select Box" />
			<accessibility xmlns="http://www.hyfinity.com/formmaker">
				<alt>Select the number of years for this agreement</alt>
			</accessibility>
		</fm:element>
	</fm:group>
	<fm:group border_styling="false" compatability="false" fieldset="false" gen_method="layout" hide="false" label_position="left" name="layout_group_11" submit_if_hidden="true">
		<label class="label" options="static" position="outside_group" position_override="top" required="false" style="" type="static" value="Layout Group" xmlns="http://www.hyfinity.com/formmaker">
			<container class="groupLabelBackground" options="static" style="">
				<content_alignment distribution="vertical" />
			</container>
		</label>
		<style class="" options="static" style="" xmlns="http://www.hyfinity.com/formmaker" />
		<fm:content_alignment distribution="horizontal" halign="left" valign="top" />
		<fm:sizing height="fit_to_content" width="fully_expand" />
		<fm:palette_ref control="Layout Group" />
		<fm:element disable="false" disable_method="read_only" generate="true" hide="false" name="allowanceCategory">
			<field xmlns="http://www.hyfinity.com/formmaker">
				<input caption="0" default="0" options="static">text</input>
				<style class="defaultBackground currencyControl" options="static" style="width: 350px;" />
				<element_style class="textbox" options="static" style="width: 250px;" />
				<date_picker class="datePickerIcon" content="" required="false" type="normal" />
				<label class="label" options="static" position_override="top" required="true" style="" type="static" value="Allowance for Category and Subcategory">
					<container class="labelBackground labelControl" options="static" style="width : 350px;">
						<sizing width="custom" />
					</container>
				</label>
				<container />
			</field>
			<constraints validate="true" xmlns="http://www.hyfinity.com/formmaker">
				<type>number</type>
				<required>true</required>
				<minInclusive>0.00</minInclusive>
				<maxInclusive>54321.00</maxInclusive>
				<fm:enumeration use_for_output="false" />
			</constraints>
			<error xmlns="http://www.hyfinity.com/formmaker">
				<hint class="hintIcon" style="" use="false">Enter a hint here.</hint>
				<server class="errorIcon" retain="false" style="" use="false" />
			</error>
			<custom_attributes xmlns="http://www.hyfinity.com/formmaker">
				<attribute name="data-dojo-type" type="custom" value="dijit.form.CurrencyTextBox" />
				<attribute name="data-dojo-props" type="custom" value="currency:&quot;USD&quot;" />
			</custom_attributes>
			<fm:palette_ref control="Amount (Currency)" />
		</fm:element>
	</fm:group>
	<fm:group border_styling="false" compatability="false" fieldset="false" gen_method="layout" hide="false" label_position="left" name="layout_group_12" submit_if_hidden="true">
		<label class="label" options="static" position="outside_group" position_override="top" required="false" style="" type="static" value="Layout Group" xmlns="http://www.hyfinity.com/formmaker">
			<container class="groupLabelBackground" options="static" style="">
				<content_alignment distribution="vertical" />
			</container>
		</label>
		<style class="" options="static" style="" xmlns="http://www.hyfinity.com/formmaker" />
		<fm:content_alignment distribution="horizontal" halign="left" valign="top" />
		<fm:sizing height="fit_to_content" width="fully_expand" />
		<fm:palette_ref control="Layout Group" />
		<fm:element disable="false" disable_method="read_only" generate="true" hide="false" name="allowanceBoardCertification">
			<field xmlns="http://www.hyfinity.com/formmaker">
				<input caption="0" default="0" options="static">text</input>
				<style class="defaultBackground currencyControl" options="static" style="width: 350px;" />
				<element_style class="textbox" options="static" style="width: 250px;" />
				<date_picker class="datePickerIcon" content="" required="false" type="normal" />
				<label class="label" options="static" position_override="top" required="true" style="" type="static" value="Allowance for Board Certification">
					<container class="labelBackground labelControl" options="static" style="width : 350px;">
						<sizing width="custom" />
					</container>
				</label>
				<container />
			</field>
			<constraints validate="true" xmlns="http://www.hyfinity.com/formmaker">
				<type>number</type>
				<required>false</required>
				<minInclusive>0.00</minInclusive>
				<maxInclusive>9999999.00</maxInclusive>
				<fm:enumeration use_for_output="false" />
			</constraints>
			<error xmlns="http://www.hyfinity.com/formmaker">
				<hint class="hintIcon" style="" use="false">Enter a hint here.</hint>
				<server class="errorIcon" retain="false" style="" use="false" />
			</error>
			<custom_attributes xmlns="http://www.hyfinity.com/formmaker">
				<attribute name="data-dojo-type" type="custom" value="dijit.form.CurrencyTextBox" />
				<attribute name="data-dojo-props" type="custom" value="currency:&quot;USD&quot;" />
			</custom_attributes>
			<fm:palette_ref control="Amount (Currency)" />
			<accessibility xmlns="http://www.hyfinity.com/formmaker">
				<alt>Board Certification Allowance is auto-generated.</alt>
			</accessibility>
			<fm:disable method="read_only" required="true">
				<fm:check id="field_value_condition">
					<fm:param name="FieldToCheck" option="PageField" value="allowanceBoardCertification" />
					<fm:param name="Comparison" option="==" />
					<fm:param name="CheckValue" option="PageField" value="allowanceBoardCertification" />
				</fm:check>
			</fm:disable>
		</fm:element>
	</fm:group>
	<fm:group border_styling="false" compatability="false" fieldset="false" gen_method="layout" hide="false" label_position="left" name="layout_group_13" submit_if_hidden="true">
		<label class="label" options="static" position="outside_group" position_override="top" required="false" style="" type="static" value="Layout Group" xmlns="http://www.hyfinity.com/formmaker">
			<container class="groupLabelBackground" options="static" style="">
				<content_alignment distribution="vertical" />
			</container>
		</label>
		<style class="" options="static" style="" xmlns="http://www.hyfinity.com/formmaker" />
		<fm:content_alignment distribution="horizontal" halign="left" valign="top" />
		<fm:sizing height="fit_to_content" width="fully_expand" />
		<fm:palette_ref control="Layout Group" />
		<fm:element disable="false" disable_method="read_only" generate="true" hide="false" name="allowanceMultiYearAgreement">
			<field xmlns="http://www.hyfinity.com/formmaker">
				<input caption="0" default="0" options="static">text</input>
				<style class="defaultBackground currencyControl" options="static" style="width: 350px;" />
				<element_style class="textbox" options="static" style="width: 250px;" />
				<date_picker class="datePickerIcon" content="" required="false" type="normal" />
				<label class="label" options="static" position_override="top" required="true" style="" type="static" value="Allowance for Multi-Year Agreement">
					<container class="labelBackground labelControl" options="static" style="width : 350px;">
						<sizing width="custom" />
					</container>
				</label>
				<container />
			</field>
			<constraints validate="true" xmlns="http://www.hyfinity.com/formmaker">
				<type>number</type>
				<required>false</required>
				<minInclusive>0.00</minInclusive>
				<maxInclusive>9999999.00</maxInclusive>
				<fm:enumeration use_for_output="false" />
			</constraints>
			<error xmlns="http://www.hyfinity.com/formmaker">
				<hint class="hintIcon" style="" use="false">Enter a hint here.</hint>
				<server class="errorIcon" retain="false" style="" use="false" />
			</error>
			<custom_attributes xmlns="http://www.hyfinity.com/formmaker">
				<attribute name="data-dojo-type" type="custom" value="dijit.form.CurrencyTextBox" />
				<attribute name="data-dojo-props" type="custom" value="currency:&quot;USD&quot;" />
			</custom_attributes>
			<fm:palette_ref control="Amount (Currency)" />
			<accessibility xmlns="http://www.hyfinity.com/formmaker">
				<alt>The field is auto-generated.</alt>
			</accessibility>
			<fm:disable method="read_only" required="true">
				<fm:check id="field_value_condition">
					<fm:param name="FieldToCheck" option="PageField" value="allowanceMultiYearAgreement" />
					<fm:param name="Comparison" option="==" />
					<fm:param name="CheckValue" option="PageField" value="allowanceMultiYearAgreement" />
				</fm:check>
			</fm:disable>
		</fm:element>
	</fm:group>
	<fm:group border_styling="false" compatability="false" fieldset="false" gen_method="layout" hide="false" label_position="left" name="layout_group_2" submit_if_hidden="true">
		<fm:label class="label" options="static" position="outside_group" position_override="top" required="false" style="" type="static" value="Layout Group">
			<fm:container class="groupLabelBackground" options="static" style="" />
		</fm:label>
		<style class="" options="static" style="" xmlns="http://www.hyfinity.com/formmaker" />
		<fm:content_alignment distribution="horizontal" halign="left" valign="top" />
		<fm:sizing height="fit_to_content" width="fully_expand" />
		<fm:palette_ref control="Layout Group" />
		<fm:element disable="false" disable_method="read_only" generate="true" hide="false" name="allowanceMissionSpecificCriteria">
			<field xmlns="http://www.hyfinity.com/formmaker">
				<input caption="0" default="0" options="static">text</input>
				<style class="defaultBackground currencyControl" options="static" style="width: 350px;" />
				<element_style class="textbox" options="static" style="width: 250px;" />
				<date_picker class="datePickerIcon" content="" required="false" type="normal" />
				<label class="label" options="static" position_override="top" required="true" style="" type="static" value="Allowance for Mission Specific Criteria">
					<container class="labelBackground labelControl" options="static" style="width : 350px;">
						<sizing width="custom" />
					</container>
				</label>
				<container />
			</field>
			<constraints validate="true" xmlns="http://www.hyfinity.com/formmaker">
				<type>number</type>
				<required>false</required>
				<minInclusive>0.00</minInclusive>
				<maxInclusive>9999999.00</maxInclusive>
				<fm:enumeration use_for_output="false" />
			</constraints>
			<error xmlns="http://www.hyfinity.com/formmaker">
				<hint class="hintIcon" style="" use="false">Enter a hint here.</hint>
				<server class="errorIcon" retain="false" style="" use="false" />
			</error>
			<custom_attributes xmlns="http://www.hyfinity.com/formmaker">
				<attribute name="data-dojo-type" type="custom" value="dijit.form.CurrencyTextBox" />
				<attribute name="data-dojo-props" type="custom" value="currency:&quot;USD&quot;" />
			</custom_attributes>
			<fm:palette_ref control="Amount (Currency)" />
			<accessibility xmlns="http://www.hyfinity.com/formmaker">
				<alt>The field is auto-generated.</alt>
			</accessibility>
		</fm:element>
	</fm:group>
	<fm:group border_styling="false" compatability="false" fieldset="false" gen_method="layout" hide="false" label_position="left" name="allowanceTotal_group" submit_if_hidden="true">
		<label class="label" options="static" position="outside_group" position_override="top" required="false" style="" type="static" value="Layout Group" xmlns="http://www.hyfinity.com/formmaker">
			<container class="groupLabelBackground" options="static" style="">
				<content_alignment distribution="vertical" />
			</container>
		</label>
		<style class="" options="static" style="" xmlns="http://www.hyfinity.com/formmaker" />
		<fm:content_alignment distribution="horizontal" halign="left" valign="top" />
		<fm:sizing height="fit_to_content" width="fully_expand" />
		<fm:palette_ref control="Layout Group" />
		<fm:element disable="false" disable_method="read_only" generate="true" hide="false" name="allowanceTotal">
			<field xmlns="http://www.hyfinity.com/formmaker">
				<input options="dynamic">text</input>
				<style class="defaultBackground currencyControl" options="static" style="width: 350px;" />
				<element_style class="textbox" options="static" style="width: 250px;" />
				<date_picker class="datePickerIcon" content="" required="false" type="normal" />
				<label class="label" options="static" position_override="top" required="true" style="" type="static" value="Total">
					<container class="labelBackground labelControl" options="static" style="width : 350px;">
						<sizing width="custom" />
					</container>
				</label>
				<container />
			</field>
			<constraints validate="true" xmlns="http://www.hyfinity.com/formmaker">
				<type>number</type>
				<required>false</required>
				<minInclusive>0.00</minInclusive>
				<maxInclusive>9999999.00</maxInclusive>
				<fm:enumeration use_for_output="false" />
			</constraints>
			<error xmlns="http://www.hyfinity.com/formmaker">
				<hint class="hintIcon" style="" use="false">Enter a hint here.</hint>
				<server class="errorIcon" retain="false" style="" use="false" />
			</error>
			<custom_attributes xmlns="http://www.hyfinity.com/formmaker">
				<attribute name="data-dojo-type" type="custom" value="dijit.form.CurrencyTextBox" />
				<attribute name="data-dojo-props" type="custom" value="currency:&quot;USD&quot;" />
			</custom_attributes>
			<fm:palette_ref control="Amount (Currency)" />
			<fm:disable method="read_only" required="true">
				<fm:check id="field_value_condition">
					<fm:param name="FieldToCheck" option="PageField" value="allowanceTotal" />
					<fm:param name="Comparison" option="==" />
					<fm:param name="CheckValue" option="PageField" value="allowanceTotal" />
				</fm:check>
			</fm:disable>
			<accessibility xmlns="http://www.hyfinity.com/formmaker">
				<alt>The sum total of the allowance amounts.</alt>
			</accessibility>
		</fm:element>
	</fm:group>
	<fm:group border_styling="false" compatability="false" fieldset="false" gen_method="layout" hide="false" label_position="left" name="layout_group_15" submit_if_hidden="true">
		<label class="label" options="static" position="outside_group" position_override="top" required="false" style="" type="static" value="Layout Group" xmlns="http://www.hyfinity.com/formmaker">
			<container class="groupLabelBackground" options="static" style="">
				<content_alignment distribution="vertical" />
			</container>
		</label>
		<style class="" options="static" style="" xmlns="http://www.hyfinity.com/formmaker" />
		<fm:content_alignment distribution="vertical" halign="left" valign="top" />
		<fm:sizing height="fit_to_content" width="fully_expand" />
		<fm:palette_ref control="Layout Group" />
		<fm:element disable="false" disable_method="read_only" generate="true" hide="false" name="totalPayablePCACalculation">
			<field xmlns="http://www.hyfinity.com/formmaker">
				<input options="dynamic">text</input>
				<style class="defaultBackground currencyControl" options="static" style="width: 350px;" />
				<element_style class="textbox" options="static" style="width: 250px;" />
				<date_picker class="datePickerIcon" content="" required="false" type="normal" />
				<label class="label" options="static" position_override="top" required="true" style="" type="static" value="Total Payable PCA Per Regulation">
					<container class="labelBackground labelControl" options="static" style="width : 350px;">
						<sizing width="custom" />
					</container>
				</label>
				<container />
			</field>
			<constraints validate="true" xmlns="http://www.hyfinity.com/formmaker">
				<type>number</type>
				<required>false</required>
				<minInclusive>0.00</minInclusive>
				<maxInclusive>9999999.00</maxInclusive>
				<fm:enumeration use_for_output="false" />
			</constraints>
			<error xmlns="http://www.hyfinity.com/formmaker">
				<hint class="hintIcon" style="" use="false">Enter a hint here.</hint>
				<server class="errorIcon" retain="false" style="" use="false" />
			</error>
			<custom_attributes xmlns="http://www.hyfinity.com/formmaker">
				<attribute name="data-dojo-type" type="custom" value="dijit.form.CurrencyTextBox" />
				<attribute name="data-dojo-props" type="custom" value="currency:&quot;USD&quot;" />
			</custom_attributes>
			<fm:palette_ref control="Amount (Currency)" />
			<fm:disable method="read_only" required="true">
				<fm:check id="field_value_condition">
					<fm:param name="FieldToCheck" option="PageField" value="totalPayablePCACalculation" />
					<fm:param name="Comparison" option="==" />
					<fm:param name="CheckValue" option="PageField" value="totalPayablePCACalculation" />
				</fm:check>
			</fm:disable>
			<accessibility xmlns="http://www.hyfinity.com/formmaker">
				<alt>The field is auto-generated.</alt>
			</accessibility>
		</fm:element>
		<fm:custom name="custom_control" type="custom">
			<fm:code>
				<div id="exceedTotalPayableAmountMsg" style="display:none" xmlns="">
    **Qualified physicians are eligible for a PCA allowance of up to $14,000 annually with 24 months or less of service as a Government physician. Qualified physicians with more than 24 months of service are eligible for an allowance up to $30,000 annually. PCAs are subject to the aggregate limitation on pay under 5 U.S.C. 5307 and 5 CFR part 530, subpart B.
</div>
			</fm:code>
			<fm:description>Enter a description.</fm:description>
			<fm:palette_ref control="Custom" />
		</fm:custom>
	</fm:group>
	<fm:group border_styling="false" compatability="false" fieldset="false" gen_method="layout" hide="false" label_position="left" name="layout_group_3" submit_if_hidden="true">
		<fm:label class="label" options="static" position="outside_group" position_override="top" required="false" style="" type="static" value="Layout Group">
			<fm:container class="groupLabelBackground" options="static" style="" />
		</fm:label>
		<style class="" options="static" style="" xmlns="http://www.hyfinity.com/formmaker" />
		<fm:content_alignment distribution="vertical" halign="left" valign="top" />
		<fm:sizing height="fit_to_content" width="fully_expand" />
		<fm:palette_ref control="Layout Group" />
		<fm:element disable="false" disable_method="read_only" generate="true" hide="false" name="detailRemarks">
			<field xmlns="http://www.hyfinity.com/formmaker">
				<input expandable="true" max="10" min="4" options="static" size="40">textarea</input>
				<style class="defaultBackground textareaControl" options="static" style="" />
				<element_style class="textbox" options="static" style="width : 650px;" />
				<date_picker class="datePickerIcon" content="" required="false" type="normal" />
				<label class="label" options="static" position_override="top" required="true" style="" type="static" value="Remarks">
					<container class="labelBackground labelControl" options="static">
						<sizing width="custom" />
					</container>
				</label>
				<container>
					<sizing width="custom" />
				</container>
			</field>
			<constraints validate="true" xmlns="http://www.hyfinity.com/formmaker">
				<type>string</type>
				<required>false</required>
				<minLength>0</minLength>
				<maxLength>500</maxLength>
				<fm:enumeration use_for_output="false" />
			</constraints>
			<error xmlns="http://www.hyfinity.com/formmaker">
				<hint class="hintIcon" style="" use="false">Enter a hint here.</hint>
				<server class="errorIcon" retain="false" style="" use="false" />
			</error>
			<fm:palette_ref control="Text Area" />
			<custom_attributes xmlns="http://www.hyfinity.com/formmaker">
				<attribute name="maxlength" type="custom" value="500" />
			</custom_attributes>
		</fm:element>
	</fm:group>
</fm:structure>
