<?xml version="1.0" encoding="UTF-8"?>
<xforms xmlns:mvc="http://www.hyfinity.com/mvc" xmlns="http://www.hyfinity.com/formmaker">
	<instance_configuration />
	<page />
	<element name="CI_ACTION_TYPE">
		<fm:action name="conduct_issue1" xmlns:fm="http://www.hyfinity.com/formmaker">
			<fm:xform_xpath>/mvc:eForm/mvc:Data/mvc:formData/mvc:action_type</fm:xform_xpath>
		</fm:action>
		<repeat_xpath>/mvc:eForm/mvc:Data/lookup/record[LTYPE='ERLRConductIssueActionType' and ACTIVE='1']</repeat_xpath>
		<value_xpath>NAME</value_xpath>
		<text_xpath>LABEL</text_xpath>
		<description />
		<fm:transform_xpath xmlns:fm="http://www.hyfinity.com/formmaker">/mvc:eForm/mvc:Data/mvc:formData/mvc:CI_ACTION_TYPE</fm:transform_xpath>
		<fm:action name="initial_response" xmlns:fm="http://www.hyfinity.com/formmaker">
			<fm:xform_xpath>/mvc:eForm/mvc:Data/mvc:formData/mvc:CI_ACTION_TYPE</fm:xform_xpath>
		</fm:action>
		<fm:action name="case_completedX" xmlns:fm="http://www.hyfinity.com/formmaker">
			<fm:xform_xpath>/mvc:eForm/mvc:Data/mvc:formData/mvc:CI_ACTION_TYPE</fm:xform_xpath>
		</fm:action>
		<fm:action name="conduct_issue" xmlns:fm="http://www.hyfinity.com/formmaker">
			<fm:xform_xpath>/mvc:eForm/mvc:Data/mvc:formData/mvc:CI_ACTION_TYPE</fm:xform_xpath>
		</fm:action>
	</element>
	<element name="CI_LEAVE_START">
		<fm:action name="conduct_issue1" xmlns:fm="http://www.hyfinity.com/formmaker">
			<fm:xform_xpath>/mvc:eForm/mvc:Data/mvc:formData/mvc:leave_start</fm:xform_xpath>
		</fm:action>
		<fm:transform_xpath xmlns:fm="http://www.hyfinity.com/formmaker">/mvc:eForm/mvc:Data/mvc:formData/mvc:CI_LEAVE_START</fm:transform_xpath>
		<fm:action name="initial_response" xmlns:fm="http://www.hyfinity.com/formmaker">
			<fm:xform_xpath>/mvc:eForm/mvc:Data/mvc:formData/mvc:CI_LEAVE_START</fm:xform_xpath>
		</fm:action>
		<fm:action name="case_completedX" xmlns:fm="http://www.hyfinity.com/formmaker">
			<fm:xform_xpath>/mvc:eForm/mvc:Data/mvc:formData/mvc:CI_LEAVE_START</fm:xform_xpath>
		</fm:action>
		<fm:action name="conduct_issue" xmlns:fm="http://www.hyfinity.com/formmaker">
			<fm:xform_xpath>/mvc:eForm/mvc:Data/mvc:formData/mvc:CI_LEAVE_START</fm:xform_xpath>
		</fm:action>
	</element>
	<element name="leave_length">
		<fm:transform_xpath xmlns:fm="http://www.hyfinity.com/formmaker">/mvc:eForm/mvc:Data/mvc:formData/mvc:leave_length</fm:transform_xpath>
		<fm:action name="initial_response" xmlns:fm="http://www.hyfinity.com/formmaker">
			<fm:xform_xpath>/mvc:eForm/mvc:Data/mvc:formData/mvc:leave_length</fm:xform_xpath>
		</fm:action>
		<fm:action name="case_completedX" xmlns:fm="http://www.hyfinity.com/formmaker">
			<fm:xform_xpath>/mvc:eForm/mvc:Data/mvc:formData/mvc:leave_length</fm:xform_xpath>
		</fm:action>
		<fm:action name="conduct_issue" xmlns:fm="http://www.hyfinity.com/formmaker">
			<fm:xform_xpath>/mvc:eForm/mvc:Data/mvc:formData/mvc:leave_length</fm:xform_xpath>
		</fm:action>
		<fm:action name="conduct_issue1" xmlns:fm="http://www.hyfinity.com/formmaker">
			<fm:xform_xpath>/mvc:eForm/mvc:Data/mvc:formData/mvc:leave_length</fm:xform_xpath>
		</fm:action>
	</element>
	<element name="CI_LEAVE_END">
		<fm:action name="conduct_issue1" xmlns:fm="http://www.hyfinity.com/formmaker">
			<fm:xform_xpath>/mvc:eForm/mvc:Data/mvc:formData/mvc:leave_end</fm:xform_xpath>
		</fm:action>
		<description />
		<fm:transform_xpath xmlns:fm="http://www.hyfinity.com/formmaker">/mvc:eForm/mvc:Data/mvc:formData/mvc:CI_LEAVE_END</fm:transform_xpath>
		<fm:action name="initial_response" xmlns:fm="http://www.hyfinity.com/formmaker">
			<fm:xform_xpath>/mvc:eForm/mvc:Data/mvc:formData/mvc:CI_LEAVE_END</fm:xform_xpath>
		</fm:action>
		<fm:action name="case_completedX" xmlns:fm="http://www.hyfinity.com/formmaker">
			<fm:xform_xpath>/mvc:eForm/mvc:Data/mvc:formData/mvc:CI_LEAVE_END</fm:xform_xpath>
		</fm:action>
		<fm:action name="conduct_issue" xmlns:fm="http://www.hyfinity.com/formmaker">
			<fm:xform_xpath>/mvc:eForm/mvc:Data/mvc:formData/mvc:CI_LEAVE_END</fm:xform_xpath>
		</fm:action>
	</element>
	<group name="layout_group" />
	<group name="layout_group_2" />
	<group name="action_AdministrativeLeave_group" />
	<group name="layout_group_6" />
	<group name="investigatory_leave_group" />
	<group name="action_Counseling_group" />
	<group name="action_SickLeaveRestriction_group" />
	<group name="action_SickLeaveWarning_group" />
	<group name="action_Reassignment_group" />
	<group name="action_Removal_group" />
	<group name="action_Demotion_group" />
	<element name="CI_PROP_ACTION_ISSUED_DT">
		<fm:action name="conduct_issue1" xmlns:fm="http://www.hyfinity.com/formmaker">
			<fm:xform_xpath>/mvc:eForm/mvc:Data/mvc:formData/mvc:date_propose_action_delivered</fm:xform_xpath>
		</fm:action>
		<fm:transform_xpath xmlns:fm="http://www.hyfinity.com/formmaker">/mvc:eForm/mvc:Data/mvc:formData/mvc:CI_PROP_ACTION_ISSUED_DT</fm:transform_xpath>
		<fm:action name="initial_response" xmlns:fm="http://www.hyfinity.com/formmaker">
			<fm:xform_xpath>/mvc:eForm/mvc:Data/mvc:formData/mvc:CI_PROP_ACTION_ISSUED_DT</fm:xform_xpath>
		</fm:action>
		<fm:action name="case_completedX" xmlns:fm="http://www.hyfinity.com/formmaker">
			<fm:xform_xpath>/mvc:eForm/mvc:Data/mvc:formData/mvc:CI_PROP_ACTION_ISSUED_DT</fm:xform_xpath>
		</fm:action>
		<fm:action name="conduct_issue" xmlns:fm="http://www.hyfinity.com/formmaker">
			<fm:xform_xpath>/mvc:eForm/mvc:Data/mvc:formData/mvc:CI_PROP_ACTION_ISSUED_DT</fm:xform_xpath>
		</fm:action>
	</element>
	<element name="CI_DECIDING_OFFCL">
		<fm:action name="conduct_issue1" xmlns:fm="http://www.hyfinity.com/formmaker">
			<fm:xform_xpath>/mvc:eForm/mvc:Data/mvc:formData/mvc:deciding_official</fm:xform_xpath>
		</fm:action>
		<fm:transform_xpath xmlns:fm="http://www.hyfinity.com/formmaker">/mvc:eForm/mvc:Data/mvc:formData/mvc:CI_DECIDING_OFFCL</fm:transform_xpath>
		<fm:action name="initial_response" xmlns:fm="http://www.hyfinity.com/formmaker">
			<fm:xform_xpath>/mvc:eForm/mvc:Data/mvc:formData/mvc:CI_DECIDING_OFFCL</fm:xform_xpath>
		</fm:action>
		<fm:action name="case_completedX" xmlns:fm="http://www.hyfinity.com/formmaker">
			<fm:xform_xpath>/mvc:eForm/mvc:Data/mvc:formData/mvc:CI_DECIDING_OFFCL</fm:xform_xpath>
		</fm:action>
		<fm:action name="conduct_issue" xmlns:fm="http://www.hyfinity.com/formmaker">
			<fm:xform_xpath>/mvc:eForm/mvc:Data/mvc:formData/mvc:CI_DECIDING_OFFCL</fm:xform_xpath>
		</fm:action>
	</element>
	<element name="CI__DECISION_ISSUED_DT">
		<fm:action name="conduct_issue1" xmlns:fm="http://www.hyfinity.com/formmaker">
			<fm:xform_xpath>/mvc:eForm/mvc:Data/mvc:formData/mvc:date_decision_delivered</fm:xform_xpath>
		</fm:action>
		<fm:transform_xpath xmlns:fm="http://www.hyfinity.com/formmaker">/mvc:eForm/mvc:Data/mvc:formData/mvc:CI__DECISION_ISSUED_DT</fm:transform_xpath>
		<fm:action name="initial_response" xmlns:fm="http://www.hyfinity.com/formmaker">
			<fm:xform_xpath>/mvc:eForm/mvc:Data/mvc:formData/mvc:CI__DECISION_ISSUED_DT</fm:xform_xpath>
		</fm:action>
		<fm:action name="case_completedX" xmlns:fm="http://www.hyfinity.com/formmaker">
			<fm:xform_xpath>/mvc:eForm/mvc:Data/mvc:formData/mvc:CI__DECISION_ISSUED_DT</fm:xform_xpath>
		</fm:action>
		<fm:action name="conduct_issue" xmlns:fm="http://www.hyfinity.com/formmaker">
			<fm:xform_xpath>/mvc:eForm/mvc:Data/mvc:formData/mvc:CI__DECISION_ISSUED_DT</fm:xform_xpath>
		</fm:action>
	</element>
	<group name="action_general" />
	<element name="CI_DEMO_APPEAL_DECISION">
		<fm:action name="conduct_issue1" xmlns:fm="http://www.hyfinity.com/formmaker">
			<fm:xform_xpath>/mvc:eForm/mvc:Data/mvc:formData/mvc:demotion_emp_appeal</fm:xform_xpath>
		</fm:action>
		<description />
		<fm:transform_xpath xmlns:fm="http://www.hyfinity.com/formmaker">/mvc:eForm/mvc:Data/mvc:formData/mvc:CI_DEMO_APPEAL_DECISION</fm:transform_xpath>
		<fm:action name="initial_response" xmlns:fm="http://www.hyfinity.com/formmaker">
			<fm:xform_xpath>/mvc:eForm/mvc:Data/mvc:formData/mvc:CI_DEMO_APPEAL_DECISION</fm:xform_xpath>
		</fm:action>
		<fm:action name="case_completedX" xmlns:fm="http://www.hyfinity.com/formmaker">
			<fm:xform_xpath>/mvc:eForm/mvc:Data/mvc:formData/mvc:CI_DEMO_APPEAL_DECISION</fm:xform_xpath>
		</fm:action>
		<fm:action name="conduct_issue" xmlns:fm="http://www.hyfinity.com/formmaker">
			<fm:xform_xpath>/mvc:eForm/mvc:Data/mvc:formData/mvc:CI_DEMO_APPEAL_DECISION</fm:xform_xpath>
		</fm:action>
	</element>
	<element name="CI_POS_TITLE">
		<fm:action name="conduct_issue1" xmlns:fm="http://www.hyfinity.com/formmaker">
			<fm:xform_xpath>/mvc:eForm/mvc:Data/mvc:formData/mvc:pos_title</fm:xform_xpath>
		</fm:action>
		<fm:transform_xpath xmlns:fm="http://www.hyfinity.com/formmaker">/mvc:eForm/mvc:Data/mvc:formData/mvc:CI_POS_TITLE</fm:transform_xpath>
		<fm:action name="initial_response" xmlns:fm="http://www.hyfinity.com/formmaker">
			<fm:xform_xpath>/mvc:eForm/mvc:Data/mvc:formData/mvc:CI_POS_TITLE</fm:xform_xpath>
		</fm:action>
		<fm:action name="case_completedX" xmlns:fm="http://www.hyfinity.com/formmaker">
			<fm:xform_xpath>/mvc:eForm/mvc:Data/mvc:formData/mvc:CI_POS_TITLE</fm:xform_xpath>
		</fm:action>
		<fm:action name="conduct_issue" xmlns:fm="http://www.hyfinity.com/formmaker">
			<fm:xform_xpath>/mvc:eForm/mvc:Data/mvc:formData/mvc:CI_POS_TITLE</fm:xform_xpath>
		</fm:action>
	</element>
	<element name="CI_PPLAN">
		<fm:action name="conduct_issue1" xmlns:fm="http://www.hyfinity.com/formmaker">
			<fm:xform_xpath>/mvc:eForm/mvc:Data/mvc:formData/mvc:pplan</fm:xform_xpath>
		</fm:action>
		<description />
		<fm:transform_xpath xmlns:fm="http://www.hyfinity.com/formmaker">/mvc:eForm/mvc:Data/mvc:formData/mvc:CI_PPLAN</fm:transform_xpath>
		<fm:action name="initial_response" xmlns:fm="http://www.hyfinity.com/formmaker">
			<fm:xform_xpath>/mvc:eForm/mvc:Data/mvc:formData/mvc:CI_PPLAN</fm:xform_xpath>
		</fm:action>
		<fm:action name="case_completedX" xmlns:fm="http://www.hyfinity.com/formmaker">
			<fm:xform_xpath>/mvc:eForm/mvc:Data/mvc:formData/mvc:CI_PPLAN</fm:xform_xpath>
		</fm:action>
		<fm:action name="conduct_issue" xmlns:fm="http://www.hyfinity.com/formmaker">
			<fm:xform_xpath>/mvc:eForm/mvc:Data/mvc:formData/mvc:CI_PPLAN</fm:xform_xpath>
		</fm:action>
	</element>
	<element name="CI_SERIES">
		<fm:action name="conduct_issue1" xmlns:fm="http://www.hyfinity.com/formmaker">
			<fm:xform_xpath>/mvc:eForm/mvc:Data/mvc:formData/mvc:series</fm:xform_xpath>
		</fm:action>
		<description />
		<fm:transform_xpath xmlns:fm="http://www.hyfinity.com/formmaker">/mvc:eForm/mvc:Data/mvc:formData/mvc:CI_SERIES</fm:transform_xpath>
		<fm:action name="initial_response" xmlns:fm="http://www.hyfinity.com/formmaker">
			<fm:xform_xpath>/mvc:eForm/mvc:Data/mvc:formData/mvc:CI_SERIES</fm:xform_xpath>
		</fm:action>
		<fm:action name="case_completedX" xmlns:fm="http://www.hyfinity.com/formmaker">
			<fm:xform_xpath>/mvc:eForm/mvc:Data/mvc:formData/mvc:CI_SERIES</fm:xform_xpath>
		</fm:action>
		<fm:action name="conduct_issue" xmlns:fm="http://www.hyfinity.com/formmaker">
			<fm:xform_xpath>/mvc:eForm/mvc:Data/mvc:formData/mvc:CI_SERIES</fm:xform_xpath>
		</fm:action>
	</element>
	<element name="CI_CURRENT_INFO_GRADE">
		<fm:action name="conduct_issue1" xmlns:fm="http://www.hyfinity.com/formmaker">
			<fm:xform_xpath>/mvc:eForm/mvc:Data/mvc:formData/mvc:current_info_grade</fm:xform_xpath>
		</fm:action>
		<description />
		<fm:transform_xpath xmlns:fm="http://www.hyfinity.com/formmaker">/mvc:eForm/mvc:Data/mvc:formData/mvc:CI_CURRENT_INFO_GRADE</fm:transform_xpath>
		<fm:action name="initial_response" xmlns:fm="http://www.hyfinity.com/formmaker">
			<fm:xform_xpath>/mvc:eForm/mvc:Data/mvc:formData/mvc:CI_CURRENT_INFO_GRADE</fm:xform_xpath>
		</fm:action>
		<fm:action name="case_completedX" xmlns:fm="http://www.hyfinity.com/formmaker">
			<fm:xform_xpath>/mvc:eForm/mvc:Data/mvc:formData/mvc:CI_CURRENT_INFO_GRADE</fm:xform_xpath>
		</fm:action>
		<fm:action name="conduct_issue" xmlns:fm="http://www.hyfinity.com/formmaker">
			<fm:xform_xpath>/mvc:eForm/mvc:Data/mvc:formData/mvc:CI_CURRENT_INFO_GRADE</fm:xform_xpath>
		</fm:action>
	</element>
	<element name="CI_CURRENT_INFO_STEP">
		<fm:action name="conduct_issue1" xmlns:fm="http://www.hyfinity.com/formmaker">
			<fm:xform_xpath>/mvc:eForm/mvc:Data/mvc:formData/mvc:current_info_step</fm:xform_xpath>
		</fm:action>
		<fm:transform_xpath xmlns:fm="http://www.hyfinity.com/formmaker">/mvc:eForm/mvc:Data/mvc:formData/mvc:CI_CURRENT_INFO_STEP</fm:transform_xpath>
		<fm:action name="initial_response" xmlns:fm="http://www.hyfinity.com/formmaker">
			<fm:xform_xpath>/mvc:eForm/mvc:Data/mvc:formData/mvc:CI_CURRENT_INFO_STEP</fm:xform_xpath>
		</fm:action>
		<fm:action name="case_completedX" xmlns:fm="http://www.hyfinity.com/formmaker">
			<fm:xform_xpath>/mvc:eForm/mvc:Data/mvc:formData/mvc:CI_CURRENT_INFO_STEP</fm:xform_xpath>
		</fm:action>
		<fm:action name="conduct_issue" xmlns:fm="http://www.hyfinity.com/formmaker">
			<fm:xform_xpath>/mvc:eForm/mvc:Data/mvc:formData/mvc:CI_CURRENT_INFO_STEP</fm:xform_xpath>
		</fm:action>
	</element>
	<element name="CI_PROPOSED_POS_TITLE">
		<fm:action name="conduct_issue1" xmlns:fm="http://www.hyfinity.com/formmaker">
			<fm:xform_xpath>/mvc:eForm/mvc:Data/mvc:formData/mvc:proposed_post_title</fm:xform_xpath>
		</fm:action>
		<description />
		<fm:transform_xpath xmlns:fm="http://www.hyfinity.com/formmaker">/mvc:eForm/mvc:Data/mvc:formData/mvc:CI_PROPOSED_POS_TITLE</fm:transform_xpath>
		<fm:action name="initial_response" xmlns:fm="http://www.hyfinity.com/formmaker">
			<fm:xform_xpath>/mvc:eForm/mvc:Data/mvc:formData/mvc:CI_PROPOSED_POS_TITLE</fm:xform_xpath>
		</fm:action>
		<fm:action name="case_completedX" xmlns:fm="http://www.hyfinity.com/formmaker">
			<fm:xform_xpath>/mvc:eForm/mvc:Data/mvc:formData/mvc:CI_PROPOSED_POS_TITLE</fm:xform_xpath>
		</fm:action>
		<fm:action name="conduct_issue" xmlns:fm="http://www.hyfinity.com/formmaker">
			<fm:xform_xpath>/mvc:eForm/mvc:Data/mvc:formData/mvc:CI_PROPOSED_POS_TITLE</fm:xform_xpath>
		</fm:action>
	</element>
	<element name="CI_PROPOSED_PPLAN">
		<fm:action name="conduct_issue1" xmlns:fm="http://www.hyfinity.com/formmaker">
			<fm:xform_xpath>/mvc:eForm/mvc:Data/mvc:formData/mvc:proposed_pplan</fm:xform_xpath>
		</fm:action>
		<repeat_xpath>/mvc:eForm/mvc:Data/lookup/record[LTYPE='PayPlan' and ACTIVE='1']</repeat_xpath>
		<value_xpath>NAME</value_xpath>
		<text_xpath>LABEL</text_xpath>
		<description />
		<fm:transform_xpath xmlns:fm="http://www.hyfinity.com/formmaker">/mvc:eForm/mvc:Data/mvc:formData/mvc:CI_PROPOSED_PPLAN</fm:transform_xpath>
		<fm:action name="initial_response" xmlns:fm="http://www.hyfinity.com/formmaker">
			<fm:xform_xpath>/mvc:eForm/mvc:Data/mvc:formData/mvc:CI_PROPOSED_PPLAN</fm:xform_xpath>
		</fm:action>
		<fm:action name="case_completedX" xmlns:fm="http://www.hyfinity.com/formmaker">
			<fm:xform_xpath>/mvc:eForm/mvc:Data/mvc:formData/mvc:CI_PROPOSED_PPLAN</fm:xform_xpath>
		</fm:action>
		<fm:action name="conduct_issue" xmlns:fm="http://www.hyfinity.com/formmaker">
			<fm:xform_xpath>/mvc:eForm/mvc:Data/mvc:formData/mvc:CI_PROPOSED_PPLAN</fm:xform_xpath>
		</fm:action>
	</element>
	<element name="CI_PROPOSED_SERIES">
		<fm:action name="conduct_issue1" xmlns:fm="http://www.hyfinity.com/formmaker">
			<fm:xform_xpath>/mvc:eForm/mvc:Data/mvc:formData/mvc:proposed_series</fm:xform_xpath>
		</fm:action>
		<repeat_xpath>/mvc:eForm/mvc:Data/lookup/record[LTYPE='OccupationalSeries' and ACTIVE='1']</repeat_xpath>
		<value_xpath>NAME</value_xpath>
		<text_xpath>LABEL</text_xpath>
		<description />
		<fm:transform_xpath xmlns:fm="http://www.hyfinity.com/formmaker">/mvc:eForm/mvc:Data/mvc:formData/mvc:CI_PROPOSED_SERIES</fm:transform_xpath>
		<fm:action name="initial_response" xmlns:fm="http://www.hyfinity.com/formmaker">
			<fm:xform_xpath>/mvc:eForm/mvc:Data/mvc:formData/mvc:CI_PROPOSED_SERIES</fm:xform_xpath>
		</fm:action>
		<fm:action name="case_completedX" xmlns:fm="http://www.hyfinity.com/formmaker">
			<fm:xform_xpath>/mvc:eForm/mvc:Data/mvc:formData/mvc:CI_PROPOSED_SERIES</fm:xform_xpath>
		</fm:action>
		<fm:action name="conduct_issue" xmlns:fm="http://www.hyfinity.com/formmaker">
			<fm:xform_xpath>/mvc:eForm/mvc:Data/mvc:formData/mvc:CI_PROPOSED_SERIES</fm:xform_xpath>
		</fm:action>
	</element>
	<element name="CI_PROPOSED_INFO_GRADE">
		<fm:action name="conduct_issue1" xmlns:fm="http://www.hyfinity.com/formmaker">
			<fm:xform_xpath>/mvc:eForm/mvc:Data/mvc:formData/mvc:proposed_info_grade</fm:xform_xpath>
		</fm:action>
		<repeat_xpath>/mvc:eForm/mvc:Data/lookup/record[LTYPE='Grade' and ACTIVE='1']</repeat_xpath>
		<value_xpath>NAME</value_xpath>
		<text_xpath>LABEL</text_xpath>
		<description />
		<fm:transform_xpath xmlns:fm="http://www.hyfinity.com/formmaker">/mvc:eForm/mvc:Data/mvc:formData/mvc:CI_PROPOSED_INFO_GRADE</fm:transform_xpath>
		<fm:action name="initial_response" xmlns:fm="http://www.hyfinity.com/formmaker">
			<fm:xform_xpath>/mvc:eForm/mvc:Data/mvc:formData/mvc:CI_PROPOSED_INFO_GRADE</fm:xform_xpath>
		</fm:action>
		<fm:action name="case_completedX" xmlns:fm="http://www.hyfinity.com/formmaker">
			<fm:xform_xpath>/mvc:eForm/mvc:Data/mvc:formData/mvc:CI_PROPOSED_INFO_GRADE</fm:xform_xpath>
		</fm:action>
		<fm:action name="conduct_issue" xmlns:fm="http://www.hyfinity.com/formmaker">
			<fm:xform_xpath>/mvc:eForm/mvc:Data/mvc:formData/mvc:CI_PROPOSED_INFO_GRADE</fm:xform_xpath>
		</fm:action>
	</element>
	<element name="CI_PROPOSED_INFO_STEP">
		<fm:action name="conduct_issue1" xmlns:fm="http://www.hyfinity.com/formmaker">
			<fm:xform_xpath>/mvc:eForm/mvc:Data/mvc:formData/mvc:posposed_info_step</fm:xform_xpath>
		</fm:action>
		<repeat_xpath>enter_xpath_here</repeat_xpath>
		<value_xpath>enter_xpath_here</value_xpath>
		<text_xpath>enter_xpath_here</text_xpath>
		<fm:transform_xpath xmlns:fm="http://www.hyfinity.com/formmaker">/mvc:eForm/mvc:Data/mvc:formData/mvc:CI_PROPOSED_INFO_STEP</fm:transform_xpath>
		<fm:action name="initial_response" xmlns:fm="http://www.hyfinity.com/formmaker">
			<fm:xform_xpath>/mvc:eForm/mvc:Data/mvc:formData/mvc:CI_PROPOSED_INFO_STEP</fm:xform_xpath>
		</fm:action>
		<fm:action name="case_completedX" xmlns:fm="http://www.hyfinity.com/formmaker">
			<fm:xform_xpath>/mvc:eForm/mvc:Data/mvc:formData/mvc:CI_PROPOSED_INFO_STEP</fm:xform_xpath>
		</fm:action>
		<fm:action name="conduct_issue" xmlns:fm="http://www.hyfinity.com/formmaker">
			<fm:xform_xpath>/mvc:eForm/mvc:Data/mvc:formData/mvc:CI_PROPOSED_INFO_STEP</fm:xform_xpath>
		</fm:action>
	</element>
	<element name="CI_FINAL_POS_TITLE">
		<fm:action name="conduct_issue1" xmlns:fm="http://www.hyfinity.com/formmaker">
			<fm:xform_xpath>/mvc:eForm/mvc:Data/mvc:formData/mvc:final_post_title</fm:xform_xpath>
		</fm:action>
		<fm:transform_xpath xmlns:fm="http://www.hyfinity.com/formmaker">/mvc:eForm/mvc:Data/mvc:formData/mvc:CI_FINAL_POS_TITLE</fm:transform_xpath>
		<fm:action name="initial_response" xmlns:fm="http://www.hyfinity.com/formmaker">
			<fm:xform_xpath>/mvc:eForm/mvc:Data/mvc:formData/mvc:CI_FINAL_POS_TITLE</fm:xform_xpath>
		</fm:action>
		<fm:action name="case_completedX" xmlns:fm="http://www.hyfinity.com/formmaker">
			<fm:xform_xpath>/mvc:eForm/mvc:Data/mvc:formData/mvc:CI_FINAL_POS_TITLE</fm:xform_xpath>
		</fm:action>
		<fm:action name="conduct_issue" xmlns:fm="http://www.hyfinity.com/formmaker">
			<fm:xform_xpath>/mvc:eForm/mvc:Data/mvc:formData/mvc:CI_FINAL_POS_TITLE</fm:xform_xpath>
		</fm:action>
	</element>
	<element name="CI_FINAL_PPLAN">
		<fm:action name="conduct_issue1" xmlns:fm="http://www.hyfinity.com/formmaker">
			<fm:xform_xpath>/mvc:eForm/mvc:Data/mvc:formData/mvc:final_pplan</fm:xform_xpath>
		</fm:action>
		<repeat_xpath>/mvc:eForm/mvc:Data/lookup/record[LTYPE='PayPlan' and ACTIVE='1']</repeat_xpath>
		<value_xpath>NAME</value_xpath>
		<text_xpath>LABEL</text_xpath>
		<description />
		<fm:transform_xpath xmlns:fm="http://www.hyfinity.com/formmaker">/mvc:eForm/mvc:Data/mvc:formData/mvc:CI_FINAL_PPLAN</fm:transform_xpath>
		<fm:action name="initial_response" xmlns:fm="http://www.hyfinity.com/formmaker">
			<fm:xform_xpath>/mvc:eForm/mvc:Data/mvc:formData/mvc:CI_FINAL_PPLAN</fm:xform_xpath>
		</fm:action>
		<fm:action name="case_completedX" xmlns:fm="http://www.hyfinity.com/formmaker">
			<fm:xform_xpath>/mvc:eForm/mvc:Data/mvc:formData/mvc:CI_FINAL_PPLAN</fm:xform_xpath>
		</fm:action>
		<fm:action name="conduct_issue" xmlns:fm="http://www.hyfinity.com/formmaker">
			<fm:xform_xpath>/mvc:eForm/mvc:Data/mvc:formData/mvc:CI_FINAL_PPLAN</fm:xform_xpath>
		</fm:action>
	</element>
	<element name="CI_FINAL_SERIES">
		<fm:action name="conduct_issue1" xmlns:fm="http://www.hyfinity.com/formmaker">
			<fm:xform_xpath>/mvc:eForm/mvc:Data/mvc:formData/mvc:final_series</fm:xform_xpath>
		</fm:action>
		<repeat_xpath>/mvc:eForm/mvc:Data/lookup/record[LTYPE='OccupationalSeries' and ACTIVE='1']</repeat_xpath>
		<value_xpath>NAME</value_xpath>
		<text_xpath>LABEL</text_xpath>
		<description />
		<fm:transform_xpath xmlns:fm="http://www.hyfinity.com/formmaker">/mvc:eForm/mvc:Data/mvc:formData/mvc:CI_FINAL_SERIES</fm:transform_xpath>
		<fm:action name="initial_response" xmlns:fm="http://www.hyfinity.com/formmaker">
			<fm:xform_xpath>/mvc:eForm/mvc:Data/mvc:formData/mvc:CI_FINAL_SERIES</fm:xform_xpath>
		</fm:action>
		<fm:action name="case_completedX" xmlns:fm="http://www.hyfinity.com/formmaker">
			<fm:xform_xpath>/mvc:eForm/mvc:Data/mvc:formData/mvc:CI_FINAL_SERIES</fm:xform_xpath>
		</fm:action>
		<fm:action name="conduct_issue" xmlns:fm="http://www.hyfinity.com/formmaker">
			<fm:xform_xpath>/mvc:eForm/mvc:Data/mvc:formData/mvc:CI_FINAL_SERIES</fm:xform_xpath>
		</fm:action>
	</element>
	<element name="CI_FINAL_INFO_GRADE">
		<fm:action name="conduct_issue1" xmlns:fm="http://www.hyfinity.com/formmaker">
			<fm:xform_xpath>/mvc:eForm/mvc:Data/mvc:formData/mvc:final_info_grade</fm:xform_xpath>
		</fm:action>
		<repeat_xpath>/mvc:eForm/mvc:Data/lookup/record[LTYPE='Grade' and ACTIVE='1']</repeat_xpath>
		<value_xpath>NAME</value_xpath>
		<text_xpath>LABEL</text_xpath>
		<description />
		<fm:transform_xpath xmlns:fm="http://www.hyfinity.com/formmaker">/mvc:eForm/mvc:Data/mvc:formData/mvc:CI_FINAL_INFO_GRADE</fm:transform_xpath>
		<fm:action name="initial_response" xmlns:fm="http://www.hyfinity.com/formmaker">
			<fm:xform_xpath>/mvc:eForm/mvc:Data/mvc:formData/mvc:CI_FINAL_INFO_GRADE</fm:xform_xpath>
		</fm:action>
		<fm:action name="case_completedX" xmlns:fm="http://www.hyfinity.com/formmaker">
			<fm:xform_xpath>/mvc:eForm/mvc:Data/mvc:formData/mvc:CI_FINAL_INFO_GRADE</fm:xform_xpath>
		</fm:action>
		<fm:action name="conduct_issue" xmlns:fm="http://www.hyfinity.com/formmaker">
			<fm:xform_xpath>/mvc:eForm/mvc:Data/mvc:formData/mvc:CI_FINAL_INFO_GRADE</fm:xform_xpath>
		</fm:action>
	</element>
	<element name="CI_FINAL_INFO_STEP">
		<fm:action name="conduct_issue1" xmlns:fm="http://www.hyfinity.com/formmaker">
			<fm:xform_xpath>/mvc:eForm/mvc:Data/mvc:formData/mvc:final_info_step</fm:xform_xpath>
		</fm:action>
		<repeat_xpath>enter_xpath_here</repeat_xpath>
		<value_xpath>enter_xpath_here</value_xpath>
		<text_xpath>enter_xpath_here</text_xpath>
		<fm:transform_xpath xmlns:fm="http://www.hyfinity.com/formmaker">/mvc:eForm/mvc:Data/mvc:formData/mvc:CI_FINAL_INFO_STEP</fm:transform_xpath>
		<fm:action name="initial_response" xmlns:fm="http://www.hyfinity.com/formmaker">
			<fm:xform_xpath>/mvc:eForm/mvc:Data/mvc:formData/mvc:CI_FINAL_INFO_STEP</fm:xform_xpath>
		</fm:action>
		<fm:action name="case_completedX" xmlns:fm="http://www.hyfinity.com/formmaker">
			<fm:xform_xpath>/mvc:eForm/mvc:Data/mvc:formData/mvc:CI_FINAL_INFO_STEP</fm:xform_xpath>
		</fm:action>
		<fm:action name="conduct_issue" xmlns:fm="http://www.hyfinity.com/formmaker">
			<fm:xform_xpath>/mvc:eForm/mvc:Data/mvc:formData/mvc:CI_FINAL_INFO_STEP</fm:xform_xpath>
		</fm:action>
	</element>
	<element name="CI_COUNSEL_TYPE">
		<fm:action name="conduct_issue1" xmlns:fm="http://www.hyfinity.com/formmaker">
			<fm:xform_xpath>/mvc:eForm/mvc:Data/mvc:formData/mvc:counsel_type</fm:xform_xpath>
		</fm:action>
		<description />
		<fm:transform_xpath xmlns:fm="http://www.hyfinity.com/formmaker">/mvc:eForm/mvc:Data/mvc:formData/mvc:CI_COUNSEL_TYPE</fm:transform_xpath>
		<fm:action name="initial_response" xmlns:fm="http://www.hyfinity.com/formmaker">
			<fm:xform_xpath>/mvc:eForm/mvc:Data/mvc:formData/mvc:CI_COUNSEL_TYPE</fm:xform_xpath>
		</fm:action>
		<fm:action name="case_completedX" xmlns:fm="http://www.hyfinity.com/formmaker">
			<fm:xform_xpath>/mvc:eForm/mvc:Data/mvc:formData/mvc:CI_COUNSEL_TYPE</fm:xform_xpath>
		</fm:action>
		<fm:action name="conduct_issue" xmlns:fm="http://www.hyfinity.com/formmaker">
			<fm:xform_xpath>/mvc:eForm/mvc:Data/mvc:formData/mvc:CI_COUNSEL_TYPE</fm:xform_xpath>
		</fm:action>
	</element>
	<element name="CI_COUNSEL_ISSUED_DT">
		<fm:action name="conduct_issue1" xmlns:fm="http://www.hyfinity.com/formmaker">
			<fm:xform_xpath>/mvc:eForm/mvc:Data/mvc:formData/mvc:date_counsel_issued</fm:xform_xpath>
		</fm:action>
		<fm:transform_xpath xmlns:fm="http://www.hyfinity.com/formmaker">/mvc:eForm/mvc:Data/mvc:formData/mvc:CI_COUNSEL_ISSUED_DT</fm:transform_xpath>
		<fm:action name="initial_response" xmlns:fm="http://www.hyfinity.com/formmaker">
			<fm:xform_xpath>/mvc:eForm/mvc:Data/mvc:formData/mvc:CI_COUNSEL_ISSUED_DT</fm:xform_xpath>
		</fm:action>
		<fm:action name="case_completedX" xmlns:fm="http://www.hyfinity.com/formmaker">
			<fm:xform_xpath>/mvc:eForm/mvc:Data/mvc:formData/mvc:CI_COUNSEL_ISSUED_DT</fm:xform_xpath>
		</fm:action>
		<fm:action name="conduct_issue" xmlns:fm="http://www.hyfinity.com/formmaker">
			<fm:xform_xpath>/mvc:eForm/mvc:Data/mvc:formData/mvc:CI_COUNSEL_ISSUED_DT</fm:xform_xpath>
		</fm:action>
	</element>
	<group name="layout_group_3" />
	<element name="CI_SICK_LEAVE_ISSUED_DT">
		<fm:action name="conduct_issue1" xmlns:fm="http://www.hyfinity.com/formmaker">
			<fm:xform_xpath>/mvc:eForm/mvc:Data/mvc:formData/mvc:sick_leave_date_issued</fm:xform_xpath>
		</fm:action>
		<fm:transform_xpath xmlns:fm="http://www.hyfinity.com/formmaker">/mvc:eForm/mvc:Data/mvc:formData/mvc:CI_SICK_LEAVE_ISSUED_DT</fm:transform_xpath>
		<fm:action name="initial_response" xmlns:fm="http://www.hyfinity.com/formmaker">
			<fm:xform_xpath>/mvc:eForm/mvc:Data/mvc:formData/mvc:CI_SICK_LEAVE_ISSUED_DT</fm:xform_xpath>
		</fm:action>
		<fm:action name="case_completedX" xmlns:fm="http://www.hyfinity.com/formmaker">
			<fm:xform_xpath>/mvc:eForm/mvc:Data/mvc:formData/mvc:CI_SICK_LEAVE_ISSUED_DT</fm:xform_xpath>
		</fm:action>
		<fm:action name="conduct_issue" xmlns:fm="http://www.hyfinity.com/formmaker">
			<fm:xform_xpath>/mvc:eForm/mvc:Data/mvc:formData/mvc:CI_SICK_LEAVE_ISSUED_DT</fm:xform_xpath>
		</fm:action>
	</element>
	<element name="CI_SICK_LEAVE_REVIEWED_DT">
		<fm:action name="conduct_issue1" xmlns:fm="http://www.hyfinity.com/formmaker">
			<fm:xform_xpath>/mvc:eForm/mvc:Data/mvc:formData/mvc:sick_leave_date_received</fm:xform_xpath>
		</fm:action>
		<fm:transform_xpath xmlns:fm="http://www.hyfinity.com/formmaker">/mvc:eForm/mvc:Data/mvc:formData/mvc:CI_SICK_LEAVE_REVIEWED_DT</fm:transform_xpath>
		<fm:action name="initial_response" xmlns:fm="http://www.hyfinity.com/formmaker">
			<fm:xform_xpath>/mvc:eForm/mvc:Data/mvc:formData/mvc:CI_SICK_LEAVE_REVIEWED_DT</fm:xform_xpath>
		</fm:action>
		<fm:action name="case_completedX" xmlns:fm="http://www.hyfinity.com/formmaker">
			<fm:xform_xpath>/mvc:eForm/mvc:Data/mvc:formData/mvc:CI_SICK_LEAVE_REVIEWED_DT</fm:xform_xpath>
		</fm:action>
		<fm:action name="conduct_issue" xmlns:fm="http://www.hyfinity.com/formmaker">
			<fm:xform_xpath>/mvc:eForm/mvc:Data/mvc:formData/mvc:CI_SICK_LEAVE_REVIEWED_DT</fm:xform_xpath>
		</fm:action>
	</element>
	<group name="layout_group_5" />
	<group name="layout_group_8" />
	<element name="CI_SICK_LEAVE_EXTENDED_DT">
		<fm:action name="conduct_issue1" xmlns:fm="http://www.hyfinity.com/formmaker">
			<fm:xform_xpath>/mvc:eForm/mvc:Data/mvc:formData/mvc:sick_leave_date_extended</fm:xform_xpath>
		</fm:action>
		<fm:transform_xpath xmlns:fm="http://www.hyfinity.com/formmaker">/mvc:eForm/mvc:Data/mvc:formData/mvc:CI_SICK_LEAVE_EXTENDED_DT</fm:transform_xpath>
		<fm:action name="initial_response" xmlns:fm="http://www.hyfinity.com/formmaker">
			<fm:xform_xpath>/mvc:eForm/mvc:Data/mvc:formData/mvc:CI_SICK_LEAVE_EXTENDED_DT</fm:xform_xpath>
		</fm:action>
		<fm:action name="case_completedX" xmlns:fm="http://www.hyfinity.com/formmaker">
			<fm:xform_xpath>/mvc:eForm/mvc:Data/mvc:formData/mvc:CI_SICK_LEAVE_EXTENDED_DT</fm:xform_xpath>
		</fm:action>
		<fm:action name="conduct_issue" xmlns:fm="http://www.hyfinity.com/formmaker">
			<fm:xform_xpath>/mvc:eForm/mvc:Data/mvc:formData/mvc:CI_SICK_LEAVE_EXTENDED_DT</fm:xform_xpath>
		</fm:action>
	</element>
	<element name="CI_SICK_LEAVE_REMOVED_DT">
		<fm:action name="conduct_issue1" xmlns:fm="http://www.hyfinity.com/formmaker">
			<fm:xform_xpath>/mvc:eForm/mvc:Data/mvc:formData/mvc:sick_leave_date_removed</fm:xform_xpath>
		</fm:action>
		<description />
		<fm:transform_xpath xmlns:fm="http://www.hyfinity.com/formmaker">/mvc:eForm/mvc:Data/mvc:formData/mvc:CI_SICK_LEAVE_REMOVED_DT</fm:transform_xpath>
		<fm:action name="initial_response" xmlns:fm="http://www.hyfinity.com/formmaker">
			<fm:xform_xpath>/mvc:eForm/mvc:Data/mvc:formData/mvc:CI_SICK_LEAVE_REMOVED_DT</fm:xform_xpath>
		</fm:action>
		<fm:action name="case_completedX" xmlns:fm="http://www.hyfinity.com/formmaker">
			<fm:xform_xpath>/mvc:eForm/mvc:Data/mvc:formData/mvc:CI_SICK_LEAVE_REMOVED_DT</fm:xform_xpath>
		</fm:action>
		<fm:action name="conduct_issue" xmlns:fm="http://www.hyfinity.com/formmaker">
			<fm:xform_xpath>/mvc:eForm/mvc:Data/mvc:formData/mvc:CI_SICK_LEAVE_REMOVED_DT</fm:xform_xpath>
		</fm:action>
	</element>
	<element name="CI_SL_WARNING_DISCUSSION_DT">
		<fm:action name="conduct_issue1" xmlns:fm="http://www.hyfinity.com/formmaker">
			<fm:xform_xpath>/mvc:eForm/mvc:Data/mvc:formData/mvc:sl_warning_discussion_date</fm:xform_xpath>
		</fm:action>
		<description />
		<fm:transform_xpath xmlns:fm="http://www.hyfinity.com/formmaker">/mvc:eForm/mvc:Data/mvc:formData/mvc:CI_SL_WARNING_DISCUSSION_DT</fm:transform_xpath>
		<fm:action name="initial_response" xmlns:fm="http://www.hyfinity.com/formmaker">
			<fm:xform_xpath>/mvc:eForm/mvc:Data/mvc:formData/mvc:CI_SL_WARNING_DISCUSSION_DT</fm:xform_xpath>
		</fm:action>
		<fm:action name="case_completedX" xmlns:fm="http://www.hyfinity.com/formmaker">
			<fm:xform_xpath>/mvc:eForm/mvc:Data/mvc:formData/mvc:CI_SL_WARNING_DISCUSSION_DT</fm:xform_xpath>
		</fm:action>
		<fm:action name="conduct_issue" xmlns:fm="http://www.hyfinity.com/formmaker">
			<fm:xform_xpath>/mvc:eForm/mvc:Data/mvc:formData/mvc:CI_SL_WARNING_DISCUSSION_DT</fm:xform_xpath>
		</fm:action>
	</element>
	<element name="CI_SL_WARN_ISSUE">
		<fm:action name="conduct_issue1" xmlns:fm="http://www.hyfinity.com/formmaker">
			<fm:xform_xpath>/mvc:eForm/mvc:Data/mvc:formData/mvc:sl_warn_issue</fm:xform_xpath>
		</fm:action>
		<fm:transform_xpath xmlns:fm="http://www.hyfinity.com/formmaker">/mvc:eForm/mvc:Data/mvc:formData/mvc:CI_SL_WARN_ISSUE</fm:transform_xpath>
		<fm:action name="initial_response" xmlns:fm="http://www.hyfinity.com/formmaker">
			<fm:xform_xpath>/mvc:eForm/mvc:Data/mvc:formData/mvc:CI_SL_WARN_ISSUE</fm:xform_xpath>
		</fm:action>
		<fm:action name="case_completedX" xmlns:fm="http://www.hyfinity.com/formmaker">
			<fm:xform_xpath>/mvc:eForm/mvc:Data/mvc:formData/mvc:CI_SL_WARN_ISSUE</fm:xform_xpath>
		</fm:action>
		<fm:action name="conduct_issue" xmlns:fm="http://www.hyfinity.com/formmaker">
			<fm:xform_xpath>/mvc:eForm/mvc:Data/mvc:formData/mvc:CI_SL_WARN_ISSUE</fm:xform_xpath>
		</fm:action>
	</element>
	<element name="CI_NOTICE_ISSUED_DT">
		<fm:action name="conduct_issue1" xmlns:fm="http://www.hyfinity.com/formmaker">
			<fm:xform_xpath>/mvc:eForm/mvc:Data/mvc:formData/mvc:date_notice_issued</fm:xform_xpath>
		</fm:action>
		<fm:transform_xpath xmlns:fm="http://www.hyfinity.com/formmaker">/mvc:eForm/mvc:Data/mvc:formData/mvc:CI_NOTICE_ISSUED_DT</fm:transform_xpath>
		<fm:action name="initial_response" xmlns:fm="http://www.hyfinity.com/formmaker">
			<fm:xform_xpath>/mvc:eForm/mvc:Data/mvc:formData/mvc:CI_NOTICE_ISSUED_DT</fm:xform_xpath>
		</fm:action>
		<fm:action name="case_completedX" xmlns:fm="http://www.hyfinity.com/formmaker">
			<fm:xform_xpath>/mvc:eForm/mvc:Data/mvc:formData/mvc:CI_NOTICE_ISSUED_DT</fm:xform_xpath>
		</fm:action>
		<fm:action name="conduct_issue" xmlns:fm="http://www.hyfinity.com/formmaker">
			<fm:xform_xpath>/mvc:eForm/mvc:Data/mvc:formData/mvc:CI_NOTICE_ISSUED_DT</fm:xform_xpath>
		</fm:action>
	</element>
	<element name="CI_EFFECTIVE_DT">
		<fm:action name="conduct_issue1" xmlns:fm="http://www.hyfinity.com/formmaker">
			<fm:xform_xpath>/mvc:eForm/mvc:Data/mvc:formData/mvc:effective_date</fm:xform_xpath>
		</fm:action>
		<fm:transform_xpath xmlns:fm="http://www.hyfinity.com/formmaker">/mvc:eForm/mvc:Data/mvc:formData/mvc:CI_EFFECTIVE_DT</fm:transform_xpath>
		<fm:action name="initial_response" xmlns:fm="http://www.hyfinity.com/formmaker">
			<fm:xform_xpath>/mvc:eForm/mvc:Data/mvc:formData/mvc:CI_EFFECTIVE_DT</fm:xform_xpath>
		</fm:action>
		<fm:action name="case_completedX" xmlns:fm="http://www.hyfinity.com/formmaker">
			<fm:xform_xpath>/mvc:eForm/mvc:Data/mvc:formData/mvc:CI_EFFECTIVE_DT</fm:xform_xpath>
		</fm:action>
		<fm:action name="conduct_issue" xmlns:fm="http://www.hyfinity.com/formmaker">
			<fm:xform_xpath>/mvc:eForm/mvc:Data/mvc:formData/mvc:CI_EFFECTIVE_DT</fm:xform_xpath>
		</fm:action>
	</element>
	<element name="CI_FINAL_ADMIN_CODE">
		<fm:action name="conduct_issue1" xmlns:fm="http://www.hyfinity.com/formmaker">
			<fm:xform_xpath>/mvc:eForm/mvc:Data/mvc:formData/mvc:final_admin_code</fm:xform_xpath>
		</fm:action>
		<description />
		<fm:transform_xpath xmlns:fm="http://www.hyfinity.com/formmaker">/mvc:eForm/mvc:Data/mvc:formData/mvc:CI_FINAL_ADMIN_CODE</fm:transform_xpath>
		<fm:action name="initial_response" xmlns:fm="http://www.hyfinity.com/formmaker">
			<fm:xform_xpath>/mvc:eForm/mvc:Data/mvc:formData/mvc:CI_FINAL_ADMIN_CODE</fm:xform_xpath>
		</fm:action>
		<fm:action name="case_completedX" xmlns:fm="http://www.hyfinity.com/formmaker">
			<fm:xform_xpath>/mvc:eForm/mvc:Data/mvc:formData/mvc:CI_FINAL_ADMIN_CODE</fm:xform_xpath>
		</fm:action>
		<fm:action name="conduct_issue" xmlns:fm="http://www.hyfinity.com/formmaker">
			<fm:xform_xpath>/mvc:eForm/mvc:Data/mvc:formData/mvc:CI_FINAL_ADMIN_CODE</fm:xform_xpath>
		</fm:action>
	</element>
	<group name="layout_group_9" />
	<group name="layout_group_10" />
	<element name="CI_REMOVAL_PROP_ACTION_DT">
		<fm:action name="conduct_issue1" xmlns:fm="http://www.hyfinity.com/formmaker">
			<fm:xform_xpath>/mvc:eForm/mvc:Data/mvc:formData/mvc:removal_prop_action_date</fm:xform_xpath>
		</fm:action>
		<description />
		<fm:transform_xpath xmlns:fm="http://www.hyfinity.com/formmaker">/mvc:eForm/mvc:Data/mvc:formData/mvc:CI_REMOVAL_PROP_ACTION_DT</fm:transform_xpath>
		<fm:action name="initial_response" xmlns:fm="http://www.hyfinity.com/formmaker">
			<fm:xform_xpath>/mvc:eForm/mvc:Data/mvc:formData/mvc:CI_REMOVAL_PROP_ACTION_DT</fm:xform_xpath>
		</fm:action>
		<fm:action name="case_completedX" xmlns:fm="http://www.hyfinity.com/formmaker">
			<fm:xform_xpath>/mvc:eForm/mvc:Data/mvc:formData/mvc:CI_REMOVAL_PROP_ACTION_DT</fm:xform_xpath>
		</fm:action>
		<fm:action name="conduct_issue" xmlns:fm="http://www.hyfinity.com/formmaker">
			<fm:xform_xpath>/mvc:eForm/mvc:Data/mvc:formData/mvc:CI_REMOVAL_PROP_ACTION_DT</fm:xform_xpath>
		</fm:action>
	</element>
	<element name="CI_DECIDING_OFFCL_NAME">
		<fm:action name="conduct_issue1" xmlns:fm="http://www.hyfinity.com/formmaker">
			<fm:xform_xpath>/mvc:eForm/mvc:Data/mvc:formData/mvc:deciding_official_name</fm:xform_xpath>
		</fm:action>
		<fm:transform_xpath xmlns:fm="http://www.hyfinity.com/formmaker">/mvc:eForm/mvc:Data/mvc:formData/mvc:CI_DECIDING_OFFCL_NAME</fm:transform_xpath>
		<fm:action name="initial_response" xmlns:fm="http://www.hyfinity.com/formmaker">
			<fm:xform_xpath>/mvc:eForm/mvc:Data/mvc:formData/mvc:CI_DECIDING_OFFCL_NAME</fm:xform_xpath>
		</fm:action>
		<fm:action name="case_completedX" xmlns:fm="http://www.hyfinity.com/formmaker">
			<fm:xform_xpath>/mvc:eForm/mvc:Data/mvc:formData/mvc:CI_DECIDING_OFFCL_NAME</fm:xform_xpath>
		</fm:action>
		<fm:action name="conduct_issue" xmlns:fm="http://www.hyfinity.com/formmaker">
			<fm:xform_xpath>/mvc:eForm/mvc:Data/mvc:formData/mvc:CI_DECIDING_OFFCL_NAME</fm:xform_xpath>
		</fm:action>
	</element>
	<element name="CI_REMOVAL_DATE_DECISION_ISSUED">
		<fm:action name="conduct_issue1" xmlns:fm="http://www.hyfinity.com/formmaker">
			<fm:xform_xpath>/mvc:eForm/mvc:Data/mvc:formData/mvc:date_decision_issue</fm:xform_xpath>
		</fm:action>
		<fm:transform_xpath xmlns:fm="http://www.hyfinity.com/formmaker">/mvc:eForm/mvc:Data/mvc:formData/mvc:CI_REMOVAL_DATE_DECISION_ISSUED</fm:transform_xpath>
		<fm:action name="initial_response" xmlns:fm="http://www.hyfinity.com/formmaker">
			<fm:xform_xpath>/mvc:eForm/mvc:Data/mvc:formData/mvc:CI_REMOVAL_DATE_DECISION_ISSUED</fm:xform_xpath>
		</fm:action>
		<fm:action name="case_completedX" xmlns:fm="http://www.hyfinity.com/formmaker">
			<fm:xform_xpath>/mvc:eForm/mvc:Data/mvc:formData/mvc:CI_REMOVAL_DATE_DECISION_ISSUED</fm:xform_xpath>
		</fm:action>
		<fm:action name="conduct_issue" xmlns:fm="http://www.hyfinity.com/formmaker">
			<fm:xform_xpath>/mvc:eForm/mvc:Data/mvc:formData/mvc:CI_REMOVAL_DATE_DECISION_ISSUED</fm:xform_xpath>
		</fm:action>
	</element>
	<element name="CI_REMOVAL_EFFECTIVE_DT">
		<fm:action name="conduct_issue1" xmlns:fm="http://www.hyfinity.com/formmaker">
			<fm:xform_xpath>/mvc:eForm/mvc:Data/mvc:formData/mvc:removal_effective_date</fm:xform_xpath>
		</fm:action>
		<fm:transform_xpath xmlns:fm="http://www.hyfinity.com/formmaker">/mvc:eForm/mvc:Data/mvc:formData/mvc:CI_REMOVAL_EFFECTIVE_DT</fm:transform_xpath>
		<fm:action name="initial_response" xmlns:fm="http://www.hyfinity.com/formmaker">
			<fm:xform_xpath>/mvc:eForm/mvc:Data/mvc:formData/mvc:CI_REMOVAL_EFFECTIVE_DT</fm:xform_xpath>
		</fm:action>
		<fm:action name="case_completedX" xmlns:fm="http://www.hyfinity.com/formmaker">
			<fm:xform_xpath>/mvc:eForm/mvc:Data/mvc:formData/mvc:CI_REMOVAL_EFFECTIVE_DT</fm:xform_xpath>
		</fm:action>
		<fm:action name="conduct_issue" xmlns:fm="http://www.hyfinity.com/formmaker">
			<fm:xform_xpath>/mvc:eForm/mvc:Data/mvc:formData/mvc:CI_REMOVAL_EFFECTIVE_DT</fm:xform_xpath>
		</fm:action>
	</element>
	<group name="layout_group_12" />
	<element name="CI_REMOVAL_APPEAL_DECISION">
		<fm:action name="conduct_issue1" xmlns:fm="http://www.hyfinity.com/formmaker">
			<fm:xform_xpath>/mvc:eForm/mvc:Data/mvc:formData/mvc:select_2</fm:xform_xpath>
		</fm:action>
		<fm:transform_xpath xmlns:fm="http://www.hyfinity.com/formmaker">/mvc:eForm/mvc:Data/mvc:formData/mvc:CI_REMOVAL_APPEAL_DECISION</fm:transform_xpath>
		<fm:action name="initial_response" xmlns:fm="http://www.hyfinity.com/formmaker">
			<fm:xform_xpath>/mvc:eForm/mvc:Data/mvc:formData/mvc:CI_REMOVAL_APPEAL_DECISION</fm:xform_xpath>
		</fm:action>
		<fm:action name="case_completedX" xmlns:fm="http://www.hyfinity.com/formmaker">
			<fm:xform_xpath>/mvc:eForm/mvc:Data/mvc:formData/mvc:CI_REMOVAL_APPEAL_DECISION</fm:xform_xpath>
		</fm:action>
		<fm:action name="conduct_issue" xmlns:fm="http://www.hyfinity.com/formmaker">
			<fm:xform_xpath>/mvc:eForm/mvc:Data/mvc:formData/mvc:CI_REMOVAL_APPEAL_DECISION</fm:xform_xpath>
		</fm:action>
	</element>
	<element name="CI_RESTRICTION_ISSED_DT">
		<fm:transform_xpath xmlns:fm="http://www.hyfinity.com/formmaker">/mvc:eForm/mvc:Data/mvc:formData/mvc:CI_RESTRICTION_ISSED_DT</fm:transform_xpath>
		<fm:action name="initial_response" xmlns:fm="http://www.hyfinity.com/formmaker">
			<fm:xform_xpath>/mvc:eForm/mvc:Data/mvc:formData/mvc:CI_RESTRICTION_ISSED_DT</fm:xform_xpath>
		</fm:action>
		<fm:action name="case_completedX" xmlns:fm="http://www.hyfinity.com/formmaker">
			<fm:xform_xpath>/mvc:eForm/mvc:Data/mvc:formData/mvc:CI_RESTRICTION_ISSED_DT</fm:xform_xpath>
		</fm:action>
		<fm:action name="conduct_issue" xmlns:fm="http://www.hyfinity.com/formmaker">
			<fm:xform_xpath>/mvc:eForm/mvc:Data/mvc:formData/mvc:CI_RESTRICTION_ISSED_DT</fm:xform_xpath>
		</fm:action>
	</element>
	<element name="add_review_date">
		<fm:transform_xpath xmlns:fm="http://www.hyfinity.com/formmaker">/mvc:eForm/mvc:Data/mvc:formData/mvc:add_review_date</fm:transform_xpath>
		<fm:action name="initial_response" xmlns:fm="http://www.hyfinity.com/formmaker">
			<fm:xform_xpath>/mvc:eForm/mvc:Data/mvc:formData/mvc:add_review_date</fm:xform_xpath>
		</fm:action>
		<fm:action name="case_completedX" xmlns:fm="http://www.hyfinity.com/formmaker">
			<fm:xform_xpath>/mvc:eForm/mvc:Data/mvc:formData/mvc:add_review_date</fm:xform_xpath>
		</fm:action>
		<fm:action name="conduct_issue" xmlns:fm="http://www.hyfinity.com/formmaker">
			<fm:xform_xpath>/mvc:eForm/mvc:Data/mvc:formData/mvc:add_review_date</fm:xform_xpath>
		</fm:action>
	</element>
	<group name="layout_group_16" />
	<element name="add_extended_date">
		<fm:transform_xpath xmlns:fm="http://www.hyfinity.com/formmaker">/mvc:eForm/mvc:Data/mvc:formData/mvc:add_extended_date</fm:transform_xpath>
		<fm:action name="initial_response" xmlns:fm="http://www.hyfinity.com/formmaker">
			<fm:xform_xpath>/mvc:eForm/mvc:Data/mvc:formData/mvc:add_extended_date</fm:xform_xpath>
		</fm:action>
		<fm:action name="case_completedX" xmlns:fm="http://www.hyfinity.com/formmaker">
			<fm:xform_xpath>/mvc:eForm/mvc:Data/mvc:formData/mvc:add_extended_date</fm:xform_xpath>
		</fm:action>
		<fm:action name="conduct_issue" xmlns:fm="http://www.hyfinity.com/formmaker">
			<fm:xform_xpath>/mvc:eForm/mvc:Data/mvc:formData/mvc:add_extended_date</fm:xform_xpath>
		</fm:action>
	</element>
	<group name="layout_group_17" />
	<group name="layout_group_18" />
	<group name="layout_group_19" />
	<element name="slw_add_date">
		<fm:transform_xpath xmlns:fm="http://www.hyfinity.com/formmaker">/mvc:eForm/mvc:Data/mvc:formData/mvc:slw_add_date</fm:transform_xpath>
		<fm:action name="initial_response" xmlns:fm="http://www.hyfinity.com/formmaker">
			<fm:xform_xpath>/mvc:eForm/mvc:Data/mvc:formData/mvc:slw_add_date</fm:xform_xpath>
		</fm:action>
		<fm:action name="case_completedX" xmlns:fm="http://www.hyfinity.com/formmaker">
			<fm:xform_xpath>/mvc:eForm/mvc:Data/mvc:formData/mvc:slw_add_date</fm:xform_xpath>
		</fm:action>
		<fm:action name="conduct_issue" xmlns:fm="http://www.hyfinity.com/formmaker">
			<fm:xform_xpath>/mvc:eForm/mvc:Data/mvc:formData/mvc:slw_add_date</fm:xform_xpath>
		</fm:action>
	</element>
	<element name="rv_dt_selected">
		<fm:transform_xpath xmlns:fm="http://www.hyfinity.com/formmaker">/mvc:eForm/mvc:Data/mvc:formData/mvc:rv_dt_selected</fm:transform_xpath>
		<fm:action name="initial_response" xmlns:fm="http://www.hyfinity.com/formmaker">
			<fm:xform_xpath>/mvc:eForm/mvc:Data/mvc:formData/mvc:rv_dt_selected</fm:xform_xpath>
		</fm:action>
		<fm:action name="case_completedX" xmlns:fm="http://www.hyfinity.com/formmaker">
			<fm:xform_xpath>/mvc:eForm/mvc:Data/mvc:formData/mvc:rv_dt_selected</fm:xform_xpath>
		</fm:action>
		<fm:action name="conduct_issue" xmlns:fm="http://www.hyfinity.com/formmaker">
			<fm:xform_xpath>/mvc:eForm/mvc:Data/mvc:formData/mvc:rv_dt_selected</fm:xform_xpath>
		</fm:action>
	</element>
	<element name="ex_dt_selected">
		<fm:transform_xpath xmlns:fm="http://www.hyfinity.com/formmaker">/mvc:eForm/mvc:Data/mvc:formData/mvc:ex_dt_selected</fm:transform_xpath>
		<fm:action name="initial_response" xmlns:fm="http://www.hyfinity.com/formmaker">
			<fm:xform_xpath>/mvc:eForm/mvc:Data/mvc:formData/mvc:ex_dt_selected</fm:xform_xpath>
		</fm:action>
		<fm:action name="case_completedX" xmlns:fm="http://www.hyfinity.com/formmaker">
			<fm:xform_xpath>/mvc:eForm/mvc:Data/mvc:formData/mvc:ex_dt_selected</fm:xform_xpath>
		</fm:action>
		<fm:action name="conduct_issue" xmlns:fm="http://www.hyfinity.com/formmaker">
			<fm:xform_xpath>/mvc:eForm/mvc:Data/mvc:formData/mvc:ex_dt_selected</fm:xform_xpath>
		</fm:action>
	</element>
	<element name="slw_discussion_dt">
		<fm:transform_xpath xmlns:fm="http://www.hyfinity.com/formmaker">/mvc:eForm/mvc:Data/mvc:formData/mvc:slw_discussion_dt</fm:transform_xpath>
		<fm:action name="initial_response" xmlns:fm="http://www.hyfinity.com/formmaker">
			<fm:xform_xpath>/mvc:eForm/mvc:Data/mvc:formData/mvc:slw_discussion_dt</fm:xform_xpath>
		</fm:action>
		<fm:action name="case_completedX" xmlns:fm="http://www.hyfinity.com/formmaker">
			<fm:xform_xpath>/mvc:eForm/mvc:Data/mvc:formData/mvc:slw_discussion_dt</fm:xform_xpath>
		</fm:action>
		<fm:action name="conduct_issue" xmlns:fm="http://www.hyfinity.com/formmaker">
			<fm:xform_xpath>/mvc:eForm/mvc:Data/mvc:formData/mvc:slw_discussion_dt</fm:xform_xpath>
		</fm:action>
	</element>
	<group name="layout_group_22" />
	<group name="ntc_leave_group" />
	<element name="CI_LEAVE_END_2">
		<description />
		<fm:transform_xpath xmlns:fm="http://www.hyfinity.com/formmaker">/mvc:eForm/mvc:Data/mvc:formData/mvc:CI_LEAVE_END_2</fm:transform_xpath>
		<fm:action name="initial_response" xmlns:fm="http://www.hyfinity.com/formmaker">
			<fm:xform_xpath>/mvc:eForm/mvc:Data/mvc:formData/mvc:CI_LEAVE_END_2</fm:xform_xpath>
		</fm:action>
		<fm:action name="case_completedX" xmlns:fm="http://www.hyfinity.com/formmaker">
			<fm:xform_xpath>/mvc:eForm/mvc:Data/mvc:formData/mvc:CI_LEAVE_END_2</fm:xform_xpath>
		</fm:action>
		<fm:action name="conduct_issue" xmlns:fm="http://www.hyfinity.com/formmaker">
			<fm:xform_xpath>/mvc:eForm/mvc:Data/mvc:formData/mvc:CI_LEAVE_END_2</fm:xform_xpath>
		</fm:action>
	</element>
	<element name="leave_length_2">
		<fm:action name="conduct_issue" xmlns:fm="http://www.hyfinity.com/formmaker">
			<fm:xform_xpath>/mvc:eForm/mvc:Data/mvc:formData/mvc:leave_length_2</fm:xform_xpath>
		</fm:action>
		<fm:action name="case_completedX" xmlns:fm="http://www.hyfinity.com/formmaker">
			<fm:xform_xpath>/mvc:eForm/mvc:Data/mvc:formData/mvc:leave_length_2</fm:xform_xpath>
		</fm:action>
		<fm:action name="initial_response" xmlns:fm="http://www.hyfinity.com/formmaker">
			<fm:xform_xpath>/mvc:eForm/mvc:Data/mvc:formData/mvc:leave_length_2</fm:xform_xpath>
		</fm:action>
		<fm:transform_xpath xmlns:fm="http://www.hyfinity.com/formmaker">/mvc:eForm/mvc:Data/mvc:formData/mvc:leave_length_2</fm:transform_xpath>
	</element>
	<element name="CI_LEAVE_START_2">
		<fm:transform_xpath xmlns:fm="http://www.hyfinity.com/formmaker">/mvc:eForm/mvc:Data/mvc:formData/mvc:CI_LEAVE_START_2</fm:transform_xpath>
		<fm:action name="initial_response" xmlns:fm="http://www.hyfinity.com/formmaker">
			<fm:xform_xpath>/mvc:eForm/mvc:Data/mvc:formData/mvc:CI_LEAVE_START_2</fm:xform_xpath>
		</fm:action>
		<fm:action name="case_completedX" xmlns:fm="http://www.hyfinity.com/formmaker">
			<fm:xform_xpath>/mvc:eForm/mvc:Data/mvc:formData/mvc:CI_LEAVE_START_2</fm:xform_xpath>
		</fm:action>
		<fm:action name="conduct_issue" xmlns:fm="http://www.hyfinity.com/formmaker">
			<fm:xform_xpath>/mvc:eForm/mvc:Data/mvc:formData/mvc:CI_LEAVE_START_2</fm:xform_xpath>
		</fm:action>
	</element>
	<element name="CI_ORAL_PREZ_DT">
		<fm:transform_xpath xmlns:fm="http://www.hyfinity.com/formmaker">/mvc:eForm/mvc:Data/mvc:formData/mvc:CI_ORAL_PREZ_DT</fm:transform_xpath>
		<fm:action name="initial_response" xmlns:fm="http://www.hyfinity.com/formmaker">
			<fm:xform_xpath>/mvc:eForm/mvc:Data/mvc:formData/mvc:CI_ORAL_PREZ_DT</fm:xform_xpath>
		</fm:action>
		<fm:action name="case_completedX" xmlns:fm="http://www.hyfinity.com/formmaker">
			<fm:xform_xpath>/mvc:eForm/mvc:Data/mvc:formData/mvc:CI_ORAL_PREZ_DT</fm:xform_xpath>
		</fm:action>
		<fm:action name="conduct_issue" xmlns:fm="http://www.hyfinity.com/formmaker">
			<fm:xform_xpath>/mvc:eForm/mvc:Data/mvc:formData/mvc:CI_ORAL_PREZ_DT</fm:xform_xpath>
		</fm:action>
	</element>
	<group name="oral_presentation_date_group" />
	<group name="layout_group_20" />
	<element name="CI_ORAL_RESPONSE_SUBMITTED">
		<fm:transform_xpath xmlns:fm="http://www.hyfinity.com/formmaker">/mvc:eForm/mvc:Data/mvc:formData/mvc:CI_ORAL_RESPONSE_SUBMITTED</fm:transform_xpath>
		<fm:action name="initial_response" xmlns:fm="http://www.hyfinity.com/formmaker">
			<fm:xform_xpath>/mvc:eForm/mvc:Data/mvc:formData/mvc:CI_ORAL_RESPONSE_SUBMITTED</fm:xform_xpath>
		</fm:action>
		<fm:action name="case_completedX" xmlns:fm="http://www.hyfinity.com/formmaker">
			<fm:xform_xpath>/mvc:eForm/mvc:Data/mvc:formData/mvc:CI_ORAL_RESPONSE_SUBMITTED</fm:xform_xpath>
		</fm:action>
		<fm:action name="conduct_issue" xmlns:fm="http://www.hyfinity.com/formmaker">
			<fm:xform_xpath>/mvc:eForm/mvc:Data/mvc:formData/mvc:CI_ORAL_RESPONSE_SUBMITTED</fm:xform_xpath>
		</fm:action>
	</element>
	<element name="CI_WRITTEN_RESPONSE_SUBMITTED">
		<fm:transform_xpath xmlns:fm="http://www.hyfinity.com/formmaker">/mvc:eForm/mvc:Data/mvc:formData/mvc:CI_WRITTEN_RESPONSE_SUBMITTED</fm:transform_xpath>
		<fm:action name="initial_response" xmlns:fm="http://www.hyfinity.com/formmaker">
			<fm:xform_xpath>/mvc:eForm/mvc:Data/mvc:formData/mvc:CI_WRITTEN_RESPONSE_SUBMITTED</fm:xform_xpath>
		</fm:action>
		<fm:action name="case_completedX" xmlns:fm="http://www.hyfinity.com/formmaker">
			<fm:xform_xpath>/mvc:eForm/mvc:Data/mvc:formData/mvc:CI_WRITTEN_RESPONSE_SUBMITTED</fm:xform_xpath>
		</fm:action>
		<fm:action name="conduct_issue" xmlns:fm="http://www.hyfinity.com/formmaker">
			<fm:xform_xpath>/mvc:eForm/mvc:Data/mvc:formData/mvc:CI_WRITTEN_RESPONSE_SUBMITTED</fm:xform_xpath>
		</fm:action>
	</element>
	<element name="CI_RESPONSE_DUE_DT">
		<fm:transform_xpath xmlns:fm="http://www.hyfinity.com/formmaker">/mvc:eForm/mvc:Data/mvc:formData/mvc:CI_RESPONSE_DUE_DT</fm:transform_xpath>
		<fm:action name="initial_response" xmlns:fm="http://www.hyfinity.com/formmaker">
			<fm:xform_xpath>/mvc:eForm/mvc:Data/mvc:formData/mvc:CI_RESPONSE_DUE_DT</fm:xform_xpath>
		</fm:action>
		<fm:action name="case_completedX" xmlns:fm="http://www.hyfinity.com/formmaker">
			<fm:xform_xpath>/mvc:eForm/mvc:Data/mvc:formData/mvc:CI_RESPONSE_DUE_DT</fm:xform_xpath>
		</fm:action>
		<fm:action name="conduct_issue" xmlns:fm="http://www.hyfinity.com/formmaker">
			<fm:xform_xpath>/mvc:eForm/mvc:Data/mvc:formData/mvc:CI_RESPONSE_DUE_DT</fm:xform_xpath>
		</fm:action>
	</element>
	<group name="layout_group_21" />
	<group name="written_response_group" />
	<group name="layout_group_25" />
	<group name="action_Reprimand_group" />
	<group name="action_Suspension_group" />
	<element name="CI_EMP_NOTICE_LEAVE_PLACED">
		<description />
		<fm:transform_xpath xmlns:fm="http://www.hyfinity.com/formmaker">/mvc:eForm/mvc:Data/mvc:formData/mvc:CI_EMP_NOTICE_LEAVE_PLACED</fm:transform_xpath>
		<fm:action name="initial_response" xmlns:fm="http://www.hyfinity.com/formmaker">
			<fm:xform_xpath>/mvc:eForm/mvc:Data/mvc:formData/mvc:CI_EMP_NOTICE_LEAVE_PLACED</fm:xform_xpath>
		</fm:action>
		<fm:action name="case_completedX" xmlns:fm="http://www.hyfinity.com/formmaker">
			<fm:xform_xpath>/mvc:eForm/mvc:Data/mvc:formData/mvc:CI_EMP_NOTICE_LEAVE_PLACED</fm:xform_xpath>
		</fm:action>
		<fm:action name="conduct_issue" xmlns:fm="http://www.hyfinity.com/formmaker">
			<fm:xform_xpath>/mvc:eForm/mvc:Data/mvc:formData/mvc:CI_EMP_NOTICE_LEAVE_PLACED</fm:xform_xpath>
		</fm:action>
	</element>
	<element name="CI_REMOVAL_NOTICE_START_DT">
		<description />
		<fm:transform_xpath xmlns:fm="http://www.hyfinity.com/formmaker">/mvc:eForm/mvc:Data/mvc:formData/mvc:CI_REMOVAL_NOTICE_START_DT</fm:transform_xpath>
		<fm:action name="initial_response" xmlns:fm="http://www.hyfinity.com/formmaker">
			<fm:xform_xpath>/mvc:eForm/mvc:Data/mvc:formData/mvc:CI_REMOVAL_NOTICE_START_DT</fm:xform_xpath>
		</fm:action>
		<fm:action name="case_completedX" xmlns:fm="http://www.hyfinity.com/formmaker">
			<fm:xform_xpath>/mvc:eForm/mvc:Data/mvc:formData/mvc:CI_REMOVAL_NOTICE_START_DT</fm:xform_xpath>
		</fm:action>
		<fm:action name="conduct_issue" xmlns:fm="http://www.hyfinity.com/formmaker">
			<fm:xform_xpath>/mvc:eForm/mvc:Data/mvc:formData/mvc:CI_REMOVAL_NOTICE_START_DT</fm:xform_xpath>
		</fm:action>
	</element>
	<element name="CI_REMOVAL_NOTICE_END_DT">
		<fm:transform_xpath xmlns:fm="http://www.hyfinity.com/formmaker">/mvc:eForm/mvc:Data/mvc:formData/mvc:CI_REMOVAL_NOTICE_END_DT</fm:transform_xpath>
		<fm:action name="initial_response" xmlns:fm="http://www.hyfinity.com/formmaker">
			<fm:xform_xpath>/mvc:eForm/mvc:Data/mvc:formData/mvc:CI_REMOVAL_NOTICE_END_DT</fm:xform_xpath>
		</fm:action>
		<fm:action name="case_completedX" xmlns:fm="http://www.hyfinity.com/formmaker">
			<fm:xform_xpath>/mvc:eForm/mvc:Data/mvc:formData/mvc:CI_REMOVAL_NOTICE_END_DT</fm:xform_xpath>
		</fm:action>
		<fm:action name="conduct_issue" xmlns:fm="http://www.hyfinity.com/formmaker">
			<fm:xform_xpath>/mvc:eForm/mvc:Data/mvc:formData/mvc:CI_REMOVAL_NOTICE_END_DT</fm:xform_xpath>
		</fm:action>
	</element>
	<group name="removal_notice_date_group" />
	<element name="CI_REMOVAL_ORAL_PREZ_REQUESTED">
		<description />
		<fm:transform_xpath xmlns:fm="http://www.hyfinity.com/formmaker">/mvc:eForm/mvc:Data/mvc:formData/mvc:CI_REMOVAL_ORAL_PREZ_REQUESTED</fm:transform_xpath>
		<fm:action name="initial_response" xmlns:fm="http://www.hyfinity.com/formmaker">
			<fm:xform_xpath>/mvc:eForm/mvc:Data/mvc:formData/mvc:CI_REMOVAL_ORAL_PREZ_REQUESTED</fm:xform_xpath>
		</fm:action>
		<fm:action name="case_completedX" xmlns:fm="http://www.hyfinity.com/formmaker">
			<fm:xform_xpath>/mvc:eForm/mvc:Data/mvc:formData/mvc:CI_REMOVAL_ORAL_PREZ_REQUESTED</fm:xform_xpath>
		</fm:action>
		<fm:action name="conduct_issue" xmlns:fm="http://www.hyfinity.com/formmaker">
			<fm:xform_xpath>/mvc:eForm/mvc:Data/mvc:formData/mvc:CI_REMOVAL_ORAL_PREZ_REQUESTED</fm:xform_xpath>
		</fm:action>
	</element>
	<group name="layout_group_24" />
	<element name="CI_REMOVAL_ORAL_PREZ_DT">
		<fm:transform_xpath xmlns:fm="http://www.hyfinity.com/formmaker">/mvc:eForm/mvc:Data/mvc:formData/mvc:CI_REMOVAL_ORAL_PREZ_DT</fm:transform_xpath>
		<fm:action name="initial_response" xmlns:fm="http://www.hyfinity.com/formmaker">
			<fm:xform_xpath>/mvc:eForm/mvc:Data/mvc:formData/mvc:CI_REMOVAL_ORAL_PREZ_DT</fm:xform_xpath>
		</fm:action>
		<fm:action name="case_completedX" xmlns:fm="http://www.hyfinity.com/formmaker">
			<fm:xform_xpath>/mvc:eForm/mvc:Data/mvc:formData/mvc:CI_REMOVAL_ORAL_PREZ_DT</fm:xform_xpath>
		</fm:action>
		<fm:action name="conduct_issue" xmlns:fm="http://www.hyfinity.com/formmaker">
			<fm:xform_xpath>/mvc:eForm/mvc:Data/mvc:formData/mvc:CI_REMOVAL_ORAL_PREZ_DT</fm:xform_xpath>
		</fm:action>
	</element>
	<element name="CI_ADMIN_INVESTIGATORY_LEAVE">
		<fm:transform_xpath xmlns:fm="http://www.hyfinity.com/formmaker">/mvc:eForm/mvc:Data/mvc:formData/mvc:CI_ADMIN_INVESTIGATORY_LEAVE</fm:transform_xpath>
		<fm:action name="initial_response" xmlns:fm="http://www.hyfinity.com/formmaker">
			<fm:xform_xpath>/mvc:eForm/mvc:Data/mvc:formData/mvc:CI_ADMIN_INVESTIGATORY_LEAVE</fm:xform_xpath>
		</fm:action>
		<fm:action name="case_completedX" xmlns:fm="http://www.hyfinity.com/formmaker">
			<fm:xform_xpath>/mvc:eForm/mvc:Data/mvc:formData/mvc:CI_ADMIN_INVESTIGATORY_LEAVE</fm:xform_xpath>
		</fm:action>
		<fm:action name="conduct_issue" xmlns:fm="http://www.hyfinity.com/formmaker">
			<fm:xform_xpath>/mvc:eForm/mvc:Data/mvc:formData/mvc:CI_ADMIN_INVESTIGATORY_LEAVE</fm:xform_xpath>
		</fm:action>
	</element>
	<element name="CI_ADMIN_NOTICE_LEAVE">
		<fm:transform_xpath xmlns:fm="http://www.hyfinity.com/formmaker">/mvc:eForm/mvc:Data/mvc:formData/mvc:CI_ADMIN_NOTICE_LEAVE</fm:transform_xpath>
		<fm:action name="initial_response" xmlns:fm="http://www.hyfinity.com/formmaker">
			<fm:xform_xpath>/mvc:eForm/mvc:Data/mvc:formData/mvc:CI_ADMIN_NOTICE_LEAVE</fm:xform_xpath>
		</fm:action>
		<fm:action name="case_completedX" xmlns:fm="http://www.hyfinity.com/formmaker">
			<fm:xform_xpath>/mvc:eForm/mvc:Data/mvc:formData/mvc:CI_ADMIN_NOTICE_LEAVE</fm:xform_xpath>
		</fm:action>
		<fm:action name="conduct_issue" xmlns:fm="http://www.hyfinity.com/formmaker">
			<fm:xform_xpath>/mvc:eForm/mvc:Data/mvc:formData/mvc:CI_ADMIN_NOTICE_LEAVE</fm:xform_xpath>
		</fm:action>
	</element>
	<group name="layout_group_4" />
	<element name="CI_REMOVAL_WRITTEN_RESPONSE">
		<fm:transform_xpath xmlns:fm="http://www.hyfinity.com/formmaker">/mvc:eForm/mvc:Data/mvc:formData/mvc:CI_REMOVAL_WRITTEN_RESPONSE</fm:transform_xpath>
		<fm:action name="initial_response" xmlns:fm="http://www.hyfinity.com/formmaker">
			<fm:xform_xpath>/mvc:eForm/mvc:Data/mvc:formData/mvc:CI_REMOVAL_WRITTEN_RESPONSE</fm:xform_xpath>
		</fm:action>
		<fm:action name="case_completedX" xmlns:fm="http://www.hyfinity.com/formmaker">
			<fm:xform_xpath>/mvc:eForm/mvc:Data/mvc:formData/mvc:CI_REMOVAL_WRITTEN_RESPONSE</fm:xform_xpath>
		</fm:action>
		<fm:action name="conduct_issue" xmlns:fm="http://www.hyfinity.com/formmaker">
			<fm:xform_xpath>/mvc:eForm/mvc:Data/mvc:formData/mvc:CI_REMOVAL_WRITTEN_RESPONSE</fm:xform_xpath>
		</fm:action>
	</element>
	<element name="CI_WRITTEN_SUBMITTED_DT">
		<fm:transform_xpath xmlns:fm="http://www.hyfinity.com/formmaker">/mvc:eForm/mvc:Data/mvc:formData/mvc:CI_WRITTEN_SUBMITTED_DT</fm:transform_xpath>
		<fm:action name="initial_response" xmlns:fm="http://www.hyfinity.com/formmaker">
			<fm:xform_xpath>/mvc:eForm/mvc:Data/mvc:formData/mvc:CI_WRITTEN_SUBMITTED_DT</fm:xform_xpath>
		</fm:action>
		<fm:action name="case_completedX" xmlns:fm="http://www.hyfinity.com/formmaker">
			<fm:xform_xpath>/mvc:eForm/mvc:Data/mvc:formData/mvc:CI_WRITTEN_SUBMITTED_DT</fm:xform_xpath>
		</fm:action>
		<fm:action name="conduct_issue" xmlns:fm="http://www.hyfinity.com/formmaker">
			<fm:xform_xpath>/mvc:eForm/mvc:Data/mvc:formData/mvc:CI_WRITTEN_SUBMITTED_DT</fm:xform_xpath>
		</fm:action>
	</element>
	<element name="CI_WRITTEN_RESPONSE_DUE_DT">
		<fm:transform_xpath xmlns:fm="http://www.hyfinity.com/formmaker">/mvc:eForm/mvc:Data/mvc:formData/mvc:CI_WRITTEN_RESPONSE_DUE_DT</fm:transform_xpath>
		<fm:action name="initial_response" xmlns:fm="http://www.hyfinity.com/formmaker">
			<fm:xform_xpath>/mvc:eForm/mvc:Data/mvc:formData/mvc:CI_WRITTEN_RESPONSE_DUE_DT</fm:xform_xpath>
		</fm:action>
		<fm:action name="case_completedX" xmlns:fm="http://www.hyfinity.com/formmaker">
			<fm:xform_xpath>/mvc:eForm/mvc:Data/mvc:formData/mvc:CI_WRITTEN_RESPONSE_DUE_DT</fm:xform_xpath>
		</fm:action>
		<fm:action name="conduct_issue" xmlns:fm="http://www.hyfinity.com/formmaker">
			<fm:xform_xpath>/mvc:eForm/mvc:Data/mvc:formData/mvc:CI_WRITTEN_RESPONSE_DUE_DT</fm:xform_xpath>
		</fm:action>
	</element>
	<group name="removal_oral_presentation_group" />
	<group name="layout_group_26" />
	<group name="removal_written_response_group" />
	<element name="CI_REPRIMAND_ISSUE_DT">
		<fm:transform_xpath xmlns:fm="http://www.hyfinity.com/formmaker">/mvc:eForm/mvc:Data/mvc:formData/mvc:CI_REPRIMAND_ISSUE_DT</fm:transform_xpath>
		<fm:action name="initial_response" xmlns:fm="http://www.hyfinity.com/formmaker">
			<fm:xform_xpath>/mvc:eForm/mvc:Data/mvc:formData/mvc:CI_REPRIMAND_ISSUE_DT</fm:xform_xpath>
		</fm:action>
		<fm:action name="case_completedX" xmlns:fm="http://www.hyfinity.com/formmaker">
			<fm:xform_xpath>/mvc:eForm/mvc:Data/mvc:formData/mvc:CI_REPRIMAND_ISSUE_DT</fm:xform_xpath>
		</fm:action>
		<fm:action name="conduct_issue" xmlns:fm="http://www.hyfinity.com/formmaker">
			<fm:xform_xpath>/mvc:eForm/mvc:Data/mvc:formData/mvc:CI_REPRIMAND_ISSUE_DT</fm:xform_xpath>
		</fm:action>
	</element>
	<element name="REPRIMAND_APPEAL_DECISION">
		<fm:transform_xpath xmlns:fm="http://www.hyfinity.com/formmaker">/mvc:eForm/mvc:Data/mvc:formData/mvc:REPRIMAND_APPEAL_DECISION</fm:transform_xpath>
		<fm:action name="initial_response" xmlns:fm="http://www.hyfinity.com/formmaker">
			<fm:xform_xpath>/mvc:eForm/mvc:Data/mvc:formData/mvc:REPRIMAND_APPEAL_DECISION</fm:xform_xpath>
		</fm:action>
		<fm:action name="case_completedX" xmlns:fm="http://www.hyfinity.com/formmaker">
			<fm:xform_xpath>/mvc:eForm/mvc:Data/mvc:formData/mvc:REPRIMAND_APPEAL_DECISION</fm:xform_xpath>
		</fm:action>
		<fm:action name="conduct_issue" xmlns:fm="http://www.hyfinity.com/formmaker">
			<fm:xform_xpath>/mvc:eForm/mvc:Data/mvc:formData/mvc:REPRIMAND_APPEAL_DECISION</fm:xform_xpath>
		</fm:action>
	</element>
	<element name="CI_SUSP_PROP_ACTION_DT">
		<fm:transform_xpath xmlns:fm="http://www.hyfinity.com/formmaker">/mvc:eForm/mvc:Data/mvc:formData/mvc:CI_SUSP_PROP_ACTION_DT</fm:transform_xpath>
		<fm:action name="initial_response" xmlns:fm="http://www.hyfinity.com/formmaker">
			<fm:xform_xpath>/mvc:eForm/mvc:Data/mvc:formData/mvc:CI_SUSP_PROP_ACTION_DT</fm:xform_xpath>
		</fm:action>
		<fm:action name="case_completedX" xmlns:fm="http://www.hyfinity.com/formmaker">
			<fm:xform_xpath>/mvc:eForm/mvc:Data/mvc:formData/mvc:CI_SUSP_PROP_ACTION_DT</fm:xform_xpath>
		</fm:action>
		<fm:action name="conduct_issue" xmlns:fm="http://www.hyfinity.com/formmaker">
			<fm:xform_xpath>/mvc:eForm/mvc:Data/mvc:formData/mvc:CI_SUSP_PROP_ACTION_DT</fm:xform_xpath>
		</fm:action>
	</element>
	<group name="layout_group_28" />
	<group name="layout_group_30" />
	<group name="layout_group_29" />
	<element name="CI_SUSP_ORAL_PREZ_REQUESTED">
		<fm:transform_xpath xmlns:fm="http://www.hyfinity.com/formmaker">/mvc:eForm/mvc:Data/mvc:formData/mvc:CI_SUSP_ORAL_PREZ_REQUESTED</fm:transform_xpath>
		<fm:action name="initial_response" xmlns:fm="http://www.hyfinity.com/formmaker">
			<fm:xform_xpath>/mvc:eForm/mvc:Data/mvc:formData/mvc:CI_SUSP_ORAL_PREZ_REQUESTED</fm:xform_xpath>
		</fm:action>
		<fm:action name="case_completedX" xmlns:fm="http://www.hyfinity.com/formmaker">
			<fm:xform_xpath>/mvc:eForm/mvc:Data/mvc:formData/mvc:CI_SUSP_ORAL_PREZ_REQUESTED</fm:xform_xpath>
		</fm:action>
		<fm:action name="conduct_issue" xmlns:fm="http://www.hyfinity.com/formmaker">
			<fm:xform_xpath>/mvc:eForm/mvc:Data/mvc:formData/mvc:CI_SUSP_ORAL_PREZ_REQUESTED</fm:xform_xpath>
		</fm:action>
	</element>
	<element name="CI_SUSP_ORAL_PREZ_DT">
		<fm:transform_xpath xmlns:fm="http://www.hyfinity.com/formmaker">/mvc:eForm/mvc:Data/mvc:formData/mvc:CI_SUSP_ORAL_PREZ_DT</fm:transform_xpath>
		<fm:action name="initial_response" xmlns:fm="http://www.hyfinity.com/formmaker">
			<fm:xform_xpath>/mvc:eForm/mvc:Data/mvc:formData/mvc:CI_SUSP_ORAL_PREZ_DT</fm:xform_xpath>
		</fm:action>
		<fm:action name="case_completedX" xmlns:fm="http://www.hyfinity.com/formmaker">
			<fm:xform_xpath>/mvc:eForm/mvc:Data/mvc:formData/mvc:CI_SUSP_ORAL_PREZ_DT</fm:xform_xpath>
		</fm:action>
		<fm:action name="conduct_issue" xmlns:fm="http://www.hyfinity.com/formmaker">
			<fm:xform_xpath>/mvc:eForm/mvc:Data/mvc:formData/mvc:CI_SUSP_ORAL_PREZ_DT</fm:xform_xpath>
		</fm:action>
	</element>
	<group name="suspension_oral_presentation_group" />
	<element name="CI_SUSP_WRITTEN_RESP">
		<fm:transform_xpath xmlns:fm="http://www.hyfinity.com/formmaker">/mvc:eForm/mvc:Data/mvc:formData/mvc:CI_SUSP_WRITTEN_RESP</fm:transform_xpath>
		<fm:action name="initial_response" xmlns:fm="http://www.hyfinity.com/formmaker">
			<fm:xform_xpath>/mvc:eForm/mvc:Data/mvc:formData/mvc:CI_SUSP_WRITTEN_RESP</fm:xform_xpath>
		</fm:action>
		<fm:action name="case_completedX" xmlns:fm="http://www.hyfinity.com/formmaker">
			<fm:xform_xpath>/mvc:eForm/mvc:Data/mvc:formData/mvc:CI_SUSP_WRITTEN_RESP</fm:xform_xpath>
		</fm:action>
		<fm:action name="conduct_issue" xmlns:fm="http://www.hyfinity.com/formmaker">
			<fm:xform_xpath>/mvc:eForm/mvc:Data/mvc:formData/mvc:CI_SUSP_WRITTEN_RESP</fm:xform_xpath>
		</fm:action>
	</element>
	<element name="CI_SUSP_WRITTEN_RESP_DT">
		<fm:transform_xpath xmlns:fm="http://www.hyfinity.com/formmaker">/mvc:eForm/mvc:Data/mvc:formData/mvc:CI_SUSP_WRITTEN_RESP_DT</fm:transform_xpath>
		<fm:action name="initial_response" xmlns:fm="http://www.hyfinity.com/formmaker">
			<fm:xform_xpath>/mvc:eForm/mvc:Data/mvc:formData/mvc:CI_SUSP_WRITTEN_RESP_DT</fm:xform_xpath>
		</fm:action>
		<fm:action name="case_completedX" xmlns:fm="http://www.hyfinity.com/formmaker">
			<fm:xform_xpath>/mvc:eForm/mvc:Data/mvc:formData/mvc:CI_SUSP_WRITTEN_RESP_DT</fm:xform_xpath>
		</fm:action>
		<fm:action name="conduct_issue" xmlns:fm="http://www.hyfinity.com/formmaker">
			<fm:xform_xpath>/mvc:eForm/mvc:Data/mvc:formData/mvc:CI_SUSP_WRITTEN_RESP_DT</fm:xform_xpath>
		</fm:action>
	</element>
	<element name="CI_SUSP_WRITTEN_RESP_DUE_DT">
		<fm:transform_xpath xmlns:fm="http://www.hyfinity.com/formmaker">/mvc:eForm/mvc:Data/mvc:formData/mvc:CI_SUSP_WRITTEN_RESP_DUE_DT</fm:transform_xpath>
		<fm:action name="initial_response" xmlns:fm="http://www.hyfinity.com/formmaker">
			<fm:xform_xpath>/mvc:eForm/mvc:Data/mvc:formData/mvc:CI_SUSP_WRITTEN_RESP_DUE_DT</fm:xform_xpath>
		</fm:action>
		<fm:action name="case_completedX" xmlns:fm="http://www.hyfinity.com/formmaker">
			<fm:xform_xpath>/mvc:eForm/mvc:Data/mvc:formData/mvc:CI_SUSP_WRITTEN_RESP_DUE_DT</fm:xform_xpath>
		</fm:action>
		<fm:action name="conduct_issue" xmlns:fm="http://www.hyfinity.com/formmaker">
			<fm:xform_xpath>/mvc:eForm/mvc:Data/mvc:formData/mvc:CI_SUSP_WRITTEN_RESP_DUE_DT</fm:xform_xpath>
		</fm:action>
	</element>
	<group name="suspension_written_response_group" />
	<element name="CI_SUSPENTION_TYPE">
		<fm:transform_xpath xmlns:fm="http://www.hyfinity.com/formmaker">/mvc:eForm/mvc:Data/mvc:formData/mvc:CI_SUSPENTION_TYPE</fm:transform_xpath>
		<fm:action name="initial_response" xmlns:fm="http://www.hyfinity.com/formmaker">
			<fm:xform_xpath>/mvc:eForm/mvc:Data/mvc:formData/mvc:CI_SUSPENTION_TYPE</fm:xform_xpath>
		</fm:action>
		<fm:action name="case_completedX" xmlns:fm="http://www.hyfinity.com/formmaker">
			<fm:xform_xpath>/mvc:eForm/mvc:Data/mvc:formData/mvc:CI_SUSPENTION_TYPE</fm:xform_xpath>
		</fm:action>
		<fm:action name="conduct_issue" xmlns:fm="http://www.hyfinity.com/formmaker">
			<fm:xform_xpath>/mvc:eForm/mvc:Data/mvc:formData/mvc:CI_SUSPENTION_TYPE</fm:xform_xpath>
		</fm:action>
	</element>
	<element name="CI_SUSP_APPEAL_DECISION">
		<fm:transform_xpath xmlns:fm="http://www.hyfinity.com/formmaker">/mvc:eForm/mvc:Data/mvc:formData/mvc:CI_SUSP_APPEAL_DECISION</fm:transform_xpath>
		<fm:action name="initial_response" xmlns:fm="http://www.hyfinity.com/formmaker">
			<fm:xform_xpath>/mvc:eForm/mvc:Data/mvc:formData/mvc:CI_SUSP_APPEAL_DECISION</fm:xform_xpath>
		</fm:action>
		<fm:action name="case_completedX" xmlns:fm="http://www.hyfinity.com/formmaker">
			<fm:xform_xpath>/mvc:eForm/mvc:Data/mvc:formData/mvc:CI_SUSP_APPEAL_DECISION</fm:xform_xpath>
		</fm:action>
		<fm:action name="conduct_issue" xmlns:fm="http://www.hyfinity.com/formmaker">
			<fm:xform_xpath>/mvc:eForm/mvc:Data/mvc:formData/mvc:CI_SUSP_APPEAL_DECISION</fm:xform_xpath>
		</fm:action>
	</element>
	<element name="CI_SUSP_DECISION_ISSUED_DT">
		<transform_xpath>enter_xpath_here</transform_xpath>
		<fm:action name="initial_response" xmlns:fm="http://www.hyfinity.com/formmaker">
			<xform_xpath>enter_xpath_here</xform_xpath>
		</fm:action>
		<fm:action name="case_completedX" xmlns:fm="http://www.hyfinity.com/formmaker">
			<xform_xpath>enter_xpath_here</xform_xpath>
		</fm:action>
		<fm:action name="conduct_issue" xmlns:fm="http://www.hyfinity.com/formmaker">
			<xform_xpath>enter_xpath_here</xform_xpath>
		</fm:action>
	</element>
	<element name="CI_SUSP_DECIDING_OFFCL_NAME">
		<transform_xpath>enter_xpath_here</transform_xpath>
		<fm:action name="initial_response" xmlns:fm="http://www.hyfinity.com/formmaker">
			<xform_xpath>enter_xpath_here</xform_xpath>
		</fm:action>
		<fm:action name="case_completedX" xmlns:fm="http://www.hyfinity.com/formmaker">
			<xform_xpath>enter_xpath_here</xform_xpath>
		</fm:action>
		<fm:action name="conduct_issue" xmlns:fm="http://www.hyfinity.com/formmaker">
			<xform_xpath>enter_xpath_here</xform_xpath>
		</fm:action>
	</element>
	<group name="action_Termination_group" />
	<group name="layout_group_33" />
	<group name="layout_group_34" />
	<group name="pre_emp_termination_oral_presentation_group" />
	<group name="layout_group_35" />
	<group name="pre_emp_termination_response_group" />
	<element name="CI_TERM_DECISION_ISSUED_DT">
		<fm:transform_xpath xmlns:fm="http://www.hyfinity.com/formmaker">/mvc:eForm/mvc:Data/mvc:formData/mvc:CI_TERM_DECISION_ISSUED_DT</fm:transform_xpath>
		<fm:action name="initial_response" xmlns:fm="http://www.hyfinity.com/formmaker">
			<xform_xpath>enter_xpath_here</xform_xpath>
		</fm:action>
		<fm:action name="case_completedX" xmlns:fm="http://www.hyfinity.com/formmaker">
			<xform_xpath>enter_xpath_here</xform_xpath>
		</fm:action>
		<fm:action name="conduct_issue" xmlns:fm="http://www.hyfinity.com/formmaker">
			<xform_xpath>enter_xpath_here</xform_xpath>
		</fm:action>
	</element>
	<element name="CI_TERM_DECIDING_OFFCL_NAME">
		<fm:transform_xpath xmlns:fm="http://www.hyfinity.com/formmaker">/mvc:eForm/mvc:Data/mvc:formData/mvc:CI_TERM_DECIDING_OFFCL_NAME</fm:transform_xpath>
		<fm:action name="initial_response" xmlns:fm="http://www.hyfinity.com/formmaker">
			<xform_xpath>enter_xpath_here</xform_xpath>
		</fm:action>
		<fm:action name="case_completedX" xmlns:fm="http://www.hyfinity.com/formmaker">
			<xform_xpath>enter_xpath_here</xform_xpath>
		</fm:action>
		<fm:action name="conduct_issue" xmlns:fm="http://www.hyfinity.com/formmaker">
			<xform_xpath>enter_xpath_here</xform_xpath>
		</fm:action>
	</element>
	<element name="CI_TERMINATION_TYPE">
		<fm:transform_xpath xmlns:fm="http://www.hyfinity.com/formmaker">/mvc:eForm/mvc:Data/mvc:formData/mvc:CI_TERMINATION_TYPE</fm:transform_xpath>
		<fm:action name="initial_response" xmlns:fm="http://www.hyfinity.com/formmaker">
			<fm:xform_xpath>/mvc:eForm/mvc:Data/mvc:formData/mvc:CI_TERMINATION_TYPE</fm:xform_xpath>
		</fm:action>
		<fm:action name="case_completedX" xmlns:fm="http://www.hyfinity.com/formmaker">
			<fm:xform_xpath>/mvc:eForm/mvc:Data/mvc:formData/mvc:CI_TERMINATION_TYPE</fm:xform_xpath>
		</fm:action>
		<fm:action name="conduct_issue" xmlns:fm="http://www.hyfinity.com/formmaker">
			<fm:xform_xpath>/mvc:eForm/mvc:Data/mvc:formData/mvc:CI_TERMINATION_TYPE</fm:xform_xpath>
		</fm:action>
	</element>
	<element name="CI_TERM_PROP_ACTION_DT">
		<fm:transform_xpath xmlns:fm="http://www.hyfinity.com/formmaker">/mvc:eForm/mvc:Data/mvc:formData/mvc:CI_TERM_PROP_ACTION_DT</fm:transform_xpath>
		<fm:action name="initial_response" xmlns:fm="http://www.hyfinity.com/formmaker">
			<fm:xform_xpath>/mvc:eForm/mvc:Data/mvc:formData/mvc:CI_TERM_PROP_ACTION_DT</fm:xform_xpath>
		</fm:action>
		<fm:action name="case_completedX" xmlns:fm="http://www.hyfinity.com/formmaker">
			<fm:xform_xpath>/mvc:eForm/mvc:Data/mvc:formData/mvc:CI_TERM_PROP_ACTION_DT</fm:xform_xpath>
		</fm:action>
		<fm:action name="conduct_issue" xmlns:fm="http://www.hyfinity.com/formmaker">
			<fm:xform_xpath>/mvc:eForm/mvc:Data/mvc:formData/mvc:CI_TERM_PROP_ACTION_DT</fm:xform_xpath>
		</fm:action>
	</element>
	<element name="CI_TERM_ORAL_PREZ_REQUESTED">
		<fm:transform_xpath xmlns:fm="http://www.hyfinity.com/formmaker">/mvc:eForm/mvc:Data/mvc:formData/mvc:CI_TERM_ORAL_PREZ_REQUESTED</fm:transform_xpath>
		<fm:action name="initial_response" xmlns:fm="http://www.hyfinity.com/formmaker">
			<fm:xform_xpath>/mvc:eForm/mvc:Data/mvc:formData/mvc:CI_TERM_ORAL_PREZ_REQUESTED</fm:xform_xpath>
		</fm:action>
		<fm:action name="case_completedX" xmlns:fm="http://www.hyfinity.com/formmaker">
			<fm:xform_xpath>/mvc:eForm/mvc:Data/mvc:formData/mvc:CI_TERM_ORAL_PREZ_REQUESTED</fm:xform_xpath>
		</fm:action>
		<fm:action name="conduct_issue" xmlns:fm="http://www.hyfinity.com/formmaker">
			<fm:xform_xpath>/mvc:eForm/mvc:Data/mvc:formData/mvc:CI_TERM_ORAL_PREZ_REQUESTED</fm:xform_xpath>
		</fm:action>
	</element>
	<element name="CI_TERM_ORAL_PREZ_DT">
		<fm:transform_xpath xmlns:fm="http://www.hyfinity.com/formmaker">/mvc:eForm/mvc:Data/mvc:formData/mvc:CI_TERM_ORAL_PREZ_DT</fm:transform_xpath>
		<fm:action name="initial_response" xmlns:fm="http://www.hyfinity.com/formmaker">
			<fm:xform_xpath>/mvc:eForm/mvc:Data/mvc:formData/mvc:CI_TERM_ORAL_PREZ_DT</fm:xform_xpath>
		</fm:action>
		<fm:action name="case_completedX" xmlns:fm="http://www.hyfinity.com/formmaker">
			<fm:xform_xpath>/mvc:eForm/mvc:Data/mvc:formData/mvc:CI_TERM_ORAL_PREZ_DT</fm:xform_xpath>
		</fm:action>
		<fm:action name="conduct_issue" xmlns:fm="http://www.hyfinity.com/formmaker">
			<fm:xform_xpath>/mvc:eForm/mvc:Data/mvc:formData/mvc:CI_TERM_ORAL_PREZ_DT</fm:xform_xpath>
		</fm:action>
	</element>
	<element name="CI_TERM_WRITTEN_RESP">
		<fm:transform_xpath xmlns:fm="http://www.hyfinity.com/formmaker">/mvc:eForm/mvc:Data/mvc:formData/mvc:CI_TERM_WRITTEN_RESP</fm:transform_xpath>
		<fm:action name="initial_response" xmlns:fm="http://www.hyfinity.com/formmaker">
			<fm:xform_xpath>/mvc:eForm/mvc:Data/mvc:formData/mvc:CI_TERM_WRITTEN_RESP</fm:xform_xpath>
		</fm:action>
		<fm:action name="case_completedX" xmlns:fm="http://www.hyfinity.com/formmaker">
			<fm:xform_xpath>/mvc:eForm/mvc:Data/mvc:formData/mvc:CI_TERM_WRITTEN_RESP</fm:xform_xpath>
		</fm:action>
		<fm:action name="conduct_issue" xmlns:fm="http://www.hyfinity.com/formmaker">
			<fm:xform_xpath>/mvc:eForm/mvc:Data/mvc:formData/mvc:CI_TERM_WRITTEN_RESP</fm:xform_xpath>
		</fm:action>
	</element>
	<element name="CI_TERM_WRITTEN_RESP_DT">
		<fm:transform_xpath xmlns:fm="http://www.hyfinity.com/formmaker">/mvc:eForm/mvc:Data/mvc:formData/mvc:CI_TERM_WRITTEN_RESP_DT</fm:transform_xpath>
		<fm:action name="initial_response" xmlns:fm="http://www.hyfinity.com/formmaker">
			<fm:xform_xpath>/mvc:eForm/mvc:Data/mvc:formData/mvc:CI_TERM_WRITTEN_RESP_DT</fm:xform_xpath>
		</fm:action>
		<fm:action name="case_completedX" xmlns:fm="http://www.hyfinity.com/formmaker">
			<fm:xform_xpath>/mvc:eForm/mvc:Data/mvc:formData/mvc:CI_TERM_WRITTEN_RESP_DT</fm:xform_xpath>
		</fm:action>
		<fm:action name="conduct_issue" xmlns:fm="http://www.hyfinity.com/formmaker">
			<fm:xform_xpath>/mvc:eForm/mvc:Data/mvc:formData/mvc:CI_TERM_WRITTEN_RESP_DT</fm:xform_xpath>
		</fm:action>
	</element>
	<element name="CI_TERM_WRITTEN_RESP_DUE_DT">
		<fm:transform_xpath xmlns:fm="http://www.hyfinity.com/formmaker">/mvc:eForm/mvc:Data/mvc:formData/mvc:CI_TERM_WRITTEN_RESP_DUE_DT</fm:transform_xpath>
		<fm:action name="initial_response" xmlns:fm="http://www.hyfinity.com/formmaker">
			<fm:xform_xpath>/mvc:eForm/mvc:Data/mvc:formData/mvc:CI_TERM_WRITTEN_RESP_DUE_DT</fm:xform_xpath>
		</fm:action>
		<fm:action name="case_completedX" xmlns:fm="http://www.hyfinity.com/formmaker">
			<fm:xform_xpath>/mvc:eForm/mvc:Data/mvc:formData/mvc:CI_TERM_WRITTEN_RESP_DUE_DT</fm:xform_xpath>
		</fm:action>
		<fm:action name="conduct_issue" xmlns:fm="http://www.hyfinity.com/formmaker">
			<fm:xform_xpath>/mvc:eForm/mvc:Data/mvc:formData/mvc:CI_TERM_WRITTEN_RESP_DUE_DT</fm:xform_xpath>
		</fm:action>
	</element>
	<element name="CI_TERM_APPEAL_DECISION">
		<fm:transform_xpath xmlns:fm="http://www.hyfinity.com/formmaker">/mvc:eForm/mvc:Data/mvc:formData/mvc:CI_TERM_APPEAL_DECISION</fm:transform_xpath>
		<fm:action name="initial_response" xmlns:fm="http://www.hyfinity.com/formmaker">
			<fm:xform_xpath>/mvc:eForm/mvc:Data/mvc:formData/mvc:CI_TERM_APPEAL_DECISION</fm:xform_xpath>
		</fm:action>
		<fm:action name="case_completedX" xmlns:fm="http://www.hyfinity.com/formmaker">
			<fm:xform_xpath>/mvc:eForm/mvc:Data/mvc:formData/mvc:CI_TERM_APPEAL_DECISION</fm:xform_xpath>
		</fm:action>
		<fm:action name="conduct_issue" xmlns:fm="http://www.hyfinity.com/formmaker">
			<fm:xform_xpath>/mvc:eForm/mvc:Data/mvc:formData/mvc:CI_TERM_APPEAL_DECISION</fm:xform_xpath>
		</fm:action>
	</element>
	<group name="termination_type_pre_employment_group" />
	<group name="layout_group_39" />
	<group name="layout_group_38" />
	<group name="termination_type_probation_group" />
	<group name="tt_3" />
	<element name="CI_PRE_PROBATION_TERMINATION_DECISION_ISSUED_DT">
		<fm:transform_xpath xmlns:fm="http://www.hyfinity.com/formmaker">/mvc:eForm/mvc:Data/mvc:formData/mvc:CI_PRE_PROBATION_TERMINATION_DECISION_ISSUED_DT</fm:transform_xpath>
		<fm:action name="initial_response" xmlns:fm="http://www.hyfinity.com/formmaker">
			<xform_xpath>enter_xpath_here</xform_xpath>
		</fm:action>
		<fm:action name="case_completedX" xmlns:fm="http://www.hyfinity.com/formmaker">
			<xform_xpath>enter_xpath_here</xform_xpath>
		</fm:action>
		<fm:action name="conduct_issue" xmlns:fm="http://www.hyfinity.com/formmaker">
			<xform_xpath>enter_xpath_here</xform_xpath>
		</fm:action>
	</element>
	<group name="termination_probation" />
	<element name="CI_PROBATION_CONDUCT">
		<fm:transform_xpath xmlns:fm="http://www.hyfinity.com/formmaker">/mvc:eForm/mvc:Data/mvc:formData/mvc:CI_PROBATION_CONDUCT</fm:transform_xpath>
		<fm:action name="initial_response" xmlns:fm="http://www.hyfinity.com/formmaker">
			<fm:xform_xpath>/mvc:eForm/mvc:Data/mvc:formData/mvc:CI_PROBATION_CONDUCT</fm:xform_xpath>
		</fm:action>
		<fm:action name="case_completedX" xmlns:fm="http://www.hyfinity.com/formmaker">
			<fm:xform_xpath>/mvc:eForm/mvc:Data/mvc:formData/mvc:CI_PROBATION_CONDUCT</fm:xform_xpath>
		</fm:action>
		<fm:action name="conduct_issue" xmlns:fm="http://www.hyfinity.com/formmaker">
			<fm:xform_xpath>/mvc:eForm/mvc:Data/mvc:formData/mvc:CI_PROBATION_CONDUCT</fm:xform_xpath>
		</fm:action>
	</element>
	<element name="CI_PROBATION_PERFORMANCE">
		<fm:transform_xpath xmlns:fm="http://www.hyfinity.com/formmaker">/mvc:eForm/mvc:Data/mvc:formData/mvc:CI_PROBATION_PERFORMANCE</fm:transform_xpath>
		<fm:action name="initial_response" xmlns:fm="http://www.hyfinity.com/formmaker">
			<fm:xform_xpath>/mvc:eForm/mvc:Data/mvc:formData/mvc:CI_PROBATION_PERFORMANCE</fm:xform_xpath>
		</fm:action>
		<fm:action name="case_completedX" xmlns:fm="http://www.hyfinity.com/formmaker">
			<fm:xform_xpath>/mvc:eForm/mvc:Data/mvc:formData/mvc:CI_PROBATION_PERFORMANCE</fm:xform_xpath>
		</fm:action>
		<fm:action name="conduct_issue" xmlns:fm="http://www.hyfinity.com/formmaker">
			<fm:xform_xpath>/mvc:eForm/mvc:Data/mvc:formData/mvc:CI_PROBATION_PERFORMANCE</fm:xform_xpath>
		</fm:action>
	</element>
	<element name="CI_APPROVAL_NAME_2">
		<fm:transform_xpath xmlns:fm="http://www.hyfinity.com/formmaker">/mvc:eForm/mvc:Data/mvc:formData/mvc:CI_APPROVAL_NAME_2</fm:transform_xpath>
		<fm:action name="initial_response" xmlns:fm="http://www.hyfinity.com/formmaker">
			<fm:xform_xpath>/mvc:eForm/mvc:Data/mvc:formData/mvc:CI_APPROVAL_NAME_2</fm:xform_xpath>
		</fm:action>
		<fm:action name="case_completedX" xmlns:fm="http://www.hyfinity.com/formmaker">
			<fm:xform_xpath>/mvc:eForm/mvc:Data/mvc:formData/mvc:CI_APPROVAL_NAME_2</fm:xform_xpath>
		</fm:action>
		<fm:action name="conduct_issue" xmlns:fm="http://www.hyfinity.com/formmaker">
			<fm:xform_xpath>/mvc:eForm/mvc:Data/mvc:formData/mvc:CI_APPROVAL_NAME_2</fm:xform_xpath>
		</fm:action>
	</element>
	<group name="admin_leave_investigatory_group1" />
	<group name="admin_leave_notice_group1" />
	<element name="admin_leave_clear">
		<fm:transform_xpath xmlns:fm="http://www.hyfinity.com/formmaker">/mvc:eForm/mvc:Data/mvc:formData/mvc:admin_leave_clear</fm:transform_xpath>
		<fm:action name="initial_response" xmlns:fm="http://www.hyfinity.com/formmaker">
			<fm:xform_xpath>/mvc:eForm/mvc:Data/mvc:formData/mvc:admin_leave_clear</fm:xform_xpath>
		</fm:action>
		<fm:action name="case_completedX" xmlns:fm="http://www.hyfinity.com/formmaker">
			<fm:xform_xpath>/mvc:eForm/mvc:Data/mvc:formData/mvc:admin_leave_clear</fm:xform_xpath>
		</fm:action>
		<fm:action name="conduct_issue" xmlns:fm="http://www.hyfinity.com/formmaker">
			<fm:xform_xpath>/mvc:eForm/mvc:Data/mvc:formData/mvc:admin_leave_clear</fm:xform_xpath>
		</fm:action>
	</element>
	<element name="admin_leave_ntc_clear">
		<fm:transform_xpath xmlns:fm="http://www.hyfinity.com/formmaker">/mvc:eForm/mvc:Data/mvc:formData/mvc:admin_leave_ntc_clear</fm:transform_xpath>
		<fm:action name="initial_response" xmlns:fm="http://www.hyfinity.com/formmaker">
			<fm:xform_xpath>/mvc:eForm/mvc:Data/mvc:formData/mvc:admin_leave_ntc_clear</fm:xform_xpath>
		</fm:action>
		<fm:action name="case_completedX" xmlns:fm="http://www.hyfinity.com/formmaker">
			<fm:xform_xpath>/mvc:eForm/mvc:Data/mvc:formData/mvc:admin_leave_ntc_clear</fm:xform_xpath>
		</fm:action>
		<fm:action name="conduct_issue" xmlns:fm="http://www.hyfinity.com/formmaker">
			<fm:xform_xpath>/mvc:eForm/mvc:Data/mvc:formData/mvc:admin_leave_ntc_clear</fm:xform_xpath>
		</fm:action>
	</element>
	<group name="reprimand_appeal_decision_group" />
	<group name="admin_leave_investigatory_group" />
	<group name="admin_leave_notice_group" />
	<group name="current_position_info" />
	<group name="proposed_pos_info" />
	<group name="final_post_info" />
	<group name="group_bordered" />
	<group name="x" />
	<group name="layout_group_7" />
	<element name="CI_CURRENT_ADMIN_CODE">
		<fm:transform_xpath xmlns:fm="http://www.hyfinity.com/formmaker">/mvc:eForm/mvc:Data/mvc:formData/mvc:CI_CURRENT_ADMIN_CODE</fm:transform_xpath>
		<fm:action name="initial_response" xmlns:fm="http://www.hyfinity.com/formmaker">
			<fm:xform_xpath>/mvc:eForm/mvc:Data/mvc:formData/mvc:CI_CURRENT_ADMIN_CODE</fm:xform_xpath>
		</fm:action>
		<fm:action name="case_completedX" xmlns:fm="http://www.hyfinity.com/formmaker">
			<fm:xform_xpath>/mvc:eForm/mvc:Data/mvc:formData/mvc:CI_CURRENT_ADMIN_CODE</fm:xform_xpath>
		</fm:action>
		<fm:action name="conduct_issue" xmlns:fm="http://www.hyfinity.com/formmaker">
			<fm:xform_xpath>/mvc:eForm/mvc:Data/mvc:formData/mvc:CI_CURRENT_ADMIN_CODE</fm:xform_xpath>
		</fm:action>
	</element>
	<group name="layout_group_11" />
	<group name="layout_group_14" />
	<group name="layout_group_15" />
	<group name="layout_group_23" />
	<element name="CI_ORAL_PREZ_REQUESTED">
		<fm:transform_xpath xmlns:fm="http://www.hyfinity.com/formmaker">/mvc:eForm/mvc:Data/mvc:formData/mvc:CI_ORAL_PREZ_REQUESTED</fm:transform_xpath>
		<fm:action name="initial_response" xmlns:fm="http://www.hyfinity.com/formmaker">
			<fm:xform_xpath>/mvc:eForm/mvc:Data/mvc:formData/mvc:CI_ORAL_PREZ_REQUESTED</fm:xform_xpath>
		</fm:action>
		<fm:action name="case_completedX" xmlns:fm="http://www.hyfinity.com/formmaker">
			<fm:xform_xpath>/mvc:eForm/mvc:Data/mvc:formData/mvc:CI_ORAL_PREZ_REQUESTED</fm:xform_xpath>
		</fm:action>
		<fm:action name="conduct_issue" xmlns:fm="http://www.hyfinity.com/formmaker">
			<fm:xform_xpath>/mvc:eForm/mvc:Data/mvc:formData/mvc:CI_ORAL_PREZ_REQUESTED</fm:xform_xpath>
		</fm:action>
	</element>
	<element name="CI_TERM_AGENCY_DECISION">
		<fm:transform_xpath xmlns:fm="http://www.hyfinity.com/formmaker">/mvc:eForm/mvc:Data/mvc:formData/mvc:CI_TERM_AGENCY_DECISION</fm:transform_xpath>
		<fm:action name="initial_response" xmlns:fm="http://www.hyfinity.com/formmaker">
			<fm:xform_xpath>/mvc:eForm/mvc:Data/mvc:formData/mvc:CI_TERM_AGENCY_DECISION</fm:xform_xpath>
		</fm:action>
		<fm:action name="case_completedX" xmlns:fm="http://www.hyfinity.com/formmaker">
			<fm:xform_xpath>/mvc:eForm/mvc:Data/mvc:formData/mvc:CI_TERM_AGENCY_DECISION</fm:xform_xpath>
		</fm:action>
		<fm:action name="conduct_issue" xmlns:fm="http://www.hyfinity.com/formmaker">
			<fm:xform_xpath>/mvc:eForm/mvc:Data/mvc:formData/mvc:CI_TERM_AGENCY_DECISION</fm:xform_xpath>
		</fm:action>
	</element>
	<group name="layout_group_27" />
	<group name="layout_group_31" />
	<element name="CI_TERM_EFFECTIVE_DECISION_DT">
		<fm:transform_xpath xmlns:fm="http://www.hyfinity.com/formmaker">/mvc:eForm/mvc:Data/mvc:formData/mvc:CI_TERM_EFFECTIVE_DECISION_DT</fm:transform_xpath>
		<fm:action name="initial_response" xmlns:fm="http://www.hyfinity.com/formmaker">
			<fm:xform_xpath>/mvc:eForm/mvc:Data/mvc:formData/mvc:CI_TERM_EFFECTIVE_DECISION_DT</fm:xform_xpath>
		</fm:action>
		<fm:action name="case_completedX" xmlns:fm="http://www.hyfinity.com/formmaker">
			<fm:xform_xpath>/mvc:eForm/mvc:Data/mvc:formData/mvc:CI_TERM_EFFECTIVE_DECISION_DT</fm:xform_xpath>
		</fm:action>
		<fm:action name="conduct_issue" xmlns:fm="http://www.hyfinity.com/formmaker">
			<fm:xform_xpath>/mvc:eForm/mvc:Data/mvc:formData/mvc:CI_TERM_EFFECTIVE_DECISION_DT</fm:xform_xpath>
		</fm:action>
	</element>
	<group name="layout_group_32" />
	<element name="CI_SUSP_FINAL_AGENCY_DECISION">
		<fm:transform_xpath xmlns:fm="http://www.hyfinity.com/formmaker">/mvc:eForm/mvc:Data/mvc:formData/mvc:CI_SUSP_FINAL_AGENCY_DECISION</fm:transform_xpath>
		<fm:action name="initial_response" xmlns:fm="http://www.hyfinity.com/formmaker">
			<fm:xform_xpath>/mvc:eForm/mvc:Data/mvc:formData/mvc:CI_SUSP_FINAL_AGENCY_DECISION</fm:xform_xpath>
		</fm:action>
		<fm:action name="case_completedX" xmlns:fm="http://www.hyfinity.com/formmaker">
			<fm:xform_xpath>/mvc:eForm/mvc:Data/mvc:formData/mvc:CI_SUSP_FINAL_AGENCY_DECISION</fm:xform_xpath>
		</fm:action>
		<fm:action name="conduct_issue" xmlns:fm="http://www.hyfinity.com/formmaker">
			<fm:xform_xpath>/mvc:eForm/mvc:Data/mvc:formData/mvc:CI_SUSP_FINAL_AGENCY_DECISION</fm:xform_xpath>
		</fm:action>
	</element>
	<group name="layout_group_36" />
	<group name="layout_group_37" />
	<group name="layout_group_41" />
	<element name="CI_SUSP_EFFECTIVE_DECISION_DT">
		<fm:transform_xpath xmlns:fm="http://www.hyfinity.com/formmaker">/mvc:eForm/mvc:Data/mvc:formData/mvc:CI_SUSP_EFFECTIVE_DECISION_DT</fm:transform_xpath>
		<fm:action name="initial_response" xmlns:fm="http://www.hyfinity.com/formmaker">
			<fm:xform_xpath>/mvc:eForm/mvc:Data/mvc:formData/mvc:CI_SUSP_EFFECTIVE_DECISION_DT</fm:xform_xpath>
		</fm:action>
		<fm:action name="case_completedX" xmlns:fm="http://www.hyfinity.com/formmaker">
			<fm:xform_xpath>/mvc:eForm/mvc:Data/mvc:formData/mvc:CI_SUSP_EFFECTIVE_DECISION_DT</fm:xform_xpath>
		</fm:action>
		<fm:action name="conduct_issue" xmlns:fm="http://www.hyfinity.com/formmaker">
			<fm:xform_xpath>/mvc:eForm/mvc:Data/mvc:formData/mvc:CI_SUSP_EFFECTIVE_DECISION_DT</fm:xform_xpath>
		</fm:action>
	</element>
	<element name="CI_RMVL_FINAL_AGENCY_DECISION">
		<fm:transform_xpath xmlns:fm="http://www.hyfinity.com/formmaker">/mvc:eForm/mvc:Data/mvc:formData/mvc:CI_RMVL_FINAL_AGENCY_DECISION</fm:transform_xpath>
		<fm:action name="initial_response" xmlns:fm="http://www.hyfinity.com/formmaker">
			<fm:xform_xpath>/mvc:eForm/mvc:Data/mvc:formData/mvc:CI_RMVL_FINAL_AGENCY_DECISION</fm:xform_xpath>
		</fm:action>
		<fm:action name="case_completedX" xmlns:fm="http://www.hyfinity.com/formmaker">
			<fm:xform_xpath>/mvc:eForm/mvc:Data/mvc:formData/mvc:CI_RMVL_FINAL_AGENCY_DECISION</fm:xform_xpath>
		</fm:action>
		<fm:action name="conduct_issue" xmlns:fm="http://www.hyfinity.com/formmaker">
			<fm:xform_xpath>/mvc:eForm/mvc:Data/mvc:formData/mvc:CI_RMVL_FINAL_AGENCY_DECISION</fm:xform_xpath>
		</fm:action>
	</element>
	<group name="layout_group_43" />
	<group name="layout_group_44" />
	<element name="CI_APPROVAL_NAME">
		<fm:transform_xpath xmlns:fm="http://www.hyfinity.com/formmaker">/mvc:eForm/mvc:Data/mvc:formData/mvc:CI_APPROVAL_NAME</fm:transform_xpath>
		<fm:action name="initial_response" xmlns:fm="http://www.hyfinity.com/formmaker">
			<fm:xform_xpath>/mvc:eForm/mvc:Data/mvc:formData/mvc:CI_APPROVAL_NAME</fm:xform_xpath>
		</fm:action>
		<fm:action name="case_completedX" xmlns:fm="http://www.hyfinity.com/formmaker">
			<fm:xform_xpath>/mvc:eForm/mvc:Data/mvc:formData/mvc:CI_APPROVAL_NAME</fm:xform_xpath>
		</fm:action>
		<fm:action name="conduct_issue" xmlns:fm="http://www.hyfinity.com/formmaker">
			<fm:xform_xpath>/mvc:eForm/mvc:Data/mvc:formData/mvc:CI_APPROVAL_NAME</fm:xform_xpath>
		</fm:action>
	</element>
	<group name="layout_group_45" />
	<element name="CI_DEMO_FINAL_AGENCY_DECISION">
		<fm:transform_xpath xmlns:fm="http://www.hyfinity.com/formmaker">/mvc:eForm/mvc:Data/mvc:formData/mvc:CI_DEMO_FINAL_AGENCY_DECISION</fm:transform_xpath>
		<fm:action name="initial_response" xmlns:fm="http://www.hyfinity.com/formmaker">
			<fm:xform_xpath>/mvc:eForm/mvc:Data/mvc:formData/mvc:CI_DEMO_FINAL_AGENCY_DECISION</fm:xform_xpath>
		</fm:action>
		<fm:action name="case_completedX" xmlns:fm="http://www.hyfinity.com/formmaker">
			<fm:xform_xpath>/mvc:eForm/mvc:Data/mvc:formData/mvc:CI_DEMO_FINAL_AGENCY_DECISION</fm:xform_xpath>
		</fm:action>
		<fm:action name="conduct_issue" xmlns:fm="http://www.hyfinity.com/formmaker">
			<fm:xform_xpath>/mvc:eForm/mvc:Data/mvc:formData/mvc:CI_DEMO_FINAL_AGENCY_DECISION</fm:xform_xpath>
		</fm:action>
	</element>
	<group name="layout_group_46" />
	<element name="CI_DEMO_FINAL_AGENCY_EFF_DT">
		<fm:transform_xpath xmlns:fm="http://www.hyfinity.com/formmaker">/mvc:eForm/mvc:Data/mvc:formData/mvc:CI_DEMO_FINAL_AGENCY_EFF_DT</fm:transform_xpath>
		<fm:action name="initial_response" xmlns:fm="http://www.hyfinity.com/formmaker">
			<fm:xform_xpath>/mvc:eForm/mvc:Data/mvc:formData/mvc:CI_DEMO_FINAL_AGENCY_EFF_DT</fm:xform_xpath>
		</fm:action>
		<fm:action name="case_completedX" xmlns:fm="http://www.hyfinity.com/formmaker">
			<fm:xform_xpath>/mvc:eForm/mvc:Data/mvc:formData/mvc:CI_DEMO_FINAL_AGENCY_EFF_DT</fm:xform_xpath>
		</fm:action>
		<fm:action name="conduct_issue" xmlns:fm="http://www.hyfinity.com/formmaker">
			<fm:xform_xpath>/mvc:eForm/mvc:Data/mvc:formData/mvc:CI_DEMO_FINAL_AGENCY_EFF_DT</fm:xform_xpath>
		</fm:action>
	</element>
	<element name="CI_RE_ASSIGNMENT_CURR_ORG">
		<fm:transform_xpath xmlns:fm="http://www.hyfinity.com/formmaker">/mvc:eForm/mvc:Data/mvc:formData/mvc:CI_RE_ASSIGNMENT_CURR_ORG</fm:transform_xpath>
		<fm:action name="initial_response" xmlns:fm="http://www.hyfinity.com/formmaker">
			<fm:xform_xpath>/mvc:eForm/mvc:Data/mvc:formData/mvc:CI_RE_ASSIGNMENT_CURR_ORG</fm:xform_xpath>
		</fm:action>
		<fm:action name="case_completedX" xmlns:fm="http://www.hyfinity.com/formmaker">
			<fm:xform_xpath>/mvc:eForm/mvc:Data/mvc:formData/mvc:CI_RE_ASSIGNMENT_CURR_ORG</fm:xform_xpath>
		</fm:action>
		<fm:action name="conduct_issue" xmlns:fm="http://www.hyfinity.com/formmaker">
			<fm:xform_xpath>/mvc:eForm/mvc:Data/mvc:formData/mvc:CI_RE_ASSIGNMENT_CURR_ORG</fm:xform_xpath>
		</fm:action>
	</element>
	<element name="CI_RE_ASSIGNMENT_FINAL_ORG">
		<fm:transform_xpath xmlns:fm="http://www.hyfinity.com/formmaker">/mvc:eForm/mvc:Data/mvc:formData/mvc:CI_RE_ASSIGNMENT_FINAL_ORG</fm:transform_xpath>
		<fm:action name="initial_response" xmlns:fm="http://www.hyfinity.com/formmaker">
			<fm:xform_xpath>/mvc:eForm/mvc:Data/mvc:formData/mvc:CI_RE_ASSIGNMENT_FINAL_ORG</fm:xform_xpath>
		</fm:action>
		<fm:action name="case_completedX" xmlns:fm="http://www.hyfinity.com/formmaker">
			<fm:xform_xpath>/mvc:eForm/mvc:Data/mvc:formData/mvc:CI_RE_ASSIGNMENT_FINAL_ORG</fm:xform_xpath>
		</fm:action>
		<fm:action name="conduct_issue" xmlns:fm="http://www.hyfinity.com/formmaker">
			<fm:xform_xpath>/mvc:eForm/mvc:Data/mvc:formData/mvc:CI_RE_ASSIGNMENT_FINAL_ORG</fm:xform_xpath>
		</fm:action>
	</element>
	<group name="layout_group_47" />
	<group name="layout_group_13" />
</xforms>
