<?xml version="1.0" encoding="UTF-8"?>
<inputControl exportedWithPermissions="false">
    <folder>/organizations/organization_1/Input_Controls/CMS/Primary_Specialist_Workload_Dashboard</folder>
    <name>Primary_Specialists</name>
    <version>0</version>
    <label>Primary_Specialists</label>
    <description>List of Primary Specialists handling ER or LR cases</description>
    <creationDate>2019-04-30T15:28:46.000-04:00</creationDate>
    <updateDate>2019-04-30T15:28:46.000-04:00</updateDate>
    <type>4</type>
    <mandatory>false</mandatory>
    <readOnly>false</readOnly>
    <visible>true</visible>
    <query>
        <localResource
            xmlns:xsi="http://www.w3.org/2001/XMLSchema-instance"
            exportedWithPermissions="false" xsi:type="query">
            <folder>/organizations/organization_1/Input_Controls/CMS/Primary_Specialist_Workload_Dashboard/Primary_Specialists_files</folder>
            <name>Query</name>
            <version>0</version>
            <label>Query</label>
            <creationDate>2019-04-30T15:28:46.000-04:00</creationDate>
            <updateDate>2019-04-30T15:28:46.000-04:00</updateDate>
            <language>sql</language>
            <queryString> SELECT DISTINCT
      VWERLR.GEN_PRIMARY_SPECIALIST_NAME AS PRIMARY_SPECIALIST
    FROM HHS_CMS_HR.VW_ERLR_GEN VWERLR
    WHERE   UPPER(NVL(VWERLR.CANCEL_REASON,'X')) NOT IN ('CASE OPENED IN ERROR', 'DUPLICATE CASE')
    AND  (( --ER cases
       ( UPPER( VWERLR.GEN_CASE_TYPE ) LIKE '%' || UPPER('Conduct Issue') || '%' )
    OR ( UPPER( VWERLR.GEN_CASE_TYPE ) LIKE '%' || UPPER('Investigation') || '%' )
    OR ( UPPER( VWERLR.GEN_CASE_TYPE ) LIKE '%' || UPPER('Medical Documentation') || '%')
    OR ( UPPER( VWERLR.GEN_CASE_TYPE ) LIKE '%' || UPPER('Performance Issue') || '%' )
    OR ( UPPER( VWERLR.GEN_CASE_TYPE ) LIKE '%' || UPPER('Probationary Period') || '%' )
    OR ( UPPER( VWERLR.GEN_CASE_TYPE ) LIKE '%' || UPPER('Within Grade Increase Denial/Reconsideration') || '%' )
    OR ( UPPER( VWERLR.GEN_CASE_TYPE ) LIKE '%' || UPPER('Third Party Hearing') || '%' AND VWERLR.THRD_PRTY_APPEAL_TYPE = 'MSPB' )
    )    

    OR ( --LR cases
       UPPER(VWERLR.GEN_CASE_TYPE ) LIKE '%' || UPPER('Labor Negotiation') || '%' 
    OR UPPER( VWERLR.GEN_CASE_TYPE ) LIKE '%' || UPPER('Grievance') || '%' 
    OR UPPER( VWERLR.GEN_CASE_TYPE ) LIKE '%' || UPPER('Information Request') || '%' 
    OR UPPER( VWERLR.GEN_CASE_TYPE ) LIKE '%' || UPPER('Unfair Labor Practice') || '%' 
    OR (UPPER( VWERLR.GEN_CASE_TYPE ) LIKE '%' || UPPER('Third Party Hearing') || '%' 
    AND ( VWERLR.THRD_PRTY_APPEAL_TYPE = 'Arbitration' 
       OR VWERLR.THRD_PRTY_APPEAL_TYPE = 'FLRA'
       OR VWERLR.THRD_PRTY_APPEAL_TYPE = 'FSIP'
       OR VWERLR.THRD_PRTY_APPEAL_TYPE = 'Grievance'
       ))
    ))

ORDER BY PRIMARY_SPECIALIST;</queryString>
            <dataSource>
                <uri>/organizations/organization_1/datasources/BizFlow_Data_Source</uri>
            </dataSource>
        </localResource>
    </query>
    <queryVisibleColumn>PRIMARY_SPECIALIST</queryVisibleColumn>
    <queryValueColumn>GEN_PRIMARY_SPECIALIST_NAME</queryValueColumn>
</inputControl>
