<?xml version="1.0" encoding="UTF-8"?>
<eForm xmlns="http://www.hyfinity.com/mvc" xmlns:mvc="http://www.hyfinity.com/mvc">
	<Control>
		<action>information_request</action>
		<Page />
		<Controller />
	</Control>
	<Data>
		<formData>
			<sessioninfo />
			<procid />
			<actseq />
			<workseq />
			<appseq />
			<isarchive />
			<readOnly />
			<IR_CMS_REQUESTER_NAME />
			<IR_PROVIDE_DT_LIST />
			<_IR_PROVIDE_DT />
			<table_field1 />
			<table_field2 />
			<IR_DENIAL_NOTICE_DT_LIST />
			<_IR_DENIAL_NOTICE_DT />
			<_IR_DENIAL_NOTICE_REASON />
		</formData>
	</Data>
</eForm>
