<?xml version="1.0" encoding="UTF-8"?>
<inputControl exportedWithPermissions="false">
    <folder>/organizations/organization_1/Input_Controls/CMS/ERLR_Dashboard</folder>
    <name>INC_SUBORG</name>
    <version>11</version>
    <label>Include Suborgs?</label>
    <creationDate>2019-02-28T15:50:17.000-05:00</creationDate>
    <updateDate>2019-07-10T11:16:24.000-04:00</updateDate>
    <type>3</type>
    <mandatory>true</mandatory>
    <readOnly>false</readOnly>
    <visible>true</visible>
    <listOfValues>
        <localResource
            xmlns:xsi="http://www.w3.org/2001/XMLSchema-instance"
            exportedWithPermissions="false" xsi:type="listOfValues">
            <folder>/organizations/organization_1/Input_Controls/CMS/ERLR_Dashboard/INC_SUBORG_files</folder>
            <name>INC_SUBORG</name>
            <version>2</version>
            <label>INC_SUBORG</label>
            <creationDate>2019-03-21T15:52:53.000-04:00</creationDate>
            <updateDate>2019-03-21T15:52:53.000-04:00</updateDate>
            <item>
                <itemLabel>Yes</itemLabel>
                <itemValue xmlns:java="http://java.sun.com" xsi:type="java:java.lang.String">Yes</itemValue>
            </item>
            <item>
                <itemLabel>No</itemLabel>
                <itemValue xmlns:java="http://java.sun.com" xsi:type="java:java.lang.String">No</itemValue>
            </item>
        </localResource>
    </listOfValues>
</inputControl>
