<?xml version="1.0" encoding="UTF-8"?>
<fm:structure xmlns:fm="http://www.hyfinity.com/formmaker">
	<form_details xmlns="http://www.hyfinity.com/formmaker">
		<error_highlight_method alert="false" as_you_type="true" validation_mode="all">bubble</error_highlight_method>
		<hint_display_method>tooltip</hint_display_method>
		<top_level_message class="topLevelMessage" required="false" style="" />
		<mark_mandatory class="mandatory" location="after_label" required="true" style=""> * </mark_mandatory>
		<description>Enter a description.</description>
		<page_background_style class="" style="" />
		<page_content_style class="" style="" />
		<page_events>
			<events>
				<fm:event id="onbeforeload">
					<fm:action id="FunctionCall">
						<fm:param name="Function" option="Static" value="require" />
						<fm:param name="Parameters" option="Script" value="[&quot;dijit/form/NumberTextBox&quot;]" />
					</fm:action>
				</fm:event>
			</events>
		</page_events>
	</form_details>
	<fm:group border_styling="false" compatability="false" conditional_display="false" control_field="" control_field_value="" fieldset="false" gen_method="layout" hide="false" label_position="left" name="position_group" submit_if_hidden="true">
		<label class="label" options="static" position="outside_group" position_override="top" required="false" style="" type="static" value="Layout Group" xmlns="http://www.hyfinity.com/formmaker">
			<container class="groupLabelBackground" options="static" style="">
				<content_alignment distribution="vertical" />
			</container>
		</label>
		<fm:style class="" options="static" style="" />
		<fm:content_alignment distribution="vertical" halign="left" valign="top" />
		<fm:sizing height="fit_to_content" width="fully_expand" />
		<fm:palette_ref control="Layout Group" />
		<fm:group border_styling="false" compatability="false" fieldset="false" gen_method="layout" hide="false" label_position="left" name="layout_group_9" submit_if_hidden="true">
			<fm:label class="label" options="static" position="outside_group" position_override="top" required="false" style="" type="static" value="Layout Group">
				<fm:container class="groupLabelBackground" options="static" style="" />
			</fm:label>
			<style class="" options="static" style="" xmlns="http://www.hyfinity.com/formmaker" />
			<fm:content_alignment distribution="vertical" halign="left" valign="top" />
			<fm:sizing height="fit_to_content" width="fully_expand" />
			<fm:palette_ref control="Layout Group" />
			<fm:custom name="custom_control" type="custom">
				<fm:code>
					<div class="controlRow" xmlns="">
						<span class="labelBackground labelControl expandWidth">
							<label class="label require-field-note" tabindex="0">All fields marked with an asterisk are required</label>
						</span>
					</div>
				</fm:code>
				<fm:description />
				<fm:palette_ref control="Custom" />
			</fm:custom>
		</fm:group>
		<fm:group border_styling="false" compatability="false" fieldset="false" gen_method="layout" hide="false" label_position="left" name="layout_group" submit_if_hidden="true">
			<label class="label" options="static" position="outside_group" position_override="top" required="false" style="" type="static" value="Layout Group" xmlns="http://www.hyfinity.com/formmaker">
				<container class="groupLabelBackground" options="static" style="">
					<content_alignment distribution="vertical" />
				</container>
			</label>
			<style class="" options="static" style="" xmlns="http://www.hyfinity.com/formmaker" />
			<fm:content_alignment distribution="vertical" halign="left" valign="top" />
			<fm:sizing height="fit_to_content" width="fully_expand" />
			<fm:palette_ref control="Layout Group" />
			<fm:element disable="false" disable_method="read_only" generate="true" hide="false" name="positionTitle">
				<field xmlns="http://www.hyfinity.com/formmaker">
					<input options="dynamic">text</input>
					<style class="defaultBackground textboxControl" options="static" style="" />
					<element_style class="textbox" options="static" style="width : 500px;" />
					<date_picker class="datePickerIcon" content="" required="false" type="normal" />
					<label class="label" options="static" position_override="top" required="true" style="" type="static" value="Position Title">
						<container class="labelBackground labelControl" options="static" />
					</label>
					<container />
				</field>
				<constraints validate="true" xmlns="http://www.hyfinity.com/formmaker">
					<type>string</type>
					<required>false</required>
					<fm:enumeration use_for_output="false" />
				</constraints>
				<error xmlns="http://www.hyfinity.com/formmaker">
					<hint class="hintIcon" style="" use="false">Enter a hint here.</hint>
					<server class="errorIcon" retain="false" style="" use="false" />
				</error>
				<fm:palette_ref control="Text Box" />
				<accessibility xmlns="http://www.hyfinity.com/formmaker">
					<alt>Position Title Information may be populated from Strategic Consultation.</alt>
				</accessibility>
				<fm:disable method="read_only" required="false">
					<fm:check id="field_value_condition">
						<fm:param name="FieldToCheck" option="PageField" value="positionTitle" />
						<fm:param name="Comparison" option="==" value="" />
						<fm:param name="CheckValue" option="PageField" value="positionTitle" />
					</fm:check>
				</fm:disable>
			</fm:element>
		</fm:group>
		<fm:group border_styling="false" compatability="false" fieldset="false" gen_method="layout" hide="false" label_position="left" name="layout_group_2" submit_if_hidden="true">
			<fm:label class="label" options="static" position="outside_group" position_override="top" required="false" style="" type="static" value="Layout Group">
				<fm:container class="groupLabelBackground" options="static" style="" />
			</fm:label>
			<style class="" options="static" style="" xmlns="http://www.hyfinity.com/formmaker" />
			<fm:content_alignment distribution="horizontal" halign="left" valign="top" />
			<fm:sizing height="fit_to_content" width="fully_expand" />
			<fm:palette_ref control="Layout Group" />
			<fm:group border_styling="false" compatability="false" fieldset="false" gen_method="layout" hide="false" label_position="left" name="payPlan_group" submit_if_hidden="true">
				<label class="label" options="static" position="outside_group" position_override="top" required="false" style="" type="static" value="Layout Group" xmlns="http://www.hyfinity.com/formmaker">
					<container class="groupLabelBackground" options="static" style="">
						<content_alignment distribution="vertical" />
					</container>
				</label>
				<style class="" options="static" style="" xmlns="http://www.hyfinity.com/formmaker" />
				<fm:content_alignment distribution="vertical" halign="left" valign="top" />
				<fm:sizing height="custom" width="custom" />
				<fm:palette_ref control="Layout Group" />
				<fm:element disable="false" disable_method="disabled" generate="true" hide="false" name="payPlan">
					<field xmlns="http://www.hyfinity.com/formmaker">
						<input dropdown_default="Select One" options="static">select</input>
						<style class="defaultBackground selectControl" options="static" style="" />
						<element_style class="select" options="static" style="width : 500px;" />
						<date_picker class="" content="" required="false" type="normal" />
						<label class="label" options="static" position_override="top" required="true" style="" type="static" value="Pay Plan">
							<container class="labelBackground labelControl" options="static" style="">
								<sizing width="custom" />
							</container>
						</label>
						<container>
							<sizing width="custom" />
						</container>
					</field>
					<constraints validate="true" xmlns="http://www.hyfinity.com/formmaker">
						<type>string</type>
						<required>false</required>
						<enumeration use_for_output="false" />
					</constraints>
					<error xmlns="http://www.hyfinity.com/formmaker">
						<hint class="hintIcon" style="" use="false">Enter a hint here.</hint>
						<server class="errorIcon" retain="false" style="" use="false" />
					</error>
					<fm:palette_ref control="Select Box" />
					<fm:disable required="false">
						<fm:check id="field_value_condition">
							<fm:param name="FieldToCheck" option="PageField" value="payPlan" />
							<fm:param name="Comparison" option="==" />
							<fm:param name="CheckValue" option="PageField" value="payPlan" />
						</fm:check>
					</fm:disable>
					<accessibility xmlns="http://www.hyfinity.com/formmaker">
						<alt>Pay Plan Information may be populated from Strategic Consultation.</alt>
					</accessibility>
				</fm:element>
			</fm:group>
			<fm:group border_styling="false" compatability="false" fieldset="false" gen_method="layout" hide="false" label_position="left" name="series_group" submit_if_hidden="true">
				<label class="label" options="static" position="outside_group" position_override="top" required="false" style="" type="static" value="Layout Group" xmlns="http://www.hyfinity.com/formmaker">
					<container class="groupLabelBackground" options="static" style="">
						<content_alignment distribution="vertical" />
					</container>
				</label>
				<style class="" options="static" style="" xmlns="http://www.hyfinity.com/formmaker" />
				<fm:content_alignment distribution="vertical" halign="left" valign="top" />
				<fm:sizing height="fit_to_content" width="custom" />
				<palette_ref control="Layout Group" xmlns="http://www.hyfinity.com/formmaker" />
				<fm:element disable="false" disable_method="read_only" generate="true" hide="false" name="series">
					<field xmlns="http://www.hyfinity.com/formmaker">
						<input default="0602" options="dynamic">text</input>
						<style class="defaultBackground textboxControl" options="static" style="width : 250px;" />
						<element_style class="textbox" options="static" style="width : 250px;" />
						<date_picker class="datePickerIcon" content="" required="false" type="normal" />
						<label class="label" options="static" position_override="top" required="true" style="" type="static" value="Series">
							<container class="labelBackground labelControl" options="static" />
						</label>
						<container />
					</field>
					<constraints validate="true" xmlns="http://www.hyfinity.com/formmaker">
						<type>string</type>
						<required>false</required>
						<fm:enumeration use_for_output="false" />
					</constraints>
					<error xmlns="http://www.hyfinity.com/formmaker">
						<hint class="hintIcon" style="" use="false">Enter a hint here.</hint>
						<server class="errorIcon" retain="false" style="" use="false" />
					</error>
					<fm:palette_ref control="Text Box" />
					<fm:disable method="read_only" required="true">
						<fm:check id="field_value_condition">
							<fm:param name="FieldToCheck" option="PageField" value="series" />
							<fm:param name="Comparison" option="==" value="" />
							<fm:param name="CheckValue" option="PageField" value="series" />
						</fm:check>
					</fm:disable>
					<accessibility xmlns="http://www.hyfinity.com/formmaker">
						<alt>Series Information may be populated from Strategic Consultation.</alt>
					</accessibility>
				</fm:element>
			</fm:group>
			<fm:group border_styling="false" compatability="false" fieldset="false" gen_method="layout" hide="false" label_position="left" name="seriesSelect_group" submit_if_hidden="true">
				<label class="label" options="static" position="outside_group" position_override="top" required="false" style="" type="static" value="Layout Group" xmlns="http://www.hyfinity.com/formmaker">
					<container class="groupLabelBackground" options="static" style="">
						<content_alignment distribution="vertical" />
					</container>
				</label>
				<style class="hidden" options="static" style="" xmlns="http://www.hyfinity.com/formmaker" />
				<fm:content_alignment distribution="vertical" halign="left" valign="top" />
				<fm:sizing height="fit_to_content" width="fully_expand" />
				<palette_ref control="Layout Group" xmlns="http://www.hyfinity.com/formmaker" />
				<fm:element disable="false" disable_method="disabled" generate="true" hide="false" name="seriesSelect">
					<field xmlns="http://www.hyfinity.com/formmaker">
						<input dropdown_default="Select One" options="static">select</input>
						<style class="defaultBackground selectControl" options="static" style="" />
						<element_style class="select" options="static" style="width : 250px;" />
						<date_picker class="" content="" required="false" type="normal" />
						<fm:label class="label" options="static" position_override="top" required="true" style="" type="static" value="Series">
							<fm:container class="labelBackground labelControl" options="static" style="" />
						</fm:label>
						<container />
					</field>
					<constraints validate="true" xmlns="http://www.hyfinity.com/formmaker">
						<type>string</type>
						<required>false</required>
						<enumeration use_for_output="false">
							<include value="0602">0602</include>
							<include value="0680">0680</include>
						</enumeration>
					</constraints>
					<error xmlns="http://www.hyfinity.com/formmaker">
						<hint class="hintIcon" style="" use="false">Enter a hint here.</hint>
						<server class="errorIcon" retain="false" style="" use="false" />
					</error>
					<palette_ref control="Select Box" xmlns="http://www.hyfinity.com/formmaker" />
					<fm:disable method="read_only" required="false" xmlns="http://www.hyfinity.com/formmaker">
						<fm:check id="field_value_condition">
							<fm:param name="FieldToCheck" option="PageField" value="seriesSelect" />
							<fm:param name="Comparison" option="==" value="" />
							<fm:param name="CheckValue" option="PageField" value="seriesSelect" />
						</fm:check>
					</fm:disable>
					<accessibility xmlns="http://www.hyfinity.com/formmaker">
						<alt>Series may be prepopulated with information entered in Strategic consultation</alt>
					</accessibility>
				</fm:element>
				<conditional_display required="false" xmlns="http://www.hyfinity.com/formmaker">
					<check id="field_value_condition">
						<param name="FieldToCheck" option="Static" value="1" />
						<param name="Comparison" option="==" />
						<param name="CheckValue" option="Static" value="1" />
					</check>
				</conditional_display>
			</fm:group>
		</fm:group>
		<fm:group border_styling="false" compatability="false" fieldset="false" gen_method="layout" hide="false" label_position="left" name="layout_group_3" submit_if_hidden="true">
			<fm:label class="label" options="static" position="outside_group" position_override="top" required="false" style="" type="static" value="Layout Group">
				<fm:container class="groupLabelBackground" options="static" style="" />
			</fm:label>
			<style class="" options="static" style="" xmlns="http://www.hyfinity.com/formmaker" />
			<fm:content_alignment distribution="horizontal" halign="left" valign="top" />
			<fm:sizing height="fit_to_content" width="fully_expand" />
			<fm:palette_ref control="Layout Group" />
			<fm:group border_styling="false" compatability="false" fieldset="false" gen_method="layout" hide="false" label_position="left" name="grade_group" submit_if_hidden="true">
				<label class="label" options="static" position="outside_group" position_override="top" required="false" style="" type="static" value="Layout Group" xmlns="http://www.hyfinity.com/formmaker">
					<container class="groupLabelBackground" options="static" style="">
						<content_alignment distribution="vertical" />
					</container>
				</label>
				<style class="" options="static" style="" xmlns="http://www.hyfinity.com/formmaker" />
				<fm:content_alignment distribution="horizontal" halign="left" valign="top" />
				<fm:sizing height="custom" width="custom" />
				<fm:palette_ref control="Layout Group" />
				<fm:element disable="false" disable_method="disabled" generate="true" hide="false" name="grade">
					<field xmlns="http://www.hyfinity.com/formmaker">
						<input dropdown_default="Select One" options="static">select</input>
						<style class="defaultBackground selectControl" options="static" style="" />
						<element_style class="select" options="static" style="width : 250px;" />
						<date_picker class="" content="" required="false" type="normal" />
						<label class="label" options="static" position_override="top" required="true" style="" type="static" value="Grade">
							<container class="labelBackground labelControl" options="static">
								<sizing width="custom" />
							</container>
						</label>
						<container>
							<sizing width="custom" />
						</container>
					</field>
					<constraints validate="true" xmlns="http://www.hyfinity.com/formmaker">
						<type>string</type>
						<required>true</required>
						<enumeration use_for_output="false" />
					</constraints>
					<error xmlns="http://www.hyfinity.com/formmaker">
						<hint class="hintIcon" style="" use="false">Enter a hint here.</hint>
						<server class="errorIcon" retain="false" style="" use="false" />
					</error>
					<fm:palette_ref control="Select Box" />
					<accessibility xmlns="http://www.hyfinity.com/formmaker">
						<alt>Select a Grade from the dropbox</alt>
					</accessibility>
				</fm:element>
			</fm:group>
			<fm:element disable="false" disable_method="read_only" generate="true" hide="false" name="posDescNumber">
				<field xmlns="http://www.hyfinity.com/formmaker">
					<input options="dynamic" size="50">text</input>
					<style class="defaultBackground textboxControl" options="static" style="" />
					<element_style class="textbox" options="static" style="width : 507px;" />
					<date_picker class="datePickerIcon" content="" required="false" type="normal" />
					<label class="label" options="static" position_override="top" required="true" style="" type="static" value="Position Description Number">
						<container class="labelBackground labelControl" options="static" style="">
							<sizing width="custom" />
						</container>
					</label>
					<container>
						<sizing width="custom" />
					</container>
				</field>
				<constraints validate="true" xmlns="http://www.hyfinity.com/formmaker">
					<type>string</type>
					<required>true</required>
					<fm:enumeration use_for_output="false" />
				</constraints>
				<error xmlns="http://www.hyfinity.com/formmaker">
					<hint class="hintIcon" style="" use="false">Enter a hint here.</hint>
					<server class="errorIcon" retain="false" style="" use="false" />
				</error>
				<fm:palette_ref control="Text Box" />
				<accessibility xmlns="http://www.hyfinity.com/formmaker">
					<alt>Position Description Number Information may be populated, if no entry is available then type the Position Description Number into the textbox.</alt>
				</accessibility>
				<custom_attributes xmlns="http://www.hyfinity.com/formmaker">
					<attribute name="maxlength" type="custom" value="50" />
				</custom_attributes>
			</fm:element>
		</fm:group>
		<fm:group border_styling="false" compatability="false" fieldset="false" gen_method="layout" hide="false" label_position="left" name="layout_group_4" submit_if_hidden="true">
			<label class="label" options="static" position="outside_group" position_override="top" required="false" style="" type="static" value="Layout Group" xmlns="http://www.hyfinity.com/formmaker">
				<container class="groupLabelBackground" options="static" style="">
					<content_alignment distribution="vertical" />
				</container>
			</label>
			<style class="" options="static" style="" xmlns="http://www.hyfinity.com/formmaker" />
			<fm:content_alignment distribution="horizontal" halign="left" valign="top" />
			<fm:sizing height="fit_to_content" width="fully_expand" />
			<fm:palette_ref control="Layout Group" />
			<fm:group border_styling="false" compatability="false" fieldset="false" gen_method="layout" hide="false" label_position="left" name="dutyStation_group" submit_if_hidden="true">
				<label class="label" options="static" position="outside_group" position_override="top" required="false" style="" type="static" value="Layout Group" xmlns="http://www.hyfinity.com/formmaker">
					<container class="groupLabelBackground" options="static" style="">
						<content_alignment distribution="vertical" />
					</container>
				</label>
				<style class="overflow-hidden" options="static" style="min-width:257px;" xmlns="http://www.hyfinity.com/formmaker" />
				<fm:content_alignment distribution="horizontal" halign="left" valign="top" />
				<fm:sizing height="custom" width="custom" />
				<fm:palette_ref control="Layout Group" />
				<fm:element disable="false" disable_method="read_only" generate="true" hide="false" name="dutyStation_ac">
					<field xmlns="http://www.hyfinity.com/formmaker">
						<input options="dynamic">text</input>
						<style class="defaultBackground textboxControl" options="static" style="" />
						<element_style class="textbox" options="static" style="width : 250px;" />
						<date_picker class="datePickerIcon" content="" required="false" type="normal" />
						<label class="label" options="static" position_override="top" required="true" style="" type="static" value="Duty Station (City, State)">
							<container class="labelBackground labelControl" options="static" />
						</label>
						<container />
					</field>
					<constraints validate="true" xmlns="http://www.hyfinity.com/formmaker">
						<type>string</type>
						<required>true</required>
						<fm:enumeration use_for_output="false" />
					</constraints>
					<error xmlns="http://www.hyfinity.com/formmaker">
						<hint class="hintIcon" style="" use="false">Enter a hint here.</hint>
						<server class="errorIcon" retain="false" style="" use="false" />
					</error>
					<fm:palette_ref control="Text Box" />
					<accessibility xmlns="http://www.hyfinity.com/formmaker">
						<alt>Duty Station Information may be populated from Strategic Consultation, if no entry is available then type the city and state of the Duty Station and select from the list of suggested locations.</alt>
					</accessibility>
				</fm:element>
			</fm:group>
			<fm:group border_styling="false" compatability="false" fieldset="false" gen_method="layout" hide="false" label_position="left" name="typeOfAppointment_group" submit_if_hidden="true">
				<label class="label" options="static" position="outside_group" position_override="top" required="false" style="" type="static" value="Layout Group" xmlns="http://www.hyfinity.com/formmaker">
					<container class="groupLabelBackground" options="static" style="">
						<content_alignment distribution="vertical" />
					</container>
				</label>
				<style class="" options="static" style="" xmlns="http://www.hyfinity.com/formmaker" />
				<fm:content_alignment distribution="vertical" halign="left" valign="top" />
				<fm:sizing height="fit_to_content" width="custom" />
				<palette_ref control="Layout Group" xmlns="http://www.hyfinity.com/formmaker" />
				<fm:element disable="false" disable_method="read_only" generate="true" hide="false" name="typeOfAppointment">
					<field xmlns="http://www.hyfinity.com/formmaker">
						<input options="dynamic">text</input>
						<style class="defaultBackground textboxControl" options="static" style="" />
						<element_style class="textbox" options="static" style="width : 250px;" />
						<date_picker class="datePickerIcon" content="" required="false" type="normal" />
						<label class="label" options="static" position_override="top" required="true" style="" type="static" value="Type of Appointment">
							<container class="labelBackground labelControl" options="static" />
						</label>
						<container />
					</field>
					<constraints validate="true" xmlns="http://www.hyfinity.com/formmaker">
						<type>string</type>
						<required>false</required>
						<fm:enumeration use_for_output="false" />
					</constraints>
					<error xmlns="http://www.hyfinity.com/formmaker">
						<hint class="hintIcon" style="" use="false">Enter a hint here.</hint>
						<server class="errorIcon" retain="false" style="" use="false" />
					</error>
					<fm:palette_ref control="Text Box" />
					<fm:disable method="read_only" required="true">
						<fm:check id="field_value_condition">
							<fm:param name="FieldToCheck" option="PageField" value="typeOfAppointment" />
							<fm:param name="Comparison" option="==" />
							<fm:param name="CheckValue" option="PageField" value="typeOfAppointment" />
						</fm:check>
					</fm:disable>
					<accessibility xmlns="http://www.hyfinity.com/formmaker">
						<alt>Type of Appointment information may be prepopulated from Strategic Consultation</alt>
					</accessibility>
				</fm:element>
			</fm:group>
			<fm:group border_styling="false" compatability="false" fieldset="false" gen_method="layout" hide="false" label_position="left" name="typeOfAppointmentSelect_group" submit_if_hidden="true">
				<label class="label" options="static" position="outside_group" position_override="top" required="false" style="" type="static" value="Layout Group" xmlns="http://www.hyfinity.com/formmaker">
					<container class="groupLabelBackground" options="static" style="">
						<content_alignment distribution="vertical" />
					</container>
				</label>
				<style class="hidden" options="static" style="" xmlns="http://www.hyfinity.com/formmaker" />
				<fm:content_alignment distribution="vertical" halign="left" valign="top" />
				<fm:sizing height="fit_to_content" width="custom" />
				<palette_ref control="Layout Group" xmlns="http://www.hyfinity.com/formmaker" />
				<fm:element disable="false" disable_method="disabled" generate="true" hide="false" name="typeOfAppointmentSelect">
					<field xmlns="http://www.hyfinity.com/formmaker">
						<input dropdown_default="Select One" options="static">select</input>
						<style class="defaultBackground selectControl" options="static" style="" />
						<element_style class="select" options="static" style="width : 250px;" />
						<date_picker class="" content="" required="false" type="normal" />
						<label class="label" options="static" position_override="top" required="true" style="" type="static" value="Type of Appointment">
							<container class="labelBackground labelControl" options="static">
								<sizing width="custom" />
							</container>
						</label>
						<container>
							<sizing width="custom" />
						</container>
					</field>
					<constraints validate="true" xmlns="http://www.hyfinity.com/formmaker">
						<type>string</type>
						<required>false</required>
						<enumeration use_for_output="false">
							<include value="Permanent">Permanent</include>
							<include value="Temporary Promotion">Temporary Promotion</include>
							<include value="Temporary">Temporary</include>
							<include value="Term">Term</include>
						</enumeration>
					</constraints>
					<error xmlns="http://www.hyfinity.com/formmaker">
						<hint class="hintIcon" style="" use="false">Enter a hint here.</hint>
						<server class="errorIcon" retain="false" style="" use="false" />
					</error>
					<fm:palette_ref control="Select Box" />
					<accessibility xmlns="http://www.hyfinity.com/formmaker">
						<alt>Type of Appointment information may be prepopulated from Strategic Consultation</alt>
					</accessibility>
				</fm:element>
			</fm:group>
			<fm:group border_styling="false" compatability="false" fieldset="false" gen_method="layout" hide="false" label_position="left" name="notToExceedDate_group" submit_if_hidden="true">
				<label class="label" options="static" position="outside_group" position_override="top" required="false" style="" type="static" value="Layout Group" xmlns="http://www.hyfinity.com/formmaker">
					<container class="groupLabelBackground" options="static" style="">
						<content_alignment distribution="vertical" />
					</container>
				</label>
				<style class="" options="static" style="width : 300px;" xmlns="http://www.hyfinity.com/formmaker" />
				<fm:content_alignment distribution="horizontal" halign="left" valign="top" />
				<fm:sizing height="custom" width="custom" />
				<fm:palette_ref control="Layout Group" />
				<fm:element disable="false" disable_method="read_only" generate="true" hide="false" name="notToExceedDate">
					<field xmlns="http://www.hyfinity.com/formmaker">
						<input options="dynamic" size="50">text</input>
						<style class="defaultBackground textboxControl" options="static" style="" />
						<element_style class="textbox" options="static" style="width : 250px;" />
						<date_picker class="datePickerIcon" content="" required="false" type="normal" />
						<label class="label" options="static" position_override="top" required="true" style="" type="static" value="Not to Exceed Date">
							<container class="labelBackground labelControl" options="static">
								<sizing width="custom" />
							</container>
						</label>
						<container>
							<sizing width="custom" />
						</container>
					</field>
					<constraints validate="true" xmlns="http://www.hyfinity.com/formmaker">
						<type>string</type>
						<required>true</required>
						<fm:enumeration use_for_output="false" />
					</constraints>
					<error xmlns="http://www.hyfinity.com/formmaker">
						<hint class="hintIcon" style="" use="false">Enter a hint here.</hint>
						<server class="errorIcon" retain="false" style="" use="false" />
						<message_override>Not to exceed date may prepopulate with information entered in Strategic Consultation, type to enter a not to exceed date for the position</message_override>
					</error>
					<fm:palette_ref control="Text Box" />
					<accessibility xmlns="http://www.hyfinity.com/formmaker">
						<alt>Not to exceed date may prepopulate with information entered in Strategic Consultation, type to enter a not to exceed date for the position</alt>
					</accessibility>
					<custom_attributes xmlns="http://www.hyfinity.com/formmaker">
						<attribute name="maxlength" type="custom" value="50" />
					</custom_attributes>
				</fm:element>
			</fm:group>
		</fm:group>
		<fm:group border_styling="false" compatability="false" fieldset="false" gen_method="layout" hide="false" label_position="left" name="PCA_fields_group" submit_if_hidden="true">
			<label class="label" options="static" position="outside_group" position_override="top" required="false" style="" type="static" value="Layout Group" xmlns="http://www.hyfinity.com/formmaker">
				<container class="groupLabelBackground" options="static" style="">
					<content_alignment distribution="vertical" />
				</container>
			</label>
			<style class="" options="static" style="" xmlns="http://www.hyfinity.com/formmaker" />
			<fm:content_alignment distribution="vertical" halign="left" valign="top" />
			<fm:sizing height="fit_to_content" width="fully_expand" />
			<palette_ref control="Layout Group" xmlns="http://www.hyfinity.com/formmaker" />
			<fm:group border_styling="false" compatability="false" fieldset="false" gen_method="layout" hide="false" label_position="left" name="layout_group_6" submit_if_hidden="true">
				<label class="label" options="static" position="outside_group" position_override="top" required="false" style="" type="static" value="Layout Group" xmlns="http://www.hyfinity.com/formmaker">
					<container class="groupLabelBackground" options="static" style="">
						<content_alignment distribution="vertical" />
					</container>
				</label>
				<style class="" options="static" style="" xmlns="http://www.hyfinity.com/formmaker" />
				<fm:content_alignment distribution="horizontal" halign="left" valign="top" />
				<fm:sizing height="fit_to_content" width="fully_expand" />
				<fm:palette_ref control="Layout Group" />
				<fm:group border_styling="false" compatability="false" fieldset="false" gen_method="layout" hide="false" label_position="left" name="workSchedule_group" submit_if_hidden="true">
					<label class="label" options="static" position="outside_group" position_override="top" required="false" style="" type="static" value="Layout Group" xmlns="http://www.hyfinity.com/formmaker">
						<container class="groupLabelBackground" options="static" style="">
							<content_alignment distribution="vertical" />
						</container>
					</label>
					<style class="" options="static" style="" xmlns="http://www.hyfinity.com/formmaker" />
					<fm:content_alignment distribution="horizontal" halign="left" valign="top" />
					<fm:sizing height="fit_to_content" width="custom" />
					<fm:palette_ref control="Layout Group" />
					<fm:element disable="false" disable_method="disabled" generate="true" hide="false" name="workSchedule">
						<field xmlns="http://www.hyfinity.com/formmaker">
							<input dropdown_default="Select One" options="static">select</input>
							<style class="defaultBackground selectControl" options="static" style="" />
							<element_style class="select" options="static" style="width : 250px;" />
							<date_picker class="" content="" required="false" type="normal" />
							<label class="label" options="static" position_override="top" required="true" style="" type="static" value="Work Schedule">
								<container class="labelBackground labelControl" options="static">
									<sizing width="custom" />
								</container>
							</label>
							<container>
								<sizing width="custom" />
							</container>
						</field>
						<constraints validate="true" xmlns="http://www.hyfinity.com/formmaker">
							<type>string</type>
							<required>false</required>
							<enumeration use_for_output="false" />
						</constraints>
						<error xmlns="http://www.hyfinity.com/formmaker">
							<hint class="hintIcon" style="" use="false">Enter a hint here.</hint>
							<server class="errorIcon" retain="false" style="" use="false" />
						</error>
						<fm:palette_ref control="Select Box" />
						<accessibility xmlns="http://www.hyfinity.com/formmaker">
							<alt>Work Schedule Information may be populated from Strategic Consultation, if no value is preselected then click the drop down list to select work schedule information.</alt>
						</accessibility>
					</fm:element>
				</fm:group>
				<fm:group border_styling="false" compatability="false" fieldset="false" gen_method="layout" hide="false" label_position="left" name="hoursPerWeek_group" submit_if_hidden="true">
					<label class="label" options="static" position="outside_group" position_override="top" required="false" style="" type="static" value="Layout Group" xmlns="http://www.hyfinity.com/formmaker">
						<container class="groupLabelBackground" options="static" style="">
							<content_alignment distribution="vertical" />
						</container>
					</label>
					<style class="" options="static" style="" xmlns="http://www.hyfinity.com/formmaker" />
					<fm:content_alignment distribution="vertical" halign="left" valign="top" />
					<fm:sizing height="fit_to_content" width="fully_expand" />
					<fm:palette_ref control="Layout Group" />
					<fm:element disable="false" disable_method="read_only" generate="true" hide="false" name="hoursPerWeek">
						<field xmlns="http://www.hyfinity.com/formmaker">
							<input options="dynamic">text</input>
							<style class="defaultBackground numberControl" options="static" style="" />
							<element_style class="textbox" options="static" style="width : 250px;" />
							<date_picker class="datePickerIcon" content="" required="false" type="normal" />
							<label class="label" options="static" position_override="top" required="true" style="" type="static" value="Hours per Week">
								<container class="labelBackground labelControl" options="static" />
							</label>
							<container />
						</field>
						<constraints validate="true" xmlns="http://www.hyfinity.com/formmaker">
							<type>number</type>
							<required>true</required>
							<minInclusive>20</minInclusive>
							<maxInclusive>32</maxInclusive>
							<fm:enumeration use_for_output="false" />
						</constraints>
						<error xmlns="http://www.hyfinity.com/formmaker">
							<hint class="hintIcon" style="" use="false">Enter a hint here.</hint>
							<server class="errorIcon" retain="false" style="" use="false" />
							<message_override>The hours should be from 20 to 32.</message_override>
						</error>
						<custom_attributes xmlns="http://www.hyfinity.com/formmaker">
							<attribute name="data-dojo-type" type="custom" value="dijit.form.NumberTextBox" />
						</custom_attributes>
						<fm:palette_ref control="Number (Numeric)" />
						<accessibility xmlns="http://www.hyfinity.com/formmaker">
							<alt>Hours Per Week Information may be populated based on a selection, if no entry is populated then type the number of hours per week into the textbox.</alt>
						</accessibility>
					</fm:element>
				</fm:group>
			</fm:group>
			<fm:group border_styling="false" compatability="false" fieldset="false" gen_method="layout" hide="false" label_position="left" name="layout_group_8" submit_if_hidden="true">
				<fm:label class="label" options="static" position="outside_group" position_override="top" required="false" style="" type="static" value="Layout Group">
					<fm:container class="groupLabelBackground" options="static" style="" />
				</fm:label>
				<style class="" options="static" style="" xmlns="http://www.hyfinity.com/formmaker" />
				<fm:content_alignment distribution="horizontal" halign="left" valign="top" />
				<fm:sizing height="fit_to_content" width="fully_expand" />
				<fm:palette_ref control="Layout Group" />
				<fm:element disable="false" disable_method="disabled" generate="true" hide="false" name="requireBoardCert">
					<field xmlns="http://www.hyfinity.com/formmaker">
						<input dropdown_default="Select One" options="static">select</input>
						<style class="defaultBackground selectControl" options="static" style="width : 424px;" />
						<element_style class="select" options="static" style="width : 250px;" />
						<date_picker class="" content="" required="false" type="normal" />
						<label class="label" options="static" position_override="top" required="true" style="" type="static" value="Is the board certification requirement documented in the PD?">
							<container class="labelBackground labelControl" options="static" style="width : 424px;">
								<sizing width="custom" />
							</container>
						</label>
						<container>
							<sizing width="custom" />
						</container>
					</field>
					<constraints validate="true" xmlns="http://www.hyfinity.com/formmaker">
						<type>string</type>
						<required>true</required>
						<enumeration use_for_output="false">
							<include value="Yes">Yes</include>
							<include value="No">No</include>
						</enumeration>
					</constraints>
					<error xmlns="http://www.hyfinity.com/formmaker">
						<hint class="hintIcon" style="" use="false">Enter a hint here.</hint>
						<server class="errorIcon" retain="false" style="" use="false" />
						<message_override>Click to indicate whether the board certification requirement is documented in the PD</message_override>
					</error>
					<fm:palette_ref control="Select Box" />
					<accessibility xmlns="http://www.hyfinity.com/formmaker">
						<alt>Click to indicate whether the board certification requirement is documented in the PD</alt>
					</accessibility>
				</fm:element>
			</fm:group>
			<fm:group border_styling="false" compatability="false" fieldset="false" gen_method="layout" hide="false" label_position="left" name="layout_group_5" submit_if_hidden="true">
				<label class="label" options="static" position="outside_group" position_override="top" required="false" style="" type="static" value="Layout Group" xmlns="http://www.hyfinity.com/formmaker">
					<container class="groupLabelBackground" options="static" style="">
						<content_alignment distribution="vertical" />
					</container>
				</label>
				<style class="" options="static" style="" xmlns="http://www.hyfinity.com/formmaker" />
				<fm:content_alignment distribution="horizontal" halign="left" valign="top" />
				<fm:sizing height="fit_to_content" width="fully_expand" />
				<fm:palette_ref control="Layout Group" />
				<fm:element disable="false" disable_method="read_only" generate="true" hide="false" name="licenseInfo">
					<field xmlns="http://www.hyfinity.com/formmaker">
						<input options="dynamic">text</input>
						<style class="defaultBackground textboxControl" options="static" style="" />
						<element_style class="textbox" options="static" style="width : 500px;" />
						<date_picker class="datePickerIcon" content="" required="false" type="normal" />
						<label class="label" options="static" position_override="top" required="true" style="" type="static" value="License Information">
							<container class="labelBackground labelControl" options="static" />
						</label>
						<container />
					</field>
					<constraints validate="true" xmlns="http://www.hyfinity.com/formmaker">
						<type>string</type>
						<required>false</required>
						<maxLength>140</maxLength>
						<fm:enumeration use_for_output="false" />
					</constraints>
					<error xmlns="http://www.hyfinity.com/formmaker">
						<hint class="hintIcon" style="" use="false">Enter a hint here.</hint>
						<server class="errorIcon" retain="false" style="" use="false" />
					</error>
					<fm:palette_ref control="Text Box" />
					<accessibility xmlns="http://www.hyfinity.com/formmaker">
						<alt>Medical License Information may be populated from Strategic Consultation.</alt>
					</accessibility>
					<fm:disable method="read_only" required="false">
						<fm:check id="field_value_condition">
							<fm:param name="FieldToCheck" option="PageField" value="licenseInfo" />
							<fm:param name="Comparison" option="==" />
							<fm:param name="CheckValue" option="PageField" value="licenseInfo" />
						</fm:check>
					</fm:disable>
				</fm:element>
			</fm:group>
		</fm:group>
		<fm:group border_styling="false" compatability="false" fieldset="false" gen_method="layout" hide="false" label_position="left" name="SAM_fields_group" submit_if_hidden="true">
			<label class="label" options="static" position="outside_group" position_override="top" required="false" style="" type="static" value="Layout Group" xmlns="http://www.hyfinity.com/formmaker">
				<container class="groupLabelBackground" options="static" style="">
					<content_alignment distribution="vertical" />
				</container>
			</label>
			<style class="hidden" options="static" style="" xmlns="http://www.hyfinity.com/formmaker" />
			<fm:content_alignment distribution="vertical" halign="left" valign="top" />
			<fm:sizing height="fit_to_content" width="fully_expand" />
			<palette_ref control="Layout Group" xmlns="http://www.hyfinity.com/formmaker" />
			<fm:group border_styling="false" compatability="false" fieldset="false" gen_method="layout" hide="false" label_position="left" name="layout_group_7" submit_if_hidden="true">
				<label class="label" options="static" position="outside_group" position_override="top" required="false" style="" type="static" value="Layout Group" xmlns="http://www.hyfinity.com/formmaker">
					<container class="groupLabelBackground" options="static" style="" />
				</label>
				<style class="" options="static" style="" xmlns="http://www.hyfinity.com/formmaker" />
				<fm:content_alignment distribution="horizontal" halign="left" valign="top" />
				<fm:sizing height="fit_to_content" width="fully_expand" />
				<palette_ref control="Layout Group" xmlns="http://www.hyfinity.com/formmaker" />
				<fm:element disable="false" disable_method="disabled" generate="true" hide="false" name="posHardToFill">
					<field xmlns="http://www.hyfinity.com/formmaker">
						<input dropdown_default="Select One" options="static">select</input>
						<style class="defaultBackground selectControl" options="static" style="width : 250px;" />
						<element_style class="select" options="static" style="width : 250px;" />
						<date_picker class="" content="" required="false" type="normal" />
						<label class="label" options="static" position_override="top" required="true" style="" type="static" value="Is this position hard-to-fill?">
							<container class="labelBackground labelControl" options="static" style="width : 250px;">
								<sizing width="custom" />
							</container>
						</label>
						<container>
							<sizing width="custom" />
						</container>
					</field>
					<constraints validate="true" xmlns="http://www.hyfinity.com/formmaker">
						<type>string</type>
						<required>true</required>
						<enumeration use_for_output="false">
							<include value="Yes">Yes</include>
							<include value="No">No</include>
						</enumeration>
					</constraints>
					<error xmlns="http://www.hyfinity.com/formmaker">
						<hint class="hintIcon" style="" use="false">Enter a hint here.</hint>
						<server class="errorIcon" retain="false" style="" use="false" />
					</error>
					<palette_ref control="Select Box" xmlns="http://www.hyfinity.com/formmaker" />
					<accessibility xmlns="http://www.hyfinity.com/formmaker">
						<alt>Click to select a value to indicate if the position is hard-to-fill.</alt>
					</accessibility>
				</fm:element>
				<fm:element disable="false" disable_method="read_only" generate="true" hide="false" name="numOfInterviewed">
					<field xmlns="http://www.hyfinity.com/formmaker">
						<input options="dynamic" size="2">text</input>
						<style class="defaultBackground numberControl" options="static" style="" />
						<element_style class="textbox" options="static" style="width : 250px;" />
						<date_picker class="datePickerIcon" content="" required="false" type="normal" />
						<label class="label" options="static" position_override="top" required="true" style="" type="static" value="Number of Candidates Interviewed (including selectee)">
							<container class="labelBackground labelControl" options="static" />
						</label>
						<container />
					</field>
					<constraints validate="true" xmlns="http://www.hyfinity.com/formmaker">
						<type>number</type>
						<required>true</required>
						<minInclusive>0</minInclusive>
						<maxInclusive>99</maxInclusive>
						<enumeration use_for_output="false" />
					</constraints>
					<error xmlns="http://www.hyfinity.com/formmaker">
						<hint class="hintIcon" style="" use="false">Enter a hint here.</hint>
						<server class="errorIcon" retain="false" style="" use="false" />
						<message_override>The field accepts a maximum of 2 digit numbers.</message_override>
					</error>
					<custom_attributes xmlns="http://www.hyfinity.com/formmaker">
						<attribute name="data-dojo-type" type="custom" value="dijit.form.NumberTextBox" />
						<attribute name="maxlength" type="custom" value="2" />
					</custom_attributes>
					<palette_ref control="Number (Numeric)" xmlns="http://www.hyfinity.com/formmaker" />
					<accessibility xmlns="http://www.hyfinity.com/formmaker">
						<alt>Enter the number of candidates interviewed including the person selected for the position.</alt>
					</accessibility>
				</fm:element>
			</fm:group>
		</fm:group>
	</fm:group>
</fm:structure>
