<?xml version="1.0" encoding="UTF-8"?>
<eForm xmlns="http://www.hyfinity.com/mvc" xmlns:mvc="http://www.hyfinity.com/mvc">
	<Control>
		<action />
		<Page />
		<Controller />
	</Control>
	<Data>
		<formData>
			<GI_FILING_DT />
			<GI_ADMIN_OFFCL_1 />
			<GI_ADMIN_STG_1_DECISION_DT />
			<GI_ADMIN_STG_1_ISSUE_DT />
			<GI_ADMIN_STG_2_RESP />
			<GI_ADMIN_OFFCL_2 />
			<GI_ADMIN_STG_2_DECISION_DT />
			<GI_ADMIN_STG_2_ISSUE_DT />
			<GI_TYPE />
			<GI_NEGOTIATED_GRIEVANCE_TYPE />
			<GI_TIMELY_FILING />
			<GI_UM_GRIEVABILITY />
			<GI_MEETING_DT />
			<GI_GRIEVANCE_STATUS />
			<GI_ARBITRATION_DEADLINE_DT />
			<GI_ARBITRATION_REQUEST />
			<GI_IND_DECISION_ISSUE_DT />
			<GI_IND_STEP_1_DECISION_DT />
			<GI_IND_MEETING_DT />
			<GI_IND_MEETING_PARTICIPANTS />
			<GI_IND_STEP_1_DECISION_DEADLINE />
			<GI_IND_EXTENDED_DUE_DT />
			<GI_IND_REASON />
			<GI_IND_EXT_HIDDEN_SELECTION />
			<GI_IND_THIRD_PARTY_APPEAL_DT />
			<GI_IND_THIRD_APPEAL_REQUEST />
			<GI_IND_STEP_2_DECISION_ISSUE_DT />
			<GI_IND_STEP_2_DECISION_DUE_DT />
			<GI_IND_STEP_2_PARTICIPANTS />
			<GI_IND_STEP_2_DEADLINE />
			<GI_IND_STEP_2_REASON />
			<GI_IND_STEP_2_PREV_EXT_DT />
			<GI_IND_EXT_2_DUE_DT />
			<GI_IND_MANAGER />
			<GI_STEP_2_REQUEST />
			<GI_TIMELY_FILING_2 />
			<GI_FILING_DT_2 />
			<GI_IND_STEP_2_MTG_DT />
		</formData>
	</Data>
</eForm>
